[2026-06-22T03:30:21.301+0300] {processor.py:161} INFO - Started process (PID=31144) to work on /media/data/omar/programming course/DEPI/DEPI project/anomx/airflow/dags/anomx_pipeline.py
[2026-06-22T03:30:21.302+0300] {processor.py:830} INFO - Processing file /media/data/omar/programming course/DEPI/DEPI project/anomx/airflow/dags/anomx_pipeline.py for tasks to queue
[2026-06-22T03:30:21.302+0300] {logging_mixin.py:188} INFO - [2026-06-22T03:30:21.302+0300] {dagbag.py:540} INFO - Filling up the DagBag from /media/data/omar/programming course/DEPI/DEPI project/anomx/airflow/dags/anomx_pipeline.py
[2026-06-22T03:30:22.092+0300] {processor.py:840} INFO - DAG(s) 'anomx_pipeline' retrieved from /media/data/omar/programming course/DEPI/DEPI project/anomx/airflow/dags/anomx_pipeline.py
[2026-06-22T03:30:22.116+0300] {logging_mixin.py:188} INFO - [2026-06-22T03:30:22.115+0300] {dag.py:3096} INFO - Sync 1 DAGs
[2026-06-22T03:30:22.127+0300] {logging_mixin.py:188} INFO - [2026-06-22T03:30:22.127+0300] {dag.py:3954} INFO - Setting next_dagrun for anomx_pipeline to 2026-06-21 00:00:00+00:00, run_after=2026-06-22 00:00:00+00:00
[2026-06-22T03:30:22.151+0300] {processor.py:183} INFO - Processing /media/data/omar/programming course/DEPI/DEPI project/anomx/airflow/dags/anomx_pipeline.py took 0.856 seconds
[2026-06-22T08:12:00.001+0300] {processor.py:161} INFO - Started process (PID=40826) to work on /media/data/omar/programming course/DEPI/DEPI project/anomx/airflow/dags/anomx_pipeline.py
[2026-06-22T08:12:00.002+0300] {processor.py:830} INFO - Processing file /media/data/omar/programming course/DEPI/DEPI project/anomx/airflow/dags/anomx_pipeline.py for tasks to queue
[2026-06-22T08:12:00.003+0300] {logging_mixin.py:188} INFO - [2026-06-22T08:12:00.002+0300] {dagbag.py:540} INFO - Filling up the DagBag from /media/data/omar/programming course/DEPI/DEPI project/anomx/airflow/dags/anomx_pipeline.py
[2026-06-22T08:12:00.852+0300] {processor.py:840} INFO - DAG(s) 'anomx_pipeline' retrieved from /media/data/omar/programming course/DEPI/DEPI project/anomx/airflow/dags/anomx_pipeline.py
[2026-06-22T08:12:00.874+0300] {logging_mixin.py:188} INFO - [2026-06-22T08:12:00.874+0300] {dag.py:3096} INFO - Sync 1 DAGs
[2026-06-22T08:12:00.886+0300] {logging_mixin.py:188} INFO - [2026-06-22T08:12:00.886+0300] {dag.py:3954} INFO - Setting next_dagrun for anomx_pipeline to 2026-06-22 00:00:00+00:00, run_after=2026-06-23 00:00:00+00:00
[2026-06-22T08:12:00.910+0300] {processor.py:183} INFO - Processing /media/data/omar/programming course/DEPI/DEPI project/anomx/airflow/dags/anomx_pipeline.py took 0.914 seconds
[2026-06-22T08:14:44.396+0300] {processor.py:161} INFO - Started process (PID=42032) to work on /media/data/omar/programming course/DEPI/DEPI project/anomx/airflow/dags/anomx_pipeline.py
[2026-06-22T08:14:44.397+0300] {processor.py:830} INFO - Processing file /media/data/omar/programming course/DEPI/DEPI project/anomx/airflow/dags/anomx_pipeline.py for tasks to queue
[2026-06-22T08:14:44.398+0300] {logging_mixin.py:188} INFO - [2026-06-22T08:14:44.398+0300] {dagbag.py:540} INFO - Filling up the DagBag from /media/data/omar/programming course/DEPI/DEPI project/anomx/airflow/dags/anomx_pipeline.py
[2026-06-22T08:14:45.260+0300] {processor.py:840} INFO - DAG(s) 'anomx_pipeline' retrieved from /media/data/omar/programming course/DEPI/DEPI project/anomx/airflow/dags/anomx_pipeline.py
[2026-06-22T08:14:45.283+0300] {logging_mixin.py:188} INFO - [2026-06-22T08:14:45.283+0300] {dag.py:3096} INFO - Sync 1 DAGs
[2026-06-22T08:14:45.295+0300] {logging_mixin.py:188} INFO - [2026-06-22T08:14:45.295+0300] {dag.py:3954} INFO - Setting next_dagrun for anomx_pipeline to 2026-06-22 00:00:00+00:00, run_after=2026-06-23 00:00:00+00:00
[2026-06-22T08:14:45.321+0300] {processor.py:183} INFO - Processing /media/data/omar/programming course/DEPI/DEPI project/anomx/airflow/dags/anomx_pipeline.py took 0.930 seconds
[2026-06-22T08:15:41.649+0300] {processor.py:161} INFO - Started process (PID=42114) to work on /media/data/omar/programming course/DEPI/DEPI project/anomx/airflow/dags/anomx_pipeline.py
[2026-06-22T08:15:41.650+0300] {processor.py:830} INFO - Processing file /media/data/omar/programming course/DEPI/DEPI project/anomx/airflow/dags/anomx_pipeline.py for tasks to queue
[2026-06-22T08:15:41.652+0300] {logging_mixin.py:188} INFO - [2026-06-22T08:15:41.651+0300] {dagbag.py:540} INFO - Filling up the DagBag from /media/data/omar/programming course/DEPI/DEPI project/anomx/airflow/dags/anomx_pipeline.py
[2026-06-22T08:15:42.654+0300] {processor.py:840} INFO - DAG(s) 'anomx_pipeline' retrieved from /media/data/omar/programming course/DEPI/DEPI project/anomx/airflow/dags/anomx_pipeline.py
[2026-06-22T08:15:42.668+0300] {logging_mixin.py:188} INFO - [2026-06-22T08:15:42.667+0300] {dag.py:3096} INFO - Sync 1 DAGs
[2026-06-22T08:15:42.680+0300] {logging_mixin.py:188} INFO - [2026-06-22T08:15:42.679+0300] {dag.py:3954} INFO - Setting next_dagrun for anomx_pipeline to 2026-06-22 00:00:00+00:00, run_after=2026-06-23 00:00:00+00:00
[2026-06-22T08:15:42.708+0300] {processor.py:183} INFO - Processing /media/data/omar/programming course/DEPI/DEPI project/anomx/airflow/dags/anomx_pipeline.py took 1.067 seconds
[2026-06-22T08:16:34.135+0300] {processor.py:161} INFO - Started process (PID=42203) to work on /media/data/omar/programming course/DEPI/DEPI project/anomx/airflow/dags/anomx_pipeline.py
[2026-06-22T08:16:34.137+0300] {processor.py:830} INFO - Processing file /media/data/omar/programming course/DEPI/DEPI project/anomx/airflow/dags/anomx_pipeline.py for tasks to queue
[2026-06-22T08:16:34.142+0300] {logging_mixin.py:188} INFO - [2026-06-22T08:16:34.139+0300] {dagbag.py:540} INFO - Filling up the DagBag from /media/data/omar/programming course/DEPI/DEPI project/anomx/airflow/dags/anomx_pipeline.py
[2026-06-22T08:16:35.492+0300] {processor.py:840} INFO - DAG(s) 'anomx_pipeline' retrieved from /media/data/omar/programming course/DEPI/DEPI project/anomx/airflow/dags/anomx_pipeline.py
[2026-06-22T08:16:35.505+0300] {logging_mixin.py:188} INFO - [2026-06-22T08:16:35.505+0300] {dag.py:3096} INFO - Sync 1 DAGs
[2026-06-22T08:16:35.520+0300] {logging_mixin.py:188} INFO - [2026-06-22T08:16:35.520+0300] {dag.py:3954} INFO - Setting next_dagrun for anomx_pipeline to 2026-06-22 00:00:00+00:00, run_after=2026-06-23 00:00:00+00:00
[2026-06-22T08:16:35.548+0300] {processor.py:183} INFO - Processing /media/data/omar/programming course/DEPI/DEPI project/anomx/airflow/dags/anomx_pipeline.py took 1.425 seconds
[2026-06-22T08:17:31.673+0300] {processor.py:161} INFO - Started process (PID=42285) to work on /media/data/omar/programming course/DEPI/DEPI project/anomx/airflow/dags/anomx_pipeline.py
[2026-06-22T08:17:31.674+0300] {processor.py:830} INFO - Processing file /media/data/omar/programming course/DEPI/DEPI project/anomx/airflow/dags/anomx_pipeline.py for tasks to queue
[2026-06-22T08:17:31.676+0300] {logging_mixin.py:188} INFO - [2026-06-22T08:17:31.675+0300] {dagbag.py:540} INFO - Filling up the DagBag from /media/data/omar/programming course/DEPI/DEPI project/anomx/airflow/dags/anomx_pipeline.py
[2026-06-22T08:17:32.646+0300] {processor.py:840} INFO - DAG(s) 'anomx_pipeline' retrieved from /media/data/omar/programming course/DEPI/DEPI project/anomx/airflow/dags/anomx_pipeline.py
[2026-06-22T08:17:32.657+0300] {logging_mixin.py:188} INFO - [2026-06-22T08:17:32.657+0300] {dag.py:3096} INFO - Sync 1 DAGs
[2026-06-22T08:17:32.669+0300] {logging_mixin.py:188} INFO - [2026-06-22T08:17:32.669+0300] {dag.py:3954} INFO - Setting next_dagrun for anomx_pipeline to 2026-06-22 00:00:00+00:00, run_after=2026-06-23 00:00:00+00:00
[2026-06-22T08:17:32.696+0300] {processor.py:183} INFO - Processing /media/data/omar/programming course/DEPI/DEPI project/anomx/airflow/dags/anomx_pipeline.py took 1.031 seconds
[2026-06-22T08:18:25.032+0300] {processor.py:161} INFO - Started process (PID=42373) to work on /media/data/omar/programming course/DEPI/DEPI project/anomx/airflow/dags/anomx_pipeline.py
[2026-06-22T08:18:25.035+0300] {processor.py:830} INFO - Processing file /media/data/omar/programming course/DEPI/DEPI project/anomx/airflow/dags/anomx_pipeline.py for tasks to queue
[2026-06-22T08:18:25.039+0300] {logging_mixin.py:188} INFO - [2026-06-22T08:18:25.037+0300] {dagbag.py:540} INFO - Filling up the DagBag from /media/data/omar/programming course/DEPI/DEPI project/anomx/airflow/dags/anomx_pipeline.py
[2026-06-22T08:18:25.888+0300] {processor.py:840} INFO - DAG(s) 'anomx_pipeline' retrieved from /media/data/omar/programming course/DEPI/DEPI project/anomx/airflow/dags/anomx_pipeline.py
[2026-06-22T08:18:25.899+0300] {logging_mixin.py:188} INFO - [2026-06-22T08:18:25.899+0300] {dag.py:3096} INFO - Sync 1 DAGs
[2026-06-22T08:18:25.910+0300] {logging_mixin.py:188} INFO - [2026-06-22T08:18:25.910+0300] {dag.py:3954} INFO - Setting next_dagrun for anomx_pipeline to 2026-06-22 00:00:00+00:00, run_after=2026-06-23 00:00:00+00:00
[2026-06-22T08:18:25.956+0300] {processor.py:183} INFO - Processing /media/data/omar/programming course/DEPI/DEPI project/anomx/airflow/dags/anomx_pipeline.py took 0.943 seconds
[2026-06-22T08:19:21.317+0300] {processor.py:161} INFO - Started process (PID=42472) to work on /media/data/omar/programming course/DEPI/DEPI project/anomx/airflow/dags/anomx_pipeline.py
[2026-06-22T08:19:21.318+0300] {processor.py:830} INFO - Processing file /media/data/omar/programming course/DEPI/DEPI project/anomx/airflow/dags/anomx_pipeline.py for tasks to queue
[2026-06-22T08:19:21.319+0300] {logging_mixin.py:188} INFO - [2026-06-22T08:19:21.319+0300] {dagbag.py:540} INFO - Filling up the DagBag from /media/data/omar/programming course/DEPI/DEPI project/anomx/airflow/dags/anomx_pipeline.py
[2026-06-22T08:19:22.267+0300] {processor.py:840} INFO - DAG(s) 'anomx_pipeline' retrieved from /media/data/omar/programming course/DEPI/DEPI project/anomx/airflow/dags/anomx_pipeline.py
[2026-06-22T08:19:22.295+0300] {logging_mixin.py:188} INFO - [2026-06-22T08:19:22.293+0300] {dag.py:3096} INFO - Sync 1 DAGs
[2026-06-22T08:19:22.325+0300] {logging_mixin.py:188} INFO - [2026-06-22T08:19:22.324+0300] {dag.py:3954} INFO - Setting next_dagrun for anomx_pipeline to 2026-06-22 00:00:00+00:00, run_after=2026-06-23 00:00:00+00:00
[2026-06-22T08:19:22.391+0300] {processor.py:183} INFO - Processing /media/data/omar/programming course/DEPI/DEPI project/anomx/airflow/dags/anomx_pipeline.py took 1.080 seconds
[2026-06-22T08:20:18.787+0300] {processor.py:161} INFO - Started process (PID=42584) to work on /media/data/omar/programming course/DEPI/DEPI project/anomx/airflow/dags/anomx_pipeline.py
[2026-06-22T08:20:18.789+0300] {processor.py:830} INFO - Processing file /media/data/omar/programming course/DEPI/DEPI project/anomx/airflow/dags/anomx_pipeline.py for tasks to queue
[2026-06-22T08:20:18.790+0300] {logging_mixin.py:188} INFO - [2026-06-22T08:20:18.789+0300] {dagbag.py:540} INFO - Filling up the DagBag from /media/data/omar/programming course/DEPI/DEPI project/anomx/airflow/dags/anomx_pipeline.py
[2026-06-22T08:20:19.641+0300] {processor.py:840} INFO - DAG(s) 'anomx_pipeline' retrieved from /media/data/omar/programming course/DEPI/DEPI project/anomx/airflow/dags/anomx_pipeline.py
[2026-06-22T08:20:19.652+0300] {logging_mixin.py:188} INFO - [2026-06-22T08:20:19.652+0300] {dag.py:3096} INFO - Sync 1 DAGs
[2026-06-22T08:20:19.664+0300] {logging_mixin.py:188} INFO - [2026-06-22T08:20:19.664+0300] {dag.py:3954} INFO - Setting next_dagrun for anomx_pipeline to 2026-06-22 00:00:00+00:00, run_after=2026-06-23 00:00:00+00:00
[2026-06-22T08:20:19.690+0300] {processor.py:183} INFO - Processing /media/data/omar/programming course/DEPI/DEPI project/anomx/airflow/dags/anomx_pipeline.py took 0.912 seconds
[2026-06-22T08:21:12.363+0300] {processor.py:161} INFO - Started process (PID=42679) to work on /media/data/omar/programming course/DEPI/DEPI project/anomx/airflow/dags/anomx_pipeline.py
[2026-06-22T08:21:12.365+0300] {processor.py:830} INFO - Processing file /media/data/omar/programming course/DEPI/DEPI project/anomx/airflow/dags/anomx_pipeline.py for tasks to queue
[2026-06-22T08:21:12.368+0300] {logging_mixin.py:188} INFO - [2026-06-22T08:21:12.367+0300] {dagbag.py:540} INFO - Filling up the DagBag from /media/data/omar/programming course/DEPI/DEPI project/anomx/airflow/dags/anomx_pipeline.py
[2026-06-22T08:21:13.355+0300] {processor.py:840} INFO - DAG(s) 'anomx_pipeline' retrieved from /media/data/omar/programming course/DEPI/DEPI project/anomx/airflow/dags/anomx_pipeline.py
[2026-06-22T08:21:13.367+0300] {logging_mixin.py:188} INFO - [2026-06-22T08:21:13.366+0300] {dag.py:3096} INFO - Sync 1 DAGs
[2026-06-22T08:21:13.378+0300] {logging_mixin.py:188} INFO - [2026-06-22T08:21:13.378+0300] {dag.py:3954} INFO - Setting next_dagrun for anomx_pipeline to 2026-06-22 00:00:00+00:00, run_after=2026-06-23 00:00:00+00:00
[2026-06-22T08:21:13.402+0300] {processor.py:183} INFO - Processing /media/data/omar/programming course/DEPI/DEPI project/anomx/airflow/dags/anomx_pipeline.py took 1.053 seconds
[2026-06-22T08:22:06.944+0300] {processor.py:161} INFO - Started process (PID=42781) to work on /media/data/omar/programming course/DEPI/DEPI project/anomx/airflow/dags/anomx_pipeline.py
[2026-06-22T08:22:06.947+0300] {processor.py:830} INFO - Processing file /media/data/omar/programming course/DEPI/DEPI project/anomx/airflow/dags/anomx_pipeline.py for tasks to queue
[2026-06-22T08:22:06.948+0300] {logging_mixin.py:188} INFO - [2026-06-22T08:22:06.948+0300] {dagbag.py:540} INFO - Filling up the DagBag from /media/data/omar/programming course/DEPI/DEPI project/anomx/airflow/dags/anomx_pipeline.py
[2026-06-22T08:22:08.165+0300] {processor.py:840} INFO - DAG(s) 'anomx_pipeline' retrieved from /media/data/omar/programming course/DEPI/DEPI project/anomx/airflow/dags/anomx_pipeline.py
[2026-06-22T08:22:08.185+0300] {logging_mixin.py:188} INFO - [2026-06-22T08:22:08.184+0300] {dag.py:3096} INFO - Sync 1 DAGs
[2026-06-22T08:22:08.200+0300] {logging_mixin.py:188} INFO - [2026-06-22T08:22:08.199+0300] {dag.py:3954} INFO - Setting next_dagrun for anomx_pipeline to 2026-06-22 00:00:00+00:00, run_after=2026-06-23 00:00:00+00:00
[2026-06-22T08:22:08.228+0300] {processor.py:183} INFO - Processing /media/data/omar/programming course/DEPI/DEPI project/anomx/airflow/dags/anomx_pipeline.py took 1.302 seconds
[2026-06-22T08:23:03.541+0300] {processor.py:161} INFO - Started process (PID=42904) to work on /media/data/omar/programming course/DEPI/DEPI project/anomx/airflow/dags/anomx_pipeline.py
[2026-06-22T08:23:03.542+0300] {processor.py:830} INFO - Processing file /media/data/omar/programming course/DEPI/DEPI project/anomx/airflow/dags/anomx_pipeline.py for tasks to queue
[2026-06-22T08:23:03.543+0300] {logging_mixin.py:188} INFO - [2026-06-22T08:23:03.542+0300] {dagbag.py:540} INFO - Filling up the DagBag from /media/data/omar/programming course/DEPI/DEPI project/anomx/airflow/dags/anomx_pipeline.py
[2026-06-22T08:23:04.386+0300] {processor.py:840} INFO - DAG(s) 'anomx_pipeline' retrieved from /media/data/omar/programming course/DEPI/DEPI project/anomx/airflow/dags/anomx_pipeline.py
[2026-06-22T08:23:04.397+0300] {logging_mixin.py:188} INFO - [2026-06-22T08:23:04.396+0300] {dag.py:3096} INFO - Sync 1 DAGs
[2026-06-22T08:23:04.409+0300] {logging_mixin.py:188} INFO - [2026-06-22T08:23:04.409+0300] {dag.py:3954} INFO - Setting next_dagrun for anomx_pipeline to 2026-06-22 00:00:00+00:00, run_after=2026-06-23 00:00:00+00:00
[2026-06-22T08:23:04.442+0300] {processor.py:183} INFO - Processing /media/data/omar/programming course/DEPI/DEPI project/anomx/airflow/dags/anomx_pipeline.py took 0.906 seconds
[2026-06-22T08:23:56.516+0300] {processor.py:161} INFO - Started process (PID=42994) to work on /media/data/omar/programming course/DEPI/DEPI project/anomx/airflow/dags/anomx_pipeline.py
[2026-06-22T08:23:56.517+0300] {processor.py:830} INFO - Processing file /media/data/omar/programming course/DEPI/DEPI project/anomx/airflow/dags/anomx_pipeline.py for tasks to queue
[2026-06-22T08:23:56.519+0300] {logging_mixin.py:188} INFO - [2026-06-22T08:23:56.518+0300] {dagbag.py:540} INFO - Filling up the DagBag from /media/data/omar/programming course/DEPI/DEPI project/anomx/airflow/dags/anomx_pipeline.py
[2026-06-22T08:23:57.460+0300] {processor.py:840} INFO - DAG(s) 'anomx_pipeline' retrieved from /media/data/omar/programming course/DEPI/DEPI project/anomx/airflow/dags/anomx_pipeline.py
[2026-06-22T08:23:57.470+0300] {logging_mixin.py:188} INFO - [2026-06-22T08:23:57.470+0300] {dag.py:3096} INFO - Sync 1 DAGs
[2026-06-22T08:23:57.482+0300] {logging_mixin.py:188} INFO - [2026-06-22T08:23:57.482+0300] {dag.py:3954} INFO - Setting next_dagrun for anomx_pipeline to 2026-06-22 00:00:00+00:00, run_after=2026-06-23 00:00:00+00:00
[2026-06-22T08:23:57.508+0300] {processor.py:183} INFO - Processing /media/data/omar/programming course/DEPI/DEPI project/anomx/airflow/dags/anomx_pipeline.py took 1.002 seconds
[2026-06-22T08:24:49.697+0300] {processor.py:161} INFO - Started process (PID=43088) to work on /media/data/omar/programming course/DEPI/DEPI project/anomx/airflow/dags/anomx_pipeline.py
[2026-06-22T08:24:49.698+0300] {processor.py:830} INFO - Processing file /media/data/omar/programming course/DEPI/DEPI project/anomx/airflow/dags/anomx_pipeline.py for tasks to queue
[2026-06-22T08:24:49.699+0300] {logging_mixin.py:188} INFO - [2026-06-22T08:24:49.699+0300] {dagbag.py:540} INFO - Filling up the DagBag from /media/data/omar/programming course/DEPI/DEPI project/anomx/airflow/dags/anomx_pipeline.py
[2026-06-22T08:24:50.584+0300] {processor.py:840} INFO - DAG(s) 'anomx_pipeline' retrieved from /media/data/omar/programming course/DEPI/DEPI project/anomx/airflow/dags/anomx_pipeline.py
[2026-06-22T08:24:50.596+0300] {logging_mixin.py:188} INFO - [2026-06-22T08:24:50.595+0300] {dag.py:3096} INFO - Sync 1 DAGs
[2026-06-22T08:24:50.607+0300] {logging_mixin.py:188} INFO - [2026-06-22T08:24:50.607+0300] {dag.py:3954} INFO - Setting next_dagrun for anomx_pipeline to 2026-06-22 00:00:00+00:00, run_after=2026-06-23 00:00:00+00:00
[2026-06-22T08:24:50.635+0300] {processor.py:183} INFO - Processing /media/data/omar/programming course/DEPI/DEPI project/anomx/airflow/dags/anomx_pipeline.py took 0.944 seconds
[2026-06-22T08:25:40.662+0300] {processor.py:161} INFO - Started process (PID=43176) to work on /media/data/omar/programming course/DEPI/DEPI project/anomx/airflow/dags/anomx_pipeline.py
[2026-06-22T08:25:40.664+0300] {processor.py:830} INFO - Processing file /media/data/omar/programming course/DEPI/DEPI project/anomx/airflow/dags/anomx_pipeline.py for tasks to queue
[2026-06-22T08:25:40.666+0300] {logging_mixin.py:188} INFO - [2026-06-22T08:25:40.665+0300] {dagbag.py:540} INFO - Filling up the DagBag from /media/data/omar/programming course/DEPI/DEPI project/anomx/airflow/dags/anomx_pipeline.py
[2026-06-22T08:25:41.513+0300] {processor.py:840} INFO - DAG(s) 'anomx_pipeline' retrieved from /media/data/omar/programming course/DEPI/DEPI project/anomx/airflow/dags/anomx_pipeline.py
[2026-06-22T08:25:41.524+0300] {logging_mixin.py:188} INFO - [2026-06-22T08:25:41.524+0300] {dag.py:3096} INFO - Sync 1 DAGs
[2026-06-22T08:25:41.537+0300] {logging_mixin.py:188} INFO - [2026-06-22T08:25:41.537+0300] {dag.py:3954} INFO - Setting next_dagrun for anomx_pipeline to 2026-06-22 00:00:00+00:00, run_after=2026-06-23 00:00:00+00:00
[2026-06-22T08:25:41.562+0300] {processor.py:183} INFO - Processing /media/data/omar/programming course/DEPI/DEPI project/anomx/airflow/dags/anomx_pipeline.py took 0.918 seconds
[2026-06-22T08:26:39.218+0300] {processor.py:161} INFO - Started process (PID=43265) to work on /media/data/omar/programming course/DEPI/DEPI project/anomx/airflow/dags/anomx_pipeline.py
[2026-06-22T08:26:39.219+0300] {processor.py:830} INFO - Processing file /media/data/omar/programming course/DEPI/DEPI project/anomx/airflow/dags/anomx_pipeline.py for tasks to queue
[2026-06-22T08:26:39.221+0300] {logging_mixin.py:188} INFO - [2026-06-22T08:26:39.220+0300] {dagbag.py:540} INFO - Filling up the DagBag from /media/data/omar/programming course/DEPI/DEPI project/anomx/airflow/dags/anomx_pipeline.py
[2026-06-22T08:26:40.084+0300] {processor.py:840} INFO - DAG(s) 'anomx_pipeline' retrieved from /media/data/omar/programming course/DEPI/DEPI project/anomx/airflow/dags/anomx_pipeline.py
[2026-06-22T08:26:40.095+0300] {logging_mixin.py:188} INFO - [2026-06-22T08:26:40.095+0300] {dag.py:3096} INFO - Sync 1 DAGs
[2026-06-22T08:26:40.107+0300] {logging_mixin.py:188} INFO - [2026-06-22T08:26:40.107+0300] {dag.py:3954} INFO - Setting next_dagrun for anomx_pipeline to 2026-06-22 00:00:00+00:00, run_after=2026-06-23 00:00:00+00:00
[2026-06-22T08:26:40.133+0300] {processor.py:183} INFO - Processing /media/data/omar/programming course/DEPI/DEPI project/anomx/airflow/dags/anomx_pipeline.py took 0.930 seconds
[2026-06-22T08:27:29.188+0300] {processor.py:161} INFO - Started process (PID=43352) to work on /media/data/omar/programming course/DEPI/DEPI project/anomx/airflow/dags/anomx_pipeline.py
[2026-06-22T08:27:29.190+0300] {processor.py:830} INFO - Processing file /media/data/omar/programming course/DEPI/DEPI project/anomx/airflow/dags/anomx_pipeline.py for tasks to queue
[2026-06-22T08:27:29.192+0300] {logging_mixin.py:188} INFO - [2026-06-22T08:27:29.191+0300] {dagbag.py:540} INFO - Filling up the DagBag from /media/data/omar/programming course/DEPI/DEPI project/anomx/airflow/dags/anomx_pipeline.py
[2026-06-22T08:27:30.165+0300] {processor.py:840} INFO - DAG(s) 'anomx_pipeline' retrieved from /media/data/omar/programming course/DEPI/DEPI project/anomx/airflow/dags/anomx_pipeline.py
[2026-06-22T08:27:30.181+0300] {logging_mixin.py:188} INFO - [2026-06-22T08:27:30.181+0300] {dag.py:3096} INFO - Sync 1 DAGs
[2026-06-22T08:27:30.193+0300] {logging_mixin.py:188} INFO - [2026-06-22T08:27:30.193+0300] {dag.py:3954} INFO - Setting next_dagrun for anomx_pipeline to 2026-06-22 00:00:00+00:00, run_after=2026-06-23 00:00:00+00:00
[2026-06-22T08:27:30.287+0300] {processor.py:183} INFO - Processing /media/data/omar/programming course/DEPI/DEPI project/anomx/airflow/dags/anomx_pipeline.py took 1.115 seconds
[2026-06-22T08:28:17.246+0300] {processor.py:161} INFO - Started process (PID=43425) to work on /media/data/omar/programming course/DEPI/DEPI project/anomx/airflow/dags/anomx_pipeline.py
[2026-06-22T08:28:17.247+0300] {processor.py:830} INFO - Processing file /media/data/omar/programming course/DEPI/DEPI project/anomx/airflow/dags/anomx_pipeline.py for tasks to queue
[2026-06-22T08:28:17.249+0300] {logging_mixin.py:188} INFO - [2026-06-22T08:28:17.248+0300] {dagbag.py:540} INFO - Filling up the DagBag from /media/data/omar/programming course/DEPI/DEPI project/anomx/airflow/dags/anomx_pipeline.py
[2026-06-22T08:28:18.186+0300] {processor.py:840} INFO - DAG(s) 'anomx_pipeline' retrieved from /media/data/omar/programming course/DEPI/DEPI project/anomx/airflow/dags/anomx_pipeline.py
[2026-06-22T08:28:18.200+0300] {logging_mixin.py:188} INFO - [2026-06-22T08:28:18.200+0300] {dag.py:3096} INFO - Sync 1 DAGs
[2026-06-22T08:28:18.212+0300] {logging_mixin.py:188} INFO - [2026-06-22T08:28:18.212+0300] {dag.py:3954} INFO - Setting next_dagrun for anomx_pipeline to 2026-06-22 00:00:00+00:00, run_after=2026-06-23 00:00:00+00:00
[2026-06-22T08:28:18.239+0300] {processor.py:183} INFO - Processing /media/data/omar/programming course/DEPI/DEPI project/anomx/airflow/dags/anomx_pipeline.py took 1.004 seconds
[2026-06-22T08:29:12.897+0300] {processor.py:161} INFO - Started process (PID=43518) to work on /media/data/omar/programming course/DEPI/DEPI project/anomx/airflow/dags/anomx_pipeline.py
[2026-06-22T08:29:12.898+0300] {processor.py:830} INFO - Processing file /media/data/omar/programming course/DEPI/DEPI project/anomx/airflow/dags/anomx_pipeline.py for tasks to queue
[2026-06-22T08:29:12.899+0300] {logging_mixin.py:188} INFO - [2026-06-22T08:29:12.898+0300] {dagbag.py:540} INFO - Filling up the DagBag from /media/data/omar/programming course/DEPI/DEPI project/anomx/airflow/dags/anomx_pipeline.py
[2026-06-22T08:29:13.797+0300] {processor.py:840} INFO - DAG(s) 'anomx_pipeline' retrieved from /media/data/omar/programming course/DEPI/DEPI project/anomx/airflow/dags/anomx_pipeline.py
[2026-06-22T08:29:13.808+0300] {logging_mixin.py:188} INFO - [2026-06-22T08:29:13.807+0300] {dag.py:3096} INFO - Sync 1 DAGs
[2026-06-22T08:29:13.820+0300] {logging_mixin.py:188} INFO - [2026-06-22T08:29:13.819+0300] {dag.py:3954} INFO - Setting next_dagrun for anomx_pipeline to 2026-06-22 00:00:00+00:00, run_after=2026-06-23 00:00:00+00:00
[2026-06-22T08:29:13.844+0300] {processor.py:183} INFO - Processing /media/data/omar/programming course/DEPI/DEPI project/anomx/airflow/dags/anomx_pipeline.py took 0.953 seconds
[2026-06-22T08:30:03.483+0300] {processor.py:161} INFO - Started process (PID=43608) to work on /media/data/omar/programming course/DEPI/DEPI project/anomx/airflow/dags/anomx_pipeline.py
[2026-06-22T08:30:03.484+0300] {processor.py:830} INFO - Processing file /media/data/omar/programming course/DEPI/DEPI project/anomx/airflow/dags/anomx_pipeline.py for tasks to queue
[2026-06-22T08:30:03.487+0300] {logging_mixin.py:188} INFO - [2026-06-22T08:30:03.485+0300] {dagbag.py:540} INFO - Filling up the DagBag from /media/data/omar/programming course/DEPI/DEPI project/anomx/airflow/dags/anomx_pipeline.py
[2026-06-22T08:30:04.720+0300] {processor.py:840} INFO - DAG(s) 'anomx_pipeline' retrieved from /media/data/omar/programming course/DEPI/DEPI project/anomx/airflow/dags/anomx_pipeline.py
[2026-06-22T08:30:04.732+0300] {logging_mixin.py:188} INFO - [2026-06-22T08:30:04.731+0300] {dag.py:3096} INFO - Sync 1 DAGs
[2026-06-22T08:30:04.743+0300] {logging_mixin.py:188} INFO - [2026-06-22T08:30:04.743+0300] {dag.py:3954} INFO - Setting next_dagrun for anomx_pipeline to 2026-06-22 00:00:00+00:00, run_after=2026-06-23 00:00:00+00:00
[2026-06-22T08:30:04.769+0300] {processor.py:183} INFO - Processing /media/data/omar/programming course/DEPI/DEPI project/anomx/airflow/dags/anomx_pipeline.py took 1.297 seconds
[2026-06-22T08:30:58.259+0300] {processor.py:161} INFO - Started process (PID=43696) to work on /media/data/omar/programming course/DEPI/DEPI project/anomx/airflow/dags/anomx_pipeline.py
[2026-06-22T08:30:58.262+0300] {processor.py:830} INFO - Processing file /media/data/omar/programming course/DEPI/DEPI project/anomx/airflow/dags/anomx_pipeline.py for tasks to queue
[2026-06-22T08:30:58.265+0300] {logging_mixin.py:188} INFO - [2026-06-22T08:30:58.264+0300] {dagbag.py:540} INFO - Filling up the DagBag from /media/data/omar/programming course/DEPI/DEPI project/anomx/airflow/dags/anomx_pipeline.py
[2026-06-22T08:30:59.119+0300] {processor.py:840} INFO - DAG(s) 'anomx_pipeline' retrieved from /media/data/omar/programming course/DEPI/DEPI project/anomx/airflow/dags/anomx_pipeline.py
[2026-06-22T08:30:59.130+0300] {logging_mixin.py:188} INFO - [2026-06-22T08:30:59.130+0300] {dag.py:3096} INFO - Sync 1 DAGs
[2026-06-22T08:30:59.143+0300] {logging_mixin.py:188} INFO - [2026-06-22T08:30:59.142+0300] {dag.py:3954} INFO - Setting next_dagrun for anomx_pipeline to 2026-06-22 00:00:00+00:00, run_after=2026-06-23 00:00:00+00:00
[2026-06-22T08:30:59.174+0300] {processor.py:183} INFO - Processing /media/data/omar/programming course/DEPI/DEPI project/anomx/airflow/dags/anomx_pipeline.py took 0.932 seconds
[2026-06-22T08:31:52.546+0300] {processor.py:161} INFO - Started process (PID=43796) to work on /media/data/omar/programming course/DEPI/DEPI project/anomx/airflow/dags/anomx_pipeline.py
[2026-06-22T08:31:52.547+0300] {processor.py:830} INFO - Processing file /media/data/omar/programming course/DEPI/DEPI project/anomx/airflow/dags/anomx_pipeline.py for tasks to queue
[2026-06-22T08:31:52.548+0300] {logging_mixin.py:188} INFO - [2026-06-22T08:31:52.547+0300] {dagbag.py:540} INFO - Filling up the DagBag from /media/data/omar/programming course/DEPI/DEPI project/anomx/airflow/dags/anomx_pipeline.py
[2026-06-22T08:31:53.384+0300] {processor.py:840} INFO - DAG(s) 'anomx_pipeline' retrieved from /media/data/omar/programming course/DEPI/DEPI project/anomx/airflow/dags/anomx_pipeline.py
[2026-06-22T08:31:53.395+0300] {logging_mixin.py:188} INFO - [2026-06-22T08:31:53.394+0300] {dag.py:3096} INFO - Sync 1 DAGs
[2026-06-22T08:31:53.406+0300] {logging_mixin.py:188} INFO - [2026-06-22T08:31:53.406+0300] {dag.py:3954} INFO - Setting next_dagrun for anomx_pipeline to 2026-06-22 00:00:00+00:00, run_after=2026-06-23 00:00:00+00:00
[2026-06-22T08:31:53.429+0300] {processor.py:183} INFO - Processing /media/data/omar/programming course/DEPI/DEPI project/anomx/airflow/dags/anomx_pipeline.py took 0.890 seconds
[2026-06-22T08:32:41.097+0300] {processor.py:161} INFO - Started process (PID=43873) to work on /media/data/omar/programming course/DEPI/DEPI project/anomx/airflow/dags/anomx_pipeline.py
[2026-06-22T08:32:41.099+0300] {processor.py:830} INFO - Processing file /media/data/omar/programming course/DEPI/DEPI project/anomx/airflow/dags/anomx_pipeline.py for tasks to queue
[2026-06-22T08:32:41.101+0300] {logging_mixin.py:188} INFO - [2026-06-22T08:32:41.100+0300] {dagbag.py:540} INFO - Filling up the DagBag from /media/data/omar/programming course/DEPI/DEPI project/anomx/airflow/dags/anomx_pipeline.py
[2026-06-22T08:32:41.936+0300] {processor.py:840} INFO - DAG(s) 'anomx_pipeline' retrieved from /media/data/omar/programming course/DEPI/DEPI project/anomx/airflow/dags/anomx_pipeline.py
[2026-06-22T08:32:41.948+0300] {logging_mixin.py:188} INFO - [2026-06-22T08:32:41.947+0300] {dag.py:3096} INFO - Sync 1 DAGs
[2026-06-22T08:32:41.961+0300] {logging_mixin.py:188} INFO - [2026-06-22T08:32:41.961+0300] {dag.py:3954} INFO - Setting next_dagrun for anomx_pipeline to 2026-06-22 00:00:00+00:00, run_after=2026-06-23 00:00:00+00:00
[2026-06-22T08:32:41.986+0300] {processor.py:183} INFO - Processing /media/data/omar/programming course/DEPI/DEPI project/anomx/airflow/dags/anomx_pipeline.py took 0.900 seconds
[2026-06-22T08:33:31.012+0300] {processor.py:161} INFO - Started process (PID=43957) to work on /media/data/omar/programming course/DEPI/DEPI project/anomx/airflow/dags/anomx_pipeline.py
[2026-06-22T08:33:31.014+0300] {processor.py:830} INFO - Processing file /media/data/omar/programming course/DEPI/DEPI project/anomx/airflow/dags/anomx_pipeline.py for tasks to queue
[2026-06-22T08:33:31.015+0300] {logging_mixin.py:188} INFO - [2026-06-22T08:33:31.014+0300] {dagbag.py:540} INFO - Filling up the DagBag from /media/data/omar/programming course/DEPI/DEPI project/anomx/airflow/dags/anomx_pipeline.py
[2026-06-22T08:33:31.975+0300] {processor.py:840} INFO - DAG(s) 'anomx_pipeline' retrieved from /media/data/omar/programming course/DEPI/DEPI project/anomx/airflow/dags/anomx_pipeline.py
[2026-06-22T08:33:31.986+0300] {logging_mixin.py:188} INFO - [2026-06-22T08:33:31.986+0300] {dag.py:3096} INFO - Sync 1 DAGs
[2026-06-22T08:33:31.998+0300] {logging_mixin.py:188} INFO - [2026-06-22T08:33:31.997+0300] {dag.py:3954} INFO - Setting next_dagrun for anomx_pipeline to 2026-06-22 00:00:00+00:00, run_after=2026-06-23 00:00:00+00:00
[2026-06-22T08:33:32.091+0300] {processor.py:183} INFO - Processing /media/data/omar/programming course/DEPI/DEPI project/anomx/airflow/dags/anomx_pipeline.py took 1.087 seconds
[2026-06-22T08:34:24.075+0300] {processor.py:161} INFO - Started process (PID=44034) to work on /media/data/omar/programming course/DEPI/DEPI project/anomx/airflow/dags/anomx_pipeline.py
[2026-06-22T08:34:24.077+0300] {processor.py:830} INFO - Processing file /media/data/omar/programming course/DEPI/DEPI project/anomx/airflow/dags/anomx_pipeline.py for tasks to queue
[2026-06-22T08:34:24.080+0300] {logging_mixin.py:188} INFO - [2026-06-22T08:34:24.078+0300] {dagbag.py:540} INFO - Filling up the DagBag from /media/data/omar/programming course/DEPI/DEPI project/anomx/airflow/dags/anomx_pipeline.py
[2026-06-22T08:34:24.889+0300] {processor.py:840} INFO - DAG(s) 'anomx_pipeline' retrieved from /media/data/omar/programming course/DEPI/DEPI project/anomx/airflow/dags/anomx_pipeline.py
[2026-06-22T08:34:24.901+0300] {logging_mixin.py:188} INFO - [2026-06-22T08:34:24.900+0300] {dag.py:3096} INFO - Sync 1 DAGs
[2026-06-22T08:34:24.912+0300] {logging_mixin.py:188} INFO - [2026-06-22T08:34:24.911+0300] {dag.py:3954} INFO - Setting next_dagrun for anomx_pipeline to 2026-06-22 00:00:00+00:00, run_after=2026-06-23 00:00:00+00:00
[2026-06-22T08:34:24.936+0300] {processor.py:183} INFO - Processing /media/data/omar/programming course/DEPI/DEPI project/anomx/airflow/dags/anomx_pipeline.py took 0.879 seconds
[2026-06-22T08:35:12.893+0300] {processor.py:161} INFO - Started process (PID=44116) to work on /media/data/omar/programming course/DEPI/DEPI project/anomx/airflow/dags/anomx_pipeline.py
[2026-06-22T08:35:12.894+0300] {processor.py:830} INFO - Processing file /media/data/omar/programming course/DEPI/DEPI project/anomx/airflow/dags/anomx_pipeline.py for tasks to queue
[2026-06-22T08:35:12.897+0300] {logging_mixin.py:188} INFO - [2026-06-22T08:35:12.896+0300] {dagbag.py:540} INFO - Filling up the DagBag from /media/data/omar/programming course/DEPI/DEPI project/anomx/airflow/dags/anomx_pipeline.py
[2026-06-22T08:35:13.721+0300] {processor.py:840} INFO - DAG(s) 'anomx_pipeline' retrieved from /media/data/omar/programming course/DEPI/DEPI project/anomx/airflow/dags/anomx_pipeline.py
[2026-06-22T08:35:13.732+0300] {logging_mixin.py:188} INFO - [2026-06-22T08:35:13.732+0300] {dag.py:3096} INFO - Sync 1 DAGs
[2026-06-22T08:35:13.745+0300] {logging_mixin.py:188} INFO - [2026-06-22T08:35:13.744+0300] {dag.py:3954} INFO - Setting next_dagrun for anomx_pipeline to 2026-06-22 00:00:00+00:00, run_after=2026-06-23 00:00:00+00:00
[2026-06-22T08:35:13.768+0300] {processor.py:183} INFO - Processing /media/data/omar/programming course/DEPI/DEPI project/anomx/airflow/dags/anomx_pipeline.py took 0.888 seconds
[2026-06-22T08:35:58.472+0300] {processor.py:161} INFO - Started process (PID=44188) to work on /media/data/omar/programming course/DEPI/DEPI project/anomx/airflow/dags/anomx_pipeline.py
[2026-06-22T08:35:58.473+0300] {processor.py:830} INFO - Processing file /media/data/omar/programming course/DEPI/DEPI project/anomx/airflow/dags/anomx_pipeline.py for tasks to queue
[2026-06-22T08:35:58.474+0300] {logging_mixin.py:188} INFO - [2026-06-22T08:35:58.473+0300] {dagbag.py:540} INFO - Filling up the DagBag from /media/data/omar/programming course/DEPI/DEPI project/anomx/airflow/dags/anomx_pipeline.py
[2026-06-22T08:35:59.278+0300] {processor.py:840} INFO - DAG(s) 'anomx_pipeline' retrieved from /media/data/omar/programming course/DEPI/DEPI project/anomx/airflow/dags/anomx_pipeline.py
[2026-06-22T08:35:59.289+0300] {logging_mixin.py:188} INFO - [2026-06-22T08:35:59.289+0300] {dag.py:3096} INFO - Sync 1 DAGs
[2026-06-22T08:35:59.300+0300] {logging_mixin.py:188} INFO - [2026-06-22T08:35:59.300+0300] {dag.py:3954} INFO - Setting next_dagrun for anomx_pipeline to 2026-06-22 00:00:00+00:00, run_after=2026-06-23 00:00:00+00:00
[2026-06-22T08:35:59.324+0300] {processor.py:183} INFO - Processing /media/data/omar/programming course/DEPI/DEPI project/anomx/airflow/dags/anomx_pipeline.py took 0.859 seconds
[2026-06-22T08:36:48.887+0300] {processor.py:161} INFO - Started process (PID=44261) to work on /media/data/omar/programming course/DEPI/DEPI project/anomx/airflow/dags/anomx_pipeline.py
[2026-06-22T08:36:48.887+0300] {processor.py:830} INFO - Processing file /media/data/omar/programming course/DEPI/DEPI project/anomx/airflow/dags/anomx_pipeline.py for tasks to queue
[2026-06-22T08:36:48.888+0300] {logging_mixin.py:188} INFO - [2026-06-22T08:36:48.888+0300] {dagbag.py:540} INFO - Filling up the DagBag from /media/data/omar/programming course/DEPI/DEPI project/anomx/airflow/dags/anomx_pipeline.py
[2026-06-22T08:36:49.673+0300] {processor.py:840} INFO - DAG(s) 'anomx_pipeline' retrieved from /media/data/omar/programming course/DEPI/DEPI project/anomx/airflow/dags/anomx_pipeline.py
[2026-06-22T08:36:49.684+0300] {logging_mixin.py:188} INFO - [2026-06-22T08:36:49.684+0300] {dag.py:3096} INFO - Sync 1 DAGs
[2026-06-22T08:36:49.698+0300] {logging_mixin.py:188} INFO - [2026-06-22T08:36:49.697+0300] {dag.py:3954} INFO - Setting next_dagrun for anomx_pipeline to 2026-06-22 00:00:00+00:00, run_after=2026-06-23 00:00:00+00:00
[2026-06-22T08:36:49.721+0300] {processor.py:183} INFO - Processing /media/data/omar/programming course/DEPI/DEPI project/anomx/airflow/dags/anomx_pipeline.py took 0.841 seconds
[2026-06-22T08:37:39.415+0300] {processor.py:161} INFO - Started process (PID=44335) to work on /media/data/omar/programming course/DEPI/DEPI project/anomx/airflow/dags/anomx_pipeline.py
[2026-06-22T08:37:39.417+0300] {processor.py:830} INFO - Processing file /media/data/omar/programming course/DEPI/DEPI project/anomx/airflow/dags/anomx_pipeline.py for tasks to queue
[2026-06-22T08:37:39.420+0300] {logging_mixin.py:188} INFO - [2026-06-22T08:37:39.418+0300] {dagbag.py:540} INFO - Filling up the DagBag from /media/data/omar/programming course/DEPI/DEPI project/anomx/airflow/dags/anomx_pipeline.py
[2026-06-22T08:37:40.259+0300] {processor.py:840} INFO - DAG(s) 'anomx_pipeline' retrieved from /media/data/omar/programming course/DEPI/DEPI project/anomx/airflow/dags/anomx_pipeline.py
[2026-06-22T08:37:40.269+0300] {logging_mixin.py:188} INFO - [2026-06-22T08:37:40.269+0300] {dag.py:3096} INFO - Sync 1 DAGs
[2026-06-22T08:37:40.281+0300] {logging_mixin.py:188} INFO - [2026-06-22T08:37:40.281+0300] {dag.py:3954} INFO - Setting next_dagrun for anomx_pipeline to 2026-06-22 00:00:00+00:00, run_after=2026-06-23 00:00:00+00:00
[2026-06-22T08:37:40.374+0300] {processor.py:183} INFO - Processing /media/data/omar/programming course/DEPI/DEPI project/anomx/airflow/dags/anomx_pipeline.py took 0.973 seconds
[2026-06-22T08:38:28.742+0300] {processor.py:161} INFO - Started process (PID=44425) to work on /media/data/omar/programming course/DEPI/DEPI project/anomx/airflow/dags/anomx_pipeline.py
[2026-06-22T08:38:28.742+0300] {processor.py:830} INFO - Processing file /media/data/omar/programming course/DEPI/DEPI project/anomx/airflow/dags/anomx_pipeline.py for tasks to queue
[2026-06-22T08:38:28.744+0300] {logging_mixin.py:188} INFO - [2026-06-22T08:38:28.743+0300] {dagbag.py:540} INFO - Filling up the DagBag from /media/data/omar/programming course/DEPI/DEPI project/anomx/airflow/dags/anomx_pipeline.py
[2026-06-22T08:38:29.874+0300] {processor.py:840} INFO - DAG(s) 'anomx_pipeline' retrieved from /media/data/omar/programming course/DEPI/DEPI project/anomx/airflow/dags/anomx_pipeline.py
[2026-06-22T08:38:29.888+0300] {logging_mixin.py:188} INFO - [2026-06-22T08:38:29.887+0300] {dag.py:3096} INFO - Sync 1 DAGs
[2026-06-22T08:38:29.902+0300] {logging_mixin.py:188} INFO - [2026-06-22T08:38:29.902+0300] {dag.py:3954} INFO - Setting next_dagrun for anomx_pipeline to 2026-06-22 00:00:00+00:00, run_after=2026-06-23 00:00:00+00:00
[2026-06-22T08:38:29.929+0300] {processor.py:183} INFO - Processing /media/data/omar/programming course/DEPI/DEPI project/anomx/airflow/dags/anomx_pipeline.py took 1.197 seconds
[2026-06-22T08:39:21.790+0300] {processor.py:161} INFO - Started process (PID=44510) to work on /media/data/omar/programming course/DEPI/DEPI project/anomx/airflow/dags/anomx_pipeline.py
[2026-06-22T08:39:21.791+0300] {processor.py:830} INFO - Processing file /media/data/omar/programming course/DEPI/DEPI project/anomx/airflow/dags/anomx_pipeline.py for tasks to queue
[2026-06-22T08:39:21.792+0300] {logging_mixin.py:188} INFO - [2026-06-22T08:39:21.792+0300] {dagbag.py:540} INFO - Filling up the DagBag from /media/data/omar/programming course/DEPI/DEPI project/anomx/airflow/dags/anomx_pipeline.py
[2026-06-22T08:39:22.803+0300] {processor.py:840} INFO - DAG(s) 'anomx_pipeline' retrieved from /media/data/omar/programming course/DEPI/DEPI project/anomx/airflow/dags/anomx_pipeline.py
[2026-06-22T08:39:22.817+0300] {logging_mixin.py:188} INFO - [2026-06-22T08:39:22.816+0300] {dag.py:3096} INFO - Sync 1 DAGs
[2026-06-22T08:39:22.830+0300] {logging_mixin.py:188} INFO - [2026-06-22T08:39:22.830+0300] {dag.py:3954} INFO - Setting next_dagrun for anomx_pipeline to 2026-06-22 00:00:00+00:00, run_after=2026-06-23 00:00:00+00:00
[2026-06-22T08:39:22.857+0300] {processor.py:183} INFO - Processing /media/data/omar/programming course/DEPI/DEPI project/anomx/airflow/dags/anomx_pipeline.py took 1.074 seconds
[2026-06-22T08:40:14.831+0300] {processor.py:161} INFO - Started process (PID=44604) to work on /media/data/omar/programming course/DEPI/DEPI project/anomx/airflow/dags/anomx_pipeline.py
[2026-06-22T08:40:14.834+0300] {processor.py:830} INFO - Processing file /media/data/omar/programming course/DEPI/DEPI project/anomx/airflow/dags/anomx_pipeline.py for tasks to queue
[2026-06-22T08:40:14.839+0300] {logging_mixin.py:188} INFO - [2026-06-22T08:40:14.837+0300] {dagbag.py:540} INFO - Filling up the DagBag from /media/data/omar/programming course/DEPI/DEPI project/anomx/airflow/dags/anomx_pipeline.py
[2026-06-22T08:40:15.997+0300] {processor.py:840} INFO - DAG(s) 'anomx_pipeline' retrieved from /media/data/omar/programming course/DEPI/DEPI project/anomx/airflow/dags/anomx_pipeline.py
[2026-06-22T08:40:16.011+0300] {logging_mixin.py:188} INFO - [2026-06-22T08:40:16.010+0300] {dag.py:3096} INFO - Sync 1 DAGs
[2026-06-22T08:40:16.025+0300] {logging_mixin.py:188} INFO - [2026-06-22T08:40:16.025+0300] {dag.py:3954} INFO - Setting next_dagrun for anomx_pipeline to 2026-06-22 00:00:00+00:00, run_after=2026-06-23 00:00:00+00:00
[2026-06-22T08:40:16.051+0300] {processor.py:183} INFO - Processing /media/data/omar/programming course/DEPI/DEPI project/anomx/airflow/dags/anomx_pipeline.py took 1.244 seconds
[2026-06-22T08:41:11.809+0300] {processor.py:161} INFO - Started process (PID=44695) to work on /media/data/omar/programming course/DEPI/DEPI project/anomx/airflow/dags/anomx_pipeline.py
[2026-06-22T08:41:11.810+0300] {processor.py:830} INFO - Processing file /media/data/omar/programming course/DEPI/DEPI project/anomx/airflow/dags/anomx_pipeline.py for tasks to queue
[2026-06-22T08:41:11.811+0300] {logging_mixin.py:188} INFO - [2026-06-22T08:41:11.810+0300] {dagbag.py:540} INFO - Filling up the DagBag from /media/data/omar/programming course/DEPI/DEPI project/anomx/airflow/dags/anomx_pipeline.py
[2026-06-22T08:41:12.989+0300] {processor.py:840} INFO - DAG(s) 'anomx_pipeline' retrieved from /media/data/omar/programming course/DEPI/DEPI project/anomx/airflow/dags/anomx_pipeline.py
[2026-06-22T08:41:13.008+0300] {logging_mixin.py:188} INFO - [2026-06-22T08:41:13.007+0300] {dag.py:3096} INFO - Sync 1 DAGs
[2026-06-22T08:41:13.030+0300] {logging_mixin.py:188} INFO - [2026-06-22T08:41:13.029+0300] {dag.py:3954} INFO - Setting next_dagrun for anomx_pipeline to 2026-06-22 00:00:00+00:00, run_after=2026-06-23 00:00:00+00:00
[2026-06-22T08:41:13.096+0300] {processor.py:183} INFO - Processing /media/data/omar/programming course/DEPI/DEPI project/anomx/airflow/dags/anomx_pipeline.py took 1.293 seconds
[2026-06-22T08:42:05.750+0300] {processor.py:161} INFO - Started process (PID=44783) to work on /media/data/omar/programming course/DEPI/DEPI project/anomx/airflow/dags/anomx_pipeline.py
[2026-06-22T08:42:05.752+0300] {processor.py:830} INFO - Processing file /media/data/omar/programming course/DEPI/DEPI project/anomx/airflow/dags/anomx_pipeline.py for tasks to queue
[2026-06-22T08:42:05.754+0300] {logging_mixin.py:188} INFO - [2026-06-22T08:42:05.753+0300] {dagbag.py:540} INFO - Filling up the DagBag from /media/data/omar/programming course/DEPI/DEPI project/anomx/airflow/dags/anomx_pipeline.py
[2026-06-22T08:42:06.872+0300] {processor.py:840} INFO - DAG(s) 'anomx_pipeline' retrieved from /media/data/omar/programming course/DEPI/DEPI project/anomx/airflow/dags/anomx_pipeline.py
[2026-06-22T08:42:06.889+0300] {logging_mixin.py:188} INFO - [2026-06-22T08:42:06.888+0300] {dag.py:3096} INFO - Sync 1 DAGs
[2026-06-22T08:42:06.905+0300] {logging_mixin.py:188} INFO - [2026-06-22T08:42:06.904+0300] {dag.py:3954} INFO - Setting next_dagrun for anomx_pipeline to 2026-06-22 00:00:00+00:00, run_after=2026-06-23 00:00:00+00:00
[2026-06-22T08:42:06.934+0300] {processor.py:183} INFO - Processing /media/data/omar/programming course/DEPI/DEPI project/anomx/airflow/dags/anomx_pipeline.py took 1.196 seconds
[2026-06-22T08:42:58.543+0300] {processor.py:161} INFO - Started process (PID=44858) to work on /media/data/omar/programming course/DEPI/DEPI project/anomx/airflow/dags/anomx_pipeline.py
[2026-06-22T08:42:58.544+0300] {processor.py:830} INFO - Processing file /media/data/omar/programming course/DEPI/DEPI project/anomx/airflow/dags/anomx_pipeline.py for tasks to queue
[2026-06-22T08:42:58.546+0300] {logging_mixin.py:188} INFO - [2026-06-22T08:42:58.545+0300] {dagbag.py:540} INFO - Filling up the DagBag from /media/data/omar/programming course/DEPI/DEPI project/anomx/airflow/dags/anomx_pipeline.py
[2026-06-22T08:42:59.580+0300] {processor.py:840} INFO - DAG(s) 'anomx_pipeline' retrieved from /media/data/omar/programming course/DEPI/DEPI project/anomx/airflow/dags/anomx_pipeline.py
[2026-06-22T08:42:59.597+0300] {logging_mixin.py:188} INFO - [2026-06-22T08:42:59.596+0300] {dag.py:3096} INFO - Sync 1 DAGs
[2026-06-22T08:42:59.615+0300] {logging_mixin.py:188} INFO - [2026-06-22T08:42:59.615+0300] {dag.py:3954} INFO - Setting next_dagrun for anomx_pipeline to 2026-06-22 00:00:00+00:00, run_after=2026-06-23 00:00:00+00:00
[2026-06-22T08:42:59.645+0300] {processor.py:183} INFO - Processing /media/data/omar/programming course/DEPI/DEPI project/anomx/airflow/dags/anomx_pipeline.py took 1.109 seconds
[2026-06-22T08:43:50.181+0300] {processor.py:161} INFO - Started process (PID=44951) to work on /media/data/omar/programming course/DEPI/DEPI project/anomx/airflow/dags/anomx_pipeline.py
[2026-06-22T08:43:50.182+0300] {processor.py:830} INFO - Processing file /media/data/omar/programming course/DEPI/DEPI project/anomx/airflow/dags/anomx_pipeline.py for tasks to queue
[2026-06-22T08:43:50.183+0300] {logging_mixin.py:188} INFO - [2026-06-22T08:43:50.183+0300] {dagbag.py:540} INFO - Filling up the DagBag from /media/data/omar/programming course/DEPI/DEPI project/anomx/airflow/dags/anomx_pipeline.py
[2026-06-22T08:43:51.198+0300] {processor.py:840} INFO - DAG(s) 'anomx_pipeline' retrieved from /media/data/omar/programming course/DEPI/DEPI project/anomx/airflow/dags/anomx_pipeline.py
[2026-06-22T08:43:51.215+0300] {logging_mixin.py:188} INFO - [2026-06-22T08:43:51.214+0300] {dag.py:3096} INFO - Sync 1 DAGs
[2026-06-22T08:43:51.232+0300] {logging_mixin.py:188} INFO - [2026-06-22T08:43:51.231+0300] {dag.py:3954} INFO - Setting next_dagrun for anomx_pipeline to 2026-06-22 00:00:00+00:00, run_after=2026-06-23 00:00:00+00:00
[2026-06-22T08:43:51.310+0300] {processor.py:183} INFO - Processing /media/data/omar/programming course/DEPI/DEPI project/anomx/airflow/dags/anomx_pipeline.py took 1.137 seconds
[2026-06-22T08:44:43.752+0300] {processor.py:161} INFO - Started process (PID=45027) to work on /media/data/omar/programming course/DEPI/DEPI project/anomx/airflow/dags/anomx_pipeline.py
[2026-06-22T08:44:43.753+0300] {processor.py:830} INFO - Processing file /media/data/omar/programming course/DEPI/DEPI project/anomx/airflow/dags/anomx_pipeline.py for tasks to queue
[2026-06-22T08:44:43.754+0300] {logging_mixin.py:188} INFO - [2026-06-22T08:44:43.754+0300] {dagbag.py:540} INFO - Filling up the DagBag from /media/data/omar/programming course/DEPI/DEPI project/anomx/airflow/dags/anomx_pipeline.py
[2026-06-22T08:44:44.764+0300] {processor.py:840} INFO - DAG(s) 'anomx_pipeline' retrieved from /media/data/omar/programming course/DEPI/DEPI project/anomx/airflow/dags/anomx_pipeline.py
[2026-06-22T08:44:44.778+0300] {logging_mixin.py:188} INFO - [2026-06-22T08:44:44.778+0300] {dag.py:3096} INFO - Sync 1 DAGs
[2026-06-22T08:44:44.792+0300] {logging_mixin.py:188} INFO - [2026-06-22T08:44:44.791+0300] {dag.py:3954} INFO - Setting next_dagrun for anomx_pipeline to 2026-06-22 00:00:00+00:00, run_after=2026-06-23 00:00:00+00:00
[2026-06-22T08:44:44.821+0300] {processor.py:183} INFO - Processing /media/data/omar/programming course/DEPI/DEPI project/anomx/airflow/dags/anomx_pipeline.py took 1.078 seconds
[2026-06-22T08:45:31.302+0300] {processor.py:161} INFO - Started process (PID=45105) to work on /media/data/omar/programming course/DEPI/DEPI project/anomx/airflow/dags/anomx_pipeline.py
[2026-06-22T08:45:31.302+0300] {processor.py:830} INFO - Processing file /media/data/omar/programming course/DEPI/DEPI project/anomx/airflow/dags/anomx_pipeline.py for tasks to queue
[2026-06-22T08:45:31.303+0300] {logging_mixin.py:188} INFO - [2026-06-22T08:45:31.303+0300] {dagbag.py:540} INFO - Filling up the DagBag from /media/data/omar/programming course/DEPI/DEPI project/anomx/airflow/dags/anomx_pipeline.py
[2026-06-22T08:45:32.275+0300] {processor.py:840} INFO - DAG(s) 'anomx_pipeline' retrieved from /media/data/omar/programming course/DEPI/DEPI project/anomx/airflow/dags/anomx_pipeline.py
[2026-06-22T08:45:32.289+0300] {logging_mixin.py:188} INFO - [2026-06-22T08:45:32.289+0300] {dag.py:3096} INFO - Sync 1 DAGs
[2026-06-22T08:45:32.303+0300] {logging_mixin.py:188} INFO - [2026-06-22T08:45:32.303+0300] {dag.py:3954} INFO - Setting next_dagrun for anomx_pipeline to 2026-06-22 00:00:00+00:00, run_after=2026-06-23 00:00:00+00:00
[2026-06-22T08:45:32.333+0300] {processor.py:183} INFO - Processing /media/data/omar/programming course/DEPI/DEPI project/anomx/airflow/dags/anomx_pipeline.py took 1.038 seconds
[2026-06-22T08:46:24.002+0300] {processor.py:161} INFO - Started process (PID=45191) to work on /media/data/omar/programming course/DEPI/DEPI project/anomx/airflow/dags/anomx_pipeline.py
[2026-06-22T08:46:24.003+0300] {processor.py:830} INFO - Processing file /media/data/omar/programming course/DEPI/DEPI project/anomx/airflow/dags/anomx_pipeline.py for tasks to queue
[2026-06-22T08:46:24.005+0300] {logging_mixin.py:188} INFO - [2026-06-22T08:46:24.004+0300] {dagbag.py:540} INFO - Filling up the DagBag from /media/data/omar/programming course/DEPI/DEPI project/anomx/airflow/dags/anomx_pipeline.py
[2026-06-22T08:46:24.930+0300] {processor.py:840} INFO - DAG(s) 'anomx_pipeline' retrieved from /media/data/omar/programming course/DEPI/DEPI project/anomx/airflow/dags/anomx_pipeline.py
[2026-06-22T08:46:24.942+0300] {logging_mixin.py:188} INFO - [2026-06-22T08:46:24.941+0300] {dag.py:3096} INFO - Sync 1 DAGs
[2026-06-22T08:46:24.954+0300] {logging_mixin.py:188} INFO - [2026-06-22T08:46:24.954+0300] {dag.py:3954} INFO - Setting next_dagrun for anomx_pipeline to 2026-06-22 00:00:00+00:00, run_after=2026-06-23 00:00:00+00:00
[2026-06-22T08:46:24.981+0300] {processor.py:183} INFO - Processing /media/data/omar/programming course/DEPI/DEPI project/anomx/airflow/dags/anomx_pipeline.py took 0.987 seconds
[2026-06-22T08:47:15.839+0300] {processor.py:161} INFO - Started process (PID=45278) to work on /media/data/omar/programming course/DEPI/DEPI project/anomx/airflow/dags/anomx_pipeline.py
[2026-06-22T08:47:15.840+0300] {processor.py:830} INFO - Processing file /media/data/omar/programming course/DEPI/DEPI project/anomx/airflow/dags/anomx_pipeline.py for tasks to queue
[2026-06-22T08:47:15.841+0300] {logging_mixin.py:188} INFO - [2026-06-22T08:47:15.840+0300] {dagbag.py:540} INFO - Filling up the DagBag from /media/data/omar/programming course/DEPI/DEPI project/anomx/airflow/dags/anomx_pipeline.py
[2026-06-22T08:47:16.810+0300] {processor.py:840} INFO - DAG(s) 'anomx_pipeline' retrieved from /media/data/omar/programming course/DEPI/DEPI project/anomx/airflow/dags/anomx_pipeline.py
[2026-06-22T08:47:16.824+0300] {logging_mixin.py:188} INFO - [2026-06-22T08:47:16.823+0300] {dag.py:3096} INFO - Sync 1 DAGs
[2026-06-22T08:47:16.840+0300] {logging_mixin.py:188} INFO - [2026-06-22T08:47:16.840+0300] {dag.py:3954} INFO - Setting next_dagrun for anomx_pipeline to 2026-06-22 00:00:00+00:00, run_after=2026-06-23 00:00:00+00:00
[2026-06-22T08:47:16.915+0300] {processor.py:183} INFO - Processing /media/data/omar/programming course/DEPI/DEPI project/anomx/airflow/dags/anomx_pipeline.py took 1.082 seconds
[2026-06-22T08:48:04.196+0300] {processor.py:161} INFO - Started process (PID=45352) to work on /media/data/omar/programming course/DEPI/DEPI project/anomx/airflow/dags/anomx_pipeline.py
[2026-06-22T08:48:04.197+0300] {processor.py:830} INFO - Processing file /media/data/omar/programming course/DEPI/DEPI project/anomx/airflow/dags/anomx_pipeline.py for tasks to queue
[2026-06-22T08:48:04.199+0300] {logging_mixin.py:188} INFO - [2026-06-22T08:48:04.198+0300] {dagbag.py:540} INFO - Filling up the DagBag from /media/data/omar/programming course/DEPI/DEPI project/anomx/airflow/dags/anomx_pipeline.py
[2026-06-22T08:48:05.070+0300] {processor.py:840} INFO - DAG(s) 'anomx_pipeline' retrieved from /media/data/omar/programming course/DEPI/DEPI project/anomx/airflow/dags/anomx_pipeline.py
[2026-06-22T08:48:05.081+0300] {logging_mixin.py:188} INFO - [2026-06-22T08:48:05.081+0300] {dag.py:3096} INFO - Sync 1 DAGs
[2026-06-22T08:48:05.093+0300] {logging_mixin.py:188} INFO - [2026-06-22T08:48:05.093+0300] {dag.py:3954} INFO - Setting next_dagrun for anomx_pipeline to 2026-06-22 00:00:00+00:00, run_after=2026-06-23 00:00:00+00:00
[2026-06-22T08:48:05.120+0300] {processor.py:183} INFO - Processing /media/data/omar/programming course/DEPI/DEPI project/anomx/airflow/dags/anomx_pipeline.py took 0.935 seconds
[2026-06-22T08:48:53.061+0300] {processor.py:161} INFO - Started process (PID=45438) to work on /media/data/omar/programming course/DEPI/DEPI project/anomx/airflow/dags/anomx_pipeline.py
[2026-06-22T08:48:53.062+0300] {processor.py:830} INFO - Processing file /media/data/omar/programming course/DEPI/DEPI project/anomx/airflow/dags/anomx_pipeline.py for tasks to queue
[2026-06-22T08:48:53.063+0300] {logging_mixin.py:188} INFO - [2026-06-22T08:48:53.063+0300] {dagbag.py:540} INFO - Filling up the DagBag from /media/data/omar/programming course/DEPI/DEPI project/anomx/airflow/dags/anomx_pipeline.py
[2026-06-22T08:48:54.160+0300] {processor.py:840} INFO - DAG(s) 'anomx_pipeline' retrieved from /media/data/omar/programming course/DEPI/DEPI project/anomx/airflow/dags/anomx_pipeline.py
[2026-06-22T08:48:54.176+0300] {logging_mixin.py:188} INFO - [2026-06-22T08:48:54.175+0300] {dag.py:3096} INFO - Sync 1 DAGs
[2026-06-22T08:48:54.192+0300] {logging_mixin.py:188} INFO - [2026-06-22T08:48:54.192+0300] {dag.py:3954} INFO - Setting next_dagrun for anomx_pipeline to 2026-06-22 00:00:00+00:00, run_after=2026-06-23 00:00:00+00:00
[2026-06-22T08:48:54.220+0300] {processor.py:183} INFO - Processing /media/data/omar/programming course/DEPI/DEPI project/anomx/airflow/dags/anomx_pipeline.py took 1.165 seconds
[2026-06-22T08:49:49.178+0300] {processor.py:161} INFO - Started process (PID=45529) to work on /media/data/omar/programming course/DEPI/DEPI project/anomx/airflow/dags/anomx_pipeline.py
[2026-06-22T08:49:49.178+0300] {processor.py:830} INFO - Processing file /media/data/omar/programming course/DEPI/DEPI project/anomx/airflow/dags/anomx_pipeline.py for tasks to queue
[2026-06-22T08:49:49.179+0300] {logging_mixin.py:188} INFO - [2026-06-22T08:49:49.179+0300] {dagbag.py:540} INFO - Filling up the DagBag from /media/data/omar/programming course/DEPI/DEPI project/anomx/airflow/dags/anomx_pipeline.py
[2026-06-22T08:49:50.100+0300] {processor.py:840} INFO - DAG(s) 'anomx_pipeline' retrieved from /media/data/omar/programming course/DEPI/DEPI project/anomx/airflow/dags/anomx_pipeline.py
[2026-06-22T08:49:50.111+0300] {logging_mixin.py:188} INFO - [2026-06-22T08:49:50.111+0300] {dag.py:3096} INFO - Sync 1 DAGs
[2026-06-22T08:49:50.125+0300] {logging_mixin.py:188} INFO - [2026-06-22T08:49:50.124+0300] {dag.py:3954} INFO - Setting next_dagrun for anomx_pipeline to 2026-06-22 00:00:00+00:00, run_after=2026-06-23 00:00:00+00:00
[2026-06-22T08:49:50.198+0300] {processor.py:183} INFO - Processing /media/data/omar/programming course/DEPI/DEPI project/anomx/airflow/dags/anomx_pipeline.py took 1.025 seconds
[2026-06-22T08:50:42.327+0300] {processor.py:161} INFO - Started process (PID=45610) to work on /media/data/omar/programming course/DEPI/DEPI project/anomx/airflow/dags/anomx_pipeline.py
[2026-06-22T08:50:42.328+0300] {processor.py:830} INFO - Processing file /media/data/omar/programming course/DEPI/DEPI project/anomx/airflow/dags/anomx_pipeline.py for tasks to queue
[2026-06-22T08:50:42.329+0300] {logging_mixin.py:188} INFO - [2026-06-22T08:50:42.328+0300] {dagbag.py:540} INFO - Filling up the DagBag from /media/data/omar/programming course/DEPI/DEPI project/anomx/airflow/dags/anomx_pipeline.py
[2026-06-22T08:50:43.261+0300] {processor.py:840} INFO - DAG(s) 'anomx_pipeline' retrieved from /media/data/omar/programming course/DEPI/DEPI project/anomx/airflow/dags/anomx_pipeline.py
[2026-06-22T08:50:43.274+0300] {logging_mixin.py:188} INFO - [2026-06-22T08:50:43.273+0300] {dag.py:3096} INFO - Sync 1 DAGs
[2026-06-22T08:50:43.286+0300] {logging_mixin.py:188} INFO - [2026-06-22T08:50:43.286+0300] {dag.py:3954} INFO - Setting next_dagrun for anomx_pipeline to 2026-06-22 00:00:00+00:00, run_after=2026-06-23 00:00:00+00:00
[2026-06-22T08:50:43.312+0300] {processor.py:183} INFO - Processing /media/data/omar/programming course/DEPI/DEPI project/anomx/airflow/dags/anomx_pipeline.py took 0.992 seconds
[2026-06-22T08:51:36.099+0300] {processor.py:161} INFO - Started process (PID=45813) to work on /media/data/omar/programming course/DEPI/DEPI project/anomx/airflow/dags/anomx_pipeline.py
[2026-06-22T08:51:36.101+0300] {processor.py:830} INFO - Processing file /media/data/omar/programming course/DEPI/DEPI project/anomx/airflow/dags/anomx_pipeline.py for tasks to queue
[2026-06-22T08:51:36.103+0300] {logging_mixin.py:188} INFO - [2026-06-22T08:51:36.102+0300] {dagbag.py:540} INFO - Filling up the DagBag from /media/data/omar/programming course/DEPI/DEPI project/anomx/airflow/dags/anomx_pipeline.py
[2026-06-22T08:51:37.101+0300] {processor.py:840} INFO - DAG(s) 'anomx_pipeline' retrieved from /media/data/omar/programming course/DEPI/DEPI project/anomx/airflow/dags/anomx_pipeline.py
[2026-06-22T08:51:37.117+0300] {logging_mixin.py:188} INFO - [2026-06-22T08:51:37.116+0300] {dag.py:3096} INFO - Sync 1 DAGs
[2026-06-22T08:51:37.130+0300] {logging_mixin.py:188} INFO - [2026-06-22T08:51:37.130+0300] {dag.py:3954} INFO - Setting next_dagrun for anomx_pipeline to 2026-06-22 00:00:00+00:00, run_after=2026-06-23 00:00:00+00:00
[2026-06-22T08:51:37.160+0300] {processor.py:183} INFO - Processing /media/data/omar/programming course/DEPI/DEPI project/anomx/airflow/dags/anomx_pipeline.py took 1.075 seconds
[2026-06-22T08:52:29.513+0300] {processor.py:161} INFO - Started process (PID=45946) to work on /media/data/omar/programming course/DEPI/DEPI project/anomx/airflow/dags/anomx_pipeline.py
[2026-06-22T08:52:29.515+0300] {processor.py:830} INFO - Processing file /media/data/omar/programming course/DEPI/DEPI project/anomx/airflow/dags/anomx_pipeline.py for tasks to queue
[2026-06-22T08:52:29.517+0300] {logging_mixin.py:188} INFO - [2026-06-22T08:52:29.516+0300] {dagbag.py:540} INFO - Filling up the DagBag from /media/data/omar/programming course/DEPI/DEPI project/anomx/airflow/dags/anomx_pipeline.py
[2026-06-22T08:52:30.606+0300] {processor.py:840} INFO - DAG(s) 'anomx_pipeline' retrieved from /media/data/omar/programming course/DEPI/DEPI project/anomx/airflow/dags/anomx_pipeline.py
[2026-06-22T08:52:30.620+0300] {logging_mixin.py:188} INFO - [2026-06-22T08:52:30.620+0300] {dag.py:3096} INFO - Sync 1 DAGs
[2026-06-22T08:52:30.633+0300] {logging_mixin.py:188} INFO - [2026-06-22T08:52:30.633+0300] {dag.py:3954} INFO - Setting next_dagrun for anomx_pipeline to 2026-06-22 00:00:00+00:00, run_after=2026-06-23 00:00:00+00:00
[2026-06-22T08:52:30.659+0300] {processor.py:183} INFO - Processing /media/data/omar/programming course/DEPI/DEPI project/anomx/airflow/dags/anomx_pipeline.py took 1.155 seconds
[2026-06-22T08:53:22.476+0300] {processor.py:161} INFO - Started process (PID=46027) to work on /media/data/omar/programming course/DEPI/DEPI project/anomx/airflow/dags/anomx_pipeline.py
[2026-06-22T08:53:22.477+0300] {processor.py:830} INFO - Processing file /media/data/omar/programming course/DEPI/DEPI project/anomx/airflow/dags/anomx_pipeline.py for tasks to queue
[2026-06-22T08:53:22.478+0300] {logging_mixin.py:188} INFO - [2026-06-22T08:53:22.477+0300] {dagbag.py:540} INFO - Filling up the DagBag from /media/data/omar/programming course/DEPI/DEPI project/anomx/airflow/dags/anomx_pipeline.py
[2026-06-22T08:53:23.406+0300] {processor.py:840} INFO - DAG(s) 'anomx_pipeline' retrieved from /media/data/omar/programming course/DEPI/DEPI project/anomx/airflow/dags/anomx_pipeline.py
[2026-06-22T08:53:23.419+0300] {logging_mixin.py:188} INFO - [2026-06-22T08:53:23.419+0300] {dag.py:3096} INFO - Sync 1 DAGs
[2026-06-22T08:53:23.434+0300] {logging_mixin.py:188} INFO - [2026-06-22T08:53:23.434+0300] {dag.py:3954} INFO - Setting next_dagrun for anomx_pipeline to 2026-06-22 00:00:00+00:00, run_after=2026-06-23 00:00:00+00:00
[2026-06-22T08:53:23.461+0300] {processor.py:183} INFO - Processing /media/data/omar/programming course/DEPI/DEPI project/anomx/airflow/dags/anomx_pipeline.py took 0.992 seconds
[2026-06-22T08:54:17.878+0300] {processor.py:161} INFO - Started process (PID=46108) to work on /media/data/omar/programming course/DEPI/DEPI project/anomx/airflow/dags/anomx_pipeline.py
[2026-06-22T08:54:17.879+0300] {processor.py:830} INFO - Processing file /media/data/omar/programming course/DEPI/DEPI project/anomx/airflow/dags/anomx_pipeline.py for tasks to queue
[2026-06-22T08:54:17.881+0300] {logging_mixin.py:188} INFO - [2026-06-22T08:54:17.880+0300] {dagbag.py:540} INFO - Filling up the DagBag from /media/data/omar/programming course/DEPI/DEPI project/anomx/airflow/dags/anomx_pipeline.py
[2026-06-22T08:54:18.931+0300] {processor.py:840} INFO - DAG(s) 'anomx_pipeline' retrieved from /media/data/omar/programming course/DEPI/DEPI project/anomx/airflow/dags/anomx_pipeline.py
[2026-06-22T08:54:18.944+0300] {logging_mixin.py:188} INFO - [2026-06-22T08:54:18.943+0300] {dag.py:3096} INFO - Sync 1 DAGs
[2026-06-22T08:54:18.958+0300] {logging_mixin.py:188} INFO - [2026-06-22T08:54:18.958+0300] {dag.py:3954} INFO - Setting next_dagrun for anomx_pipeline to 2026-06-22 00:00:00+00:00, run_after=2026-06-23 00:00:00+00:00
[2026-06-22T08:54:18.987+0300] {processor.py:183} INFO - Processing /media/data/omar/programming course/DEPI/DEPI project/anomx/airflow/dags/anomx_pipeline.py took 1.119 seconds
[2026-06-22T08:55:11.205+0300] {processor.py:161} INFO - Started process (PID=46189) to work on /media/data/omar/programming course/DEPI/DEPI project/anomx/airflow/dags/anomx_pipeline.py
[2026-06-22T08:55:11.206+0300] {processor.py:830} INFO - Processing file /media/data/omar/programming course/DEPI/DEPI project/anomx/airflow/dags/anomx_pipeline.py for tasks to queue
[2026-06-22T08:55:11.207+0300] {logging_mixin.py:188} INFO - [2026-06-22T08:55:11.206+0300] {dagbag.py:540} INFO - Filling up the DagBag from /media/data/omar/programming course/DEPI/DEPI project/anomx/airflow/dags/anomx_pipeline.py
[2026-06-22T08:55:12.137+0300] {processor.py:840} INFO - DAG(s) 'anomx_pipeline' retrieved from /media/data/omar/programming course/DEPI/DEPI project/anomx/airflow/dags/anomx_pipeline.py
[2026-06-22T08:55:12.150+0300] {logging_mixin.py:188} INFO - [2026-06-22T08:55:12.149+0300] {dag.py:3096} INFO - Sync 1 DAGs
[2026-06-22T08:55:12.165+0300] {logging_mixin.py:188} INFO - [2026-06-22T08:55:12.165+0300] {dag.py:3954} INFO - Setting next_dagrun for anomx_pipeline to 2026-06-22 00:00:00+00:00, run_after=2026-06-23 00:00:00+00:00
[2026-06-22T08:55:12.197+0300] {processor.py:183} INFO - Processing /media/data/omar/programming course/DEPI/DEPI project/anomx/airflow/dags/anomx_pipeline.py took 0.998 seconds
[2026-06-22T08:56:04.330+0300] {processor.py:161} INFO - Started process (PID=46266) to work on /media/data/omar/programming course/DEPI/DEPI project/anomx/airflow/dags/anomx_pipeline.py
[2026-06-22T08:56:04.331+0300] {processor.py:830} INFO - Processing file /media/data/omar/programming course/DEPI/DEPI project/anomx/airflow/dags/anomx_pipeline.py for tasks to queue
[2026-06-22T08:56:04.333+0300] {logging_mixin.py:188} INFO - [2026-06-22T08:56:04.332+0300] {dagbag.py:540} INFO - Filling up the DagBag from /media/data/omar/programming course/DEPI/DEPI project/anomx/airflow/dags/anomx_pipeline.py
[2026-06-22T08:56:05.304+0300] {processor.py:840} INFO - DAG(s) 'anomx_pipeline' retrieved from /media/data/omar/programming course/DEPI/DEPI project/anomx/airflow/dags/anomx_pipeline.py
[2026-06-22T08:56:05.319+0300] {logging_mixin.py:188} INFO - [2026-06-22T08:56:05.318+0300] {dag.py:3096} INFO - Sync 1 DAGs
[2026-06-22T08:56:05.334+0300] {logging_mixin.py:188} INFO - [2026-06-22T08:56:05.334+0300] {dag.py:3954} INFO - Setting next_dagrun for anomx_pipeline to 2026-06-22 00:00:00+00:00, run_after=2026-06-23 00:00:00+00:00
[2026-06-22T08:56:05.364+0300] {processor.py:183} INFO - Processing /media/data/omar/programming course/DEPI/DEPI project/anomx/airflow/dags/anomx_pipeline.py took 1.044 seconds
[2026-06-22T08:56:57.077+0300] {processor.py:161} INFO - Started process (PID=46345) to work on /media/data/omar/programming course/DEPI/DEPI project/anomx/airflow/dags/anomx_pipeline.py
[2026-06-22T08:56:57.078+0300] {processor.py:830} INFO - Processing file /media/data/omar/programming course/DEPI/DEPI project/anomx/airflow/dags/anomx_pipeline.py for tasks to queue
[2026-06-22T08:56:57.080+0300] {logging_mixin.py:188} INFO - [2026-06-22T08:56:57.079+0300] {dagbag.py:540} INFO - Filling up the DagBag from /media/data/omar/programming course/DEPI/DEPI project/anomx/airflow/dags/anomx_pipeline.py
[2026-06-22T08:56:58.038+0300] {processor.py:840} INFO - DAG(s) 'anomx_pipeline' retrieved from /media/data/omar/programming course/DEPI/DEPI project/anomx/airflow/dags/anomx_pipeline.py
[2026-06-22T08:56:58.052+0300] {logging_mixin.py:188} INFO - [2026-06-22T08:56:58.051+0300] {dag.py:3096} INFO - Sync 1 DAGs
[2026-06-22T08:56:58.066+0300] {logging_mixin.py:188} INFO - [2026-06-22T08:56:58.066+0300] {dag.py:3954} INFO - Setting next_dagrun for anomx_pipeline to 2026-06-22 00:00:00+00:00, run_after=2026-06-23 00:00:00+00:00
[2026-06-22T08:56:58.095+0300] {processor.py:183} INFO - Processing /media/data/omar/programming course/DEPI/DEPI project/anomx/airflow/dags/anomx_pipeline.py took 1.026 seconds
[2026-06-22T08:57:52.949+0300] {processor.py:161} INFO - Started process (PID=46440) to work on /media/data/omar/programming course/DEPI/DEPI project/anomx/airflow/dags/anomx_pipeline.py
[2026-06-22T08:57:52.950+0300] {processor.py:830} INFO - Processing file /media/data/omar/programming course/DEPI/DEPI project/anomx/airflow/dags/anomx_pipeline.py for tasks to queue
[2026-06-22T08:57:52.951+0300] {logging_mixin.py:188} INFO - [2026-06-22T08:57:52.951+0300] {dagbag.py:540} INFO - Filling up the DagBag from /media/data/omar/programming course/DEPI/DEPI project/anomx/airflow/dags/anomx_pipeline.py
[2026-06-22T08:57:53.851+0300] {processor.py:840} INFO - DAG(s) 'anomx_pipeline' retrieved from /media/data/omar/programming course/DEPI/DEPI project/anomx/airflow/dags/anomx_pipeline.py
[2026-06-22T08:57:53.863+0300] {logging_mixin.py:188} INFO - [2026-06-22T08:57:53.863+0300] {dag.py:3096} INFO - Sync 1 DAGs
[2026-06-22T08:57:53.875+0300] {logging_mixin.py:188} INFO - [2026-06-22T08:57:53.875+0300] {dag.py:3954} INFO - Setting next_dagrun for anomx_pipeline to 2026-06-22 00:00:00+00:00, run_after=2026-06-23 00:00:00+00:00
[2026-06-22T08:57:53.902+0300] {processor.py:183} INFO - Processing /media/data/omar/programming course/DEPI/DEPI project/anomx/airflow/dags/anomx_pipeline.py took 0.960 seconds
[2026-06-22T08:58:43.132+0300] {processor.py:161} INFO - Started process (PID=46516) to work on /media/data/omar/programming course/DEPI/DEPI project/anomx/airflow/dags/anomx_pipeline.py
[2026-06-22T08:58:43.133+0300] {processor.py:830} INFO - Processing file /media/data/omar/programming course/DEPI/DEPI project/anomx/airflow/dags/anomx_pipeline.py for tasks to queue
[2026-06-22T08:58:43.134+0300] {logging_mixin.py:188} INFO - [2026-06-22T08:58:43.133+0300] {dagbag.py:540} INFO - Filling up the DagBag from /media/data/omar/programming course/DEPI/DEPI project/anomx/airflow/dags/anomx_pipeline.py
[2026-06-22T08:58:44.038+0300] {processor.py:840} INFO - DAG(s) 'anomx_pipeline' retrieved from /media/data/omar/programming course/DEPI/DEPI project/anomx/airflow/dags/anomx_pipeline.py
[2026-06-22T08:58:44.050+0300] {logging_mixin.py:188} INFO - [2026-06-22T08:58:44.050+0300] {dag.py:3096} INFO - Sync 1 DAGs
[2026-06-22T08:58:44.064+0300] {logging_mixin.py:188} INFO - [2026-06-22T08:58:44.064+0300] {dag.py:3954} INFO - Setting next_dagrun for anomx_pipeline to 2026-06-22 00:00:00+00:00, run_after=2026-06-23 00:00:00+00:00
[2026-06-22T08:58:44.092+0300] {processor.py:183} INFO - Processing /media/data/omar/programming course/DEPI/DEPI project/anomx/airflow/dags/anomx_pipeline.py took 0.965 seconds
[2026-06-22T08:59:32.667+0300] {processor.py:161} INFO - Started process (PID=46590) to work on /media/data/omar/programming course/DEPI/DEPI project/anomx/airflow/dags/anomx_pipeline.py
[2026-06-22T08:59:32.667+0300] {processor.py:830} INFO - Processing file /media/data/omar/programming course/DEPI/DEPI project/anomx/airflow/dags/anomx_pipeline.py for tasks to queue
[2026-06-22T08:59:32.668+0300] {logging_mixin.py:188} INFO - [2026-06-22T08:59:32.668+0300] {dagbag.py:540} INFO - Filling up the DagBag from /media/data/omar/programming course/DEPI/DEPI project/anomx/airflow/dags/anomx_pipeline.py
[2026-06-22T08:59:33.553+0300] {processor.py:840} INFO - DAG(s) 'anomx_pipeline' retrieved from /media/data/omar/programming course/DEPI/DEPI project/anomx/airflow/dags/anomx_pipeline.py
[2026-06-22T08:59:33.564+0300] {logging_mixin.py:188} INFO - [2026-06-22T08:59:33.564+0300] {dag.py:3096} INFO - Sync 1 DAGs
[2026-06-22T08:59:33.577+0300] {logging_mixin.py:188} INFO - [2026-06-22T08:59:33.576+0300] {dag.py:3954} INFO - Setting next_dagrun for anomx_pipeline to 2026-06-22 00:00:00+00:00, run_after=2026-06-23 00:00:00+00:00
[2026-06-22T08:59:33.602+0300] {processor.py:183} INFO - Processing /media/data/omar/programming course/DEPI/DEPI project/anomx/airflow/dags/anomx_pipeline.py took 0.940 seconds
[2026-06-22T09:00:28.960+0300] {processor.py:161} INFO - Started process (PID=46684) to work on /media/data/omar/programming course/DEPI/DEPI project/anomx/airflow/dags/anomx_pipeline.py
[2026-06-22T09:00:28.961+0300] {processor.py:830} INFO - Processing file /media/data/omar/programming course/DEPI/DEPI project/anomx/airflow/dags/anomx_pipeline.py for tasks to queue
[2026-06-22T09:00:28.963+0300] {logging_mixin.py:188} INFO - [2026-06-22T09:00:28.962+0300] {dagbag.py:540} INFO - Filling up the DagBag from /media/data/omar/programming course/DEPI/DEPI project/anomx/airflow/dags/anomx_pipeline.py
[2026-06-22T09:00:29.853+0300] {processor.py:840} INFO - DAG(s) 'anomx_pipeline' retrieved from /media/data/omar/programming course/DEPI/DEPI project/anomx/airflow/dags/anomx_pipeline.py
[2026-06-22T09:00:29.866+0300] {logging_mixin.py:188} INFO - [2026-06-22T09:00:29.865+0300] {dag.py:3096} INFO - Sync 1 DAGs
[2026-06-22T09:00:29.879+0300] {logging_mixin.py:188} INFO - [2026-06-22T09:00:29.878+0300] {dag.py:3954} INFO - Setting next_dagrun for anomx_pipeline to 2026-06-22 00:00:00+00:00, run_after=2026-06-23 00:00:00+00:00
[2026-06-22T09:00:29.905+0300] {processor.py:183} INFO - Processing /media/data/omar/programming course/DEPI/DEPI project/anomx/airflow/dags/anomx_pipeline.py took 0.954 seconds
[2026-06-22T09:01:23.119+0300] {processor.py:161} INFO - Started process (PID=46760) to work on /media/data/omar/programming course/DEPI/DEPI project/anomx/airflow/dags/anomx_pipeline.py
[2026-06-22T09:01:23.120+0300] {processor.py:830} INFO - Processing file /media/data/omar/programming course/DEPI/DEPI project/anomx/airflow/dags/anomx_pipeline.py for tasks to queue
[2026-06-22T09:01:23.121+0300] {logging_mixin.py:188} INFO - [2026-06-22T09:01:23.121+0300] {dagbag.py:540} INFO - Filling up the DagBag from /media/data/omar/programming course/DEPI/DEPI project/anomx/airflow/dags/anomx_pipeline.py
[2026-06-22T09:01:24.071+0300] {processor.py:840} INFO - DAG(s) 'anomx_pipeline' retrieved from /media/data/omar/programming course/DEPI/DEPI project/anomx/airflow/dags/anomx_pipeline.py
[2026-06-22T09:01:24.082+0300] {logging_mixin.py:188} INFO - [2026-06-22T09:01:24.082+0300] {dag.py:3096} INFO - Sync 1 DAGs
[2026-06-22T09:01:24.096+0300] {logging_mixin.py:188} INFO - [2026-06-22T09:01:24.095+0300] {dag.py:3954} INFO - Setting next_dagrun for anomx_pipeline to 2026-06-22 00:00:00+00:00, run_after=2026-06-23 00:00:00+00:00
[2026-06-22T09:01:24.123+0300] {processor.py:183} INFO - Processing /media/data/omar/programming course/DEPI/DEPI project/anomx/airflow/dags/anomx_pipeline.py took 1.011 seconds
[2026-06-22T09:02:12.114+0300] {processor.py:161} INFO - Started process (PID=46838) to work on /media/data/omar/programming course/DEPI/DEPI project/anomx/airflow/dags/anomx_pipeline.py
[2026-06-22T09:02:12.116+0300] {processor.py:830} INFO - Processing file /media/data/omar/programming course/DEPI/DEPI project/anomx/airflow/dags/anomx_pipeline.py for tasks to queue
[2026-06-22T09:02:12.118+0300] {logging_mixin.py:188} INFO - [2026-06-22T09:02:12.117+0300] {dagbag.py:540} INFO - Filling up the DagBag from /media/data/omar/programming course/DEPI/DEPI project/anomx/airflow/dags/anomx_pipeline.py
[2026-06-22T09:02:13.038+0300] {processor.py:840} INFO - DAG(s) 'anomx_pipeline' retrieved from /media/data/omar/programming course/DEPI/DEPI project/anomx/airflow/dags/anomx_pipeline.py
[2026-06-22T09:02:13.049+0300] {logging_mixin.py:188} INFO - [2026-06-22T09:02:13.049+0300] {dag.py:3096} INFO - Sync 1 DAGs
[2026-06-22T09:02:13.061+0300] {logging_mixin.py:188} INFO - [2026-06-22T09:02:13.061+0300] {dag.py:3954} INFO - Setting next_dagrun for anomx_pipeline to 2026-06-22 00:00:00+00:00, run_after=2026-06-23 00:00:00+00:00
[2026-06-22T09:02:13.092+0300] {processor.py:183} INFO - Processing /media/data/omar/programming course/DEPI/DEPI project/anomx/airflow/dags/anomx_pipeline.py took 0.992 seconds
[2026-06-22T09:03:01.834+0300] {processor.py:161} INFO - Started process (PID=46914) to work on /media/data/omar/programming course/DEPI/DEPI project/anomx/airflow/dags/anomx_pipeline.py
[2026-06-22T09:03:01.835+0300] {processor.py:830} INFO - Processing file /media/data/omar/programming course/DEPI/DEPI project/anomx/airflow/dags/anomx_pipeline.py for tasks to queue
[2026-06-22T09:03:01.836+0300] {logging_mixin.py:188} INFO - [2026-06-22T09:03:01.835+0300] {dagbag.py:540} INFO - Filling up the DagBag from /media/data/omar/programming course/DEPI/DEPI project/anomx/airflow/dags/anomx_pipeline.py
[2026-06-22T09:03:02.762+0300] {processor.py:840} INFO - DAG(s) 'anomx_pipeline' retrieved from /media/data/omar/programming course/DEPI/DEPI project/anomx/airflow/dags/anomx_pipeline.py
[2026-06-22T09:03:02.775+0300] {logging_mixin.py:188} INFO - [2026-06-22T09:03:02.775+0300] {dag.py:3096} INFO - Sync 1 DAGs
[2026-06-22T09:03:02.790+0300] {logging_mixin.py:188} INFO - [2026-06-22T09:03:02.790+0300] {dag.py:3954} INFO - Setting next_dagrun for anomx_pipeline to 2026-06-22 00:00:00+00:00, run_after=2026-06-23 00:00:00+00:00
[2026-06-22T09:03:02.818+0300] {processor.py:183} INFO - Processing /media/data/omar/programming course/DEPI/DEPI project/anomx/airflow/dags/anomx_pipeline.py took 0.993 seconds
[2026-06-22T09:03:59.986+0300] {processor.py:161} INFO - Started process (PID=46994) to work on /media/data/omar/programming course/DEPI/DEPI project/anomx/airflow/dags/anomx_pipeline.py
[2026-06-22T09:03:59.988+0300] {processor.py:830} INFO - Processing file /media/data/omar/programming course/DEPI/DEPI project/anomx/airflow/dags/anomx_pipeline.py for tasks to queue
[2026-06-22T09:03:59.989+0300] {logging_mixin.py:188} INFO - [2026-06-22T09:03:59.988+0300] {dagbag.py:540} INFO - Filling up the DagBag from /media/data/omar/programming course/DEPI/DEPI project/anomx/airflow/dags/anomx_pipeline.py
[2026-06-22T09:04:00.867+0300] {processor.py:840} INFO - DAG(s) 'anomx_pipeline' retrieved from /media/data/omar/programming course/DEPI/DEPI project/anomx/airflow/dags/anomx_pipeline.py
[2026-06-22T09:04:00.879+0300] {logging_mixin.py:188} INFO - [2026-06-22T09:04:00.879+0300] {dag.py:3096} INFO - Sync 1 DAGs
[2026-06-22T09:04:00.892+0300] {logging_mixin.py:188} INFO - [2026-06-22T09:04:00.892+0300] {dag.py:3954} INFO - Setting next_dagrun for anomx_pipeline to 2026-06-22 00:00:00+00:00, run_after=2026-06-23 00:00:00+00:00
[2026-06-22T09:04:00.920+0300] {processor.py:183} INFO - Processing /media/data/omar/programming course/DEPI/DEPI project/anomx/airflow/dags/anomx_pipeline.py took 0.942 seconds
[2026-06-22T09:04:53.991+0300] {processor.py:161} INFO - Started process (PID=47075) to work on /media/data/omar/programming course/DEPI/DEPI project/anomx/airflow/dags/anomx_pipeline.py
[2026-06-22T09:04:53.992+0300] {processor.py:830} INFO - Processing file /media/data/omar/programming course/DEPI/DEPI project/anomx/airflow/dags/anomx_pipeline.py for tasks to queue
[2026-06-22T09:04:53.994+0300] {logging_mixin.py:188} INFO - [2026-06-22T09:04:53.993+0300] {dagbag.py:540} INFO - Filling up the DagBag from /media/data/omar/programming course/DEPI/DEPI project/anomx/airflow/dags/anomx_pipeline.py
[2026-06-22T09:04:54.863+0300] {processor.py:840} INFO - DAG(s) 'anomx_pipeline' retrieved from /media/data/omar/programming course/DEPI/DEPI project/anomx/airflow/dags/anomx_pipeline.py
[2026-06-22T09:04:54.875+0300] {logging_mixin.py:188} INFO - [2026-06-22T09:04:54.874+0300] {dag.py:3096} INFO - Sync 1 DAGs
[2026-06-22T09:04:54.888+0300] {logging_mixin.py:188} INFO - [2026-06-22T09:04:54.887+0300] {dag.py:3954} INFO - Setting next_dagrun for anomx_pipeline to 2026-06-22 00:00:00+00:00, run_after=2026-06-23 00:00:00+00:00
[2026-06-22T09:04:54.913+0300] {processor.py:183} INFO - Processing /media/data/omar/programming course/DEPI/DEPI project/anomx/airflow/dags/anomx_pipeline.py took 0.937 seconds
[2026-06-22T09:05:43.591+0300] {processor.py:161} INFO - Started process (PID=47160) to work on /media/data/omar/programming course/DEPI/DEPI project/anomx/airflow/dags/anomx_pipeline.py
[2026-06-22T09:05:43.592+0300] {processor.py:830} INFO - Processing file /media/data/omar/programming course/DEPI/DEPI project/anomx/airflow/dags/anomx_pipeline.py for tasks to queue
[2026-06-22T09:05:43.595+0300] {logging_mixin.py:188} INFO - [2026-06-22T09:05:43.594+0300] {dagbag.py:540} INFO - Filling up the DagBag from /media/data/omar/programming course/DEPI/DEPI project/anomx/airflow/dags/anomx_pipeline.py
[2026-06-22T09:05:44.541+0300] {processor.py:840} INFO - DAG(s) 'anomx_pipeline' retrieved from /media/data/omar/programming course/DEPI/DEPI project/anomx/airflow/dags/anomx_pipeline.py
[2026-06-22T09:05:44.552+0300] {logging_mixin.py:188} INFO - [2026-06-22T09:05:44.552+0300] {dag.py:3096} INFO - Sync 1 DAGs
[2026-06-22T09:05:44.566+0300] {logging_mixin.py:188} INFO - [2026-06-22T09:05:44.565+0300] {dag.py:3954} INFO - Setting next_dagrun for anomx_pipeline to 2026-06-22 00:00:00+00:00, run_after=2026-06-23 00:00:00+00:00
[2026-06-22T09:05:44.591+0300] {processor.py:183} INFO - Processing /media/data/omar/programming course/DEPI/DEPI project/anomx/airflow/dags/anomx_pipeline.py took 1.011 seconds
[2026-06-22T09:06:35.871+0300] {processor.py:161} INFO - Started process (PID=47245) to work on /media/data/omar/programming course/DEPI/DEPI project/anomx/airflow/dags/anomx_pipeline.py
[2026-06-22T09:06:35.872+0300] {processor.py:830} INFO - Processing file /media/data/omar/programming course/DEPI/DEPI project/anomx/airflow/dags/anomx_pipeline.py for tasks to queue
[2026-06-22T09:06:35.874+0300] {logging_mixin.py:188} INFO - [2026-06-22T09:06:35.873+0300] {dagbag.py:540} INFO - Filling up the DagBag from /media/data/omar/programming course/DEPI/DEPI project/anomx/airflow/dags/anomx_pipeline.py
[2026-06-22T09:06:36.760+0300] {processor.py:840} INFO - DAG(s) 'anomx_pipeline' retrieved from /media/data/omar/programming course/DEPI/DEPI project/anomx/airflow/dags/anomx_pipeline.py
[2026-06-22T09:06:36.772+0300] {logging_mixin.py:188} INFO - [2026-06-22T09:06:36.771+0300] {dag.py:3096} INFO - Sync 1 DAGs
[2026-06-22T09:06:36.784+0300] {logging_mixin.py:188} INFO - [2026-06-22T09:06:36.784+0300] {dag.py:3954} INFO - Setting next_dagrun for anomx_pipeline to 2026-06-22 00:00:00+00:00, run_after=2026-06-23 00:00:00+00:00
[2026-06-22T09:06:36.813+0300] {processor.py:183} INFO - Processing /media/data/omar/programming course/DEPI/DEPI project/anomx/airflow/dags/anomx_pipeline.py took 0.948 seconds
[2026-06-22T09:07:28.427+0300] {processor.py:161} INFO - Started process (PID=47332) to work on /media/data/omar/programming course/DEPI/DEPI project/anomx/airflow/dags/anomx_pipeline.py
[2026-06-22T09:07:28.429+0300] {processor.py:830} INFO - Processing file /media/data/omar/programming course/DEPI/DEPI project/anomx/airflow/dags/anomx_pipeline.py for tasks to queue
[2026-06-22T09:07:28.431+0300] {logging_mixin.py:188} INFO - [2026-06-22T09:07:28.430+0300] {dagbag.py:540} INFO - Filling up the DagBag from /media/data/omar/programming course/DEPI/DEPI project/anomx/airflow/dags/anomx_pipeline.py
[2026-06-22T09:07:29.324+0300] {processor.py:840} INFO - DAG(s) 'anomx_pipeline' retrieved from /media/data/omar/programming course/DEPI/DEPI project/anomx/airflow/dags/anomx_pipeline.py
[2026-06-22T09:07:29.336+0300] {logging_mixin.py:188} INFO - [2026-06-22T09:07:29.335+0300] {dag.py:3096} INFO - Sync 1 DAGs
[2026-06-22T09:07:29.349+0300] {logging_mixin.py:188} INFO - [2026-06-22T09:07:29.348+0300] {dag.py:3954} INFO - Setting next_dagrun for anomx_pipeline to 2026-06-22 00:00:00+00:00, run_after=2026-06-23 00:00:00+00:00
[2026-06-22T09:07:29.376+0300] {processor.py:183} INFO - Processing /media/data/omar/programming course/DEPI/DEPI project/anomx/airflow/dags/anomx_pipeline.py took 0.963 seconds
[2026-06-22T09:08:24.360+0300] {processor.py:161} INFO - Started process (PID=47414) to work on /media/data/omar/programming course/DEPI/DEPI project/anomx/airflow/dags/anomx_pipeline.py
[2026-06-22T09:08:24.361+0300] {processor.py:830} INFO - Processing file /media/data/omar/programming course/DEPI/DEPI project/anomx/airflow/dags/anomx_pipeline.py for tasks to queue
[2026-06-22T09:08:24.362+0300] {logging_mixin.py:188} INFO - [2026-06-22T09:08:24.362+0300] {dagbag.py:540} INFO - Filling up the DagBag from /media/data/omar/programming course/DEPI/DEPI project/anomx/airflow/dags/anomx_pipeline.py
[2026-06-22T09:08:25.256+0300] {processor.py:840} INFO - DAG(s) 'anomx_pipeline' retrieved from /media/data/omar/programming course/DEPI/DEPI project/anomx/airflow/dags/anomx_pipeline.py
[2026-06-22T09:08:25.268+0300] {logging_mixin.py:188} INFO - [2026-06-22T09:08:25.268+0300] {dag.py:3096} INFO - Sync 1 DAGs
[2026-06-22T09:08:25.282+0300] {logging_mixin.py:188} INFO - [2026-06-22T09:08:25.282+0300] {dag.py:3954} INFO - Setting next_dagrun for anomx_pipeline to 2026-06-22 00:00:00+00:00, run_after=2026-06-23 00:00:00+00:00
[2026-06-22T09:08:25.346+0300] {processor.py:183} INFO - Processing /media/data/omar/programming course/DEPI/DEPI project/anomx/airflow/dags/anomx_pipeline.py took 0.993 seconds
[2026-06-22T09:09:17.617+0300] {processor.py:161} INFO - Started process (PID=47490) to work on /media/data/omar/programming course/DEPI/DEPI project/anomx/airflow/dags/anomx_pipeline.py
[2026-06-22T09:09:17.618+0300] {processor.py:830} INFO - Processing file /media/data/omar/programming course/DEPI/DEPI project/anomx/airflow/dags/anomx_pipeline.py for tasks to queue
[2026-06-22T09:09:17.619+0300] {logging_mixin.py:188} INFO - [2026-06-22T09:09:17.618+0300] {dagbag.py:540} INFO - Filling up the DagBag from /media/data/omar/programming course/DEPI/DEPI project/anomx/airflow/dags/anomx_pipeline.py
[2026-06-22T09:09:18.483+0300] {processor.py:840} INFO - DAG(s) 'anomx_pipeline' retrieved from /media/data/omar/programming course/DEPI/DEPI project/anomx/airflow/dags/anomx_pipeline.py
[2026-06-22T09:09:18.495+0300] {logging_mixin.py:188} INFO - [2026-06-22T09:09:18.494+0300] {dag.py:3096} INFO - Sync 1 DAGs
[2026-06-22T09:09:18.508+0300] {logging_mixin.py:188} INFO - [2026-06-22T09:09:18.508+0300] {dag.py:3954} INFO - Setting next_dagrun for anomx_pipeline to 2026-06-22 00:00:00+00:00, run_after=2026-06-23 00:00:00+00:00
[2026-06-22T09:09:18.554+0300] {processor.py:183} INFO - Processing /media/data/omar/programming course/DEPI/DEPI project/anomx/airflow/dags/anomx_pipeline.py took 0.943 seconds
[2026-06-22T09:10:07.430+0300] {processor.py:161} INFO - Started process (PID=47565) to work on /media/data/omar/programming course/DEPI/DEPI project/anomx/airflow/dags/anomx_pipeline.py
[2026-06-22T09:10:07.431+0300] {processor.py:830} INFO - Processing file /media/data/omar/programming course/DEPI/DEPI project/anomx/airflow/dags/anomx_pipeline.py for tasks to queue
[2026-06-22T09:10:07.432+0300] {logging_mixin.py:188} INFO - [2026-06-22T09:10:07.432+0300] {dagbag.py:540} INFO - Filling up the DagBag from /media/data/omar/programming course/DEPI/DEPI project/anomx/airflow/dags/anomx_pipeline.py
[2026-06-22T09:10:08.331+0300] {processor.py:840} INFO - DAG(s) 'anomx_pipeline' retrieved from /media/data/omar/programming course/DEPI/DEPI project/anomx/airflow/dags/anomx_pipeline.py
[2026-06-22T09:10:08.344+0300] {logging_mixin.py:188} INFO - [2026-06-22T09:10:08.344+0300] {dag.py:3096} INFO - Sync 1 DAGs
[2026-06-22T09:10:08.357+0300] {logging_mixin.py:188} INFO - [2026-06-22T09:10:08.357+0300] {dag.py:3954} INFO - Setting next_dagrun for anomx_pipeline to 2026-06-22 00:00:00+00:00, run_after=2026-06-23 00:00:00+00:00
[2026-06-22T09:10:08.384+0300] {processor.py:183} INFO - Processing /media/data/omar/programming course/DEPI/DEPI project/anomx/airflow/dags/anomx_pipeline.py took 0.960 seconds
[2026-06-22T09:11:00.965+0300] {processor.py:161} INFO - Started process (PID=47816) to work on /media/data/omar/programming course/DEPI/DEPI project/anomx/airflow/dags/anomx_pipeline.py
[2026-06-22T09:11:00.966+0300] {processor.py:830} INFO - Processing file /media/data/omar/programming course/DEPI/DEPI project/anomx/airflow/dags/anomx_pipeline.py for tasks to queue
[2026-06-22T09:11:00.967+0300] {logging_mixin.py:188} INFO - [2026-06-22T09:11:00.966+0300] {dagbag.py:540} INFO - Filling up the DagBag from /media/data/omar/programming course/DEPI/DEPI project/anomx/airflow/dags/anomx_pipeline.py
[2026-06-22T09:11:01.981+0300] {processor.py:840} INFO - DAG(s) 'anomx_pipeline' retrieved from /media/data/omar/programming course/DEPI/DEPI project/anomx/airflow/dags/anomx_pipeline.py
[2026-06-22T09:11:01.995+0300] {logging_mixin.py:188} INFO - [2026-06-22T09:11:01.995+0300] {dag.py:3096} INFO - Sync 1 DAGs
[2026-06-22T09:11:02.009+0300] {logging_mixin.py:188} INFO - [2026-06-22T09:11:02.009+0300] {dag.py:3954} INFO - Setting next_dagrun for anomx_pipeline to 2026-06-22 00:00:00+00:00, run_after=2026-06-23 00:00:00+00:00
[2026-06-22T09:11:02.042+0300] {processor.py:183} INFO - Processing /media/data/omar/programming course/DEPI/DEPI project/anomx/airflow/dags/anomx_pipeline.py took 1.085 seconds
[2026-06-22T09:11:55.499+0300] {processor.py:161} INFO - Started process (PID=47957) to work on /media/data/omar/programming course/DEPI/DEPI project/anomx/airflow/dags/anomx_pipeline.py
[2026-06-22T09:11:55.500+0300] {processor.py:830} INFO - Processing file /media/data/omar/programming course/DEPI/DEPI project/anomx/airflow/dags/anomx_pipeline.py for tasks to queue
[2026-06-22T09:11:55.501+0300] {logging_mixin.py:188} INFO - [2026-06-22T09:11:55.500+0300] {dagbag.py:540} INFO - Filling up the DagBag from /media/data/omar/programming course/DEPI/DEPI project/anomx/airflow/dags/anomx_pipeline.py
[2026-06-22T09:11:56.479+0300] {processor.py:840} INFO - DAG(s) 'anomx_pipeline' retrieved from /media/data/omar/programming course/DEPI/DEPI project/anomx/airflow/dags/anomx_pipeline.py
[2026-06-22T09:11:56.493+0300] {logging_mixin.py:188} INFO - [2026-06-22T09:11:56.493+0300] {dag.py:3096} INFO - Sync 1 DAGs
[2026-06-22T09:11:56.507+0300] {logging_mixin.py:188} INFO - [2026-06-22T09:11:56.506+0300] {dag.py:3954} INFO - Setting next_dagrun for anomx_pipeline to 2026-06-22 00:00:00+00:00, run_after=2026-06-23 00:00:00+00:00
[2026-06-22T09:11:56.534+0300] {processor.py:183} INFO - Processing /media/data/omar/programming course/DEPI/DEPI project/anomx/airflow/dags/anomx_pipeline.py took 1.042 seconds
[2026-06-22T09:12:49.975+0300] {processor.py:161} INFO - Started process (PID=48041) to work on /media/data/omar/programming course/DEPI/DEPI project/anomx/airflow/dags/anomx_pipeline.py
[2026-06-22T09:12:49.976+0300] {processor.py:830} INFO - Processing file /media/data/omar/programming course/DEPI/DEPI project/anomx/airflow/dags/anomx_pipeline.py for tasks to queue
[2026-06-22T09:12:49.977+0300] {logging_mixin.py:188} INFO - [2026-06-22T09:12:49.977+0300] {dagbag.py:540} INFO - Filling up the DagBag from /media/data/omar/programming course/DEPI/DEPI project/anomx/airflow/dags/anomx_pipeline.py
[2026-06-22T09:12:50.899+0300] {processor.py:840} INFO - DAG(s) 'anomx_pipeline' retrieved from /media/data/omar/programming course/DEPI/DEPI project/anomx/airflow/dags/anomx_pipeline.py
[2026-06-22T09:12:50.912+0300] {logging_mixin.py:188} INFO - [2026-06-22T09:12:50.911+0300] {dag.py:3096} INFO - Sync 1 DAGs
[2026-06-22T09:12:50.924+0300] {logging_mixin.py:188} INFO - [2026-06-22T09:12:50.924+0300] {dag.py:3954} INFO - Setting next_dagrun for anomx_pipeline to 2026-06-22 00:00:00+00:00, run_after=2026-06-23 00:00:00+00:00
[2026-06-22T09:12:50.949+0300] {processor.py:183} INFO - Processing /media/data/omar/programming course/DEPI/DEPI project/anomx/airflow/dags/anomx_pipeline.py took 0.982 seconds
[2026-06-22T09:13:40.201+0300] {processor.py:161} INFO - Started process (PID=48122) to work on /media/data/omar/programming course/DEPI/DEPI project/anomx/airflow/dags/anomx_pipeline.py
[2026-06-22T09:13:40.202+0300] {processor.py:830} INFO - Processing file /media/data/omar/programming course/DEPI/DEPI project/anomx/airflow/dags/anomx_pipeline.py for tasks to queue
[2026-06-22T09:13:40.204+0300] {logging_mixin.py:188} INFO - [2026-06-22T09:13:40.203+0300] {dagbag.py:540} INFO - Filling up the DagBag from /media/data/omar/programming course/DEPI/DEPI project/anomx/airflow/dags/anomx_pipeline.py
[2026-06-22T09:13:41.168+0300] {processor.py:840} INFO - DAG(s) 'anomx_pipeline' retrieved from /media/data/omar/programming course/DEPI/DEPI project/anomx/airflow/dags/anomx_pipeline.py
[2026-06-22T09:13:41.183+0300] {logging_mixin.py:188} INFO - [2026-06-22T09:13:41.183+0300] {dag.py:3096} INFO - Sync 1 DAGs
[2026-06-22T09:13:41.200+0300] {logging_mixin.py:188} INFO - [2026-06-22T09:13:41.200+0300] {dag.py:3954} INFO - Setting next_dagrun for anomx_pipeline to 2026-06-22 00:00:00+00:00, run_after=2026-06-23 00:00:00+00:00
[2026-06-22T09:13:41.228+0300] {processor.py:183} INFO - Processing /media/data/omar/programming course/DEPI/DEPI project/anomx/airflow/dags/anomx_pipeline.py took 1.038 seconds
[2026-06-22T09:14:36.652+0300] {processor.py:161} INFO - Started process (PID=48217) to work on /media/data/omar/programming course/DEPI/DEPI project/anomx/airflow/dags/anomx_pipeline.py
[2026-06-22T09:14:36.654+0300] {processor.py:830} INFO - Processing file /media/data/omar/programming course/DEPI/DEPI project/anomx/airflow/dags/anomx_pipeline.py for tasks to queue
[2026-06-22T09:14:36.657+0300] {logging_mixin.py:188} INFO - [2026-06-22T09:14:36.656+0300] {dagbag.py:540} INFO - Filling up the DagBag from /media/data/omar/programming course/DEPI/DEPI project/anomx/airflow/dags/anomx_pipeline.py
[2026-06-22T09:14:37.580+0300] {processor.py:840} INFO - DAG(s) 'anomx_pipeline' retrieved from /media/data/omar/programming course/DEPI/DEPI project/anomx/airflow/dags/anomx_pipeline.py
[2026-06-22T09:14:37.592+0300] {logging_mixin.py:188} INFO - [2026-06-22T09:14:37.591+0300] {dag.py:3096} INFO - Sync 1 DAGs
[2026-06-22T09:14:37.604+0300] {logging_mixin.py:188} INFO - [2026-06-22T09:14:37.604+0300] {dag.py:3954} INFO - Setting next_dagrun for anomx_pipeline to 2026-06-22 00:00:00+00:00, run_after=2026-06-23 00:00:00+00:00
[2026-06-22T09:14:37.630+0300] {processor.py:183} INFO - Processing /media/data/omar/programming course/DEPI/DEPI project/anomx/airflow/dags/anomx_pipeline.py took 0.996 seconds
[2026-06-22T09:15:27.043+0300] {processor.py:161} INFO - Started process (PID=48299) to work on /media/data/omar/programming course/DEPI/DEPI project/anomx/airflow/dags/anomx_pipeline.py
[2026-06-22T09:15:27.044+0300] {processor.py:830} INFO - Processing file /media/data/omar/programming course/DEPI/DEPI project/anomx/airflow/dags/anomx_pipeline.py for tasks to queue
[2026-06-22T09:15:27.045+0300] {logging_mixin.py:188} INFO - [2026-06-22T09:15:27.045+0300] {dagbag.py:540} INFO - Filling up the DagBag from /media/data/omar/programming course/DEPI/DEPI project/anomx/airflow/dags/anomx_pipeline.py
[2026-06-22T09:15:28.032+0300] {processor.py:840} INFO - DAG(s) 'anomx_pipeline' retrieved from /media/data/omar/programming course/DEPI/DEPI project/anomx/airflow/dags/anomx_pipeline.py
[2026-06-22T09:15:28.044+0300] {logging_mixin.py:188} INFO - [2026-06-22T09:15:28.044+0300] {dag.py:3096} INFO - Sync 1 DAGs
[2026-06-22T09:15:28.057+0300] {logging_mixin.py:188} INFO - [2026-06-22T09:15:28.057+0300] {dag.py:3954} INFO - Setting next_dagrun for anomx_pipeline to 2026-06-22 00:00:00+00:00, run_after=2026-06-23 00:00:00+00:00
[2026-06-22T09:15:28.082+0300] {processor.py:183} INFO - Processing /media/data/omar/programming course/DEPI/DEPI project/anomx/airflow/dags/anomx_pipeline.py took 1.046 seconds
[2026-06-22T09:16:27.511+0300] {processor.py:161} INFO - Started process (PID=48415) to work on /media/data/omar/programming course/DEPI/DEPI project/anomx/airflow/dags/anomx_pipeline.py
[2026-06-22T09:16:27.517+0300] {processor.py:830} INFO - Processing file /media/data/omar/programming course/DEPI/DEPI project/anomx/airflow/dags/anomx_pipeline.py for tasks to queue
[2026-06-22T09:16:27.523+0300] {logging_mixin.py:188} INFO - [2026-06-22T09:16:27.522+0300] {dagbag.py:540} INFO - Filling up the DagBag from /media/data/omar/programming course/DEPI/DEPI project/anomx/airflow/dags/anomx_pipeline.py
[2026-06-22T09:16:28.784+0300] {processor.py:840} INFO - DAG(s) 'anomx_pipeline' retrieved from /media/data/omar/programming course/DEPI/DEPI project/anomx/airflow/dags/anomx_pipeline.py
[2026-06-22T09:16:28.822+0300] {logging_mixin.py:188} INFO - [2026-06-22T09:16:28.822+0300] {dag.py:3096} INFO - Sync 1 DAGs
[2026-06-22T09:16:28.850+0300] {logging_mixin.py:188} INFO - [2026-06-22T09:16:28.850+0300] {dag.py:3954} INFO - Setting next_dagrun for anomx_pipeline to 2026-06-22 00:00:00+00:00, run_after=2026-06-23 00:00:00+00:00
[2026-06-22T09:16:28.884+0300] {processor.py:183} INFO - Processing /media/data/omar/programming course/DEPI/DEPI project/anomx/airflow/dags/anomx_pipeline.py took 1.404 seconds
[2026-06-22T09:17:26.752+0300] {processor.py:161} INFO - Started process (PID=48508) to work on /media/data/omar/programming course/DEPI/DEPI project/anomx/airflow/dags/anomx_pipeline.py
[2026-06-22T09:17:26.753+0300] {processor.py:830} INFO - Processing file /media/data/omar/programming course/DEPI/DEPI project/anomx/airflow/dags/anomx_pipeline.py for tasks to queue
[2026-06-22T09:17:26.754+0300] {logging_mixin.py:188} INFO - [2026-06-22T09:17:26.754+0300] {dagbag.py:540} INFO - Filling up the DagBag from /media/data/omar/programming course/DEPI/DEPI project/anomx/airflow/dags/anomx_pipeline.py
[2026-06-22T09:17:27.918+0300] {processor.py:840} INFO - DAG(s) 'anomx_pipeline' retrieved from /media/data/omar/programming course/DEPI/DEPI project/anomx/airflow/dags/anomx_pipeline.py
[2026-06-22T09:17:27.934+0300] {logging_mixin.py:188} INFO - [2026-06-22T09:17:27.933+0300] {dag.py:3096} INFO - Sync 1 DAGs
[2026-06-22T09:17:27.948+0300] {logging_mixin.py:188} INFO - [2026-06-22T09:17:27.947+0300] {dag.py:3954} INFO - Setting next_dagrun for anomx_pipeline to 2026-06-22 00:00:00+00:00, run_after=2026-06-23 00:00:00+00:00
[2026-06-22T09:17:27.978+0300] {processor.py:183} INFO - Processing /media/data/omar/programming course/DEPI/DEPI project/anomx/airflow/dags/anomx_pipeline.py took 1.237 seconds
[2026-06-22T09:18:26.972+0300] {processor.py:161} INFO - Started process (PID=48637) to work on /media/data/omar/programming course/DEPI/DEPI project/anomx/airflow/dags/anomx_pipeline.py
[2026-06-22T09:18:26.973+0300] {processor.py:830} INFO - Processing file /media/data/omar/programming course/DEPI/DEPI project/anomx/airflow/dags/anomx_pipeline.py for tasks to queue
[2026-06-22T09:18:26.975+0300] {logging_mixin.py:188} INFO - [2026-06-22T09:18:26.974+0300] {dagbag.py:540} INFO - Filling up the DagBag from /media/data/omar/programming course/DEPI/DEPI project/anomx/airflow/dags/anomx_pipeline.py
[2026-06-22T09:18:28.019+0300] {processor.py:840} INFO - DAG(s) 'anomx_pipeline' retrieved from /media/data/omar/programming course/DEPI/DEPI project/anomx/airflow/dags/anomx_pipeline.py
[2026-06-22T09:18:28.040+0300] {logging_mixin.py:188} INFO - [2026-06-22T09:18:28.038+0300] {dag.py:3096} INFO - Sync 1 DAGs
[2026-06-22T09:18:28.063+0300] {logging_mixin.py:188} INFO - [2026-06-22T09:18:28.062+0300] {dag.py:3954} INFO - Setting next_dagrun for anomx_pipeline to 2026-06-22 00:00:00+00:00, run_after=2026-06-23 00:00:00+00:00
[2026-06-22T09:18:28.120+0300] {processor.py:183} INFO - Processing /media/data/omar/programming course/DEPI/DEPI project/anomx/airflow/dags/anomx_pipeline.py took 1.158 seconds
[2026-06-22T09:18:59.874+0300] {processor.py:161} INFO - Started process (PID=48727) to work on /media/data/omar/programming course/DEPI/DEPI project/anomx/airflow/dags/anomx_pipeline.py
[2026-06-22T09:18:59.879+0300] {processor.py:830} INFO - Processing file /media/data/omar/programming course/DEPI/DEPI project/anomx/airflow/dags/anomx_pipeline.py for tasks to queue
[2026-06-22T09:18:59.883+0300] {logging_mixin.py:188} INFO - [2026-06-22T09:18:59.882+0300] {dagbag.py:540} INFO - Filling up the DagBag from /media/data/omar/programming course/DEPI/DEPI project/anomx/airflow/dags/anomx_pipeline.py
[2026-06-22T09:19:00.966+0300] {processor.py:840} INFO - DAG(s) 'anomx_pipeline' retrieved from /media/data/omar/programming course/DEPI/DEPI project/anomx/airflow/dags/anomx_pipeline.py
[2026-06-22T09:19:00.983+0300] {logging_mixin.py:188} INFO - [2026-06-22T09:19:00.982+0300] {dag.py:3096} INFO - Sync 1 DAGs
[2026-06-22T09:19:00.996+0300] {logging_mixin.py:188} INFO - [2026-06-22T09:19:00.996+0300] {dag.py:3954} INFO - Setting next_dagrun for anomx_pipeline to 2026-06-22 00:00:00+00:00, run_after=2026-06-23 00:00:00+00:00
[2026-06-22T09:19:01.027+0300] {processor.py:183} INFO - Processing /media/data/omar/programming course/DEPI/DEPI project/anomx/airflow/dags/anomx_pipeline.py took 1.172 seconds
[2026-06-22T09:19:35.914+0300] {processor.py:161} INFO - Started process (PID=48808) to work on /media/data/omar/programming course/DEPI/DEPI project/anomx/airflow/dags/anomx_pipeline.py
[2026-06-22T09:19:35.916+0300] {processor.py:830} INFO - Processing file /media/data/omar/programming course/DEPI/DEPI project/anomx/airflow/dags/anomx_pipeline.py for tasks to queue
[2026-06-22T09:19:35.917+0300] {logging_mixin.py:188} INFO - [2026-06-22T09:19:35.916+0300] {dagbag.py:540} INFO - Filling up the DagBag from /media/data/omar/programming course/DEPI/DEPI project/anomx/airflow/dags/anomx_pipeline.py
[2026-06-22T09:19:37.676+0300] {processor.py:840} INFO - DAG(s) 'anomx_pipeline' retrieved from /media/data/omar/programming course/DEPI/DEPI project/anomx/airflow/dags/anomx_pipeline.py
[2026-06-22T09:19:37.691+0300] {logging_mixin.py:188} INFO - [2026-06-22T09:19:37.690+0300] {dag.py:3096} INFO - Sync 1 DAGs
[2026-06-22T09:19:37.712+0300] {logging_mixin.py:188} INFO - [2026-06-22T09:19:37.712+0300] {dag.py:3954} INFO - Setting next_dagrun for anomx_pipeline to 2026-06-22 00:00:00+00:00, run_after=2026-06-23 00:00:00+00:00
[2026-06-22T09:19:37.749+0300] {processor.py:183} INFO - Processing /media/data/omar/programming course/DEPI/DEPI project/anomx/airflow/dags/anomx_pipeline.py took 1.844 seconds
[2026-06-22T09:20:10.095+0300] {processor.py:161} INFO - Started process (PID=48984) to work on /media/data/omar/programming course/DEPI/DEPI project/anomx/airflow/dags/anomx_pipeline.py
[2026-06-22T09:20:10.096+0300] {processor.py:830} INFO - Processing file /media/data/omar/programming course/DEPI/DEPI project/anomx/airflow/dags/anomx_pipeline.py for tasks to queue
[2026-06-22T09:20:10.097+0300] {logging_mixin.py:188} INFO - [2026-06-22T09:20:10.096+0300] {dagbag.py:540} INFO - Filling up the DagBag from /media/data/omar/programming course/DEPI/DEPI project/anomx/airflow/dags/anomx_pipeline.py
[2026-06-22T09:20:11.765+0300] {processor.py:840} INFO - DAG(s) 'anomx_pipeline' retrieved from /media/data/omar/programming course/DEPI/DEPI project/anomx/airflow/dags/anomx_pipeline.py
[2026-06-22T09:20:11.831+0300] {logging_mixin.py:188} INFO - [2026-06-22T09:20:11.830+0300] {dag.py:3096} INFO - Sync 1 DAGs
[2026-06-22T09:20:11.883+0300] {logging_mixin.py:188} INFO - [2026-06-22T09:20:11.882+0300] {dag.py:3954} INFO - Setting next_dagrun for anomx_pipeline to 2026-06-22 00:00:00+00:00, run_after=2026-06-23 00:00:00+00:00
[2026-06-22T09:20:11.945+0300] {processor.py:183} INFO - Processing /media/data/omar/programming course/DEPI/DEPI project/anomx/airflow/dags/anomx_pipeline.py took 1.860 seconds
[2026-06-22T09:20:44.259+0300] {processor.py:161} INFO - Started process (PID=49077) to work on /media/data/omar/programming course/DEPI/DEPI project/anomx/airflow/dags/anomx_pipeline.py
[2026-06-22T09:20:44.260+0300] {processor.py:830} INFO - Processing file /media/data/omar/programming course/DEPI/DEPI project/anomx/airflow/dags/anomx_pipeline.py for tasks to queue
[2026-06-22T09:20:44.261+0300] {logging_mixin.py:188} INFO - [2026-06-22T09:20:44.261+0300] {dagbag.py:540} INFO - Filling up the DagBag from /media/data/omar/programming course/DEPI/DEPI project/anomx/airflow/dags/anomx_pipeline.py
[2026-06-22T09:20:45.935+0300] {processor.py:840} INFO - DAG(s) 'anomx_pipeline' retrieved from /media/data/omar/programming course/DEPI/DEPI project/anomx/airflow/dags/anomx_pipeline.py
[2026-06-22T09:20:45.996+0300] {logging_mixin.py:188} INFO - [2026-06-22T09:20:45.994+0300] {dag.py:3096} INFO - Sync 1 DAGs
[2026-06-22T09:20:46.068+0300] {logging_mixin.py:188} INFO - [2026-06-22T09:20:46.064+0300] {dag.py:3954} INFO - Setting next_dagrun for anomx_pipeline to 2026-06-22 00:00:00+00:00, run_after=2026-06-23 00:00:00+00:00
[2026-06-22T09:20:46.157+0300] {processor.py:183} INFO - Processing /media/data/omar/programming course/DEPI/DEPI project/anomx/airflow/dags/anomx_pipeline.py took 1.904 seconds
[2026-06-22T09:21:20.664+0300] {processor.py:161} INFO - Started process (PID=49166) to work on /media/data/omar/programming course/DEPI/DEPI project/anomx/airflow/dags/anomx_pipeline.py
[2026-06-22T09:21:20.668+0300] {processor.py:830} INFO - Processing file /media/data/omar/programming course/DEPI/DEPI project/anomx/airflow/dags/anomx_pipeline.py for tasks to queue
[2026-06-22T09:21:20.673+0300] {logging_mixin.py:188} INFO - [2026-06-22T09:21:20.671+0300] {dagbag.py:540} INFO - Filling up the DagBag from /media/data/omar/programming course/DEPI/DEPI project/anomx/airflow/dags/anomx_pipeline.py
[2026-06-22T09:21:22.246+0300] {processor.py:840} INFO - DAG(s) 'anomx_pipeline' retrieved from /media/data/omar/programming course/DEPI/DEPI project/anomx/airflow/dags/anomx_pipeline.py
[2026-06-22T09:21:22.270+0300] {logging_mixin.py:188} INFO - [2026-06-22T09:21:22.269+0300] {dag.py:3096} INFO - Sync 1 DAGs
[2026-06-22T09:21:22.288+0300] {logging_mixin.py:188} INFO - [2026-06-22T09:21:22.287+0300] {dag.py:3954} INFO - Setting next_dagrun for anomx_pipeline to 2026-06-22 00:00:00+00:00, run_after=2026-06-23 00:00:00+00:00
[2026-06-22T09:21:22.330+0300] {processor.py:183} INFO - Processing /media/data/omar/programming course/DEPI/DEPI project/anomx/airflow/dags/anomx_pipeline.py took 1.690 seconds
[2026-06-22T09:21:56.942+0300] {processor.py:161} INFO - Started process (PID=49250) to work on /media/data/omar/programming course/DEPI/DEPI project/anomx/airflow/dags/anomx_pipeline.py
[2026-06-22T09:21:56.944+0300] {processor.py:830} INFO - Processing file /media/data/omar/programming course/DEPI/DEPI project/anomx/airflow/dags/anomx_pipeline.py for tasks to queue
[2026-06-22T09:21:56.947+0300] {logging_mixin.py:188} INFO - [2026-06-22T09:21:56.946+0300] {dagbag.py:540} INFO - Filling up the DagBag from /media/data/omar/programming course/DEPI/DEPI project/anomx/airflow/dags/anomx_pipeline.py
[2026-06-22T09:21:58.265+0300] {processor.py:840} INFO - DAG(s) 'anomx_pipeline' retrieved from /media/data/omar/programming course/DEPI/DEPI project/anomx/airflow/dags/anomx_pipeline.py
[2026-06-22T09:21:58.284+0300] {logging_mixin.py:188} INFO - [2026-06-22T09:21:58.283+0300] {dag.py:3096} INFO - Sync 1 DAGs
[2026-06-22T09:21:58.305+0300] {logging_mixin.py:188} INFO - [2026-06-22T09:21:58.305+0300] {dag.py:3954} INFO - Setting next_dagrun for anomx_pipeline to 2026-06-22 00:00:00+00:00, run_after=2026-06-23 00:00:00+00:00
[2026-06-22T09:21:58.471+0300] {processor.py:183} INFO - Processing /media/data/omar/programming course/DEPI/DEPI project/anomx/airflow/dags/anomx_pipeline.py took 1.549 seconds
[2026-06-22T09:22:31.328+0300] {processor.py:161} INFO - Started process (PID=49354) to work on /media/data/omar/programming course/DEPI/DEPI project/anomx/airflow/dags/anomx_pipeline.py
[2026-06-22T09:22:31.333+0300] {processor.py:830} INFO - Processing file /media/data/omar/programming course/DEPI/DEPI project/anomx/airflow/dags/anomx_pipeline.py for tasks to queue
[2026-06-22T09:22:31.339+0300] {logging_mixin.py:188} INFO - [2026-06-22T09:22:31.336+0300] {dagbag.py:540} INFO - Filling up the DagBag from /media/data/omar/programming course/DEPI/DEPI project/anomx/airflow/dags/anomx_pipeline.py
[2026-06-22T09:22:32.758+0300] {processor.py:840} INFO - DAG(s) 'anomx_pipeline' retrieved from /media/data/omar/programming course/DEPI/DEPI project/anomx/airflow/dags/anomx_pipeline.py
[2026-06-22T09:22:32.776+0300] {logging_mixin.py:188} INFO - [2026-06-22T09:22:32.776+0300] {dag.py:3096} INFO - Sync 1 DAGs
[2026-06-22T09:22:32.796+0300] {logging_mixin.py:188} INFO - [2026-06-22T09:22:32.795+0300] {dag.py:3954} INFO - Setting next_dagrun for anomx_pipeline to 2026-06-22 00:00:00+00:00, run_after=2026-06-23 00:00:00+00:00
[2026-06-22T09:22:32.837+0300] {processor.py:183} INFO - Processing /media/data/omar/programming course/DEPI/DEPI project/anomx/airflow/dags/anomx_pipeline.py took 1.536 seconds
[2026-06-22T09:23:35.509+0300] {processor.py:161} INFO - Started process (PID=49490) to work on /media/data/omar/programming course/DEPI/DEPI project/anomx/airflow/dags/anomx_pipeline.py
[2026-06-22T09:23:35.510+0300] {processor.py:830} INFO - Processing file /media/data/omar/programming course/DEPI/DEPI project/anomx/airflow/dags/anomx_pipeline.py for tasks to queue
[2026-06-22T09:23:35.512+0300] {logging_mixin.py:188} INFO - [2026-06-22T09:23:35.511+0300] {dagbag.py:540} INFO - Filling up the DagBag from /media/data/omar/programming course/DEPI/DEPI project/anomx/airflow/dags/anomx_pipeline.py
[2026-06-22T09:23:36.750+0300] {processor.py:840} INFO - DAG(s) 'anomx_pipeline' retrieved from /media/data/omar/programming course/DEPI/DEPI project/anomx/airflow/dags/anomx_pipeline.py
[2026-06-22T09:23:36.766+0300] {logging_mixin.py:188} INFO - [2026-06-22T09:23:36.765+0300] {dag.py:3096} INFO - Sync 1 DAGs
[2026-06-22T09:23:36.789+0300] {logging_mixin.py:188} INFO - [2026-06-22T09:23:36.789+0300] {dag.py:3954} INFO - Setting next_dagrun for anomx_pipeline to 2026-06-22 00:00:00+00:00, run_after=2026-06-23 00:00:00+00:00
[2026-06-22T09:23:36.962+0300] {processor.py:183} INFO - Processing /media/data/omar/programming course/DEPI/DEPI project/anomx/airflow/dags/anomx_pipeline.py took 1.466 seconds
[2026-06-22T09:24:09.847+0300] {processor.py:161} INFO - Started process (PID=49561) to work on /media/data/omar/programming course/DEPI/DEPI project/anomx/airflow/dags/anomx_pipeline.py
[2026-06-22T09:24:09.849+0300] {processor.py:830} INFO - Processing file /media/data/omar/programming course/DEPI/DEPI project/anomx/airflow/dags/anomx_pipeline.py for tasks to queue
[2026-06-22T09:24:09.852+0300] {logging_mixin.py:188} INFO - [2026-06-22T09:24:09.851+0300] {dagbag.py:540} INFO - Filling up the DagBag from /media/data/omar/programming course/DEPI/DEPI project/anomx/airflow/dags/anomx_pipeline.py
[2026-06-22T09:24:11.386+0300] {processor.py:840} INFO - DAG(s) 'anomx_pipeline' retrieved from /media/data/omar/programming course/DEPI/DEPI project/anomx/airflow/dags/anomx_pipeline.py
[2026-06-22T09:24:11.405+0300] {logging_mixin.py:188} INFO - [2026-06-22T09:24:11.405+0300] {dag.py:3096} INFO - Sync 1 DAGs
[2026-06-22T09:24:11.425+0300] {logging_mixin.py:188} INFO - [2026-06-22T09:24:11.424+0300] {dag.py:3954} INFO - Setting next_dagrun for anomx_pipeline to 2026-06-22 00:00:00+00:00, run_after=2026-06-23 00:00:00+00:00
[2026-06-22T09:24:11.460+0300] {processor.py:183} INFO - Processing /media/data/omar/programming course/DEPI/DEPI project/anomx/airflow/dags/anomx_pipeline.py took 1.625 seconds
[2026-06-22T09:24:41.968+0300] {processor.py:161} INFO - Started process (PID=49666) to work on /media/data/omar/programming course/DEPI/DEPI project/anomx/airflow/dags/anomx_pipeline.py
[2026-06-22T09:24:41.976+0300] {processor.py:830} INFO - Processing file /media/data/omar/programming course/DEPI/DEPI project/anomx/airflow/dags/anomx_pipeline.py for tasks to queue
[2026-06-22T09:24:41.988+0300] {logging_mixin.py:188} INFO - [2026-06-22T09:24:41.979+0300] {dagbag.py:540} INFO - Filling up the DagBag from /media/data/omar/programming course/DEPI/DEPI project/anomx/airflow/dags/anomx_pipeline.py
[2026-06-22T09:24:43.433+0300] {processor.py:840} INFO - DAG(s) 'anomx_pipeline' retrieved from /media/data/omar/programming course/DEPI/DEPI project/anomx/airflow/dags/anomx_pipeline.py
[2026-06-22T09:24:43.459+0300] {logging_mixin.py:188} INFO - [2026-06-22T09:24:43.458+0300] {dag.py:3096} INFO - Sync 1 DAGs
[2026-06-22T09:24:43.475+0300] {logging_mixin.py:188} INFO - [2026-06-22T09:24:43.475+0300] {dag.py:3954} INFO - Setting next_dagrun for anomx_pipeline to 2026-06-22 00:00:00+00:00, run_after=2026-06-23 00:00:00+00:00
[2026-06-22T09:24:43.515+0300] {processor.py:183} INFO - Processing /media/data/omar/programming course/DEPI/DEPI project/anomx/airflow/dags/anomx_pipeline.py took 1.586 seconds
[2026-06-22T09:25:16.745+0300] {processor.py:161} INFO - Started process (PID=49755) to work on /media/data/omar/programming course/DEPI/DEPI project/anomx/airflow/dags/anomx_pipeline.py
[2026-06-22T09:25:16.747+0300] {processor.py:830} INFO - Processing file /media/data/omar/programming course/DEPI/DEPI project/anomx/airflow/dags/anomx_pipeline.py for tasks to queue
[2026-06-22T09:25:16.749+0300] {logging_mixin.py:188} INFO - [2026-06-22T09:25:16.748+0300] {dagbag.py:540} INFO - Filling up the DagBag from /media/data/omar/programming course/DEPI/DEPI project/anomx/airflow/dags/anomx_pipeline.py
[2026-06-22T09:25:18.436+0300] {processor.py:840} INFO - DAG(s) 'anomx_pipeline' retrieved from /media/data/omar/programming course/DEPI/DEPI project/anomx/airflow/dags/anomx_pipeline.py
[2026-06-22T09:25:18.679+0300] {logging_mixin.py:188} INFO - [2026-06-22T09:25:18.678+0300] {dag.py:3096} INFO - Sync 1 DAGs
[2026-06-22T09:25:18.715+0300] {logging_mixin.py:188} INFO - [2026-06-22T09:25:18.714+0300] {dag.py:3954} INFO - Setting next_dagrun for anomx_pipeline to 2026-06-22 00:00:00+00:00, run_after=2026-06-23 00:00:00+00:00
[2026-06-22T09:25:18.781+0300] {processor.py:183} INFO - Processing /media/data/omar/programming course/DEPI/DEPI project/anomx/airflow/dags/anomx_pipeline.py took 2.053 seconds
[2026-06-22T09:25:53.291+0300] {processor.py:161} INFO - Started process (PID=49842) to work on /media/data/omar/programming course/DEPI/DEPI project/anomx/airflow/dags/anomx_pipeline.py
[2026-06-22T09:25:53.294+0300] {processor.py:830} INFO - Processing file /media/data/omar/programming course/DEPI/DEPI project/anomx/airflow/dags/anomx_pipeline.py for tasks to queue
[2026-06-22T09:25:53.296+0300] {logging_mixin.py:188} INFO - [2026-06-22T09:25:53.295+0300] {dagbag.py:540} INFO - Filling up the DagBag from /media/data/omar/programming course/DEPI/DEPI project/anomx/airflow/dags/anomx_pipeline.py
[2026-06-22T09:25:55.003+0300] {processor.py:840} INFO - DAG(s) 'anomx_pipeline' retrieved from /media/data/omar/programming course/DEPI/DEPI project/anomx/airflow/dags/anomx_pipeline.py
[2026-06-22T09:25:55.019+0300] {logging_mixin.py:188} INFO - [2026-06-22T09:25:55.018+0300] {dag.py:3096} INFO - Sync 1 DAGs
[2026-06-22T09:25:55.040+0300] {logging_mixin.py:188} INFO - [2026-06-22T09:25:55.040+0300] {dag.py:3954} INFO - Setting next_dagrun for anomx_pipeline to 2026-06-22 00:00:00+00:00, run_after=2026-06-23 00:00:00+00:00
[2026-06-22T09:25:55.075+0300] {processor.py:183} INFO - Processing /media/data/omar/programming course/DEPI/DEPI project/anomx/airflow/dags/anomx_pipeline.py took 1.797 seconds
[2026-06-22T09:26:30.016+0300] {processor.py:161} INFO - Started process (PID=49960) to work on /media/data/omar/programming course/DEPI/DEPI project/anomx/airflow/dags/anomx_pipeline.py
[2026-06-22T09:26:30.018+0300] {processor.py:830} INFO - Processing file /media/data/omar/programming course/DEPI/DEPI project/anomx/airflow/dags/anomx_pipeline.py for tasks to queue
[2026-06-22T09:26:30.019+0300] {logging_mixin.py:188} INFO - [2026-06-22T09:26:30.019+0300] {dagbag.py:540} INFO - Filling up the DagBag from /media/data/omar/programming course/DEPI/DEPI project/anomx/airflow/dags/anomx_pipeline.py
[2026-06-22T09:26:31.394+0300] {processor.py:840} INFO - DAG(s) 'anomx_pipeline' retrieved from /media/data/omar/programming course/DEPI/DEPI project/anomx/airflow/dags/anomx_pipeline.py
[2026-06-22T09:26:31.410+0300] {logging_mixin.py:188} INFO - [2026-06-22T09:26:31.409+0300] {dag.py:3096} INFO - Sync 1 DAGs
[2026-06-22T09:26:31.555+0300] {logging_mixin.py:188} INFO - [2026-06-22T09:26:31.554+0300] {dag.py:3954} INFO - Setting next_dagrun for anomx_pipeline to 2026-06-22 00:00:00+00:00, run_after=2026-06-23 00:00:00+00:00
[2026-06-22T09:26:31.641+0300] {processor.py:183} INFO - Processing /media/data/omar/programming course/DEPI/DEPI project/anomx/airflow/dags/anomx_pipeline.py took 1.633 seconds
[2026-06-22T09:27:04.575+0300] {processor.py:161} INFO - Started process (PID=50054) to work on /media/data/omar/programming course/DEPI/DEPI project/anomx/airflow/dags/anomx_pipeline.py
[2026-06-22T09:27:04.580+0300] {processor.py:830} INFO - Processing file /media/data/omar/programming course/DEPI/DEPI project/anomx/airflow/dags/anomx_pipeline.py for tasks to queue
[2026-06-22T09:27:04.584+0300] {logging_mixin.py:188} INFO - [2026-06-22T09:27:04.582+0300] {dagbag.py:540} INFO - Filling up the DagBag from /media/data/omar/programming course/DEPI/DEPI project/anomx/airflow/dags/anomx_pipeline.py
[2026-06-22T09:27:06.660+0300] {processor.py:840} INFO - DAG(s) 'anomx_pipeline' retrieved from /media/data/omar/programming course/DEPI/DEPI project/anomx/airflow/dags/anomx_pipeline.py
[2026-06-22T09:27:06.679+0300] {logging_mixin.py:188} INFO - [2026-06-22T09:27:06.678+0300] {dag.py:3096} INFO - Sync 1 DAGs
[2026-06-22T09:27:06.820+0300] {logging_mixin.py:188} INFO - [2026-06-22T09:27:06.819+0300] {dag.py:3954} INFO - Setting next_dagrun for anomx_pipeline to 2026-06-22 00:00:00+00:00, run_after=2026-06-23 00:00:00+00:00
[2026-06-22T09:27:06.858+0300] {processor.py:183} INFO - Processing /media/data/omar/programming course/DEPI/DEPI project/anomx/airflow/dags/anomx_pipeline.py took 2.309 seconds
[2026-06-22T09:27:40.810+0300] {processor.py:161} INFO - Started process (PID=50146) to work on /media/data/omar/programming course/DEPI/DEPI project/anomx/airflow/dags/anomx_pipeline.py
[2026-06-22T09:27:40.811+0300] {processor.py:830} INFO - Processing file /media/data/omar/programming course/DEPI/DEPI project/anomx/airflow/dags/anomx_pipeline.py for tasks to queue
[2026-06-22T09:27:40.812+0300] {logging_mixin.py:188} INFO - [2026-06-22T09:27:40.811+0300] {dagbag.py:540} INFO - Filling up the DagBag from /media/data/omar/programming course/DEPI/DEPI project/anomx/airflow/dags/anomx_pipeline.py
[2026-06-22T09:27:42.063+0300] {processor.py:840} INFO - DAG(s) 'anomx_pipeline' retrieved from /media/data/omar/programming course/DEPI/DEPI project/anomx/airflow/dags/anomx_pipeline.py
[2026-06-22T09:27:42.079+0300] {logging_mixin.py:188} INFO - [2026-06-22T09:27:42.078+0300] {dag.py:3096} INFO - Sync 1 DAGs
[2026-06-22T09:27:42.094+0300] {logging_mixin.py:188} INFO - [2026-06-22T09:27:42.094+0300] {dag.py:3954} INFO - Setting next_dagrun for anomx_pipeline to 2026-06-22 00:00:00+00:00, run_after=2026-06-23 00:00:00+00:00
[2026-06-22T09:27:42.126+0300] {processor.py:183} INFO - Processing /media/data/omar/programming course/DEPI/DEPI project/anomx/airflow/dags/anomx_pipeline.py took 1.325 seconds
[2026-06-22T09:28:16.420+0300] {processor.py:161} INFO - Started process (PID=50247) to work on /media/data/omar/programming course/DEPI/DEPI project/anomx/airflow/dags/anomx_pipeline.py
[2026-06-22T09:28:16.421+0300] {processor.py:830} INFO - Processing file /media/data/omar/programming course/DEPI/DEPI project/anomx/airflow/dags/anomx_pipeline.py for tasks to queue
[2026-06-22T09:28:16.422+0300] {logging_mixin.py:188} INFO - [2026-06-22T09:28:16.422+0300] {dagbag.py:540} INFO - Filling up the DagBag from /media/data/omar/programming course/DEPI/DEPI project/anomx/airflow/dags/anomx_pipeline.py
[2026-06-22T09:28:18.793+0300] {processor.py:840} INFO - DAG(s) 'anomx_pipeline' retrieved from /media/data/omar/programming course/DEPI/DEPI project/anomx/airflow/dags/anomx_pipeline.py
[2026-06-22T09:28:18.813+0300] {logging_mixin.py:188} INFO - [2026-06-22T09:28:18.813+0300] {dag.py:3096} INFO - Sync 1 DAGs
[2026-06-22T09:28:18.833+0300] {logging_mixin.py:188} INFO - [2026-06-22T09:28:18.832+0300] {dag.py:3954} INFO - Setting next_dagrun for anomx_pipeline to 2026-06-22 00:00:00+00:00, run_after=2026-06-23 00:00:00+00:00
[2026-06-22T09:28:18.868+0300] {processor.py:183} INFO - Processing /media/data/omar/programming course/DEPI/DEPI project/anomx/airflow/dags/anomx_pipeline.py took 2.457 seconds
[2026-06-22T09:28:49.739+0300] {processor.py:161} INFO - Started process (PID=50311) to work on /media/data/omar/programming course/DEPI/DEPI project/anomx/airflow/dags/anomx_pipeline.py
[2026-06-22T09:28:49.746+0300] {processor.py:830} INFO - Processing file /media/data/omar/programming course/DEPI/DEPI project/anomx/airflow/dags/anomx_pipeline.py for tasks to queue
[2026-06-22T09:28:49.751+0300] {logging_mixin.py:188} INFO - [2026-06-22T09:28:49.749+0300] {dagbag.py:540} INFO - Filling up the DagBag from /media/data/omar/programming course/DEPI/DEPI project/anomx/airflow/dags/anomx_pipeline.py
[2026-06-22T09:28:51.766+0300] {processor.py:840} INFO - DAG(s) 'anomx_pipeline' retrieved from /media/data/omar/programming course/DEPI/DEPI project/anomx/airflow/dags/anomx_pipeline.py
[2026-06-22T09:28:51.792+0300] {logging_mixin.py:188} INFO - [2026-06-22T09:28:51.790+0300] {dag.py:3096} INFO - Sync 1 DAGs
[2026-06-22T09:28:51.820+0300] {logging_mixin.py:188} INFO - [2026-06-22T09:28:51.818+0300] {dag.py:3954} INFO - Setting next_dagrun for anomx_pipeline to 2026-06-22 00:00:00+00:00, run_after=2026-06-23 00:00:00+00:00
[2026-06-22T09:28:51.868+0300] {processor.py:183} INFO - Processing /media/data/omar/programming course/DEPI/DEPI project/anomx/airflow/dags/anomx_pipeline.py took 2.136 seconds
[2026-06-22T09:29:26.228+0300] {processor.py:161} INFO - Started process (PID=50378) to work on /media/data/omar/programming course/DEPI/DEPI project/anomx/airflow/dags/anomx_pipeline.py
[2026-06-22T09:29:26.230+0300] {processor.py:830} INFO - Processing file /media/data/omar/programming course/DEPI/DEPI project/anomx/airflow/dags/anomx_pipeline.py for tasks to queue
[2026-06-22T09:29:26.231+0300] {logging_mixin.py:188} INFO - [2026-06-22T09:29:26.230+0300] {dagbag.py:540} INFO - Filling up the DagBag from /media/data/omar/programming course/DEPI/DEPI project/anomx/airflow/dags/anomx_pipeline.py
[2026-06-22T09:29:27.482+0300] {processor.py:840} INFO - DAG(s) 'anomx_pipeline' retrieved from /media/data/omar/programming course/DEPI/DEPI project/anomx/airflow/dags/anomx_pipeline.py
[2026-06-22T09:29:27.502+0300] {logging_mixin.py:188} INFO - [2026-06-22T09:29:27.500+0300] {dag.py:3096} INFO - Sync 1 DAGs
[2026-06-22T09:29:27.521+0300] {logging_mixin.py:188} INFO - [2026-06-22T09:29:27.521+0300] {dag.py:3954} INFO - Setting next_dagrun for anomx_pipeline to 2026-06-22 00:00:00+00:00, run_after=2026-06-23 00:00:00+00:00
[2026-06-22T09:29:27.558+0300] {processor.py:183} INFO - Processing /media/data/omar/programming course/DEPI/DEPI project/anomx/airflow/dags/anomx_pipeline.py took 1.338 seconds
[2026-06-22T09:30:00.112+0300] {processor.py:161} INFO - Started process (PID=50476) to work on /media/data/omar/programming course/DEPI/DEPI project/anomx/airflow/dags/anomx_pipeline.py
[2026-06-22T09:30:00.117+0300] {processor.py:830} INFO - Processing file /media/data/omar/programming course/DEPI/DEPI project/anomx/airflow/dags/anomx_pipeline.py for tasks to queue
[2026-06-22T09:30:00.124+0300] {logging_mixin.py:188} INFO - [2026-06-22T09:30:00.121+0300] {dagbag.py:540} INFO - Filling up the DagBag from /media/data/omar/programming course/DEPI/DEPI project/anomx/airflow/dags/anomx_pipeline.py
[2026-06-22T09:30:01.879+0300] {processor.py:840} INFO - DAG(s) 'anomx_pipeline' retrieved from /media/data/omar/programming course/DEPI/DEPI project/anomx/airflow/dags/anomx_pipeline.py
[2026-06-22T09:30:01.893+0300] {logging_mixin.py:188} INFO - [2026-06-22T09:30:01.892+0300] {dag.py:3096} INFO - Sync 1 DAGs
[2026-06-22T09:30:01.907+0300] {logging_mixin.py:188} INFO - [2026-06-22T09:30:01.907+0300] {dag.py:3954} INFO - Setting next_dagrun for anomx_pipeline to 2026-06-22 00:00:00+00:00, run_after=2026-06-23 00:00:00+00:00
[2026-06-22T09:30:01.938+0300] {processor.py:183} INFO - Processing /media/data/omar/programming course/DEPI/DEPI project/anomx/airflow/dags/anomx_pipeline.py took 1.848 seconds
[2026-06-22T09:30:33.646+0300] {processor.py:161} INFO - Started process (PID=50544) to work on /media/data/omar/programming course/DEPI/DEPI project/anomx/airflow/dags/anomx_pipeline.py
[2026-06-22T09:30:33.649+0300] {processor.py:830} INFO - Processing file /media/data/omar/programming course/DEPI/DEPI project/anomx/airflow/dags/anomx_pipeline.py for tasks to queue
[2026-06-22T09:30:33.652+0300] {logging_mixin.py:188} INFO - [2026-06-22T09:30:33.651+0300] {dagbag.py:540} INFO - Filling up the DagBag from /media/data/omar/programming course/DEPI/DEPI project/anomx/airflow/dags/anomx_pipeline.py
[2026-06-22T09:30:34.980+0300] {processor.py:840} INFO - DAG(s) 'anomx_pipeline' retrieved from /media/data/omar/programming course/DEPI/DEPI project/anomx/airflow/dags/anomx_pipeline.py
[2026-06-22T09:30:34.997+0300] {logging_mixin.py:188} INFO - [2026-06-22T09:30:34.997+0300] {dag.py:3096} INFO - Sync 1 DAGs
[2026-06-22T09:30:35.015+0300] {logging_mixin.py:188} INFO - [2026-06-22T09:30:35.012+0300] {dag.py:3954} INFO - Setting next_dagrun for anomx_pipeline to 2026-06-22 00:00:00+00:00, run_after=2026-06-23 00:00:00+00:00
[2026-06-22T09:30:35.069+0300] {processor.py:183} INFO - Processing /media/data/omar/programming course/DEPI/DEPI project/anomx/airflow/dags/anomx_pipeline.py took 1.429 seconds
[2026-06-22T09:31:11.437+0300] {processor.py:161} INFO - Started process (PID=50647) to work on /media/data/omar/programming course/DEPI/DEPI project/anomx/airflow/dags/anomx_pipeline.py
[2026-06-22T09:31:11.440+0300] {processor.py:830} INFO - Processing file /media/data/omar/programming course/DEPI/DEPI project/anomx/airflow/dags/anomx_pipeline.py for tasks to queue
[2026-06-22T09:31:11.442+0300] {logging_mixin.py:188} INFO - [2026-06-22T09:31:11.441+0300] {dagbag.py:540} INFO - Filling up the DagBag from /media/data/omar/programming course/DEPI/DEPI project/anomx/airflow/dags/anomx_pipeline.py
[2026-06-22T09:31:12.939+0300] {processor.py:840} INFO - DAG(s) 'anomx_pipeline' retrieved from /media/data/omar/programming course/DEPI/DEPI project/anomx/airflow/dags/anomx_pipeline.py
[2026-06-22T09:31:12.958+0300] {logging_mixin.py:188} INFO - [2026-06-22T09:31:12.958+0300] {dag.py:3096} INFO - Sync 1 DAGs
[2026-06-22T09:31:12.976+0300] {logging_mixin.py:188} INFO - [2026-06-22T09:31:12.976+0300] {dag.py:3954} INFO - Setting next_dagrun for anomx_pipeline to 2026-06-22 00:00:00+00:00, run_after=2026-06-23 00:00:00+00:00
[2026-06-22T09:31:13.016+0300] {processor.py:183} INFO - Processing /media/data/omar/programming course/DEPI/DEPI project/anomx/airflow/dags/anomx_pipeline.py took 1.601 seconds
[2026-06-22T09:31:44.604+0300] {processor.py:161} INFO - Started process (PID=50732) to work on /media/data/omar/programming course/DEPI/DEPI project/anomx/airflow/dags/anomx_pipeline.py
[2026-06-22T09:31:44.606+0300] {processor.py:830} INFO - Processing file /media/data/omar/programming course/DEPI/DEPI project/anomx/airflow/dags/anomx_pipeline.py for tasks to queue
[2026-06-22T09:31:44.608+0300] {logging_mixin.py:188} INFO - [2026-06-22T09:31:44.607+0300] {dagbag.py:540} INFO - Filling up the DagBag from /media/data/omar/programming course/DEPI/DEPI project/anomx/airflow/dags/anomx_pipeline.py
[2026-06-22T09:31:45.478+0300] {processor.py:840} INFO - DAG(s) 'anomx_pipeline' retrieved from /media/data/omar/programming course/DEPI/DEPI project/anomx/airflow/dags/anomx_pipeline.py
[2026-06-22T09:31:45.491+0300] {logging_mixin.py:188} INFO - [2026-06-22T09:31:45.490+0300] {dag.py:3096} INFO - Sync 1 DAGs
[2026-06-22T09:31:45.504+0300] {logging_mixin.py:188} INFO - [2026-06-22T09:31:45.503+0300] {dag.py:3954} INFO - Setting next_dagrun for anomx_pipeline to 2026-06-22 00:00:00+00:00, run_after=2026-06-23 00:00:00+00:00
[2026-06-22T09:31:45.526+0300] {processor.py:183} INFO - Processing /media/data/omar/programming course/DEPI/DEPI project/anomx/airflow/dags/anomx_pipeline.py took 0.932 seconds
[2026-06-22T09:32:39.113+0300] {processor.py:161} INFO - Started process (PID=50812) to work on /media/data/omar/programming course/DEPI/DEPI project/anomx/airflow/dags/anomx_pipeline.py
[2026-06-22T09:32:39.115+0300] {processor.py:830} INFO - Processing file /media/data/omar/programming course/DEPI/DEPI project/anomx/airflow/dags/anomx_pipeline.py for tasks to queue
[2026-06-22T09:32:39.117+0300] {logging_mixin.py:188} INFO - [2026-06-22T09:32:39.116+0300] {dagbag.py:540} INFO - Filling up the DagBag from /media/data/omar/programming course/DEPI/DEPI project/anomx/airflow/dags/anomx_pipeline.py
[2026-06-22T09:32:40.018+0300] {processor.py:840} INFO - DAG(s) 'anomx_pipeline' retrieved from /media/data/omar/programming course/DEPI/DEPI project/anomx/airflow/dags/anomx_pipeline.py
[2026-06-22T09:32:40.031+0300] {logging_mixin.py:188} INFO - [2026-06-22T09:32:40.031+0300] {dag.py:3096} INFO - Sync 1 DAGs
[2026-06-22T09:32:40.044+0300] {logging_mixin.py:188} INFO - [2026-06-22T09:32:40.044+0300] {dag.py:3954} INFO - Setting next_dagrun for anomx_pipeline to 2026-06-22 00:00:00+00:00, run_after=2026-06-23 00:00:00+00:00
[2026-06-22T09:32:40.069+0300] {processor.py:183} INFO - Processing /media/data/omar/programming course/DEPI/DEPI project/anomx/airflow/dags/anomx_pipeline.py took 0.971 seconds
[2026-06-22T09:33:33.389+0300] {processor.py:161} INFO - Started process (PID=50902) to work on /media/data/omar/programming course/DEPI/DEPI project/anomx/airflow/dags/anomx_pipeline.py
[2026-06-22T09:33:33.390+0300] {processor.py:830} INFO - Processing file /media/data/omar/programming course/DEPI/DEPI project/anomx/airflow/dags/anomx_pipeline.py for tasks to queue
[2026-06-22T09:33:33.392+0300] {logging_mixin.py:188} INFO - [2026-06-22T09:33:33.391+0300] {dagbag.py:540} INFO - Filling up the DagBag from /media/data/omar/programming course/DEPI/DEPI project/anomx/airflow/dags/anomx_pipeline.py
[2026-06-22T09:33:34.278+0300] {processor.py:840} INFO - DAG(s) 'anomx_pipeline' retrieved from /media/data/omar/programming course/DEPI/DEPI project/anomx/airflow/dags/anomx_pipeline.py
[2026-06-22T09:33:34.289+0300] {logging_mixin.py:188} INFO - [2026-06-22T09:33:34.289+0300] {dag.py:3096} INFO - Sync 1 DAGs
[2026-06-22T09:33:34.302+0300] {logging_mixin.py:188} INFO - [2026-06-22T09:33:34.302+0300] {dag.py:3954} INFO - Setting next_dagrun for anomx_pipeline to 2026-06-22 00:00:00+00:00, run_after=2026-06-23 00:00:00+00:00
[2026-06-22T09:33:34.328+0300] {processor.py:183} INFO - Processing /media/data/omar/programming course/DEPI/DEPI project/anomx/airflow/dags/anomx_pipeline.py took 0.949 seconds
[2026-06-22T09:34:23.114+0300] {processor.py:161} INFO - Started process (PID=50997) to work on /media/data/omar/programming course/DEPI/DEPI project/anomx/airflow/dags/anomx_pipeline.py
[2026-06-22T09:34:23.116+0300] {processor.py:830} INFO - Processing file /media/data/omar/programming course/DEPI/DEPI project/anomx/airflow/dags/anomx_pipeline.py for tasks to queue
[2026-06-22T09:34:23.118+0300] {logging_mixin.py:188} INFO - [2026-06-22T09:34:23.117+0300] {dagbag.py:540} INFO - Filling up the DagBag from /media/data/omar/programming course/DEPI/DEPI project/anomx/airflow/dags/anomx_pipeline.py
[2026-06-22T09:34:24.003+0300] {processor.py:840} INFO - DAG(s) 'anomx_pipeline' retrieved from /media/data/omar/programming course/DEPI/DEPI project/anomx/airflow/dags/anomx_pipeline.py
[2026-06-22T09:34:24.015+0300] {logging_mixin.py:188} INFO - [2026-06-22T09:34:24.015+0300] {dag.py:3096} INFO - Sync 1 DAGs
[2026-06-22T09:34:24.028+0300] {logging_mixin.py:188} INFO - [2026-06-22T09:34:24.027+0300] {dag.py:3954} INFO - Setting next_dagrun for anomx_pipeline to 2026-06-22 00:00:00+00:00, run_after=2026-06-23 00:00:00+00:00
[2026-06-22T09:34:24.054+0300] {processor.py:183} INFO - Processing /media/data/omar/programming course/DEPI/DEPI project/anomx/airflow/dags/anomx_pipeline.py took 0.951 seconds
[2026-06-22T09:35:14.409+0300] {processor.py:161} INFO - Started process (PID=51074) to work on /media/data/omar/programming course/DEPI/DEPI project/anomx/airflow/dags/anomx_pipeline.py
[2026-06-22T09:35:14.410+0300] {processor.py:830} INFO - Processing file /media/data/omar/programming course/DEPI/DEPI project/anomx/airflow/dags/anomx_pipeline.py for tasks to queue
[2026-06-22T09:35:14.411+0300] {logging_mixin.py:188} INFO - [2026-06-22T09:35:14.410+0300] {dagbag.py:540} INFO - Filling up the DagBag from /media/data/omar/programming course/DEPI/DEPI project/anomx/airflow/dags/anomx_pipeline.py
[2026-06-22T09:35:15.265+0300] {processor.py:840} INFO - DAG(s) 'anomx_pipeline' retrieved from /media/data/omar/programming course/DEPI/DEPI project/anomx/airflow/dags/anomx_pipeline.py
[2026-06-22T09:35:15.277+0300] {logging_mixin.py:188} INFO - [2026-06-22T09:35:15.277+0300] {dag.py:3096} INFO - Sync 1 DAGs
[2026-06-22T09:35:15.289+0300] {logging_mixin.py:188} INFO - [2026-06-22T09:35:15.289+0300] {dag.py:3954} INFO - Setting next_dagrun for anomx_pipeline to 2026-06-22 00:00:00+00:00, run_after=2026-06-23 00:00:00+00:00
[2026-06-22T09:35:15.315+0300] {processor.py:183} INFO - Processing /media/data/omar/programming course/DEPI/DEPI project/anomx/airflow/dags/anomx_pipeline.py took 0.912 seconds
[2026-06-22T09:36:09.356+0300] {processor.py:161} INFO - Started process (PID=51151) to work on /media/data/omar/programming course/DEPI/DEPI project/anomx/airflow/dags/anomx_pipeline.py
[2026-06-22T09:36:09.357+0300] {processor.py:830} INFO - Processing file /media/data/omar/programming course/DEPI/DEPI project/anomx/airflow/dags/anomx_pipeline.py for tasks to queue
[2026-06-22T09:36:09.358+0300] {logging_mixin.py:188} INFO - [2026-06-22T09:36:09.357+0300] {dagbag.py:540} INFO - Filling up the DagBag from /media/data/omar/programming course/DEPI/DEPI project/anomx/airflow/dags/anomx_pipeline.py
[2026-06-22T09:36:10.230+0300] {processor.py:840} INFO - DAG(s) 'anomx_pipeline' retrieved from /media/data/omar/programming course/DEPI/DEPI project/anomx/airflow/dags/anomx_pipeline.py
[2026-06-22T09:36:10.241+0300] {logging_mixin.py:188} INFO - [2026-06-22T09:36:10.241+0300] {dag.py:3096} INFO - Sync 1 DAGs
[2026-06-22T09:36:10.253+0300] {logging_mixin.py:188} INFO - [2026-06-22T09:36:10.253+0300] {dag.py:3954} INFO - Setting next_dagrun for anomx_pipeline to 2026-06-22 00:00:00+00:00, run_after=2026-06-23 00:00:00+00:00
[2026-06-22T09:36:10.281+0300] {processor.py:183} INFO - Processing /media/data/omar/programming course/DEPI/DEPI project/anomx/airflow/dags/anomx_pipeline.py took 0.930 seconds
[2026-06-22T09:37:02.909+0300] {processor.py:161} INFO - Started process (PID=51255) to work on /media/data/omar/programming course/DEPI/DEPI project/anomx/airflow/dags/anomx_pipeline.py
[2026-06-22T09:37:02.912+0300] {processor.py:830} INFO - Processing file /media/data/omar/programming course/DEPI/DEPI project/anomx/airflow/dags/anomx_pipeline.py for tasks to queue
[2026-06-22T09:37:02.914+0300] {logging_mixin.py:188} INFO - [2026-06-22T09:37:02.913+0300] {dagbag.py:540} INFO - Filling up the DagBag from /media/data/omar/programming course/DEPI/DEPI project/anomx/airflow/dags/anomx_pipeline.py
[2026-06-22T09:37:03.764+0300] {processor.py:840} INFO - DAG(s) 'anomx_pipeline' retrieved from /media/data/omar/programming course/DEPI/DEPI project/anomx/airflow/dags/anomx_pipeline.py
[2026-06-22T09:37:03.776+0300] {logging_mixin.py:188} INFO - [2026-06-22T09:37:03.775+0300] {dag.py:3096} INFO - Sync 1 DAGs
[2026-06-22T09:37:03.788+0300] {logging_mixin.py:188} INFO - [2026-06-22T09:37:03.788+0300] {dag.py:3954} INFO - Setting next_dagrun for anomx_pipeline to 2026-06-22 00:00:00+00:00, run_after=2026-06-23 00:00:00+00:00
[2026-06-22T09:37:03.813+0300] {processor.py:183} INFO - Processing /media/data/omar/programming course/DEPI/DEPI project/anomx/airflow/dags/anomx_pipeline.py took 0.923 seconds
[2026-06-22T09:37:54.294+0300] {processor.py:161} INFO - Started process (PID=51331) to work on /media/data/omar/programming course/DEPI/DEPI project/anomx/airflow/dags/anomx_pipeline.py
[2026-06-22T09:37:54.295+0300] {processor.py:830} INFO - Processing file /media/data/omar/programming course/DEPI/DEPI project/anomx/airflow/dags/anomx_pipeline.py for tasks to queue
[2026-06-22T09:37:54.296+0300] {logging_mixin.py:188} INFO - [2026-06-22T09:37:54.295+0300] {dagbag.py:540} INFO - Filling up the DagBag from /media/data/omar/programming course/DEPI/DEPI project/anomx/airflow/dags/anomx_pipeline.py
[2026-06-22T09:37:55.191+0300] {processor.py:840} INFO - DAG(s) 'anomx_pipeline' retrieved from /media/data/omar/programming course/DEPI/DEPI project/anomx/airflow/dags/anomx_pipeline.py
[2026-06-22T09:37:55.202+0300] {logging_mixin.py:188} INFO - [2026-06-22T09:37:55.202+0300] {dag.py:3096} INFO - Sync 1 DAGs
[2026-06-22T09:37:55.215+0300] {logging_mixin.py:188} INFO - [2026-06-22T09:37:55.215+0300] {dag.py:3954} INFO - Setting next_dagrun for anomx_pipeline to 2026-06-22 00:00:00+00:00, run_after=2026-06-23 00:00:00+00:00
[2026-06-22T09:37:55.241+0300] {processor.py:183} INFO - Processing /media/data/omar/programming course/DEPI/DEPI project/anomx/airflow/dags/anomx_pipeline.py took 0.954 seconds
[2026-06-22T09:38:49.207+0300] {processor.py:161} INFO - Started process (PID=51414) to work on /media/data/omar/programming course/DEPI/DEPI project/anomx/airflow/dags/anomx_pipeline.py
[2026-06-22T09:38:49.208+0300] {processor.py:830} INFO - Processing file /media/data/omar/programming course/DEPI/DEPI project/anomx/airflow/dags/anomx_pipeline.py for tasks to queue
[2026-06-22T09:38:49.210+0300] {logging_mixin.py:188} INFO - [2026-06-22T09:38:49.209+0300] {dagbag.py:540} INFO - Filling up the DagBag from /media/data/omar/programming course/DEPI/DEPI project/anomx/airflow/dags/anomx_pipeline.py
[2026-06-22T09:38:50.096+0300] {processor.py:840} INFO - DAG(s) 'anomx_pipeline' retrieved from /media/data/omar/programming course/DEPI/DEPI project/anomx/airflow/dags/anomx_pipeline.py
[2026-06-22T09:38:50.107+0300] {logging_mixin.py:188} INFO - [2026-06-22T09:38:50.107+0300] {dag.py:3096} INFO - Sync 1 DAGs
[2026-06-22T09:38:50.120+0300] {logging_mixin.py:188} INFO - [2026-06-22T09:38:50.119+0300] {dag.py:3954} INFO - Setting next_dagrun for anomx_pipeline to 2026-06-22 00:00:00+00:00, run_after=2026-06-23 00:00:00+00:00
[2026-06-22T09:38:50.146+0300] {processor.py:183} INFO - Processing /media/data/omar/programming course/DEPI/DEPI project/anomx/airflow/dags/anomx_pipeline.py took 0.947 seconds
[2026-06-22T09:39:45.323+0300] {processor.py:161} INFO - Started process (PID=51502) to work on /media/data/omar/programming course/DEPI/DEPI project/anomx/airflow/dags/anomx_pipeline.py
[2026-06-22T09:39:45.325+0300] {processor.py:830} INFO - Processing file /media/data/omar/programming course/DEPI/DEPI project/anomx/airflow/dags/anomx_pipeline.py for tasks to queue
[2026-06-22T09:39:45.327+0300] {logging_mixin.py:188} INFO - [2026-06-22T09:39:45.326+0300] {dagbag.py:540} INFO - Filling up the DagBag from /media/data/omar/programming course/DEPI/DEPI project/anomx/airflow/dags/anomx_pipeline.py
[2026-06-22T09:39:46.250+0300] {processor.py:840} INFO - DAG(s) 'anomx_pipeline' retrieved from /media/data/omar/programming course/DEPI/DEPI project/anomx/airflow/dags/anomx_pipeline.py
[2026-06-22T09:39:46.262+0300] {logging_mixin.py:188} INFO - [2026-06-22T09:39:46.261+0300] {dag.py:3096} INFO - Sync 1 DAGs
[2026-06-22T09:39:46.274+0300] {logging_mixin.py:188} INFO - [2026-06-22T09:39:46.274+0300] {dag.py:3954} INFO - Setting next_dagrun for anomx_pipeline to 2026-06-22 00:00:00+00:00, run_after=2026-06-23 00:00:00+00:00
[2026-06-22T09:39:46.299+0300] {processor.py:183} INFO - Processing /media/data/omar/programming course/DEPI/DEPI project/anomx/airflow/dags/anomx_pipeline.py took 0.989 seconds
[2026-06-22T09:40:39.474+0300] {processor.py:161} INFO - Started process (PID=51585) to work on /media/data/omar/programming course/DEPI/DEPI project/anomx/airflow/dags/anomx_pipeline.py
[2026-06-22T09:40:39.475+0300] {processor.py:830} INFO - Processing file /media/data/omar/programming course/DEPI/DEPI project/anomx/airflow/dags/anomx_pipeline.py for tasks to queue
[2026-06-22T09:40:39.476+0300] {logging_mixin.py:188} INFO - [2026-06-22T09:40:39.475+0300] {dagbag.py:540} INFO - Filling up the DagBag from /media/data/omar/programming course/DEPI/DEPI project/anomx/airflow/dags/anomx_pipeline.py
[2026-06-22T09:40:40.365+0300] {processor.py:840} INFO - DAG(s) 'anomx_pipeline' retrieved from /media/data/omar/programming course/DEPI/DEPI project/anomx/airflow/dags/anomx_pipeline.py
[2026-06-22T09:40:40.377+0300] {logging_mixin.py:188} INFO - [2026-06-22T09:40:40.376+0300] {dag.py:3096} INFO - Sync 1 DAGs
[2026-06-22T09:40:40.390+0300] {logging_mixin.py:188} INFO - [2026-06-22T09:40:40.390+0300] {dag.py:3954} INFO - Setting next_dagrun for anomx_pipeline to 2026-06-22 00:00:00+00:00, run_after=2026-06-23 00:00:00+00:00
[2026-06-22T09:40:40.424+0300] {processor.py:183} INFO - Processing /media/data/omar/programming course/DEPI/DEPI project/anomx/airflow/dags/anomx_pipeline.py took 0.957 seconds
[2026-06-22T09:41:32.544+0300] {processor.py:161} INFO - Started process (PID=51663) to work on /media/data/omar/programming course/DEPI/DEPI project/anomx/airflow/dags/anomx_pipeline.py
[2026-06-22T09:41:32.545+0300] {processor.py:830} INFO - Processing file /media/data/omar/programming course/DEPI/DEPI project/anomx/airflow/dags/anomx_pipeline.py for tasks to queue
[2026-06-22T09:41:32.547+0300] {logging_mixin.py:188} INFO - [2026-06-22T09:41:32.546+0300] {dagbag.py:540} INFO - Filling up the DagBag from /media/data/omar/programming course/DEPI/DEPI project/anomx/airflow/dags/anomx_pipeline.py
[2026-06-22T09:41:33.409+0300] {processor.py:840} INFO - DAG(s) 'anomx_pipeline' retrieved from /media/data/omar/programming course/DEPI/DEPI project/anomx/airflow/dags/anomx_pipeline.py
[2026-06-22T09:41:33.421+0300] {logging_mixin.py:188} INFO - [2026-06-22T09:41:33.420+0300] {dag.py:3096} INFO - Sync 1 DAGs
[2026-06-22T09:41:33.433+0300] {logging_mixin.py:188} INFO - [2026-06-22T09:41:33.432+0300] {dag.py:3954} INFO - Setting next_dagrun for anomx_pipeline to 2026-06-22 00:00:00+00:00, run_after=2026-06-23 00:00:00+00:00
[2026-06-22T09:41:33.457+0300] {processor.py:183} INFO - Processing /media/data/omar/programming course/DEPI/DEPI project/anomx/airflow/dags/anomx_pipeline.py took 0.923 seconds
[2026-06-22T09:42:24.231+0300] {processor.py:161} INFO - Started process (PID=51845) to work on /media/data/omar/programming course/DEPI/DEPI project/anomx/airflow/dags/anomx_pipeline.py
[2026-06-22T09:42:24.232+0300] {processor.py:830} INFO - Processing file /media/data/omar/programming course/DEPI/DEPI project/anomx/airflow/dags/anomx_pipeline.py for tasks to queue
[2026-06-22T09:42:24.234+0300] {logging_mixin.py:188} INFO - [2026-06-22T09:42:24.233+0300] {dagbag.py:540} INFO - Filling up the DagBag from /media/data/omar/programming course/DEPI/DEPI project/anomx/airflow/dags/anomx_pipeline.py
[2026-06-22T09:42:25.167+0300] {processor.py:840} INFO - DAG(s) 'anomx_pipeline' retrieved from /media/data/omar/programming course/DEPI/DEPI project/anomx/airflow/dags/anomx_pipeline.py
[2026-06-22T09:42:25.180+0300] {logging_mixin.py:188} INFO - [2026-06-22T09:42:25.179+0300] {dag.py:3096} INFO - Sync 1 DAGs
[2026-06-22T09:42:25.192+0300] {logging_mixin.py:188} INFO - [2026-06-22T09:42:25.192+0300] {dag.py:3954} INFO - Setting next_dagrun for anomx_pipeline to 2026-06-22 00:00:00+00:00, run_after=2026-06-23 00:00:00+00:00
[2026-06-22T09:42:25.217+0300] {processor.py:183} INFO - Processing /media/data/omar/programming course/DEPI/DEPI project/anomx/airflow/dags/anomx_pipeline.py took 0.992 seconds
[2026-06-22T09:43:16.191+0300] {processor.py:161} INFO - Started process (PID=51923) to work on /media/data/omar/programming course/DEPI/DEPI project/anomx/airflow/dags/anomx_pipeline.py
[2026-06-22T09:43:16.192+0300] {processor.py:830} INFO - Processing file /media/data/omar/programming course/DEPI/DEPI project/anomx/airflow/dags/anomx_pipeline.py for tasks to queue
[2026-06-22T09:43:16.193+0300] {logging_mixin.py:188} INFO - [2026-06-22T09:43:16.193+0300] {dagbag.py:540} INFO - Filling up the DagBag from /media/data/omar/programming course/DEPI/DEPI project/anomx/airflow/dags/anomx_pipeline.py
[2026-06-22T09:43:17.035+0300] {processor.py:840} INFO - DAG(s) 'anomx_pipeline' retrieved from /media/data/omar/programming course/DEPI/DEPI project/anomx/airflow/dags/anomx_pipeline.py
[2026-06-22T09:43:17.047+0300] {logging_mixin.py:188} INFO - [2026-06-22T09:43:17.046+0300] {dag.py:3096} INFO - Sync 1 DAGs
[2026-06-22T09:43:17.060+0300] {logging_mixin.py:188} INFO - [2026-06-22T09:43:17.059+0300] {dag.py:3954} INFO - Setting next_dagrun for anomx_pipeline to 2026-06-22 00:00:00+00:00, run_after=2026-06-23 00:00:00+00:00
[2026-06-22T09:43:17.084+0300] {processor.py:183} INFO - Processing /media/data/omar/programming course/DEPI/DEPI project/anomx/airflow/dags/anomx_pipeline.py took 0.898 seconds
[2026-06-22T09:44:05.172+0300] {processor.py:161} INFO - Started process (PID=51997) to work on /media/data/omar/programming course/DEPI/DEPI project/anomx/airflow/dags/anomx_pipeline.py
[2026-06-22T09:44:05.174+0300] {processor.py:830} INFO - Processing file /media/data/omar/programming course/DEPI/DEPI project/anomx/airflow/dags/anomx_pipeline.py for tasks to queue
[2026-06-22T09:44:05.175+0300] {logging_mixin.py:188} INFO - [2026-06-22T09:44:05.175+0300] {dagbag.py:540} INFO - Filling up the DagBag from /media/data/omar/programming course/DEPI/DEPI project/anomx/airflow/dags/anomx_pipeline.py
[2026-06-22T09:44:06.082+0300] {processor.py:840} INFO - DAG(s) 'anomx_pipeline' retrieved from /media/data/omar/programming course/DEPI/DEPI project/anomx/airflow/dags/anomx_pipeline.py
[2026-06-22T09:44:06.094+0300] {logging_mixin.py:188} INFO - [2026-06-22T09:44:06.094+0300] {dag.py:3096} INFO - Sync 1 DAGs
[2026-06-22T09:44:06.106+0300] {logging_mixin.py:188} INFO - [2026-06-22T09:44:06.106+0300] {dag.py:3954} INFO - Setting next_dagrun for anomx_pipeline to 2026-06-22 00:00:00+00:00, run_after=2026-06-23 00:00:00+00:00
[2026-06-22T09:44:06.132+0300] {processor.py:183} INFO - Processing /media/data/omar/programming course/DEPI/DEPI project/anomx/airflow/dags/anomx_pipeline.py took 0.970 seconds
[2026-06-22T09:44:54.484+0300] {processor.py:161} INFO - Started process (PID=52074) to work on /media/data/omar/programming course/DEPI/DEPI project/anomx/airflow/dags/anomx_pipeline.py
[2026-06-22T09:44:54.486+0300] {processor.py:830} INFO - Processing file /media/data/omar/programming course/DEPI/DEPI project/anomx/airflow/dags/anomx_pipeline.py for tasks to queue
[2026-06-22T09:44:54.488+0300] {logging_mixin.py:188} INFO - [2026-06-22T09:44:54.487+0300] {dagbag.py:540} INFO - Filling up the DagBag from /media/data/omar/programming course/DEPI/DEPI project/anomx/airflow/dags/anomx_pipeline.py
[2026-06-22T09:44:55.326+0300] {processor.py:840} INFO - DAG(s) 'anomx_pipeline' retrieved from /media/data/omar/programming course/DEPI/DEPI project/anomx/airflow/dags/anomx_pipeline.py
[2026-06-22T09:44:55.338+0300] {logging_mixin.py:188} INFO - [2026-06-22T09:44:55.337+0300] {dag.py:3096} INFO - Sync 1 DAGs
[2026-06-22T09:44:55.350+0300] {logging_mixin.py:188} INFO - [2026-06-22T09:44:55.349+0300] {dag.py:3954} INFO - Setting next_dagrun for anomx_pipeline to 2026-06-22 00:00:00+00:00, run_after=2026-06-23 00:00:00+00:00
[2026-06-22T09:44:55.373+0300] {processor.py:183} INFO - Processing /media/data/omar/programming course/DEPI/DEPI project/anomx/airflow/dags/anomx_pipeline.py took 0.902 seconds
[2026-06-22T09:45:52.487+0300] {processor.py:161} INFO - Started process (PID=52169) to work on /media/data/omar/programming course/DEPI/DEPI project/anomx/airflow/dags/anomx_pipeline.py
[2026-06-22T09:45:52.488+0300] {processor.py:830} INFO - Processing file /media/data/omar/programming course/DEPI/DEPI project/anomx/airflow/dags/anomx_pipeline.py for tasks to queue
[2026-06-22T09:45:52.489+0300] {logging_mixin.py:188} INFO - [2026-06-22T09:45:52.489+0300] {dagbag.py:540} INFO - Filling up the DagBag from /media/data/omar/programming course/DEPI/DEPI project/anomx/airflow/dags/anomx_pipeline.py
[2026-06-22T09:45:53.357+0300] {processor.py:840} INFO - DAG(s) 'anomx_pipeline' retrieved from /media/data/omar/programming course/DEPI/DEPI project/anomx/airflow/dags/anomx_pipeline.py
[2026-06-22T09:45:53.368+0300] {logging_mixin.py:188} INFO - [2026-06-22T09:45:53.368+0300] {dag.py:3096} INFO - Sync 1 DAGs
[2026-06-22T09:45:53.382+0300] {logging_mixin.py:188} INFO - [2026-06-22T09:45:53.381+0300] {dag.py:3954} INFO - Setting next_dagrun for anomx_pipeline to 2026-06-22 00:00:00+00:00, run_after=2026-06-23 00:00:00+00:00
[2026-06-22T09:45:53.407+0300] {processor.py:183} INFO - Processing /media/data/omar/programming course/DEPI/DEPI project/anomx/airflow/dags/anomx_pipeline.py took 0.924 seconds
[2026-06-22T09:46:42.633+0300] {processor.py:161} INFO - Started process (PID=52255) to work on /media/data/omar/programming course/DEPI/DEPI project/anomx/airflow/dags/anomx_pipeline.py
[2026-06-22T09:46:42.635+0300] {processor.py:830} INFO - Processing file /media/data/omar/programming course/DEPI/DEPI project/anomx/airflow/dags/anomx_pipeline.py for tasks to queue
[2026-06-22T09:46:42.637+0300] {logging_mixin.py:188} INFO - [2026-06-22T09:46:42.636+0300] {dagbag.py:540} INFO - Filling up the DagBag from /media/data/omar/programming course/DEPI/DEPI project/anomx/airflow/dags/anomx_pipeline.py
[2026-06-22T09:46:43.523+0300] {processor.py:840} INFO - DAG(s) 'anomx_pipeline' retrieved from /media/data/omar/programming course/DEPI/DEPI project/anomx/airflow/dags/anomx_pipeline.py
[2026-06-22T09:46:43.536+0300] {logging_mixin.py:188} INFO - [2026-06-22T09:46:43.536+0300] {dag.py:3096} INFO - Sync 1 DAGs
[2026-06-22T09:46:43.549+0300] {logging_mixin.py:188} INFO - [2026-06-22T09:46:43.548+0300] {dag.py:3954} INFO - Setting next_dagrun for anomx_pipeline to 2026-06-22 00:00:00+00:00, run_after=2026-06-23 00:00:00+00:00
[2026-06-22T09:46:43.572+0300] {processor.py:183} INFO - Processing /media/data/omar/programming course/DEPI/DEPI project/anomx/airflow/dags/anomx_pipeline.py took 0.960 seconds
[2026-06-22T09:47:36.407+0300] {processor.py:161} INFO - Started process (PID=52332) to work on /media/data/omar/programming course/DEPI/DEPI project/anomx/airflow/dags/anomx_pipeline.py
[2026-06-22T09:47:36.408+0300] {processor.py:830} INFO - Processing file /media/data/omar/programming course/DEPI/DEPI project/anomx/airflow/dags/anomx_pipeline.py for tasks to queue
[2026-06-22T09:47:36.410+0300] {logging_mixin.py:188} INFO - [2026-06-22T09:47:36.409+0300] {dagbag.py:540} INFO - Filling up the DagBag from /media/data/omar/programming course/DEPI/DEPI project/anomx/airflow/dags/anomx_pipeline.py
[2026-06-22T09:47:37.252+0300] {processor.py:840} INFO - DAG(s) 'anomx_pipeline' retrieved from /media/data/omar/programming course/DEPI/DEPI project/anomx/airflow/dags/anomx_pipeline.py
[2026-06-22T09:47:37.265+0300] {logging_mixin.py:188} INFO - [2026-06-22T09:47:37.264+0300] {dag.py:3096} INFO - Sync 1 DAGs
[2026-06-22T09:47:37.277+0300] {logging_mixin.py:188} INFO - [2026-06-22T09:47:37.277+0300] {dag.py:3954} INFO - Setting next_dagrun for anomx_pipeline to 2026-06-22 00:00:00+00:00, run_after=2026-06-23 00:00:00+00:00
[2026-06-22T09:47:37.301+0300] {processor.py:183} INFO - Processing /media/data/omar/programming course/DEPI/DEPI project/anomx/airflow/dags/anomx_pipeline.py took 0.902 seconds
[2026-06-22T09:48:31.750+0300] {processor.py:161} INFO - Started process (PID=52414) to work on /media/data/omar/programming course/DEPI/DEPI project/anomx/airflow/dags/anomx_pipeline.py
[2026-06-22T09:48:31.751+0300] {processor.py:830} INFO - Processing file /media/data/omar/programming course/DEPI/DEPI project/anomx/airflow/dags/anomx_pipeline.py for tasks to queue
[2026-06-22T09:48:31.752+0300] {logging_mixin.py:188} INFO - [2026-06-22T09:48:31.752+0300] {dagbag.py:540} INFO - Filling up the DagBag from /media/data/omar/programming course/DEPI/DEPI project/anomx/airflow/dags/anomx_pipeline.py
[2026-06-22T09:48:32.644+0300] {processor.py:840} INFO - DAG(s) 'anomx_pipeline' retrieved from /media/data/omar/programming course/DEPI/DEPI project/anomx/airflow/dags/anomx_pipeline.py
[2026-06-22T09:48:32.656+0300] {logging_mixin.py:188} INFO - [2026-06-22T09:48:32.656+0300] {dag.py:3096} INFO - Sync 1 DAGs
[2026-06-22T09:48:32.669+0300] {logging_mixin.py:188} INFO - [2026-06-22T09:48:32.668+0300] {dag.py:3954} INFO - Setting next_dagrun for anomx_pipeline to 2026-06-22 00:00:00+00:00, run_after=2026-06-23 00:00:00+00:00
[2026-06-22T09:48:32.745+0300] {processor.py:183} INFO - Processing /media/data/omar/programming course/DEPI/DEPI project/anomx/airflow/dags/anomx_pipeline.py took 1.000 seconds
[2026-06-22T09:49:24.344+0300] {processor.py:161} INFO - Started process (PID=52500) to work on /media/data/omar/programming course/DEPI/DEPI project/anomx/airflow/dags/anomx_pipeline.py
[2026-06-22T09:49:24.345+0300] {processor.py:830} INFO - Processing file /media/data/omar/programming course/DEPI/DEPI project/anomx/airflow/dags/anomx_pipeline.py for tasks to queue
[2026-06-22T09:49:24.346+0300] {logging_mixin.py:188} INFO - [2026-06-22T09:49:24.346+0300] {dagbag.py:540} INFO - Filling up the DagBag from /media/data/omar/programming course/DEPI/DEPI project/anomx/airflow/dags/anomx_pipeline.py
[2026-06-22T09:49:25.188+0300] {processor.py:840} INFO - DAG(s) 'anomx_pipeline' retrieved from /media/data/omar/programming course/DEPI/DEPI project/anomx/airflow/dags/anomx_pipeline.py
[2026-06-22T09:49:25.199+0300] {logging_mixin.py:188} INFO - [2026-06-22T09:49:25.199+0300] {dag.py:3096} INFO - Sync 1 DAGs
[2026-06-22T09:49:25.212+0300] {logging_mixin.py:188} INFO - [2026-06-22T09:49:25.211+0300] {dag.py:3954} INFO - Setting next_dagrun for anomx_pipeline to 2026-06-22 00:00:00+00:00, run_after=2026-06-23 00:00:00+00:00
[2026-06-22T09:49:25.237+0300] {processor.py:183} INFO - Processing /media/data/omar/programming course/DEPI/DEPI project/anomx/airflow/dags/anomx_pipeline.py took 0.899 seconds
[2026-06-22T09:50:17.724+0300] {processor.py:161} INFO - Started process (PID=52590) to work on /media/data/omar/programming course/DEPI/DEPI project/anomx/airflow/dags/anomx_pipeline.py
[2026-06-22T09:50:17.724+0300] {processor.py:830} INFO - Processing file /media/data/omar/programming course/DEPI/DEPI project/anomx/airflow/dags/anomx_pipeline.py for tasks to queue
[2026-06-22T09:50:17.725+0300] {logging_mixin.py:188} INFO - [2026-06-22T09:50:17.725+0300] {dagbag.py:540} INFO - Filling up the DagBag from /media/data/omar/programming course/DEPI/DEPI project/anomx/airflow/dags/anomx_pipeline.py
[2026-06-22T09:50:18.630+0300] {processor.py:840} INFO - DAG(s) 'anomx_pipeline' retrieved from /media/data/omar/programming course/DEPI/DEPI project/anomx/airflow/dags/anomx_pipeline.py
[2026-06-22T09:50:18.643+0300] {logging_mixin.py:188} INFO - [2026-06-22T09:50:18.643+0300] {dag.py:3096} INFO - Sync 1 DAGs
[2026-06-22T09:50:18.656+0300] {logging_mixin.py:188} INFO - [2026-06-22T09:50:18.655+0300] {dag.py:3954} INFO - Setting next_dagrun for anomx_pipeline to 2026-06-22 00:00:00+00:00, run_after=2026-06-23 00:00:00+00:00
[2026-06-22T09:50:18.681+0300] {processor.py:183} INFO - Processing /media/data/omar/programming course/DEPI/DEPI project/anomx/airflow/dags/anomx_pipeline.py took 0.962 seconds
[2026-06-22T09:51:12.846+0300] {processor.py:161} INFO - Started process (PID=52671) to work on /media/data/omar/programming course/DEPI/DEPI project/anomx/airflow/dags/anomx_pipeline.py
[2026-06-22T09:51:12.847+0300] {processor.py:830} INFO - Processing file /media/data/omar/programming course/DEPI/DEPI project/anomx/airflow/dags/anomx_pipeline.py for tasks to queue
[2026-06-22T09:51:12.848+0300] {logging_mixin.py:188} INFO - [2026-06-22T09:51:12.848+0300] {dagbag.py:540} INFO - Filling up the DagBag from /media/data/omar/programming course/DEPI/DEPI project/anomx/airflow/dags/anomx_pipeline.py
[2026-06-22T09:51:13.708+0300] {processor.py:840} INFO - DAG(s) 'anomx_pipeline' retrieved from /media/data/omar/programming course/DEPI/DEPI project/anomx/airflow/dags/anomx_pipeline.py
[2026-06-22T09:51:13.720+0300] {logging_mixin.py:188} INFO - [2026-06-22T09:51:13.720+0300] {dag.py:3096} INFO - Sync 1 DAGs
[2026-06-22T09:51:13.733+0300] {logging_mixin.py:188} INFO - [2026-06-22T09:51:13.732+0300] {dag.py:3954} INFO - Setting next_dagrun for anomx_pipeline to 2026-06-22 00:00:00+00:00, run_after=2026-06-23 00:00:00+00:00
[2026-06-22T09:51:13.760+0300] {processor.py:183} INFO - Processing /media/data/omar/programming course/DEPI/DEPI project/anomx/airflow/dags/anomx_pipeline.py took 0.921 seconds
[2026-06-22T09:52:04.600+0300] {processor.py:161} INFO - Started process (PID=52739) to work on /media/data/omar/programming course/DEPI/DEPI project/anomx/airflow/dags/anomx_pipeline.py
[2026-06-22T09:52:04.601+0300] {processor.py:830} INFO - Processing file /media/data/omar/programming course/DEPI/DEPI project/anomx/airflow/dags/anomx_pipeline.py for tasks to queue
[2026-06-22T09:52:04.602+0300] {logging_mixin.py:188} INFO - [2026-06-22T09:52:04.602+0300] {dagbag.py:540} INFO - Filling up the DagBag from /media/data/omar/programming course/DEPI/DEPI project/anomx/airflow/dags/anomx_pipeline.py
[2026-06-22T09:52:05.486+0300] {processor.py:840} INFO - DAG(s) 'anomx_pipeline' retrieved from /media/data/omar/programming course/DEPI/DEPI project/anomx/airflow/dags/anomx_pipeline.py
[2026-06-22T09:52:05.498+0300] {logging_mixin.py:188} INFO - [2026-06-22T09:52:05.497+0300] {dag.py:3096} INFO - Sync 1 DAGs
[2026-06-22T09:52:05.510+0300] {logging_mixin.py:188} INFO - [2026-06-22T09:52:05.510+0300] {dag.py:3954} INFO - Setting next_dagrun for anomx_pipeline to 2026-06-22 00:00:00+00:00, run_after=2026-06-23 00:00:00+00:00
[2026-06-22T09:52:05.535+0300] {processor.py:183} INFO - Processing /media/data/omar/programming course/DEPI/DEPI project/anomx/airflow/dags/anomx_pipeline.py took 0.940 seconds
[2026-06-22T09:52:56.162+0300] {processor.py:161} INFO - Started process (PID=52830) to work on /media/data/omar/programming course/DEPI/DEPI project/anomx/airflow/dags/anomx_pipeline.py
[2026-06-22T09:52:56.163+0300] {processor.py:830} INFO - Processing file /media/data/omar/programming course/DEPI/DEPI project/anomx/airflow/dags/anomx_pipeline.py for tasks to queue
[2026-06-22T09:52:56.165+0300] {logging_mixin.py:188} INFO - [2026-06-22T09:52:56.164+0300] {dagbag.py:540} INFO - Filling up the DagBag from /media/data/omar/programming course/DEPI/DEPI project/anomx/airflow/dags/anomx_pipeline.py
[2026-06-22T09:52:57.008+0300] {processor.py:840} INFO - DAG(s) 'anomx_pipeline' retrieved from /media/data/omar/programming course/DEPI/DEPI project/anomx/airflow/dags/anomx_pipeline.py
[2026-06-22T09:52:57.020+0300] {logging_mixin.py:188} INFO - [2026-06-22T09:52:57.019+0300] {dag.py:3096} INFO - Sync 1 DAGs
[2026-06-22T09:52:57.033+0300] {logging_mixin.py:188} INFO - [2026-06-22T09:52:57.032+0300] {dag.py:3954} INFO - Setting next_dagrun for anomx_pipeline to 2026-06-22 00:00:00+00:00, run_after=2026-06-23 00:00:00+00:00
[2026-06-22T09:52:57.058+0300] {processor.py:183} INFO - Processing /media/data/omar/programming course/DEPI/DEPI project/anomx/airflow/dags/anomx_pipeline.py took 0.909 seconds
[2026-06-22T09:53:45.538+0300] {processor.py:161} INFO - Started process (PID=52902) to work on /media/data/omar/programming course/DEPI/DEPI project/anomx/airflow/dags/anomx_pipeline.py
[2026-06-22T09:53:45.539+0300] {processor.py:830} INFO - Processing file /media/data/omar/programming course/DEPI/DEPI project/anomx/airflow/dags/anomx_pipeline.py for tasks to queue
[2026-06-22T09:53:45.540+0300] {logging_mixin.py:188} INFO - [2026-06-22T09:53:45.540+0300] {dagbag.py:540} INFO - Filling up the DagBag from /media/data/omar/programming course/DEPI/DEPI project/anomx/airflow/dags/anomx_pipeline.py
[2026-06-22T09:53:46.439+0300] {processor.py:840} INFO - DAG(s) 'anomx_pipeline' retrieved from /media/data/omar/programming course/DEPI/DEPI project/anomx/airflow/dags/anomx_pipeline.py
[2026-06-22T09:53:46.451+0300] {logging_mixin.py:188} INFO - [2026-06-22T09:53:46.450+0300] {dag.py:3096} INFO - Sync 1 DAGs
[2026-06-22T09:53:46.463+0300] {logging_mixin.py:188} INFO - [2026-06-22T09:53:46.462+0300] {dag.py:3954} INFO - Setting next_dagrun for anomx_pipeline to 2026-06-22 00:00:00+00:00, run_after=2026-06-23 00:00:00+00:00
[2026-06-22T09:53:46.488+0300] {processor.py:183} INFO - Processing /media/data/omar/programming course/DEPI/DEPI project/anomx/airflow/dags/anomx_pipeline.py took 0.954 seconds
[2026-06-22T09:54:39.033+0300] {processor.py:161} INFO - Started process (PID=52982) to work on /media/data/omar/programming course/DEPI/DEPI project/anomx/airflow/dags/anomx_pipeline.py
[2026-06-22T09:54:39.035+0300] {processor.py:830} INFO - Processing file /media/data/omar/programming course/DEPI/DEPI project/anomx/airflow/dags/anomx_pipeline.py for tasks to queue
[2026-06-22T09:54:39.037+0300] {logging_mixin.py:188} INFO - [2026-06-22T09:54:39.036+0300] {dagbag.py:540} INFO - Filling up the DagBag from /media/data/omar/programming course/DEPI/DEPI project/anomx/airflow/dags/anomx_pipeline.py
[2026-06-22T09:54:39.898+0300] {processor.py:840} INFO - DAG(s) 'anomx_pipeline' retrieved from /media/data/omar/programming course/DEPI/DEPI project/anomx/airflow/dags/anomx_pipeline.py
[2026-06-22T09:54:39.910+0300] {logging_mixin.py:188} INFO - [2026-06-22T09:54:39.909+0300] {dag.py:3096} INFO - Sync 1 DAGs
[2026-06-22T09:54:39.922+0300] {logging_mixin.py:188} INFO - [2026-06-22T09:54:39.922+0300] {dag.py:3954} INFO - Setting next_dagrun for anomx_pipeline to 2026-06-22 00:00:00+00:00, run_after=2026-06-23 00:00:00+00:00
[2026-06-22T09:54:39.946+0300] {processor.py:183} INFO - Processing /media/data/omar/programming course/DEPI/DEPI project/anomx/airflow/dags/anomx_pipeline.py took 0.927 seconds
[2026-06-22T09:55:32.174+0300] {processor.py:161} INFO - Started process (PID=53063) to work on /media/data/omar/programming course/DEPI/DEPI project/anomx/airflow/dags/anomx_pipeline.py
[2026-06-22T09:55:32.176+0300] {processor.py:830} INFO - Processing file /media/data/omar/programming course/DEPI/DEPI project/anomx/airflow/dags/anomx_pipeline.py for tasks to queue
[2026-06-22T09:55:32.178+0300] {logging_mixin.py:188} INFO - [2026-06-22T09:55:32.177+0300] {dagbag.py:540} INFO - Filling up the DagBag from /media/data/omar/programming course/DEPI/DEPI project/anomx/airflow/dags/anomx_pipeline.py
[2026-06-22T09:55:33.026+0300] {processor.py:840} INFO - DAG(s) 'anomx_pipeline' retrieved from /media/data/omar/programming course/DEPI/DEPI project/anomx/airflow/dags/anomx_pipeline.py
[2026-06-22T09:55:33.037+0300] {logging_mixin.py:188} INFO - [2026-06-22T09:55:33.037+0300] {dag.py:3096} INFO - Sync 1 DAGs
[2026-06-22T09:55:33.050+0300] {logging_mixin.py:188} INFO - [2026-06-22T09:55:33.050+0300] {dag.py:3954} INFO - Setting next_dagrun for anomx_pipeline to 2026-06-22 00:00:00+00:00, run_after=2026-06-23 00:00:00+00:00
[2026-06-22T09:55:33.075+0300] {processor.py:183} INFO - Processing /media/data/omar/programming course/DEPI/DEPI project/anomx/airflow/dags/anomx_pipeline.py took 0.915 seconds
[2026-06-22T09:56:21.512+0300] {processor.py:161} INFO - Started process (PID=53155) to work on /media/data/omar/programming course/DEPI/DEPI project/anomx/airflow/dags/anomx_pipeline.py
[2026-06-22T09:56:21.514+0300] {processor.py:830} INFO - Processing file /media/data/omar/programming course/DEPI/DEPI project/anomx/airflow/dags/anomx_pipeline.py for tasks to queue
[2026-06-22T09:56:21.515+0300] {logging_mixin.py:188} INFO - [2026-06-22T09:56:21.514+0300] {dagbag.py:540} INFO - Filling up the DagBag from /media/data/omar/programming course/DEPI/DEPI project/anomx/airflow/dags/anomx_pipeline.py
[2026-06-22T09:56:22.392+0300] {processor.py:840} INFO - DAG(s) 'anomx_pipeline' retrieved from /media/data/omar/programming course/DEPI/DEPI project/anomx/airflow/dags/anomx_pipeline.py
[2026-06-22T09:56:22.404+0300] {logging_mixin.py:188} INFO - [2026-06-22T09:56:22.403+0300] {dag.py:3096} INFO - Sync 1 DAGs
[2026-06-22T09:56:22.416+0300] {logging_mixin.py:188} INFO - [2026-06-22T09:56:22.416+0300] {dag.py:3954} INFO - Setting next_dagrun for anomx_pipeline to 2026-06-22 00:00:00+00:00, run_after=2026-06-23 00:00:00+00:00
[2026-06-22T09:56:22.441+0300] {processor.py:183} INFO - Processing /media/data/omar/programming course/DEPI/DEPI project/anomx/airflow/dags/anomx_pipeline.py took 0.938 seconds
[2026-06-22T09:57:13.192+0300] {processor.py:161} INFO - Started process (PID=53243) to work on /media/data/omar/programming course/DEPI/DEPI project/anomx/airflow/dags/anomx_pipeline.py
[2026-06-22T09:57:13.192+0300] {processor.py:830} INFO - Processing file /media/data/omar/programming course/DEPI/DEPI project/anomx/airflow/dags/anomx_pipeline.py for tasks to queue
[2026-06-22T09:57:13.193+0300] {logging_mixin.py:188} INFO - [2026-06-22T09:57:13.193+0300] {dagbag.py:540} INFO - Filling up the DagBag from /media/data/omar/programming course/DEPI/DEPI project/anomx/airflow/dags/anomx_pipeline.py
[2026-06-22T09:57:14.049+0300] {processor.py:840} INFO - DAG(s) 'anomx_pipeline' retrieved from /media/data/omar/programming course/DEPI/DEPI project/anomx/airflow/dags/anomx_pipeline.py
[2026-06-22T09:57:14.061+0300] {logging_mixin.py:188} INFO - [2026-06-22T09:57:14.061+0300] {dag.py:3096} INFO - Sync 1 DAGs
[2026-06-22T09:57:14.073+0300] {logging_mixin.py:188} INFO - [2026-06-22T09:57:14.073+0300] {dag.py:3954} INFO - Setting next_dagrun for anomx_pipeline to 2026-06-22 00:00:00+00:00, run_after=2026-06-23 00:00:00+00:00
[2026-06-22T09:57:14.097+0300] {processor.py:183} INFO - Processing /media/data/omar/programming course/DEPI/DEPI project/anomx/airflow/dags/anomx_pipeline.py took 0.912 seconds
[2026-06-22T09:58:05.062+0300] {processor.py:161} INFO - Started process (PID=53333) to work on /media/data/omar/programming course/DEPI/DEPI project/anomx/airflow/dags/anomx_pipeline.py
[2026-06-22T09:58:05.063+0300] {processor.py:830} INFO - Processing file /media/data/omar/programming course/DEPI/DEPI project/anomx/airflow/dags/anomx_pipeline.py for tasks to queue
[2026-06-22T09:58:05.064+0300] {logging_mixin.py:188} INFO - [2026-06-22T09:58:05.063+0300] {dagbag.py:540} INFO - Filling up the DagBag from /media/data/omar/programming course/DEPI/DEPI project/anomx/airflow/dags/anomx_pipeline.py
[2026-06-22T09:58:05.954+0300] {processor.py:840} INFO - DAG(s) 'anomx_pipeline' retrieved from /media/data/omar/programming course/DEPI/DEPI project/anomx/airflow/dags/anomx_pipeline.py
[2026-06-22T09:58:05.974+0300] {logging_mixin.py:188} INFO - [2026-06-22T09:58:05.973+0300] {dag.py:3096} INFO - Sync 1 DAGs
[2026-06-22T09:58:05.997+0300] {logging_mixin.py:188} INFO - [2026-06-22T09:58:05.996+0300] {dag.py:3954} INFO - Setting next_dagrun for anomx_pipeline to 2026-06-22 00:00:00+00:00, run_after=2026-06-23 00:00:00+00:00
[2026-06-22T09:58:06.033+0300] {processor.py:183} INFO - Processing /media/data/omar/programming course/DEPI/DEPI project/anomx/airflow/dags/anomx_pipeline.py took 0.980 seconds
[2026-06-22T09:58:52.757+0300] {processor.py:161} INFO - Started process (PID=53410) to work on /media/data/omar/programming course/DEPI/DEPI project/anomx/airflow/dags/anomx_pipeline.py
[2026-06-22T09:58:52.757+0300] {processor.py:830} INFO - Processing file /media/data/omar/programming course/DEPI/DEPI project/anomx/airflow/dags/anomx_pipeline.py for tasks to queue
[2026-06-22T09:58:52.758+0300] {logging_mixin.py:188} INFO - [2026-06-22T09:58:52.758+0300] {dagbag.py:540} INFO - Filling up the DagBag from /media/data/omar/programming course/DEPI/DEPI project/anomx/airflow/dags/anomx_pipeline.py
[2026-06-22T09:58:53.584+0300] {processor.py:840} INFO - DAG(s) 'anomx_pipeline' retrieved from /media/data/omar/programming course/DEPI/DEPI project/anomx/airflow/dags/anomx_pipeline.py
[2026-06-22T09:58:53.596+0300] {logging_mixin.py:188} INFO - [2026-06-22T09:58:53.595+0300] {dag.py:3096} INFO - Sync 1 DAGs
[2026-06-22T09:58:53.608+0300] {logging_mixin.py:188} INFO - [2026-06-22T09:58:53.607+0300] {dag.py:3954} INFO - Setting next_dagrun for anomx_pipeline to 2026-06-22 00:00:00+00:00, run_after=2026-06-23 00:00:00+00:00
[2026-06-22T09:58:53.633+0300] {processor.py:183} INFO - Processing /media/data/omar/programming course/DEPI/DEPI project/anomx/airflow/dags/anomx_pipeline.py took 0.881 seconds
[2026-06-22T09:59:43.107+0300] {processor.py:161} INFO - Started process (PID=53500) to work on /media/data/omar/programming course/DEPI/DEPI project/anomx/airflow/dags/anomx_pipeline.py
[2026-06-22T09:59:43.109+0300] {processor.py:830} INFO - Processing file /media/data/omar/programming course/DEPI/DEPI project/anomx/airflow/dags/anomx_pipeline.py for tasks to queue
[2026-06-22T09:59:43.112+0300] {logging_mixin.py:188} INFO - [2026-06-22T09:59:43.111+0300] {dagbag.py:540} INFO - Filling up the DagBag from /media/data/omar/programming course/DEPI/DEPI project/anomx/airflow/dags/anomx_pipeline.py
[2026-06-22T09:59:43.990+0300] {processor.py:840} INFO - DAG(s) 'anomx_pipeline' retrieved from /media/data/omar/programming course/DEPI/DEPI project/anomx/airflow/dags/anomx_pipeline.py
[2026-06-22T09:59:44.002+0300] {logging_mixin.py:188} INFO - [2026-06-22T09:59:44.001+0300] {dag.py:3096} INFO - Sync 1 DAGs
[2026-06-22T09:59:44.014+0300] {logging_mixin.py:188} INFO - [2026-06-22T09:59:44.014+0300] {dag.py:3954} INFO - Setting next_dagrun for anomx_pipeline to 2026-06-22 00:00:00+00:00, run_after=2026-06-23 00:00:00+00:00
[2026-06-22T09:59:44.039+0300] {processor.py:183} INFO - Processing /media/data/omar/programming course/DEPI/DEPI project/anomx/airflow/dags/anomx_pipeline.py took 0.945 seconds
[2026-06-22T10:00:36.463+0300] {processor.py:161} INFO - Started process (PID=53583) to work on /media/data/omar/programming course/DEPI/DEPI project/anomx/airflow/dags/anomx_pipeline.py
[2026-06-22T10:00:36.464+0300] {processor.py:830} INFO - Processing file /media/data/omar/programming course/DEPI/DEPI project/anomx/airflow/dags/anomx_pipeline.py for tasks to queue
[2026-06-22T10:00:36.466+0300] {logging_mixin.py:188} INFO - [2026-06-22T10:00:36.465+0300] {dagbag.py:540} INFO - Filling up the DagBag from /media/data/omar/programming course/DEPI/DEPI project/anomx/airflow/dags/anomx_pipeline.py
[2026-06-22T10:00:37.366+0300] {processor.py:840} INFO - DAG(s) 'anomx_pipeline' retrieved from /media/data/omar/programming course/DEPI/DEPI project/anomx/airflow/dags/anomx_pipeline.py
[2026-06-22T10:00:37.378+0300] {logging_mixin.py:188} INFO - [2026-06-22T10:00:37.378+0300] {dag.py:3096} INFO - Sync 1 DAGs
[2026-06-22T10:00:37.391+0300] {logging_mixin.py:188} INFO - [2026-06-22T10:00:37.390+0300] {dag.py:3954} INFO - Setting next_dagrun for anomx_pipeline to 2026-06-22 00:00:00+00:00, run_after=2026-06-23 00:00:00+00:00
[2026-06-22T10:00:37.415+0300] {processor.py:183} INFO - Processing /media/data/omar/programming course/DEPI/DEPI project/anomx/airflow/dags/anomx_pipeline.py took 0.962 seconds
[2026-06-22T10:01:28.645+0300] {processor.py:161} INFO - Started process (PID=53662) to work on /media/data/omar/programming course/DEPI/DEPI project/anomx/airflow/dags/anomx_pipeline.py
[2026-06-22T10:01:28.646+0300] {processor.py:830} INFO - Processing file /media/data/omar/programming course/DEPI/DEPI project/anomx/airflow/dags/anomx_pipeline.py for tasks to queue
[2026-06-22T10:01:28.647+0300] {logging_mixin.py:188} INFO - [2026-06-22T10:01:28.647+0300] {dagbag.py:540} INFO - Filling up the DagBag from /media/data/omar/programming course/DEPI/DEPI project/anomx/airflow/dags/anomx_pipeline.py
[2026-06-22T10:01:29.481+0300] {processor.py:840} INFO - DAG(s) 'anomx_pipeline' retrieved from /media/data/omar/programming course/DEPI/DEPI project/anomx/airflow/dags/anomx_pipeline.py
[2026-06-22T10:01:29.492+0300] {logging_mixin.py:188} INFO - [2026-06-22T10:01:29.492+0300] {dag.py:3096} INFO - Sync 1 DAGs
[2026-06-22T10:01:29.504+0300] {logging_mixin.py:188} INFO - [2026-06-22T10:01:29.504+0300] {dag.py:3954} INFO - Setting next_dagrun for anomx_pipeline to 2026-06-22 00:00:00+00:00, run_after=2026-06-23 00:00:00+00:00
[2026-06-22T10:01:29.529+0300] {processor.py:183} INFO - Processing /media/data/omar/programming course/DEPI/DEPI project/anomx/airflow/dags/anomx_pipeline.py took 0.893 seconds
[2026-06-22T10:02:22.215+0300] {processor.py:161} INFO - Started process (PID=53751) to work on /media/data/omar/programming course/DEPI/DEPI project/anomx/airflow/dags/anomx_pipeline.py
[2026-06-22T10:02:22.216+0300] {processor.py:830} INFO - Processing file /media/data/omar/programming course/DEPI/DEPI project/anomx/airflow/dags/anomx_pipeline.py for tasks to queue
[2026-06-22T10:02:22.217+0300] {logging_mixin.py:188} INFO - [2026-06-22T10:02:22.217+0300] {dagbag.py:540} INFO - Filling up the DagBag from /media/data/omar/programming course/DEPI/DEPI project/anomx/airflow/dags/anomx_pipeline.py
[2026-06-22T10:02:23.085+0300] {processor.py:840} INFO - DAG(s) 'anomx_pipeline' retrieved from /media/data/omar/programming course/DEPI/DEPI project/anomx/airflow/dags/anomx_pipeline.py
[2026-06-22T10:02:23.098+0300] {logging_mixin.py:188} INFO - [2026-06-22T10:02:23.098+0300] {dag.py:3096} INFO - Sync 1 DAGs
[2026-06-22T10:02:23.111+0300] {logging_mixin.py:188} INFO - [2026-06-22T10:02:23.111+0300] {dag.py:3954} INFO - Setting next_dagrun for anomx_pipeline to 2026-06-22 00:00:00+00:00, run_after=2026-06-23 00:00:00+00:00
[2026-06-22T10:02:23.137+0300] {processor.py:183} INFO - Processing /media/data/omar/programming course/DEPI/DEPI project/anomx/airflow/dags/anomx_pipeline.py took 0.927 seconds
[2026-06-22T10:03:15.993+0300] {processor.py:161} INFO - Started process (PID=53913) to work on /media/data/omar/programming course/DEPI/DEPI project/anomx/airflow/dags/anomx_pipeline.py
[2026-06-22T10:03:15.995+0300] {processor.py:830} INFO - Processing file /media/data/omar/programming course/DEPI/DEPI project/anomx/airflow/dags/anomx_pipeline.py for tasks to queue
[2026-06-22T10:03:15.997+0300] {logging_mixin.py:188} INFO - [2026-06-22T10:03:15.996+0300] {dagbag.py:540} INFO - Filling up the DagBag from /media/data/omar/programming course/DEPI/DEPI project/anomx/airflow/dags/anomx_pipeline.py
[2026-06-22T10:03:16.983+0300] {processor.py:840} INFO - DAG(s) 'anomx_pipeline' retrieved from /media/data/omar/programming course/DEPI/DEPI project/anomx/airflow/dags/anomx_pipeline.py
[2026-06-22T10:03:16.995+0300] {logging_mixin.py:188} INFO - [2026-06-22T10:03:16.994+0300] {dag.py:3096} INFO - Sync 1 DAGs
[2026-06-22T10:03:17.008+0300] {logging_mixin.py:188} INFO - [2026-06-22T10:03:17.007+0300] {dag.py:3954} INFO - Setting next_dagrun for anomx_pipeline to 2026-06-22 00:00:00+00:00, run_after=2026-06-23 00:00:00+00:00
[2026-06-22T10:03:17.033+0300] {processor.py:183} INFO - Processing /media/data/omar/programming course/DEPI/DEPI project/anomx/airflow/dags/anomx_pipeline.py took 1.050 seconds
[2026-06-22T10:04:07.588+0300] {processor.py:161} INFO - Started process (PID=53978) to work on /media/data/omar/programming course/DEPI/DEPI project/anomx/airflow/dags/anomx_pipeline.py
[2026-06-22T10:04:07.590+0300] {processor.py:830} INFO - Processing file /media/data/omar/programming course/DEPI/DEPI project/anomx/airflow/dags/anomx_pipeline.py for tasks to queue
[2026-06-22T10:04:07.592+0300] {logging_mixin.py:188} INFO - [2026-06-22T10:04:07.591+0300] {dagbag.py:540} INFO - Filling up the DagBag from /media/data/omar/programming course/DEPI/DEPI project/anomx/airflow/dags/anomx_pipeline.py
[2026-06-22T10:04:08.459+0300] {processor.py:840} INFO - DAG(s) 'anomx_pipeline' retrieved from /media/data/omar/programming course/DEPI/DEPI project/anomx/airflow/dags/anomx_pipeline.py
[2026-06-22T10:04:08.470+0300] {logging_mixin.py:188} INFO - [2026-06-22T10:04:08.470+0300] {dag.py:3096} INFO - Sync 1 DAGs
[2026-06-22T10:04:08.482+0300] {logging_mixin.py:188} INFO - [2026-06-22T10:04:08.482+0300] {dag.py:3954} INFO - Setting next_dagrun for anomx_pipeline to 2026-06-22 00:00:00+00:00, run_after=2026-06-23 00:00:00+00:00
[2026-06-22T10:04:08.506+0300] {processor.py:183} INFO - Processing /media/data/omar/programming course/DEPI/DEPI project/anomx/airflow/dags/anomx_pipeline.py took 0.931 seconds
[2026-06-22T10:05:01.050+0300] {processor.py:161} INFO - Started process (PID=54059) to work on /media/data/omar/programming course/DEPI/DEPI project/anomx/airflow/dags/anomx_pipeline.py
[2026-06-22T10:05:01.051+0300] {processor.py:830} INFO - Processing file /media/data/omar/programming course/DEPI/DEPI project/anomx/airflow/dags/anomx_pipeline.py for tasks to queue
[2026-06-22T10:05:01.052+0300] {logging_mixin.py:188} INFO - [2026-06-22T10:05:01.051+0300] {dagbag.py:540} INFO - Filling up the DagBag from /media/data/omar/programming course/DEPI/DEPI project/anomx/airflow/dags/anomx_pipeline.py
[2026-06-22T10:05:01.897+0300] {processor.py:840} INFO - DAG(s) 'anomx_pipeline' retrieved from /media/data/omar/programming course/DEPI/DEPI project/anomx/airflow/dags/anomx_pipeline.py
[2026-06-22T10:05:01.909+0300] {logging_mixin.py:188} INFO - [2026-06-22T10:05:01.908+0300] {dag.py:3096} INFO - Sync 1 DAGs
[2026-06-22T10:05:01.923+0300] {logging_mixin.py:188} INFO - [2026-06-22T10:05:01.922+0300] {dag.py:3954} INFO - Setting next_dagrun for anomx_pipeline to 2026-06-22 00:00:00+00:00, run_after=2026-06-23 00:00:00+00:00
[2026-06-22T10:05:01.947+0300] {processor.py:183} INFO - Processing /media/data/omar/programming course/DEPI/DEPI project/anomx/airflow/dags/anomx_pipeline.py took 0.902 seconds
[2026-06-22T10:05:51.628+0300] {processor.py:161} INFO - Started process (PID=54164) to work on /media/data/omar/programming course/DEPI/DEPI project/anomx/airflow/dags/anomx_pipeline.py
[2026-06-22T10:05:51.629+0300] {processor.py:830} INFO - Processing file /media/data/omar/programming course/DEPI/DEPI project/anomx/airflow/dags/anomx_pipeline.py for tasks to queue
[2026-06-22T10:05:51.630+0300] {logging_mixin.py:188} INFO - [2026-06-22T10:05:51.630+0300] {dagbag.py:540} INFO - Filling up the DagBag from /media/data/omar/programming course/DEPI/DEPI project/anomx/airflow/dags/anomx_pipeline.py
[2026-06-22T10:05:52.450+0300] {processor.py:840} INFO - DAG(s) 'anomx_pipeline' retrieved from /media/data/omar/programming course/DEPI/DEPI project/anomx/airflow/dags/anomx_pipeline.py
[2026-06-22T10:05:52.461+0300] {logging_mixin.py:188} INFO - [2026-06-22T10:05:52.461+0300] {dag.py:3096} INFO - Sync 1 DAGs
[2026-06-22T10:05:52.473+0300] {logging_mixin.py:188} INFO - [2026-06-22T10:05:52.473+0300] {dag.py:3954} INFO - Setting next_dagrun for anomx_pipeline to 2026-06-22 00:00:00+00:00, run_after=2026-06-23 00:00:00+00:00
[2026-06-22T10:05:52.501+0300] {processor.py:183} INFO - Processing /media/data/omar/programming course/DEPI/DEPI project/anomx/airflow/dags/anomx_pipeline.py took 0.878 seconds
[2026-06-22T10:06:39.666+0300] {processor.py:161} INFO - Started process (PID=54241) to work on /media/data/omar/programming course/DEPI/DEPI project/anomx/airflow/dags/anomx_pipeline.py
[2026-06-22T10:06:39.667+0300] {processor.py:830} INFO - Processing file /media/data/omar/programming course/DEPI/DEPI project/anomx/airflow/dags/anomx_pipeline.py for tasks to queue
[2026-06-22T10:06:39.668+0300] {logging_mixin.py:188} INFO - [2026-06-22T10:06:39.668+0300] {dagbag.py:540} INFO - Filling up the DagBag from /media/data/omar/programming course/DEPI/DEPI project/anomx/airflow/dags/anomx_pipeline.py
[2026-06-22T10:06:40.547+0300] {processor.py:840} INFO - DAG(s) 'anomx_pipeline' retrieved from /media/data/omar/programming course/DEPI/DEPI project/anomx/airflow/dags/anomx_pipeline.py
[2026-06-22T10:06:40.559+0300] {logging_mixin.py:188} INFO - [2026-06-22T10:06:40.559+0300] {dag.py:3096} INFO - Sync 1 DAGs
[2026-06-22T10:06:40.571+0300] {logging_mixin.py:188} INFO - [2026-06-22T10:06:40.571+0300] {dag.py:3954} INFO - Setting next_dagrun for anomx_pipeline to 2026-06-22 00:00:00+00:00, run_after=2026-06-23 00:00:00+00:00
[2026-06-22T10:06:40.648+0300] {processor.py:183} INFO - Processing /media/data/omar/programming course/DEPI/DEPI project/anomx/airflow/dags/anomx_pipeline.py took 0.991 seconds
[2026-06-22T10:07:34.069+0300] {processor.py:161} INFO - Started process (PID=54319) to work on /media/data/omar/programming course/DEPI/DEPI project/anomx/airflow/dags/anomx_pipeline.py
[2026-06-22T10:07:34.070+0300] {processor.py:830} INFO - Processing file /media/data/omar/programming course/DEPI/DEPI project/anomx/airflow/dags/anomx_pipeline.py for tasks to queue
[2026-06-22T10:07:34.072+0300] {logging_mixin.py:188} INFO - [2026-06-22T10:07:34.071+0300] {dagbag.py:540} INFO - Filling up the DagBag from /media/data/omar/programming course/DEPI/DEPI project/anomx/airflow/dags/anomx_pipeline.py
[2026-06-22T10:07:34.955+0300] {processor.py:840} INFO - DAG(s) 'anomx_pipeline' retrieved from /media/data/omar/programming course/DEPI/DEPI project/anomx/airflow/dags/anomx_pipeline.py
[2026-06-22T10:07:34.967+0300] {logging_mixin.py:188} INFO - [2026-06-22T10:07:34.966+0300] {dag.py:3096} INFO - Sync 1 DAGs
[2026-06-22T10:07:34.978+0300] {logging_mixin.py:188} INFO - [2026-06-22T10:07:34.978+0300] {dag.py:3954} INFO - Setting next_dagrun for anomx_pipeline to 2026-06-22 00:00:00+00:00, run_after=2026-06-23 00:00:00+00:00
[2026-06-22T10:07:35.003+0300] {processor.py:183} INFO - Processing /media/data/omar/programming course/DEPI/DEPI project/anomx/airflow/dags/anomx_pipeline.py took 0.944 seconds
[2026-06-22T10:08:27.122+0300] {processor.py:161} INFO - Started process (PID=54398) to work on /media/data/omar/programming course/DEPI/DEPI project/anomx/airflow/dags/anomx_pipeline.py
[2026-06-22T10:08:27.124+0300] {processor.py:830} INFO - Processing file /media/data/omar/programming course/DEPI/DEPI project/anomx/airflow/dags/anomx_pipeline.py for tasks to queue
[2026-06-22T10:08:27.125+0300] {logging_mixin.py:188} INFO - [2026-06-22T10:08:27.125+0300] {dagbag.py:540} INFO - Filling up the DagBag from /media/data/omar/programming course/DEPI/DEPI project/anomx/airflow/dags/anomx_pipeline.py
[2026-06-22T10:08:27.985+0300] {processor.py:840} INFO - DAG(s) 'anomx_pipeline' retrieved from /media/data/omar/programming course/DEPI/DEPI project/anomx/airflow/dags/anomx_pipeline.py
[2026-06-22T10:08:27.996+0300] {logging_mixin.py:188} INFO - [2026-06-22T10:08:27.996+0300] {dag.py:3096} INFO - Sync 1 DAGs
[2026-06-22T10:08:28.009+0300] {logging_mixin.py:188} INFO - [2026-06-22T10:08:28.008+0300] {dag.py:3954} INFO - Setting next_dagrun for anomx_pipeline to 2026-06-22 00:00:00+00:00, run_after=2026-06-23 00:00:00+00:00
[2026-06-22T10:08:28.086+0300] {processor.py:183} INFO - Processing /media/data/omar/programming course/DEPI/DEPI project/anomx/airflow/dags/anomx_pipeline.py took 0.974 seconds
[2026-06-22T10:09:18.572+0300] {processor.py:161} INFO - Started process (PID=54475) to work on /media/data/omar/programming course/DEPI/DEPI project/anomx/airflow/dags/anomx_pipeline.py
[2026-06-22T10:09:18.574+0300] {processor.py:830} INFO - Processing file /media/data/omar/programming course/DEPI/DEPI project/anomx/airflow/dags/anomx_pipeline.py for tasks to queue
[2026-06-22T10:09:18.576+0300] {logging_mixin.py:188} INFO - [2026-06-22T10:09:18.575+0300] {dagbag.py:540} INFO - Filling up the DagBag from /media/data/omar/programming course/DEPI/DEPI project/anomx/airflow/dags/anomx_pipeline.py
[2026-06-22T10:09:19.448+0300] {processor.py:840} INFO - DAG(s) 'anomx_pipeline' retrieved from /media/data/omar/programming course/DEPI/DEPI project/anomx/airflow/dags/anomx_pipeline.py
[2026-06-22T10:09:19.460+0300] {logging_mixin.py:188} INFO - [2026-06-22T10:09:19.460+0300] {dag.py:3096} INFO - Sync 1 DAGs
[2026-06-22T10:09:19.473+0300] {logging_mixin.py:188} INFO - [2026-06-22T10:09:19.472+0300] {dag.py:3954} INFO - Setting next_dagrun for anomx_pipeline to 2026-06-22 00:00:00+00:00, run_after=2026-06-23 00:00:00+00:00
[2026-06-22T10:09:19.508+0300] {processor.py:183} INFO - Processing /media/data/omar/programming course/DEPI/DEPI project/anomx/airflow/dags/anomx_pipeline.py took 0.946 seconds
[2026-06-22T10:10:10.310+0300] {processor.py:161} INFO - Started process (PID=54551) to work on /media/data/omar/programming course/DEPI/DEPI project/anomx/airflow/dags/anomx_pipeline.py
[2026-06-22T10:10:10.311+0300] {processor.py:830} INFO - Processing file /media/data/omar/programming course/DEPI/DEPI project/anomx/airflow/dags/anomx_pipeline.py for tasks to queue
[2026-06-22T10:10:10.313+0300] {logging_mixin.py:188} INFO - [2026-06-22T10:10:10.312+0300] {dagbag.py:540} INFO - Filling up the DagBag from /media/data/omar/programming course/DEPI/DEPI project/anomx/airflow/dags/anomx_pipeline.py
[2026-06-22T10:10:11.199+0300] {processor.py:840} INFO - DAG(s) 'anomx_pipeline' retrieved from /media/data/omar/programming course/DEPI/DEPI project/anomx/airflow/dags/anomx_pipeline.py
[2026-06-22T10:10:11.210+0300] {logging_mixin.py:188} INFO - [2026-06-22T10:10:11.210+0300] {dag.py:3096} INFO - Sync 1 DAGs
[2026-06-22T10:10:11.222+0300] {logging_mixin.py:188} INFO - [2026-06-22T10:10:11.222+0300] {dag.py:3954} INFO - Setting next_dagrun for anomx_pipeline to 2026-06-22 00:00:00+00:00, run_after=2026-06-23 00:00:00+00:00
[2026-06-22T10:10:11.248+0300] {processor.py:183} INFO - Processing /media/data/omar/programming course/DEPI/DEPI project/anomx/airflow/dags/anomx_pipeline.py took 0.951 seconds
[2026-06-22T10:10:59.117+0300] {processor.py:161} INFO - Started process (PID=54631) to work on /media/data/omar/programming course/DEPI/DEPI project/anomx/airflow/dags/anomx_pipeline.py
[2026-06-22T10:10:59.118+0300] {processor.py:830} INFO - Processing file /media/data/omar/programming course/DEPI/DEPI project/anomx/airflow/dags/anomx_pipeline.py for tasks to queue
[2026-06-22T10:10:59.120+0300] {logging_mixin.py:188} INFO - [2026-06-22T10:10:59.119+0300] {dagbag.py:540} INFO - Filling up the DagBag from /media/data/omar/programming course/DEPI/DEPI project/anomx/airflow/dags/anomx_pipeline.py
[2026-06-22T10:10:59.992+0300] {processor.py:840} INFO - DAG(s) 'anomx_pipeline' retrieved from /media/data/omar/programming course/DEPI/DEPI project/anomx/airflow/dags/anomx_pipeline.py
[2026-06-22T10:11:00.005+0300] {logging_mixin.py:188} INFO - [2026-06-22T10:11:00.004+0300] {dag.py:3096} INFO - Sync 1 DAGs
[2026-06-22T10:11:00.023+0300] {logging_mixin.py:188} INFO - [2026-06-22T10:11:00.023+0300] {dag.py:3954} INFO - Setting next_dagrun for anomx_pipeline to 2026-06-22 00:00:00+00:00, run_after=2026-06-23 00:00:00+00:00
[2026-06-22T10:11:00.050+0300] {processor.py:183} INFO - Processing /media/data/omar/programming course/DEPI/DEPI project/anomx/airflow/dags/anomx_pipeline.py took 0.941 seconds
[2026-06-22T10:11:51.868+0300] {processor.py:161} INFO - Started process (PID=54718) to work on /media/data/omar/programming course/DEPI/DEPI project/anomx/airflow/dags/anomx_pipeline.py
[2026-06-22T10:11:51.868+0300] {processor.py:830} INFO - Processing file /media/data/omar/programming course/DEPI/DEPI project/anomx/airflow/dags/anomx_pipeline.py for tasks to queue
[2026-06-22T10:11:51.869+0300] {logging_mixin.py:188} INFO - [2026-06-22T10:11:51.869+0300] {dagbag.py:540} INFO - Filling up the DagBag from /media/data/omar/programming course/DEPI/DEPI project/anomx/airflow/dags/anomx_pipeline.py
[2026-06-22T10:11:52.743+0300] {processor.py:840} INFO - DAG(s) 'anomx_pipeline' retrieved from /media/data/omar/programming course/DEPI/DEPI project/anomx/airflow/dags/anomx_pipeline.py
[2026-06-22T10:11:52.754+0300] {logging_mixin.py:188} INFO - [2026-06-22T10:11:52.754+0300] {dag.py:3096} INFO - Sync 1 DAGs
[2026-06-22T10:11:52.767+0300] {logging_mixin.py:188} INFO - [2026-06-22T10:11:52.767+0300] {dag.py:3954} INFO - Setting next_dagrun for anomx_pipeline to 2026-06-22 00:00:00+00:00, run_after=2026-06-23 00:00:00+00:00
[2026-06-22T10:11:52.793+0300] {processor.py:183} INFO - Processing /media/data/omar/programming course/DEPI/DEPI project/anomx/airflow/dags/anomx_pipeline.py took 0.930 seconds
[2026-06-22T10:12:48.166+0300] {processor.py:161} INFO - Started process (PID=54801) to work on /media/data/omar/programming course/DEPI/DEPI project/anomx/airflow/dags/anomx_pipeline.py
[2026-06-22T10:12:48.168+0300] {processor.py:830} INFO - Processing file /media/data/omar/programming course/DEPI/DEPI project/anomx/airflow/dags/anomx_pipeline.py for tasks to queue
[2026-06-22T10:12:48.170+0300] {logging_mixin.py:188} INFO - [2026-06-22T10:12:48.169+0300] {dagbag.py:540} INFO - Filling up the DagBag from /media/data/omar/programming course/DEPI/DEPI project/anomx/airflow/dags/anomx_pipeline.py
[2026-06-22T10:12:49.112+0300] {processor.py:840} INFO - DAG(s) 'anomx_pipeline' retrieved from /media/data/omar/programming course/DEPI/DEPI project/anomx/airflow/dags/anomx_pipeline.py
[2026-06-22T10:12:49.124+0300] {logging_mixin.py:188} INFO - [2026-06-22T10:12:49.124+0300] {dag.py:3096} INFO - Sync 1 DAGs
[2026-06-22T10:12:49.137+0300] {logging_mixin.py:188} INFO - [2026-06-22T10:12:49.136+0300] {dag.py:3954} INFO - Setting next_dagrun for anomx_pipeline to 2026-06-22 00:00:00+00:00, run_after=2026-06-23 00:00:00+00:00
[2026-06-22T10:12:49.161+0300] {processor.py:183} INFO - Processing /media/data/omar/programming course/DEPI/DEPI project/anomx/airflow/dags/anomx_pipeline.py took 1.005 seconds
[2026-06-22T10:13:42.245+0300] {processor.py:161} INFO - Started process (PID=54887) to work on /media/data/omar/programming course/DEPI/DEPI project/anomx/airflow/dags/anomx_pipeline.py
[2026-06-22T10:13:42.246+0300] {processor.py:830} INFO - Processing file /media/data/omar/programming course/DEPI/DEPI project/anomx/airflow/dags/anomx_pipeline.py for tasks to queue
[2026-06-22T10:13:42.247+0300] {logging_mixin.py:188} INFO - [2026-06-22T10:13:42.247+0300] {dagbag.py:540} INFO - Filling up the DagBag from /media/data/omar/programming course/DEPI/DEPI project/anomx/airflow/dags/anomx_pipeline.py
[2026-06-22T10:13:43.123+0300] {processor.py:840} INFO - DAG(s) 'anomx_pipeline' retrieved from /media/data/omar/programming course/DEPI/DEPI project/anomx/airflow/dags/anomx_pipeline.py
[2026-06-22T10:13:43.134+0300] {logging_mixin.py:188} INFO - [2026-06-22T10:13:43.134+0300] {dag.py:3096} INFO - Sync 1 DAGs
[2026-06-22T10:13:43.147+0300] {logging_mixin.py:188} INFO - [2026-06-22T10:13:43.146+0300] {dag.py:3954} INFO - Setting next_dagrun for anomx_pipeline to 2026-06-22 00:00:00+00:00, run_after=2026-06-23 00:00:00+00:00
[2026-06-22T10:13:43.171+0300] {processor.py:183} INFO - Processing /media/data/omar/programming course/DEPI/DEPI project/anomx/airflow/dags/anomx_pipeline.py took 0.932 seconds
[2026-06-22T10:14:38.149+0300] {processor.py:161} INFO - Started process (PID=54967) to work on /media/data/omar/programming course/DEPI/DEPI project/anomx/airflow/dags/anomx_pipeline.py
[2026-06-22T10:14:38.151+0300] {processor.py:830} INFO - Processing file /media/data/omar/programming course/DEPI/DEPI project/anomx/airflow/dags/anomx_pipeline.py for tasks to queue
[2026-06-22T10:14:38.152+0300] {logging_mixin.py:188} INFO - [2026-06-22T10:14:38.151+0300] {dagbag.py:540} INFO - Filling up the DagBag from /media/data/omar/programming course/DEPI/DEPI project/anomx/airflow/dags/anomx_pipeline.py
[2026-06-22T10:14:39.023+0300] {processor.py:840} INFO - DAG(s) 'anomx_pipeline' retrieved from /media/data/omar/programming course/DEPI/DEPI project/anomx/airflow/dags/anomx_pipeline.py
[2026-06-22T10:14:39.035+0300] {logging_mixin.py:188} INFO - [2026-06-22T10:14:39.035+0300] {dag.py:3096} INFO - Sync 1 DAGs
[2026-06-22T10:14:39.048+0300] {logging_mixin.py:188} INFO - [2026-06-22T10:14:39.048+0300] {dag.py:3954} INFO - Setting next_dagrun for anomx_pipeline to 2026-06-22 00:00:00+00:00, run_after=2026-06-23 00:00:00+00:00
[2026-06-22T10:14:39.073+0300] {processor.py:183} INFO - Processing /media/data/omar/programming course/DEPI/DEPI project/anomx/airflow/dags/anomx_pipeline.py took 0.931 seconds
[2026-06-22T10:15:31.248+0300] {processor.py:161} INFO - Started process (PID=55056) to work on /media/data/omar/programming course/DEPI/DEPI project/anomx/airflow/dags/anomx_pipeline.py
[2026-06-22T10:15:31.250+0300] {processor.py:830} INFO - Processing file /media/data/omar/programming course/DEPI/DEPI project/anomx/airflow/dags/anomx_pipeline.py for tasks to queue
[2026-06-22T10:15:31.252+0300] {logging_mixin.py:188} INFO - [2026-06-22T10:15:31.251+0300] {dagbag.py:540} INFO - Filling up the DagBag from /media/data/omar/programming course/DEPI/DEPI project/anomx/airflow/dags/anomx_pipeline.py
[2026-06-22T10:15:32.197+0300] {processor.py:840} INFO - DAG(s) 'anomx_pipeline' retrieved from /media/data/omar/programming course/DEPI/DEPI project/anomx/airflow/dags/anomx_pipeline.py
[2026-06-22T10:15:32.209+0300] {logging_mixin.py:188} INFO - [2026-06-22T10:15:32.208+0300] {dag.py:3096} INFO - Sync 1 DAGs
[2026-06-22T10:15:32.221+0300] {logging_mixin.py:188} INFO - [2026-06-22T10:15:32.220+0300] {dag.py:3954} INFO - Setting next_dagrun for anomx_pipeline to 2026-06-22 00:00:00+00:00, run_after=2026-06-23 00:00:00+00:00
[2026-06-22T10:15:32.322+0300] {processor.py:183} INFO - Processing /media/data/omar/programming course/DEPI/DEPI project/anomx/airflow/dags/anomx_pipeline.py took 1.088 seconds
[2026-06-22T10:16:27.573+0300] {processor.py:161} INFO - Started process (PID=55140) to work on /media/data/omar/programming course/DEPI/DEPI project/anomx/airflow/dags/anomx_pipeline.py
[2026-06-22T10:16:27.575+0300] {processor.py:830} INFO - Processing file /media/data/omar/programming course/DEPI/DEPI project/anomx/airflow/dags/anomx_pipeline.py for tasks to queue
[2026-06-22T10:16:27.577+0300] {logging_mixin.py:188} INFO - [2026-06-22T10:16:27.576+0300] {dagbag.py:540} INFO - Filling up the DagBag from /media/data/omar/programming course/DEPI/DEPI project/anomx/airflow/dags/anomx_pipeline.py
[2026-06-22T10:16:28.545+0300] {processor.py:840} INFO - DAG(s) 'anomx_pipeline' retrieved from /media/data/omar/programming course/DEPI/DEPI project/anomx/airflow/dags/anomx_pipeline.py
[2026-06-22T10:16:28.558+0300] {logging_mixin.py:188} INFO - [2026-06-22T10:16:28.557+0300] {dag.py:3096} INFO - Sync 1 DAGs
[2026-06-22T10:16:28.570+0300] {logging_mixin.py:188} INFO - [2026-06-22T10:16:28.569+0300] {dag.py:3954} INFO - Setting next_dagrun for anomx_pipeline to 2026-06-22 00:00:00+00:00, run_after=2026-06-23 00:00:00+00:00
[2026-06-22T10:16:28.595+0300] {processor.py:183} INFO - Processing /media/data/omar/programming course/DEPI/DEPI project/anomx/airflow/dags/anomx_pipeline.py took 1.032 seconds
[2026-06-22T10:17:18.818+0300] {processor.py:161} INFO - Started process (PID=55229) to work on /media/data/omar/programming course/DEPI/DEPI project/anomx/airflow/dags/anomx_pipeline.py
[2026-06-22T10:17:18.820+0300] {processor.py:830} INFO - Processing file /media/data/omar/programming course/DEPI/DEPI project/anomx/airflow/dags/anomx_pipeline.py for tasks to queue
[2026-06-22T10:17:18.822+0300] {logging_mixin.py:188} INFO - [2026-06-22T10:17:18.821+0300] {dagbag.py:540} INFO - Filling up the DagBag from /media/data/omar/programming course/DEPI/DEPI project/anomx/airflow/dags/anomx_pipeline.py
[2026-06-22T10:17:19.678+0300] {processor.py:840} INFO - DAG(s) 'anomx_pipeline' retrieved from /media/data/omar/programming course/DEPI/DEPI project/anomx/airflow/dags/anomx_pipeline.py
[2026-06-22T10:17:19.689+0300] {logging_mixin.py:188} INFO - [2026-06-22T10:17:19.689+0300] {dag.py:3096} INFO - Sync 1 DAGs
[2026-06-22T10:17:19.702+0300] {logging_mixin.py:188} INFO - [2026-06-22T10:17:19.702+0300] {dag.py:3954} INFO - Setting next_dagrun for anomx_pipeline to 2026-06-22 00:00:00+00:00, run_after=2026-06-23 00:00:00+00:00
[2026-06-22T10:17:19.728+0300] {processor.py:183} INFO - Processing /media/data/omar/programming course/DEPI/DEPI project/anomx/airflow/dags/anomx_pipeline.py took 0.920 seconds
[2026-06-22T10:18:11.287+0300] {processor.py:161} INFO - Started process (PID=55304) to work on /media/data/omar/programming course/DEPI/DEPI project/anomx/airflow/dags/anomx_pipeline.py
[2026-06-22T10:18:11.288+0300] {processor.py:830} INFO - Processing file /media/data/omar/programming course/DEPI/DEPI project/anomx/airflow/dags/anomx_pipeline.py for tasks to queue
[2026-06-22T10:18:11.289+0300] {logging_mixin.py:188} INFO - [2026-06-22T10:18:11.288+0300] {dagbag.py:540} INFO - Filling up the DagBag from /media/data/omar/programming course/DEPI/DEPI project/anomx/airflow/dags/anomx_pipeline.py
[2026-06-22T10:18:12.132+0300] {processor.py:840} INFO - DAG(s) 'anomx_pipeline' retrieved from /media/data/omar/programming course/DEPI/DEPI project/anomx/airflow/dags/anomx_pipeline.py
[2026-06-22T10:18:12.144+0300] {logging_mixin.py:188} INFO - [2026-06-22T10:18:12.144+0300] {dag.py:3096} INFO - Sync 1 DAGs
[2026-06-22T10:18:12.156+0300] {logging_mixin.py:188} INFO - [2026-06-22T10:18:12.156+0300] {dag.py:3954} INFO - Setting next_dagrun for anomx_pipeline to 2026-06-22 00:00:00+00:00, run_after=2026-06-23 00:00:00+00:00
[2026-06-22T10:18:12.182+0300] {processor.py:183} INFO - Processing /media/data/omar/programming course/DEPI/DEPI project/anomx/airflow/dags/anomx_pipeline.py took 0.900 seconds
[2026-06-22T10:19:03.284+0300] {processor.py:161} INFO - Started process (PID=55373) to work on /media/data/omar/programming course/DEPI/DEPI project/anomx/airflow/dags/anomx_pipeline.py
[2026-06-22T10:19:03.286+0300] {processor.py:830} INFO - Processing file /media/data/omar/programming course/DEPI/DEPI project/anomx/airflow/dags/anomx_pipeline.py for tasks to queue
[2026-06-22T10:19:03.289+0300] {logging_mixin.py:188} INFO - [2026-06-22T10:19:03.287+0300] {dagbag.py:540} INFO - Filling up the DagBag from /media/data/omar/programming course/DEPI/DEPI project/anomx/airflow/dags/anomx_pipeline.py
[2026-06-22T10:19:04.200+0300] {processor.py:840} INFO - DAG(s) 'anomx_pipeline' retrieved from /media/data/omar/programming course/DEPI/DEPI project/anomx/airflow/dags/anomx_pipeline.py
[2026-06-22T10:19:04.211+0300] {logging_mixin.py:188} INFO - [2026-06-22T10:19:04.211+0300] {dag.py:3096} INFO - Sync 1 DAGs
[2026-06-22T10:19:04.224+0300] {logging_mixin.py:188} INFO - [2026-06-22T10:19:04.224+0300] {dag.py:3954} INFO - Setting next_dagrun for anomx_pipeline to 2026-06-22 00:00:00+00:00, run_after=2026-06-23 00:00:00+00:00
[2026-06-22T10:19:04.248+0300] {processor.py:183} INFO - Processing /media/data/omar/programming course/DEPI/DEPI project/anomx/airflow/dags/anomx_pipeline.py took 0.979 seconds
[2026-06-22T10:19:53.540+0300] {processor.py:161} INFO - Started process (PID=55459) to work on /media/data/omar/programming course/DEPI/DEPI project/anomx/airflow/dags/anomx_pipeline.py
[2026-06-22T10:19:53.541+0300] {processor.py:830} INFO - Processing file /media/data/omar/programming course/DEPI/DEPI project/anomx/airflow/dags/anomx_pipeline.py for tasks to queue
[2026-06-22T10:19:53.542+0300] {logging_mixin.py:188} INFO - [2026-06-22T10:19:53.542+0300] {dagbag.py:540} INFO - Filling up the DagBag from /media/data/omar/programming course/DEPI/DEPI project/anomx/airflow/dags/anomx_pipeline.py
[2026-06-22T10:19:54.372+0300] {processor.py:840} INFO - DAG(s) 'anomx_pipeline' retrieved from /media/data/omar/programming course/DEPI/DEPI project/anomx/airflow/dags/anomx_pipeline.py
[2026-06-22T10:19:54.383+0300] {logging_mixin.py:188} INFO - [2026-06-22T10:19:54.383+0300] {dag.py:3096} INFO - Sync 1 DAGs
[2026-06-22T10:19:54.396+0300] {logging_mixin.py:188} INFO - [2026-06-22T10:19:54.395+0300] {dag.py:3954} INFO - Setting next_dagrun for anomx_pipeline to 2026-06-22 00:00:00+00:00, run_after=2026-06-23 00:00:00+00:00
[2026-06-22T10:19:54.420+0300] {processor.py:183} INFO - Processing /media/data/omar/programming course/DEPI/DEPI project/anomx/airflow/dags/anomx_pipeline.py took 0.885 seconds
[2026-06-22T10:20:48.112+0300] {processor.py:161} INFO - Started process (PID=55556) to work on /media/data/omar/programming course/DEPI/DEPI project/anomx/airflow/dags/anomx_pipeline.py
[2026-06-22T10:20:48.113+0300] {processor.py:830} INFO - Processing file /media/data/omar/programming course/DEPI/DEPI project/anomx/airflow/dags/anomx_pipeline.py for tasks to queue
[2026-06-22T10:20:48.114+0300] {logging_mixin.py:188} INFO - [2026-06-22T10:20:48.113+0300] {dagbag.py:540} INFO - Filling up the DagBag from /media/data/omar/programming course/DEPI/DEPI project/anomx/airflow/dags/anomx_pipeline.py
[2026-06-22T10:20:48.963+0300] {processor.py:840} INFO - DAG(s) 'anomx_pipeline' retrieved from /media/data/omar/programming course/DEPI/DEPI project/anomx/airflow/dags/anomx_pipeline.py
[2026-06-22T10:20:48.974+0300] {logging_mixin.py:188} INFO - [2026-06-22T10:20:48.974+0300] {dag.py:3096} INFO - Sync 1 DAGs
[2026-06-22T10:20:48.986+0300] {logging_mixin.py:188} INFO - [2026-06-22T10:20:48.985+0300] {dag.py:3954} INFO - Setting next_dagrun for anomx_pipeline to 2026-06-22 00:00:00+00:00, run_after=2026-06-23 00:00:00+00:00
[2026-06-22T10:20:49.009+0300] {processor.py:183} INFO - Processing /media/data/omar/programming course/DEPI/DEPI project/anomx/airflow/dags/anomx_pipeline.py took 0.902 seconds
[2026-06-22T10:21:41.488+0300] {processor.py:161} INFO - Started process (PID=55643) to work on /media/data/omar/programming course/DEPI/DEPI project/anomx/airflow/dags/anomx_pipeline.py
[2026-06-22T10:21:41.489+0300] {processor.py:830} INFO - Processing file /media/data/omar/programming course/DEPI/DEPI project/anomx/airflow/dags/anomx_pipeline.py for tasks to queue
[2026-06-22T10:21:41.490+0300] {logging_mixin.py:188} INFO - [2026-06-22T10:21:41.490+0300] {dagbag.py:540} INFO - Filling up the DagBag from /media/data/omar/programming course/DEPI/DEPI project/anomx/airflow/dags/anomx_pipeline.py
[2026-06-22T10:21:42.329+0300] {processor.py:840} INFO - DAG(s) 'anomx_pipeline' retrieved from /media/data/omar/programming course/DEPI/DEPI project/anomx/airflow/dags/anomx_pipeline.py
[2026-06-22T10:21:42.340+0300] {logging_mixin.py:188} INFO - [2026-06-22T10:21:42.340+0300] {dag.py:3096} INFO - Sync 1 DAGs
[2026-06-22T10:21:42.354+0300] {logging_mixin.py:188} INFO - [2026-06-22T10:21:42.353+0300] {dag.py:3954} INFO - Setting next_dagrun for anomx_pipeline to 2026-06-22 00:00:00+00:00, run_after=2026-06-23 00:00:00+00:00
[2026-06-22T10:21:42.379+0300] {processor.py:183} INFO - Processing /media/data/omar/programming course/DEPI/DEPI project/anomx/airflow/dags/anomx_pipeline.py took 0.898 seconds
[2026-06-22T10:22:35.621+0300] {processor.py:161} INFO - Started process (PID=55726) to work on /media/data/omar/programming course/DEPI/DEPI project/anomx/airflow/dags/anomx_pipeline.py
[2026-06-22T10:22:35.622+0300] {processor.py:830} INFO - Processing file /media/data/omar/programming course/DEPI/DEPI project/anomx/airflow/dags/anomx_pipeline.py for tasks to queue
[2026-06-22T10:22:35.623+0300] {logging_mixin.py:188} INFO - [2026-06-22T10:22:35.622+0300] {dagbag.py:540} INFO - Filling up the DagBag from /media/data/omar/programming course/DEPI/DEPI project/anomx/airflow/dags/anomx_pipeline.py
[2026-06-22T10:22:36.492+0300] {processor.py:840} INFO - DAG(s) 'anomx_pipeline' retrieved from /media/data/omar/programming course/DEPI/DEPI project/anomx/airflow/dags/anomx_pipeline.py
[2026-06-22T10:22:36.504+0300] {logging_mixin.py:188} INFO - [2026-06-22T10:22:36.503+0300] {dag.py:3096} INFO - Sync 1 DAGs
[2026-06-22T10:22:36.516+0300] {logging_mixin.py:188} INFO - [2026-06-22T10:22:36.516+0300] {dag.py:3954} INFO - Setting next_dagrun for anomx_pipeline to 2026-06-22 00:00:00+00:00, run_after=2026-06-23 00:00:00+00:00
[2026-06-22T10:22:36.550+0300] {processor.py:183} INFO - Processing /media/data/omar/programming course/DEPI/DEPI project/anomx/airflow/dags/anomx_pipeline.py took 0.937 seconds
[2026-06-22T10:23:29.066+0300] {processor.py:161} INFO - Started process (PID=55815) to work on /media/data/omar/programming course/DEPI/DEPI project/anomx/airflow/dags/anomx_pipeline.py
[2026-06-22T10:23:29.068+0300] {processor.py:830} INFO - Processing file /media/data/omar/programming course/DEPI/DEPI project/anomx/airflow/dags/anomx_pipeline.py for tasks to queue
[2026-06-22T10:23:29.069+0300] {logging_mixin.py:188} INFO - [2026-06-22T10:23:29.068+0300] {dagbag.py:540} INFO - Filling up the DagBag from /media/data/omar/programming course/DEPI/DEPI project/anomx/airflow/dags/anomx_pipeline.py
[2026-06-22T10:23:29.990+0300] {processor.py:840} INFO - DAG(s) 'anomx_pipeline' retrieved from /media/data/omar/programming course/DEPI/DEPI project/anomx/airflow/dags/anomx_pipeline.py
[2026-06-22T10:23:30.002+0300] {logging_mixin.py:188} INFO - [2026-06-22T10:23:30.001+0300] {dag.py:3096} INFO - Sync 1 DAGs
[2026-06-22T10:23:30.015+0300] {logging_mixin.py:188} INFO - [2026-06-22T10:23:30.014+0300] {dag.py:3954} INFO - Setting next_dagrun for anomx_pipeline to 2026-06-22 00:00:00+00:00, run_after=2026-06-23 00:00:00+00:00
[2026-06-22T10:23:30.040+0300] {processor.py:183} INFO - Processing /media/data/omar/programming course/DEPI/DEPI project/anomx/airflow/dags/anomx_pipeline.py took 0.981 seconds
[2026-06-22T10:24:21.850+0300] {processor.py:161} INFO - Started process (PID=55894) to work on /media/data/omar/programming course/DEPI/DEPI project/anomx/airflow/dags/anomx_pipeline.py
[2026-06-22T10:24:21.852+0300] {processor.py:830} INFO - Processing file /media/data/omar/programming course/DEPI/DEPI project/anomx/airflow/dags/anomx_pipeline.py for tasks to queue
[2026-06-22T10:24:21.855+0300] {logging_mixin.py:188} INFO - [2026-06-22T10:24:21.854+0300] {dagbag.py:540} INFO - Filling up the DagBag from /media/data/omar/programming course/DEPI/DEPI project/anomx/airflow/dags/anomx_pipeline.py
[2026-06-22T10:24:22.755+0300] {processor.py:840} INFO - DAG(s) 'anomx_pipeline' retrieved from /media/data/omar/programming course/DEPI/DEPI project/anomx/airflow/dags/anomx_pipeline.py
[2026-06-22T10:24:22.768+0300] {logging_mixin.py:188} INFO - [2026-06-22T10:24:22.767+0300] {dag.py:3096} INFO - Sync 1 DAGs
[2026-06-22T10:24:22.780+0300] {logging_mixin.py:188} INFO - [2026-06-22T10:24:22.780+0300] {dag.py:3954} INFO - Setting next_dagrun for anomx_pipeline to 2026-06-22 00:00:00+00:00, run_after=2026-06-23 00:00:00+00:00
[2026-06-22T10:24:22.857+0300] {processor.py:183} INFO - Processing /media/data/omar/programming course/DEPI/DEPI project/anomx/airflow/dags/anomx_pipeline.py took 1.020 seconds
[2026-06-22T10:25:18.179+0300] {processor.py:161} INFO - Started process (PID=55986) to work on /media/data/omar/programming course/DEPI/DEPI project/anomx/airflow/dags/anomx_pipeline.py
[2026-06-22T10:25:18.180+0300] {processor.py:830} INFO - Processing file /media/data/omar/programming course/DEPI/DEPI project/anomx/airflow/dags/anomx_pipeline.py for tasks to queue
[2026-06-22T10:25:18.181+0300] {logging_mixin.py:188} INFO - [2026-06-22T10:25:18.181+0300] {dagbag.py:540} INFO - Filling up the DagBag from /media/data/omar/programming course/DEPI/DEPI project/anomx/airflow/dags/anomx_pipeline.py
[2026-06-22T10:25:18.999+0300] {processor.py:840} INFO - DAG(s) 'anomx_pipeline' retrieved from /media/data/omar/programming course/DEPI/DEPI project/anomx/airflow/dags/anomx_pipeline.py
[2026-06-22T10:25:19.011+0300] {logging_mixin.py:188} INFO - [2026-06-22T10:25:19.010+0300] {dag.py:3096} INFO - Sync 1 DAGs
[2026-06-22T10:25:19.023+0300] {logging_mixin.py:188} INFO - [2026-06-22T10:25:19.022+0300] {dag.py:3954} INFO - Setting next_dagrun for anomx_pipeline to 2026-06-22 00:00:00+00:00, run_after=2026-06-23 00:00:00+00:00
[2026-06-22T10:25:19.047+0300] {processor.py:183} INFO - Processing /media/data/omar/programming course/DEPI/DEPI project/anomx/airflow/dags/anomx_pipeline.py took 0.872 seconds
[2026-06-22T10:26:12.441+0300] {processor.py:161} INFO - Started process (PID=56064) to work on /media/data/omar/programming course/DEPI/DEPI project/anomx/airflow/dags/anomx_pipeline.py
[2026-06-22T10:26:12.442+0300] {processor.py:830} INFO - Processing file /media/data/omar/programming course/DEPI/DEPI project/anomx/airflow/dags/anomx_pipeline.py for tasks to queue
[2026-06-22T10:26:12.444+0300] {logging_mixin.py:188} INFO - [2026-06-22T10:26:12.443+0300] {dagbag.py:540} INFO - Filling up the DagBag from /media/data/omar/programming course/DEPI/DEPI project/anomx/airflow/dags/anomx_pipeline.py
[2026-06-22T10:26:13.328+0300] {processor.py:840} INFO - DAG(s) 'anomx_pipeline' retrieved from /media/data/omar/programming course/DEPI/DEPI project/anomx/airflow/dags/anomx_pipeline.py
[2026-06-22T10:26:13.342+0300] {logging_mixin.py:188} INFO - [2026-06-22T10:26:13.341+0300] {dag.py:3096} INFO - Sync 1 DAGs
[2026-06-22T10:26:13.353+0300] {logging_mixin.py:188} INFO - [2026-06-22T10:26:13.353+0300] {dag.py:3954} INFO - Setting next_dagrun for anomx_pipeline to 2026-06-22 00:00:00+00:00, run_after=2026-06-23 00:00:00+00:00
[2026-06-22T10:26:13.377+0300] {processor.py:183} INFO - Processing /media/data/omar/programming course/DEPI/DEPI project/anomx/airflow/dags/anomx_pipeline.py took 0.947 seconds
[2026-06-22T10:27:02.873+0300] {processor.py:161} INFO - Started process (PID=56144) to work on /media/data/omar/programming course/DEPI/DEPI project/anomx/airflow/dags/anomx_pipeline.py
[2026-06-22T10:27:02.874+0300] {processor.py:830} INFO - Processing file /media/data/omar/programming course/DEPI/DEPI project/anomx/airflow/dags/anomx_pipeline.py for tasks to queue
[2026-06-22T10:27:02.875+0300] {logging_mixin.py:188} INFO - [2026-06-22T10:27:02.874+0300] {dagbag.py:540} INFO - Filling up the DagBag from /media/data/omar/programming course/DEPI/DEPI project/anomx/airflow/dags/anomx_pipeline.py
[2026-06-22T10:27:03.775+0300] {processor.py:840} INFO - DAG(s) 'anomx_pipeline' retrieved from /media/data/omar/programming course/DEPI/DEPI project/anomx/airflow/dags/anomx_pipeline.py
[2026-06-22T10:27:03.786+0300] {logging_mixin.py:188} INFO - [2026-06-22T10:27:03.786+0300] {dag.py:3096} INFO - Sync 1 DAGs
[2026-06-22T10:27:03.798+0300] {logging_mixin.py:188} INFO - [2026-06-22T10:27:03.798+0300] {dag.py:3954} INFO - Setting next_dagrun for anomx_pipeline to 2026-06-22 00:00:00+00:00, run_after=2026-06-23 00:00:00+00:00
[2026-06-22T10:27:03.825+0300] {processor.py:183} INFO - Processing /media/data/omar/programming course/DEPI/DEPI project/anomx/airflow/dags/anomx_pipeline.py took 0.958 seconds
[2026-06-22T10:27:52.237+0300] {processor.py:161} INFO - Started process (PID=56230) to work on /media/data/omar/programming course/DEPI/DEPI project/anomx/airflow/dags/anomx_pipeline.py
[2026-06-22T10:27:52.239+0300] {processor.py:830} INFO - Processing file /media/data/omar/programming course/DEPI/DEPI project/anomx/airflow/dags/anomx_pipeline.py for tasks to queue
[2026-06-22T10:27:52.240+0300] {logging_mixin.py:188} INFO - [2026-06-22T10:27:52.240+0300] {dagbag.py:540} INFO - Filling up the DagBag from /media/data/omar/programming course/DEPI/DEPI project/anomx/airflow/dags/anomx_pipeline.py
[2026-06-22T10:27:53.132+0300] {processor.py:840} INFO - DAG(s) 'anomx_pipeline' retrieved from /media/data/omar/programming course/DEPI/DEPI project/anomx/airflow/dags/anomx_pipeline.py
[2026-06-22T10:27:53.144+0300] {logging_mixin.py:188} INFO - [2026-06-22T10:27:53.143+0300] {dag.py:3096} INFO - Sync 1 DAGs
[2026-06-22T10:27:53.156+0300] {logging_mixin.py:188} INFO - [2026-06-22T10:27:53.156+0300] {dag.py:3954} INFO - Setting next_dagrun for anomx_pipeline to 2026-06-22 00:00:00+00:00, run_after=2026-06-23 00:00:00+00:00
[2026-06-22T10:27:53.181+0300] {processor.py:183} INFO - Processing /media/data/omar/programming course/DEPI/DEPI project/anomx/airflow/dags/anomx_pipeline.py took 0.952 seconds
[2026-06-22T10:28:46.039+0300] {processor.py:161} INFO - Started process (PID=56310) to work on /media/data/omar/programming course/DEPI/DEPI project/anomx/airflow/dags/anomx_pipeline.py
[2026-06-22T10:28:46.040+0300] {processor.py:830} INFO - Processing file /media/data/omar/programming course/DEPI/DEPI project/anomx/airflow/dags/anomx_pipeline.py for tasks to queue
[2026-06-22T10:28:46.041+0300] {logging_mixin.py:188} INFO - [2026-06-22T10:28:46.041+0300] {dagbag.py:540} INFO - Filling up the DagBag from /media/data/omar/programming course/DEPI/DEPI project/anomx/airflow/dags/anomx_pipeline.py
[2026-06-22T10:28:46.886+0300] {processor.py:840} INFO - DAG(s) 'anomx_pipeline' retrieved from /media/data/omar/programming course/DEPI/DEPI project/anomx/airflow/dags/anomx_pipeline.py
[2026-06-22T10:28:46.899+0300] {logging_mixin.py:188} INFO - [2026-06-22T10:28:46.898+0300] {dag.py:3096} INFO - Sync 1 DAGs
[2026-06-22T10:28:46.912+0300] {logging_mixin.py:188} INFO - [2026-06-22T10:28:46.912+0300] {dag.py:3954} INFO - Setting next_dagrun for anomx_pipeline to 2026-06-22 00:00:00+00:00, run_after=2026-06-23 00:00:00+00:00
[2026-06-22T10:28:46.937+0300] {processor.py:183} INFO - Processing /media/data/omar/programming course/DEPI/DEPI project/anomx/airflow/dags/anomx_pipeline.py took 0.906 seconds
[2026-06-22T10:29:35.827+0300] {processor.py:161} INFO - Started process (PID=56385) to work on /media/data/omar/programming course/DEPI/DEPI project/anomx/airflow/dags/anomx_pipeline.py
[2026-06-22T10:29:35.828+0300] {processor.py:830} INFO - Processing file /media/data/omar/programming course/DEPI/DEPI project/anomx/airflow/dags/anomx_pipeline.py for tasks to queue
[2026-06-22T10:29:35.830+0300] {logging_mixin.py:188} INFO - [2026-06-22T10:29:35.829+0300] {dagbag.py:540} INFO - Filling up the DagBag from /media/data/omar/programming course/DEPI/DEPI project/anomx/airflow/dags/anomx_pipeline.py
[2026-06-22T10:29:36.788+0300] {processor.py:840} INFO - DAG(s) 'anomx_pipeline' retrieved from /media/data/omar/programming course/DEPI/DEPI project/anomx/airflow/dags/anomx_pipeline.py
[2026-06-22T10:29:36.799+0300] {logging_mixin.py:188} INFO - [2026-06-22T10:29:36.799+0300] {dag.py:3096} INFO - Sync 1 DAGs
[2026-06-22T10:29:36.811+0300] {logging_mixin.py:188} INFO - [2026-06-22T10:29:36.811+0300] {dag.py:3954} INFO - Setting next_dagrun for anomx_pipeline to 2026-06-22 00:00:00+00:00, run_after=2026-06-23 00:00:00+00:00
[2026-06-22T10:29:36.837+0300] {processor.py:183} INFO - Processing /media/data/omar/programming course/DEPI/DEPI project/anomx/airflow/dags/anomx_pipeline.py took 1.019 seconds
[2026-06-22T10:30:33.863+0300] {processor.py:161} INFO - Started process (PID=56482) to work on /media/data/omar/programming course/DEPI/DEPI project/anomx/airflow/dags/anomx_pipeline.py
[2026-06-22T10:30:33.863+0300] {processor.py:830} INFO - Processing file /media/data/omar/programming course/DEPI/DEPI project/anomx/airflow/dags/anomx_pipeline.py for tasks to queue
[2026-06-22T10:30:33.865+0300] {logging_mixin.py:188} INFO - [2026-06-22T10:30:33.864+0300] {dagbag.py:540} INFO - Filling up the DagBag from /media/data/omar/programming course/DEPI/DEPI project/anomx/airflow/dags/anomx_pipeline.py
[2026-06-22T10:30:34.712+0300] {processor.py:840} INFO - DAG(s) 'anomx_pipeline' retrieved from /media/data/omar/programming course/DEPI/DEPI project/anomx/airflow/dags/anomx_pipeline.py
[2026-06-22T10:30:34.723+0300] {logging_mixin.py:188} INFO - [2026-06-22T10:30:34.723+0300] {dag.py:3096} INFO - Sync 1 DAGs
[2026-06-22T10:30:34.736+0300] {logging_mixin.py:188} INFO - [2026-06-22T10:30:34.735+0300] {dag.py:3954} INFO - Setting next_dagrun for anomx_pipeline to 2026-06-22 00:00:00+00:00, run_after=2026-06-23 00:00:00+00:00
[2026-06-22T10:30:34.760+0300] {processor.py:183} INFO - Processing /media/data/omar/programming course/DEPI/DEPI project/anomx/airflow/dags/anomx_pipeline.py took 0.904 seconds
[2026-06-22T10:31:28.118+0300] {processor.py:161} INFO - Started process (PID=56563) to work on /media/data/omar/programming course/DEPI/DEPI project/anomx/airflow/dags/anomx_pipeline.py
[2026-06-22T10:31:28.118+0300] {processor.py:830} INFO - Processing file /media/data/omar/programming course/DEPI/DEPI project/anomx/airflow/dags/anomx_pipeline.py for tasks to queue
[2026-06-22T10:31:28.119+0300] {logging_mixin.py:188} INFO - [2026-06-22T10:31:28.119+0300] {dagbag.py:540} INFO - Filling up the DagBag from /media/data/omar/programming course/DEPI/DEPI project/anomx/airflow/dags/anomx_pipeline.py
[2026-06-22T10:31:28.994+0300] {processor.py:840} INFO - DAG(s) 'anomx_pipeline' retrieved from /media/data/omar/programming course/DEPI/DEPI project/anomx/airflow/dags/anomx_pipeline.py
[2026-06-22T10:31:29.006+0300] {logging_mixin.py:188} INFO - [2026-06-22T10:31:29.006+0300] {dag.py:3096} INFO - Sync 1 DAGs
[2026-06-22T10:31:29.018+0300] {logging_mixin.py:188} INFO - [2026-06-22T10:31:29.018+0300] {dag.py:3954} INFO - Setting next_dagrun for anomx_pipeline to 2026-06-22 00:00:00+00:00, run_after=2026-06-23 00:00:00+00:00
[2026-06-22T10:31:29.044+0300] {processor.py:183} INFO - Processing /media/data/omar/programming course/DEPI/DEPI project/anomx/airflow/dags/anomx_pipeline.py took 0.931 seconds
[2026-06-22T10:32:19.339+0300] {processor.py:161} INFO - Started process (PID=56641) to work on /media/data/omar/programming course/DEPI/DEPI project/anomx/airflow/dags/anomx_pipeline.py
[2026-06-22T10:32:19.339+0300] {processor.py:830} INFO - Processing file /media/data/omar/programming course/DEPI/DEPI project/anomx/airflow/dags/anomx_pipeline.py for tasks to queue
[2026-06-22T10:32:19.340+0300] {logging_mixin.py:188} INFO - [2026-06-22T10:32:19.340+0300] {dagbag.py:540} INFO - Filling up the DagBag from /media/data/omar/programming course/DEPI/DEPI project/anomx/airflow/dags/anomx_pipeline.py
[2026-06-22T10:32:20.221+0300] {processor.py:840} INFO - DAG(s) 'anomx_pipeline' retrieved from /media/data/omar/programming course/DEPI/DEPI project/anomx/airflow/dags/anomx_pipeline.py
[2026-06-22T10:32:20.233+0300] {logging_mixin.py:188} INFO - [2026-06-22T10:32:20.232+0300] {dag.py:3096} INFO - Sync 1 DAGs
[2026-06-22T10:32:20.245+0300] {logging_mixin.py:188} INFO - [2026-06-22T10:32:20.244+0300] {dag.py:3954} INFO - Setting next_dagrun for anomx_pipeline to 2026-06-22 00:00:00+00:00, run_after=2026-06-23 00:00:00+00:00
[2026-06-22T10:32:20.270+0300] {processor.py:183} INFO - Processing /media/data/omar/programming course/DEPI/DEPI project/anomx/airflow/dags/anomx_pipeline.py took 0.937 seconds
[2026-06-22T10:33:12.019+0300] {processor.py:161} INFO - Started process (PID=56728) to work on /media/data/omar/programming course/DEPI/DEPI project/anomx/airflow/dags/anomx_pipeline.py
[2026-06-22T10:33:12.021+0300] {processor.py:830} INFO - Processing file /media/data/omar/programming course/DEPI/DEPI project/anomx/airflow/dags/anomx_pipeline.py for tasks to queue
[2026-06-22T10:33:12.023+0300] {logging_mixin.py:188} INFO - [2026-06-22T10:33:12.022+0300] {dagbag.py:540} INFO - Filling up the DagBag from /media/data/omar/programming course/DEPI/DEPI project/anomx/airflow/dags/anomx_pipeline.py
[2026-06-22T10:33:12.875+0300] {processor.py:840} INFO - DAG(s) 'anomx_pipeline' retrieved from /media/data/omar/programming course/DEPI/DEPI project/anomx/airflow/dags/anomx_pipeline.py
[2026-06-22T10:33:12.887+0300] {logging_mixin.py:188} INFO - [2026-06-22T10:33:12.886+0300] {dag.py:3096} INFO - Sync 1 DAGs
[2026-06-22T10:33:12.900+0300] {logging_mixin.py:188} INFO - [2026-06-22T10:33:12.899+0300] {dag.py:3954} INFO - Setting next_dagrun for anomx_pipeline to 2026-06-22 00:00:00+00:00, run_after=2026-06-23 00:00:00+00:00
[2026-06-22T10:33:12.928+0300] {processor.py:183} INFO - Processing /media/data/omar/programming course/DEPI/DEPI project/anomx/airflow/dags/anomx_pipeline.py took 0.928 seconds
[2026-06-22T10:34:06.964+0300] {processor.py:161} INFO - Started process (PID=56808) to work on /media/data/omar/programming course/DEPI/DEPI project/anomx/airflow/dags/anomx_pipeline.py
[2026-06-22T10:34:06.965+0300] {processor.py:830} INFO - Processing file /media/data/omar/programming course/DEPI/DEPI project/anomx/airflow/dags/anomx_pipeline.py for tasks to queue
[2026-06-22T10:34:06.966+0300] {logging_mixin.py:188} INFO - [2026-06-22T10:34:06.965+0300] {dagbag.py:540} INFO - Filling up the DagBag from /media/data/omar/programming course/DEPI/DEPI project/anomx/airflow/dags/anomx_pipeline.py
[2026-06-22T10:34:07.801+0300] {processor.py:840} INFO - DAG(s) 'anomx_pipeline' retrieved from /media/data/omar/programming course/DEPI/DEPI project/anomx/airflow/dags/anomx_pipeline.py
[2026-06-22T10:34:07.812+0300] {logging_mixin.py:188} INFO - [2026-06-22T10:34:07.812+0300] {dag.py:3096} INFO - Sync 1 DAGs
[2026-06-22T10:34:07.826+0300] {logging_mixin.py:188} INFO - [2026-06-22T10:34:07.825+0300] {dag.py:3954} INFO - Setting next_dagrun for anomx_pipeline to 2026-06-22 00:00:00+00:00, run_after=2026-06-23 00:00:00+00:00
[2026-06-22T10:34:07.851+0300] {processor.py:183} INFO - Processing /media/data/omar/programming course/DEPI/DEPI project/anomx/airflow/dags/anomx_pipeline.py took 0.892 seconds
[2026-06-22T10:34:59.720+0300] {processor.py:161} INFO - Started process (PID=56889) to work on /media/data/omar/programming course/DEPI/DEPI project/anomx/airflow/dags/anomx_pipeline.py
[2026-06-22T10:34:59.721+0300] {processor.py:830} INFO - Processing file /media/data/omar/programming course/DEPI/DEPI project/anomx/airflow/dags/anomx_pipeline.py for tasks to queue
[2026-06-22T10:34:59.722+0300] {logging_mixin.py:188} INFO - [2026-06-22T10:34:59.722+0300] {dagbag.py:540} INFO - Filling up the DagBag from /media/data/omar/programming course/DEPI/DEPI project/anomx/airflow/dags/anomx_pipeline.py
[2026-06-22T10:35:00.607+0300] {processor.py:840} INFO - DAG(s) 'anomx_pipeline' retrieved from /media/data/omar/programming course/DEPI/DEPI project/anomx/airflow/dags/anomx_pipeline.py
[2026-06-22T10:35:00.620+0300] {logging_mixin.py:188} INFO - [2026-06-22T10:35:00.619+0300] {dag.py:3096} INFO - Sync 1 DAGs
[2026-06-22T10:35:00.632+0300] {logging_mixin.py:188} INFO - [2026-06-22T10:35:00.632+0300] {dag.py:3954} INFO - Setting next_dagrun for anomx_pipeline to 2026-06-22 00:00:00+00:00, run_after=2026-06-23 00:00:00+00:00
[2026-06-22T10:35:00.706+0300] {processor.py:183} INFO - Processing /media/data/omar/programming course/DEPI/DEPI project/anomx/airflow/dags/anomx_pipeline.py took 0.992 seconds
[2026-06-22T10:35:56.022+0300] {processor.py:161} INFO - Started process (PID=56981) to work on /media/data/omar/programming course/DEPI/DEPI project/anomx/airflow/dags/anomx_pipeline.py
[2026-06-22T10:35:56.023+0300] {processor.py:830} INFO - Processing file /media/data/omar/programming course/DEPI/DEPI project/anomx/airflow/dags/anomx_pipeline.py for tasks to queue
[2026-06-22T10:35:56.025+0300] {logging_mixin.py:188} INFO - [2026-06-22T10:35:56.024+0300] {dagbag.py:540} INFO - Filling up the DagBag from /media/data/omar/programming course/DEPI/DEPI project/anomx/airflow/dags/anomx_pipeline.py
[2026-06-22T10:35:56.902+0300] {processor.py:840} INFO - DAG(s) 'anomx_pipeline' retrieved from /media/data/omar/programming course/DEPI/DEPI project/anomx/airflow/dags/anomx_pipeline.py
[2026-06-22T10:35:56.913+0300] {logging_mixin.py:188} INFO - [2026-06-22T10:35:56.913+0300] {dag.py:3096} INFO - Sync 1 DAGs
[2026-06-22T10:35:56.926+0300] {logging_mixin.py:188} INFO - [2026-06-22T10:35:56.925+0300] {dag.py:3954} INFO - Setting next_dagrun for anomx_pipeline to 2026-06-22 00:00:00+00:00, run_after=2026-06-23 00:00:00+00:00
[2026-06-22T10:35:56.951+0300] {processor.py:183} INFO - Processing /media/data/omar/programming course/DEPI/DEPI project/anomx/airflow/dags/anomx_pipeline.py took 0.936 seconds
[2026-06-22T10:36:50.173+0300] {processor.py:161} INFO - Started process (PID=57063) to work on /media/data/omar/programming course/DEPI/DEPI project/anomx/airflow/dags/anomx_pipeline.py
[2026-06-22T10:36:50.175+0300] {processor.py:830} INFO - Processing file /media/data/omar/programming course/DEPI/DEPI project/anomx/airflow/dags/anomx_pipeline.py for tasks to queue
[2026-06-22T10:36:50.176+0300] {logging_mixin.py:188} INFO - [2026-06-22T10:36:50.176+0300] {dagbag.py:540} INFO - Filling up the DagBag from /media/data/omar/programming course/DEPI/DEPI project/anomx/airflow/dags/anomx_pipeline.py
[2026-06-22T10:36:51.014+0300] {processor.py:840} INFO - DAG(s) 'anomx_pipeline' retrieved from /media/data/omar/programming course/DEPI/DEPI project/anomx/airflow/dags/anomx_pipeline.py
[2026-06-22T10:36:51.025+0300] {logging_mixin.py:188} INFO - [2026-06-22T10:36:51.025+0300] {dag.py:3096} INFO - Sync 1 DAGs
[2026-06-22T10:36:51.038+0300] {logging_mixin.py:188} INFO - [2026-06-22T10:36:51.038+0300] {dag.py:3954} INFO - Setting next_dagrun for anomx_pipeline to 2026-06-22 00:00:00+00:00, run_after=2026-06-23 00:00:00+00:00
[2026-06-22T10:36:51.064+0300] {processor.py:183} INFO - Processing /media/data/omar/programming course/DEPI/DEPI project/anomx/airflow/dags/anomx_pipeline.py took 0.898 seconds
[2026-06-22T10:37:41.609+0300] {processor.py:161} INFO - Started process (PID=57148) to work on /media/data/omar/programming course/DEPI/DEPI project/anomx/airflow/dags/anomx_pipeline.py
[2026-06-22T10:37:41.611+0300] {processor.py:830} INFO - Processing file /media/data/omar/programming course/DEPI/DEPI project/anomx/airflow/dags/anomx_pipeline.py for tasks to queue
[2026-06-22T10:37:41.614+0300] {logging_mixin.py:188} INFO - [2026-06-22T10:37:41.612+0300] {dagbag.py:540} INFO - Filling up the DagBag from /media/data/omar/programming course/DEPI/DEPI project/anomx/airflow/dags/anomx_pipeline.py
[2026-06-22T10:37:42.520+0300] {processor.py:840} INFO - DAG(s) 'anomx_pipeline' retrieved from /media/data/omar/programming course/DEPI/DEPI project/anomx/airflow/dags/anomx_pipeline.py
[2026-06-22T10:37:42.531+0300] {logging_mixin.py:188} INFO - [2026-06-22T10:37:42.531+0300] {dag.py:3096} INFO - Sync 1 DAGs
[2026-06-22T10:37:42.544+0300] {logging_mixin.py:188} INFO - [2026-06-22T10:37:42.544+0300] {dag.py:3954} INFO - Setting next_dagrun for anomx_pipeline to 2026-06-22 00:00:00+00:00, run_after=2026-06-23 00:00:00+00:00
[2026-06-22T10:37:42.636+0300] {processor.py:183} INFO - Processing /media/data/omar/programming course/DEPI/DEPI project/anomx/airflow/dags/anomx_pipeline.py took 1.040 seconds
[2026-06-22T10:38:34.729+0300] {processor.py:161} INFO - Started process (PID=57227) to work on /media/data/omar/programming course/DEPI/DEPI project/anomx/airflow/dags/anomx_pipeline.py
[2026-06-22T10:38:34.731+0300] {processor.py:830} INFO - Processing file /media/data/omar/programming course/DEPI/DEPI project/anomx/airflow/dags/anomx_pipeline.py for tasks to queue
[2026-06-22T10:38:34.733+0300] {logging_mixin.py:188} INFO - [2026-06-22T10:38:34.732+0300] {dagbag.py:540} INFO - Filling up the DagBag from /media/data/omar/programming course/DEPI/DEPI project/anomx/airflow/dags/anomx_pipeline.py
[2026-06-22T10:38:35.658+0300] {processor.py:840} INFO - DAG(s) 'anomx_pipeline' retrieved from /media/data/omar/programming course/DEPI/DEPI project/anomx/airflow/dags/anomx_pipeline.py
[2026-06-22T10:38:35.671+0300] {logging_mixin.py:188} INFO - [2026-06-22T10:38:35.670+0300] {dag.py:3096} INFO - Sync 1 DAGs
[2026-06-22T10:38:35.683+0300] {logging_mixin.py:188} INFO - [2026-06-22T10:38:35.683+0300] {dag.py:3954} INFO - Setting next_dagrun for anomx_pipeline to 2026-06-22 00:00:00+00:00, run_after=2026-06-23 00:00:00+00:00
[2026-06-22T10:38:35.771+0300] {processor.py:183} INFO - Processing /media/data/omar/programming course/DEPI/DEPI project/anomx/airflow/dags/anomx_pipeline.py took 1.057 seconds
[2026-06-22T10:39:28.584+0300] {processor.py:161} INFO - Started process (PID=57305) to work on /media/data/omar/programming course/DEPI/DEPI project/anomx/airflow/dags/anomx_pipeline.py
[2026-06-22T10:39:28.585+0300] {processor.py:830} INFO - Processing file /media/data/omar/programming course/DEPI/DEPI project/anomx/airflow/dags/anomx_pipeline.py for tasks to queue
[2026-06-22T10:39:28.586+0300] {logging_mixin.py:188} INFO - [2026-06-22T10:39:28.586+0300] {dagbag.py:540} INFO - Filling up the DagBag from /media/data/omar/programming course/DEPI/DEPI project/anomx/airflow/dags/anomx_pipeline.py
[2026-06-22T10:39:29.417+0300] {processor.py:840} INFO - DAG(s) 'anomx_pipeline' retrieved from /media/data/omar/programming course/DEPI/DEPI project/anomx/airflow/dags/anomx_pipeline.py
[2026-06-22T10:39:29.429+0300] {logging_mixin.py:188} INFO - [2026-06-22T10:39:29.429+0300] {dag.py:3096} INFO - Sync 1 DAGs
[2026-06-22T10:39:29.509+0300] {logging_mixin.py:188} INFO - [2026-06-22T10:39:29.509+0300] {dag.py:3954} INFO - Setting next_dagrun for anomx_pipeline to 2026-06-22 00:00:00+00:00, run_after=2026-06-23 00:00:00+00:00
[2026-06-22T10:39:29.533+0300] {processor.py:183} INFO - Processing /media/data/omar/programming course/DEPI/DEPI project/anomx/airflow/dags/anomx_pipeline.py took 0.955 seconds
[2026-06-22T10:40:22.339+0300] {processor.py:161} INFO - Started process (PID=57388) to work on /media/data/omar/programming course/DEPI/DEPI project/anomx/airflow/dags/anomx_pipeline.py
[2026-06-22T10:40:22.340+0300] {processor.py:830} INFO - Processing file /media/data/omar/programming course/DEPI/DEPI project/anomx/airflow/dags/anomx_pipeline.py for tasks to queue
[2026-06-22T10:40:22.341+0300] {logging_mixin.py:188} INFO - [2026-06-22T10:40:22.340+0300] {dagbag.py:540} INFO - Filling up the DagBag from /media/data/omar/programming course/DEPI/DEPI project/anomx/airflow/dags/anomx_pipeline.py
[2026-06-22T10:40:23.187+0300] {processor.py:840} INFO - DAG(s) 'anomx_pipeline' retrieved from /media/data/omar/programming course/DEPI/DEPI project/anomx/airflow/dags/anomx_pipeline.py
[2026-06-22T10:40:23.199+0300] {logging_mixin.py:188} INFO - [2026-06-22T10:40:23.198+0300] {dag.py:3096} INFO - Sync 1 DAGs
[2026-06-22T10:40:23.212+0300] {logging_mixin.py:188} INFO - [2026-06-22T10:40:23.212+0300] {dag.py:3954} INFO - Setting next_dagrun for anomx_pipeline to 2026-06-22 00:00:00+00:00, run_after=2026-06-23 00:00:00+00:00
[2026-06-22T10:40:23.308+0300] {processor.py:183} INFO - Processing /media/data/omar/programming course/DEPI/DEPI project/anomx/airflow/dags/anomx_pipeline.py took 0.974 seconds
[2026-06-22T10:41:15.882+0300] {processor.py:161} INFO - Started process (PID=57479) to work on /media/data/omar/programming course/DEPI/DEPI project/anomx/airflow/dags/anomx_pipeline.py
[2026-06-22T10:41:15.883+0300] {processor.py:830} INFO - Processing file /media/data/omar/programming course/DEPI/DEPI project/anomx/airflow/dags/anomx_pipeline.py for tasks to queue
[2026-06-22T10:41:15.884+0300] {logging_mixin.py:188} INFO - [2026-06-22T10:41:15.884+0300] {dagbag.py:540} INFO - Filling up the DagBag from /media/data/omar/programming course/DEPI/DEPI project/anomx/airflow/dags/anomx_pipeline.py
[2026-06-22T10:41:16.781+0300] {processor.py:840} INFO - DAG(s) 'anomx_pipeline' retrieved from /media/data/omar/programming course/DEPI/DEPI project/anomx/airflow/dags/anomx_pipeline.py
[2026-06-22T10:41:16.792+0300] {logging_mixin.py:188} INFO - [2026-06-22T10:41:16.792+0300] {dag.py:3096} INFO - Sync 1 DAGs
[2026-06-22T10:41:16.804+0300] {logging_mixin.py:188} INFO - [2026-06-22T10:41:16.804+0300] {dag.py:3954} INFO - Setting next_dagrun for anomx_pipeline to 2026-06-22 00:00:00+00:00, run_after=2026-06-23 00:00:00+00:00
[2026-06-22T10:41:16.874+0300] {processor.py:183} INFO - Processing /media/data/omar/programming course/DEPI/DEPI project/anomx/airflow/dags/anomx_pipeline.py took 1.000 seconds
[2026-06-22T10:42:13.320+0300] {processor.py:161} INFO - Started process (PID=57559) to work on /media/data/omar/programming course/DEPI/DEPI project/anomx/airflow/dags/anomx_pipeline.py
[2026-06-22T10:42:13.320+0300] {processor.py:830} INFO - Processing file /media/data/omar/programming course/DEPI/DEPI project/anomx/airflow/dags/anomx_pipeline.py for tasks to queue
[2026-06-22T10:42:13.321+0300] {logging_mixin.py:188} INFO - [2026-06-22T10:42:13.321+0300] {dagbag.py:540} INFO - Filling up the DagBag from /media/data/omar/programming course/DEPI/DEPI project/anomx/airflow/dags/anomx_pipeline.py
[2026-06-22T10:42:14.245+0300] {processor.py:840} INFO - DAG(s) 'anomx_pipeline' retrieved from /media/data/omar/programming course/DEPI/DEPI project/anomx/airflow/dags/anomx_pipeline.py
[2026-06-22T10:42:14.260+0300] {logging_mixin.py:188} INFO - [2026-06-22T10:42:14.259+0300] {dag.py:3096} INFO - Sync 1 DAGs
[2026-06-22T10:42:14.272+0300] {logging_mixin.py:188} INFO - [2026-06-22T10:42:14.272+0300] {dag.py:3954} INFO - Setting next_dagrun for anomx_pipeline to 2026-06-22 00:00:00+00:00, run_after=2026-06-23 00:00:00+00:00
[2026-06-22T10:42:14.299+0300] {processor.py:183} INFO - Processing /media/data/omar/programming course/DEPI/DEPI project/anomx/airflow/dags/anomx_pipeline.py took 0.984 seconds
[2026-06-22T10:43:02.847+0300] {processor.py:161} INFO - Started process (PID=57636) to work on /media/data/omar/programming course/DEPI/DEPI project/anomx/airflow/dags/anomx_pipeline.py
[2026-06-22T10:43:02.848+0300] {processor.py:830} INFO - Processing file /media/data/omar/programming course/DEPI/DEPI project/anomx/airflow/dags/anomx_pipeline.py for tasks to queue
[2026-06-22T10:43:02.849+0300] {logging_mixin.py:188} INFO - [2026-06-22T10:43:02.848+0300] {dagbag.py:540} INFO - Filling up the DagBag from /media/data/omar/programming course/DEPI/DEPI project/anomx/airflow/dags/anomx_pipeline.py
[2026-06-22T10:43:03.737+0300] {processor.py:840} INFO - DAG(s) 'anomx_pipeline' retrieved from /media/data/omar/programming course/DEPI/DEPI project/anomx/airflow/dags/anomx_pipeline.py
[2026-06-22T10:43:03.750+0300] {logging_mixin.py:188} INFO - [2026-06-22T10:43:03.750+0300] {dag.py:3096} INFO - Sync 1 DAGs
[2026-06-22T10:43:03.763+0300] {logging_mixin.py:188} INFO - [2026-06-22T10:43:03.762+0300] {dag.py:3954} INFO - Setting next_dagrun for anomx_pipeline to 2026-06-22 00:00:00+00:00, run_after=2026-06-23 00:00:00+00:00
[2026-06-22T10:43:03.790+0300] {processor.py:183} INFO - Processing /media/data/omar/programming course/DEPI/DEPI project/anomx/airflow/dags/anomx_pipeline.py took 0.949 seconds
[2026-06-22T10:43:54.173+0300] {processor.py:161} INFO - Started process (PID=57712) to work on /media/data/omar/programming course/DEPI/DEPI project/anomx/airflow/dags/anomx_pipeline.py
[2026-06-22T10:43:54.175+0300] {processor.py:830} INFO - Processing file /media/data/omar/programming course/DEPI/DEPI project/anomx/airflow/dags/anomx_pipeline.py for tasks to queue
[2026-06-22T10:43:54.177+0300] {logging_mixin.py:188} INFO - [2026-06-22T10:43:54.176+0300] {dagbag.py:540} INFO - Filling up the DagBag from /media/data/omar/programming course/DEPI/DEPI project/anomx/airflow/dags/anomx_pipeline.py
[2026-06-22T10:43:55.025+0300] {processor.py:840} INFO - DAG(s) 'anomx_pipeline' retrieved from /media/data/omar/programming course/DEPI/DEPI project/anomx/airflow/dags/anomx_pipeline.py
[2026-06-22T10:43:55.037+0300] {logging_mixin.py:188} INFO - [2026-06-22T10:43:55.036+0300] {dag.py:3096} INFO - Sync 1 DAGs
[2026-06-22T10:43:55.049+0300] {logging_mixin.py:188} INFO - [2026-06-22T10:43:55.049+0300] {dag.py:3954} INFO - Setting next_dagrun for anomx_pipeline to 2026-06-22 00:00:00+00:00, run_after=2026-06-23 00:00:00+00:00
[2026-06-22T10:43:55.074+0300] {processor.py:183} INFO - Processing /media/data/omar/programming course/DEPI/DEPI project/anomx/airflow/dags/anomx_pipeline.py took 0.911 seconds
[2026-06-22T10:44:48.598+0300] {processor.py:161} INFO - Started process (PID=57792) to work on /media/data/omar/programming course/DEPI/DEPI project/anomx/airflow/dags/anomx_pipeline.py
[2026-06-22T10:44:48.600+0300] {processor.py:830} INFO - Processing file /media/data/omar/programming course/DEPI/DEPI project/anomx/airflow/dags/anomx_pipeline.py for tasks to queue
[2026-06-22T10:44:48.601+0300] {logging_mixin.py:188} INFO - [2026-06-22T10:44:48.600+0300] {dagbag.py:540} INFO - Filling up the DagBag from /media/data/omar/programming course/DEPI/DEPI project/anomx/airflow/dags/anomx_pipeline.py
[2026-06-22T10:44:49.499+0300] {processor.py:840} INFO - DAG(s) 'anomx_pipeline' retrieved from /media/data/omar/programming course/DEPI/DEPI project/anomx/airflow/dags/anomx_pipeline.py
[2026-06-22T10:44:49.511+0300] {logging_mixin.py:188} INFO - [2026-06-22T10:44:49.511+0300] {dag.py:3096} INFO - Sync 1 DAGs
[2026-06-22T10:44:49.523+0300] {logging_mixin.py:188} INFO - [2026-06-22T10:44:49.523+0300] {dag.py:3954} INFO - Setting next_dagrun for anomx_pipeline to 2026-06-22 00:00:00+00:00, run_after=2026-06-23 00:00:00+00:00
[2026-06-22T10:44:49.548+0300] {processor.py:183} INFO - Processing /media/data/omar/programming course/DEPI/DEPI project/anomx/airflow/dags/anomx_pipeline.py took 0.962 seconds
[2026-06-22T10:45:41.904+0300] {processor.py:161} INFO - Started process (PID=57891) to work on /media/data/omar/programming course/DEPI/DEPI project/anomx/airflow/dags/anomx_pipeline.py
[2026-06-22T10:45:41.905+0300] {processor.py:830} INFO - Processing file /media/data/omar/programming course/DEPI/DEPI project/anomx/airflow/dags/anomx_pipeline.py for tasks to queue
[2026-06-22T10:45:41.906+0300] {logging_mixin.py:188} INFO - [2026-06-22T10:45:41.906+0300] {dagbag.py:540} INFO - Filling up the DagBag from /media/data/omar/programming course/DEPI/DEPI project/anomx/airflow/dags/anomx_pipeline.py
[2026-06-22T10:45:42.847+0300] {processor.py:840} INFO - DAG(s) 'anomx_pipeline' retrieved from /media/data/omar/programming course/DEPI/DEPI project/anomx/airflow/dags/anomx_pipeline.py
[2026-06-22T10:45:42.858+0300] {logging_mixin.py:188} INFO - [2026-06-22T10:45:42.858+0300] {dag.py:3096} INFO - Sync 1 DAGs
[2026-06-22T10:45:42.871+0300] {logging_mixin.py:188} INFO - [2026-06-22T10:45:42.871+0300] {dag.py:3954} INFO - Setting next_dagrun for anomx_pipeline to 2026-06-22 00:00:00+00:00, run_after=2026-06-23 00:00:00+00:00
[2026-06-22T10:45:42.943+0300] {processor.py:183} INFO - Processing /media/data/omar/programming course/DEPI/DEPI project/anomx/airflow/dags/anomx_pipeline.py took 1.048 seconds
[2026-06-22T10:46:36.429+0300] {processor.py:161} INFO - Started process (PID=57979) to work on /media/data/omar/programming course/DEPI/DEPI project/anomx/airflow/dags/anomx_pipeline.py
[2026-06-22T10:46:36.430+0300] {processor.py:830} INFO - Processing file /media/data/omar/programming course/DEPI/DEPI project/anomx/airflow/dags/anomx_pipeline.py for tasks to queue
[2026-06-22T10:46:36.431+0300] {logging_mixin.py:188} INFO - [2026-06-22T10:46:36.431+0300] {dagbag.py:540} INFO - Filling up the DagBag from /media/data/omar/programming course/DEPI/DEPI project/anomx/airflow/dags/anomx_pipeline.py
[2026-06-22T10:46:37.281+0300] {processor.py:840} INFO - DAG(s) 'anomx_pipeline' retrieved from /media/data/omar/programming course/DEPI/DEPI project/anomx/airflow/dags/anomx_pipeline.py
[2026-06-22T10:46:37.292+0300] {logging_mixin.py:188} INFO - [2026-06-22T10:46:37.292+0300] {dag.py:3096} INFO - Sync 1 DAGs
[2026-06-22T10:46:37.305+0300] {logging_mixin.py:188} INFO - [2026-06-22T10:46:37.304+0300] {dag.py:3954} INFO - Setting next_dagrun for anomx_pipeline to 2026-06-22 00:00:00+00:00, run_after=2026-06-23 00:00:00+00:00
[2026-06-22T10:46:37.331+0300] {processor.py:183} INFO - Processing /media/data/omar/programming course/DEPI/DEPI project/anomx/airflow/dags/anomx_pipeline.py took 0.907 seconds
[2026-06-22T10:47:30.850+0300] {processor.py:161} INFO - Started process (PID=58085) to work on /media/data/omar/programming course/DEPI/DEPI project/anomx/airflow/dags/anomx_pipeline.py
[2026-06-22T10:47:30.851+0300] {processor.py:830} INFO - Processing file /media/data/omar/programming course/DEPI/DEPI project/anomx/airflow/dags/anomx_pipeline.py for tasks to queue
[2026-06-22T10:47:30.852+0300] {logging_mixin.py:188} INFO - [2026-06-22T10:47:30.852+0300] {dagbag.py:540} INFO - Filling up the DagBag from /media/data/omar/programming course/DEPI/DEPI project/anomx/airflow/dags/anomx_pipeline.py
[2026-06-22T10:47:31.701+0300] {processor.py:840} INFO - DAG(s) 'anomx_pipeline' retrieved from /media/data/omar/programming course/DEPI/DEPI project/anomx/airflow/dags/anomx_pipeline.py
[2026-06-22T10:47:31.714+0300] {logging_mixin.py:188} INFO - [2026-06-22T10:47:31.713+0300] {dag.py:3096} INFO - Sync 1 DAGs
[2026-06-22T10:47:31.725+0300] {logging_mixin.py:188} INFO - [2026-06-22T10:47:31.725+0300] {dag.py:3954} INFO - Setting next_dagrun for anomx_pipeline to 2026-06-22 00:00:00+00:00, run_after=2026-06-23 00:00:00+00:00
[2026-06-22T10:47:31.802+0300] {processor.py:183} INFO - Processing /media/data/omar/programming course/DEPI/DEPI project/anomx/airflow/dags/anomx_pipeline.py took 0.959 seconds
[2026-06-22T10:48:21.882+0300] {processor.py:161} INFO - Started process (PID=58170) to work on /media/data/omar/programming course/DEPI/DEPI project/anomx/airflow/dags/anomx_pipeline.py
[2026-06-22T10:48:21.883+0300] {processor.py:830} INFO - Processing file /media/data/omar/programming course/DEPI/DEPI project/anomx/airflow/dags/anomx_pipeline.py for tasks to queue
[2026-06-22T10:48:21.884+0300] {logging_mixin.py:188} INFO - [2026-06-22T10:48:21.883+0300] {dagbag.py:540} INFO - Filling up the DagBag from /media/data/omar/programming course/DEPI/DEPI project/anomx/airflow/dags/anomx_pipeline.py
[2026-06-22T10:48:22.758+0300] {processor.py:840} INFO - DAG(s) 'anomx_pipeline' retrieved from /media/data/omar/programming course/DEPI/DEPI project/anomx/airflow/dags/anomx_pipeline.py
[2026-06-22T10:48:22.769+0300] {logging_mixin.py:188} INFO - [2026-06-22T10:48:22.769+0300] {dag.py:3096} INFO - Sync 1 DAGs
[2026-06-22T10:48:22.782+0300] {logging_mixin.py:188} INFO - [2026-06-22T10:48:22.782+0300] {dag.py:3954} INFO - Setting next_dagrun for anomx_pipeline to 2026-06-22 00:00:00+00:00, run_after=2026-06-23 00:00:00+00:00
[2026-06-22T10:48:22.857+0300] {processor.py:183} INFO - Processing /media/data/omar/programming course/DEPI/DEPI project/anomx/airflow/dags/anomx_pipeline.py took 0.981 seconds
[2026-06-22T10:49:09.526+0300] {processor.py:161} INFO - Started process (PID=58244) to work on /media/data/omar/programming course/DEPI/DEPI project/anomx/airflow/dags/anomx_pipeline.py
[2026-06-22T10:49:09.528+0300] {processor.py:830} INFO - Processing file /media/data/omar/programming course/DEPI/DEPI project/anomx/airflow/dags/anomx_pipeline.py for tasks to queue
[2026-06-22T10:49:09.529+0300] {logging_mixin.py:188} INFO - [2026-06-22T10:49:09.529+0300] {dagbag.py:540} INFO - Filling up the DagBag from /media/data/omar/programming course/DEPI/DEPI project/anomx/airflow/dags/anomx_pipeline.py
[2026-06-22T10:49:10.454+0300] {processor.py:840} INFO - DAG(s) 'anomx_pipeline' retrieved from /media/data/omar/programming course/DEPI/DEPI project/anomx/airflow/dags/anomx_pipeline.py
[2026-06-22T10:49:10.466+0300] {logging_mixin.py:188} INFO - [2026-06-22T10:49:10.466+0300] {dag.py:3096} INFO - Sync 1 DAGs
[2026-06-22T10:49:10.478+0300] {logging_mixin.py:188} INFO - [2026-06-22T10:49:10.478+0300] {dag.py:3954} INFO - Setting next_dagrun for anomx_pipeline to 2026-06-22 00:00:00+00:00, run_after=2026-06-23 00:00:00+00:00
[2026-06-22T10:49:10.554+0300] {processor.py:183} INFO - Processing /media/data/omar/programming course/DEPI/DEPI project/anomx/airflow/dags/anomx_pipeline.py took 1.038 seconds
[2026-06-22T10:50:03.247+0300] {processor.py:161} INFO - Started process (PID=58399) to work on /media/data/omar/programming course/DEPI/DEPI project/anomx/airflow/dags/anomx_pipeline.py
[2026-06-22T10:50:03.248+0300] {processor.py:830} INFO - Processing file /media/data/omar/programming course/DEPI/DEPI project/anomx/airflow/dags/anomx_pipeline.py for tasks to queue
[2026-06-22T10:50:03.249+0300] {logging_mixin.py:188} INFO - [2026-06-22T10:50:03.249+0300] {dagbag.py:540} INFO - Filling up the DagBag from /media/data/omar/programming course/DEPI/DEPI project/anomx/airflow/dags/anomx_pipeline.py
[2026-06-22T10:50:04.353+0300] {processor.py:840} INFO - DAG(s) 'anomx_pipeline' retrieved from /media/data/omar/programming course/DEPI/DEPI project/anomx/airflow/dags/anomx_pipeline.py
[2026-06-22T10:50:04.369+0300] {logging_mixin.py:188} INFO - [2026-06-22T10:50:04.368+0300] {dag.py:3096} INFO - Sync 1 DAGs
[2026-06-22T10:50:04.383+0300] {logging_mixin.py:188} INFO - [2026-06-22T10:50:04.383+0300] {dag.py:3954} INFO - Setting next_dagrun for anomx_pipeline to 2026-06-22 00:00:00+00:00, run_after=2026-06-23 00:00:00+00:00
[2026-06-22T10:50:04.408+0300] {processor.py:183} INFO - Processing /media/data/omar/programming course/DEPI/DEPI project/anomx/airflow/dags/anomx_pipeline.py took 1.168 seconds
[2026-06-22T10:51:00.808+0300] {processor.py:161} INFO - Started process (PID=58560) to work on /media/data/omar/programming course/DEPI/DEPI project/anomx/airflow/dags/anomx_pipeline.py
[2026-06-22T10:51:00.809+0300] {processor.py:830} INFO - Processing file /media/data/omar/programming course/DEPI/DEPI project/anomx/airflow/dags/anomx_pipeline.py for tasks to queue
[2026-06-22T10:51:00.810+0300] {logging_mixin.py:188} INFO - [2026-06-22T10:51:00.809+0300] {dagbag.py:540} INFO - Filling up the DagBag from /media/data/omar/programming course/DEPI/DEPI project/anomx/airflow/dags/anomx_pipeline.py
[2026-06-22T10:51:01.727+0300] {processor.py:840} INFO - DAG(s) 'anomx_pipeline' retrieved from /media/data/omar/programming course/DEPI/DEPI project/anomx/airflow/dags/anomx_pipeline.py
[2026-06-22T10:51:01.739+0300] {logging_mixin.py:188} INFO - [2026-06-22T10:51:01.738+0300] {dag.py:3096} INFO - Sync 1 DAGs
[2026-06-22T10:51:01.751+0300] {logging_mixin.py:188} INFO - [2026-06-22T10:51:01.751+0300] {dag.py:3954} INFO - Setting next_dagrun for anomx_pipeline to 2026-06-22 00:00:00+00:00, run_after=2026-06-23 00:00:00+00:00
[2026-06-22T10:51:01.780+0300] {processor.py:183} INFO - Processing /media/data/omar/programming course/DEPI/DEPI project/anomx/airflow/dags/anomx_pipeline.py took 0.980 seconds
[2026-06-22T10:51:59.020+0300] {processor.py:161} INFO - Started process (PID=58653) to work on /media/data/omar/programming course/DEPI/DEPI project/anomx/airflow/dags/anomx_pipeline.py
[2026-06-22T10:51:59.021+0300] {processor.py:830} INFO - Processing file /media/data/omar/programming course/DEPI/DEPI project/anomx/airflow/dags/anomx_pipeline.py for tasks to queue
[2026-06-22T10:51:59.022+0300] {logging_mixin.py:188} INFO - [2026-06-22T10:51:59.021+0300] {dagbag.py:540} INFO - Filling up the DagBag from /media/data/omar/programming course/DEPI/DEPI project/anomx/airflow/dags/anomx_pipeline.py
[2026-06-22T10:52:00.771+0300] {processor.py:840} INFO - DAG(s) 'anomx_pipeline' retrieved from /media/data/omar/programming course/DEPI/DEPI project/anomx/airflow/dags/anomx_pipeline.py
[2026-06-22T10:52:00.805+0300] {logging_mixin.py:188} INFO - [2026-06-22T10:52:00.802+0300] {dag.py:3096} INFO - Sync 1 DAGs
[2026-06-22T10:52:00.839+0300] {logging_mixin.py:188} INFO - [2026-06-22T10:52:00.838+0300] {dag.py:3954} INFO - Setting next_dagrun for anomx_pipeline to 2026-06-22 00:00:00+00:00, run_after=2026-06-23 00:00:00+00:00
[2026-06-22T10:52:00.880+0300] {processor.py:183} INFO - Processing /media/data/omar/programming course/DEPI/DEPI project/anomx/airflow/dags/anomx_pipeline.py took 1.866 seconds
[2026-06-22T10:52:56.327+0300] {processor.py:161} INFO - Started process (PID=58849) to work on /media/data/omar/programming course/DEPI/DEPI project/anomx/airflow/dags/anomx_pipeline.py
[2026-06-22T10:52:56.328+0300] {processor.py:830} INFO - Processing file /media/data/omar/programming course/DEPI/DEPI project/anomx/airflow/dags/anomx_pipeline.py for tasks to queue
[2026-06-22T10:52:56.330+0300] {logging_mixin.py:188} INFO - [2026-06-22T10:52:56.329+0300] {dagbag.py:540} INFO - Filling up the DagBag from /media/data/omar/programming course/DEPI/DEPI project/anomx/airflow/dags/anomx_pipeline.py
[2026-06-22T10:52:57.934+0300] {processor.py:840} INFO - DAG(s) 'anomx_pipeline' retrieved from /media/data/omar/programming course/DEPI/DEPI project/anomx/airflow/dags/anomx_pipeline.py
[2026-06-22T10:52:57.977+0300] {logging_mixin.py:188} INFO - [2026-06-22T10:52:57.976+0300] {dag.py:3096} INFO - Sync 1 DAGs
[2026-06-22T10:52:58.008+0300] {logging_mixin.py:188} INFO - [2026-06-22T10:52:58.007+0300] {dag.py:3954} INFO - Setting next_dagrun for anomx_pipeline to 2026-06-22 00:00:00+00:00, run_after=2026-06-23 00:00:00+00:00
[2026-06-22T10:52:58.110+0300] {processor.py:183} INFO - Processing /media/data/omar/programming course/DEPI/DEPI project/anomx/airflow/dags/anomx_pipeline.py took 1.792 seconds
[2026-06-22T10:53:53.009+0300] {processor.py:161} INFO - Started process (PID=59059) to work on /media/data/omar/programming course/DEPI/DEPI project/anomx/airflow/dags/anomx_pipeline.py
[2026-06-22T10:53:53.011+0300] {processor.py:830} INFO - Processing file /media/data/omar/programming course/DEPI/DEPI project/anomx/airflow/dags/anomx_pipeline.py for tasks to queue
[2026-06-22T10:53:53.013+0300] {logging_mixin.py:188} INFO - [2026-06-22T10:53:53.012+0300] {dagbag.py:540} INFO - Filling up the DagBag from /media/data/omar/programming course/DEPI/DEPI project/anomx/airflow/dags/anomx_pipeline.py
[2026-06-22T10:53:54.210+0300] {processor.py:840} INFO - DAG(s) 'anomx_pipeline' retrieved from /media/data/omar/programming course/DEPI/DEPI project/anomx/airflow/dags/anomx_pipeline.py
[2026-06-22T10:53:54.225+0300] {logging_mixin.py:188} INFO - [2026-06-22T10:53:54.224+0300] {dag.py:3096} INFO - Sync 1 DAGs
[2026-06-22T10:53:54.242+0300] {logging_mixin.py:188} INFO - [2026-06-22T10:53:54.242+0300] {dag.py:3954} INFO - Setting next_dagrun for anomx_pipeline to 2026-06-22 00:00:00+00:00, run_after=2026-06-23 00:00:00+00:00
[2026-06-22T10:53:54.274+0300] {processor.py:183} INFO - Processing /media/data/omar/programming course/DEPI/DEPI project/anomx/airflow/dags/anomx_pipeline.py took 1.279 seconds
[2026-06-22T10:54:46.895+0300] {processor.py:161} INFO - Started process (PID=59188) to work on /media/data/omar/programming course/DEPI/DEPI project/anomx/airflow/dags/anomx_pipeline.py
[2026-06-22T10:54:46.896+0300] {processor.py:830} INFO - Processing file /media/data/omar/programming course/DEPI/DEPI project/anomx/airflow/dags/anomx_pipeline.py for tasks to queue
[2026-06-22T10:54:46.898+0300] {logging_mixin.py:188} INFO - [2026-06-22T10:54:46.897+0300] {dagbag.py:540} INFO - Filling up the DagBag from /media/data/omar/programming course/DEPI/DEPI project/anomx/airflow/dags/anomx_pipeline.py
[2026-06-22T10:54:47.853+0300] {processor.py:840} INFO - DAG(s) 'anomx_pipeline' retrieved from /media/data/omar/programming course/DEPI/DEPI project/anomx/airflow/dags/anomx_pipeline.py
[2026-06-22T10:54:47.865+0300] {logging_mixin.py:188} INFO - [2026-06-22T10:54:47.864+0300] {dag.py:3096} INFO - Sync 1 DAGs
[2026-06-22T10:54:47.878+0300] {logging_mixin.py:188} INFO - [2026-06-22T10:54:47.877+0300] {dag.py:3954} INFO - Setting next_dagrun for anomx_pipeline to 2026-06-22 00:00:00+00:00, run_after=2026-06-23 00:00:00+00:00
[2026-06-22T10:54:47.904+0300] {processor.py:183} INFO - Processing /media/data/omar/programming course/DEPI/DEPI project/anomx/airflow/dags/anomx_pipeline.py took 1.016 seconds
[2026-06-22T10:55:39.998+0300] {processor.py:161} INFO - Started process (PID=59358) to work on /media/data/omar/programming course/DEPI/DEPI project/anomx/airflow/dags/anomx_pipeline.py
[2026-06-22T10:55:40.003+0300] {processor.py:830} INFO - Processing file /media/data/omar/programming course/DEPI/DEPI project/anomx/airflow/dags/anomx_pipeline.py for tasks to queue
[2026-06-22T10:55:40.005+0300] {logging_mixin.py:188} INFO - [2026-06-22T10:55:40.004+0300] {dagbag.py:540} INFO - Filling up the DagBag from /media/data/omar/programming course/DEPI/DEPI project/anomx/airflow/dags/anomx_pipeline.py
[2026-06-22T10:55:41.597+0300] {processor.py:840} INFO - DAG(s) 'anomx_pipeline' retrieved from /media/data/omar/programming course/DEPI/DEPI project/anomx/airflow/dags/anomx_pipeline.py
[2026-06-22T10:55:41.617+0300] {logging_mixin.py:188} INFO - [2026-06-22T10:55:41.617+0300] {dag.py:3096} INFO - Sync 1 DAGs
[2026-06-22T10:55:41.634+0300] {logging_mixin.py:188} INFO - [2026-06-22T10:55:41.634+0300] {dag.py:3954} INFO - Setting next_dagrun for anomx_pipeline to 2026-06-22 00:00:00+00:00, run_after=2026-06-23 00:00:00+00:00
[2026-06-22T10:55:41.728+0300] {processor.py:183} INFO - Processing /media/data/omar/programming course/DEPI/DEPI project/anomx/airflow/dags/anomx_pipeline.py took 1.743 seconds
[2026-06-22T10:56:37.026+0300] {processor.py:161} INFO - Started process (PID=59511) to work on /media/data/omar/programming course/DEPI/DEPI project/anomx/airflow/dags/anomx_pipeline.py
[2026-06-22T10:56:37.028+0300] {processor.py:830} INFO - Processing file /media/data/omar/programming course/DEPI/DEPI project/anomx/airflow/dags/anomx_pipeline.py for tasks to queue
[2026-06-22T10:56:37.029+0300] {logging_mixin.py:188} INFO - [2026-06-22T10:56:37.028+0300] {dagbag.py:540} INFO - Filling up the DagBag from /media/data/omar/programming course/DEPI/DEPI project/anomx/airflow/dags/anomx_pipeline.py
[2026-06-22T10:56:38.300+0300] {processor.py:840} INFO - DAG(s) 'anomx_pipeline' retrieved from /media/data/omar/programming course/DEPI/DEPI project/anomx/airflow/dags/anomx_pipeline.py
[2026-06-22T10:56:38.317+0300] {logging_mixin.py:188} INFO - [2026-06-22T10:56:38.317+0300] {dag.py:3096} INFO - Sync 1 DAGs
[2026-06-22T10:56:38.335+0300] {logging_mixin.py:188} INFO - [2026-06-22T10:56:38.335+0300] {dag.py:3954} INFO - Setting next_dagrun for anomx_pipeline to 2026-06-22 00:00:00+00:00, run_after=2026-06-23 00:00:00+00:00
[2026-06-22T10:56:38.408+0300] {processor.py:183} INFO - Processing /media/data/omar/programming course/DEPI/DEPI project/anomx/airflow/dags/anomx_pipeline.py took 1.390 seconds
[2026-06-22T10:57:34.277+0300] {processor.py:161} INFO - Started process (PID=59609) to work on /media/data/omar/programming course/DEPI/DEPI project/anomx/airflow/dags/anomx_pipeline.py
[2026-06-22T10:57:34.278+0300] {processor.py:830} INFO - Processing file /media/data/omar/programming course/DEPI/DEPI project/anomx/airflow/dags/anomx_pipeline.py for tasks to queue
[2026-06-22T10:57:34.279+0300] {logging_mixin.py:188} INFO - [2026-06-22T10:57:34.278+0300] {dagbag.py:540} INFO - Filling up the DagBag from /media/data/omar/programming course/DEPI/DEPI project/anomx/airflow/dags/anomx_pipeline.py
[2026-06-22T10:57:35.189+0300] {processor.py:840} INFO - DAG(s) 'anomx_pipeline' retrieved from /media/data/omar/programming course/DEPI/DEPI project/anomx/airflow/dags/anomx_pipeline.py
[2026-06-22T10:57:35.201+0300] {logging_mixin.py:188} INFO - [2026-06-22T10:57:35.200+0300] {dag.py:3096} INFO - Sync 1 DAGs
[2026-06-22T10:57:35.212+0300] {logging_mixin.py:188} INFO - [2026-06-22T10:57:35.212+0300] {dag.py:3954} INFO - Setting next_dagrun for anomx_pipeline to 2026-06-22 00:00:00+00:00, run_after=2026-06-23 00:00:00+00:00
[2026-06-22T10:57:35.238+0300] {processor.py:183} INFO - Processing /media/data/omar/programming course/DEPI/DEPI project/anomx/airflow/dags/anomx_pipeline.py took 0.970 seconds
[2026-06-22T10:58:33.357+0300] {processor.py:161} INFO - Started process (PID=59718) to work on /media/data/omar/programming course/DEPI/DEPI project/anomx/airflow/dags/anomx_pipeline.py
[2026-06-22T10:58:33.358+0300] {processor.py:830} INFO - Processing file /media/data/omar/programming course/DEPI/DEPI project/anomx/airflow/dags/anomx_pipeline.py for tasks to queue
[2026-06-22T10:58:33.359+0300] {logging_mixin.py:188} INFO - [2026-06-22T10:58:33.359+0300] {dagbag.py:540} INFO - Filling up the DagBag from /media/data/omar/programming course/DEPI/DEPI project/anomx/airflow/dags/anomx_pipeline.py
[2026-06-22T10:58:34.466+0300] {processor.py:840} INFO - DAG(s) 'anomx_pipeline' retrieved from /media/data/omar/programming course/DEPI/DEPI project/anomx/airflow/dags/anomx_pipeline.py
[2026-06-22T10:58:34.480+0300] {logging_mixin.py:188} INFO - [2026-06-22T10:58:34.480+0300] {dag.py:3096} INFO - Sync 1 DAGs
[2026-06-22T10:58:34.495+0300] {logging_mixin.py:188} INFO - [2026-06-22T10:58:34.494+0300] {dag.py:3954} INFO - Setting next_dagrun for anomx_pipeline to 2026-06-22 00:00:00+00:00, run_after=2026-06-23 00:00:00+00:00
[2026-06-22T10:58:34.524+0300] {processor.py:183} INFO - Processing /media/data/omar/programming course/DEPI/DEPI project/anomx/airflow/dags/anomx_pipeline.py took 1.175 seconds
[2026-06-22T10:59:29.160+0300] {processor.py:161} INFO - Started process (PID=59807) to work on /media/data/omar/programming course/DEPI/DEPI project/anomx/airflow/dags/anomx_pipeline.py
[2026-06-22T10:59:29.161+0300] {processor.py:830} INFO - Processing file /media/data/omar/programming course/DEPI/DEPI project/anomx/airflow/dags/anomx_pipeline.py for tasks to queue
[2026-06-22T10:59:29.162+0300] {logging_mixin.py:188} INFO - [2026-06-22T10:59:29.162+0300] {dagbag.py:540} INFO - Filling up the DagBag from /media/data/omar/programming course/DEPI/DEPI project/anomx/airflow/dags/anomx_pipeline.py
[2026-06-22T10:59:30.322+0300] {processor.py:840} INFO - DAG(s) 'anomx_pipeline' retrieved from /media/data/omar/programming course/DEPI/DEPI project/anomx/airflow/dags/anomx_pipeline.py
[2026-06-22T10:59:30.336+0300] {logging_mixin.py:188} INFO - [2026-06-22T10:59:30.336+0300] {dag.py:3096} INFO - Sync 1 DAGs
[2026-06-22T10:59:30.351+0300] {logging_mixin.py:188} INFO - [2026-06-22T10:59:30.350+0300] {dag.py:3954} INFO - Setting next_dagrun for anomx_pipeline to 2026-06-22 00:00:00+00:00, run_after=2026-06-23 00:00:00+00:00
[2026-06-22T10:59:30.381+0300] {processor.py:183} INFO - Processing /media/data/omar/programming course/DEPI/DEPI project/anomx/airflow/dags/anomx_pipeline.py took 1.236 seconds
[2026-06-22T11:00:20.751+0300] {processor.py:161} INFO - Started process (PID=59904) to work on /media/data/omar/programming course/DEPI/DEPI project/anomx/airflow/dags/anomx_pipeline.py
[2026-06-22T11:00:20.752+0300] {processor.py:830} INFO - Processing file /media/data/omar/programming course/DEPI/DEPI project/anomx/airflow/dags/anomx_pipeline.py for tasks to queue
[2026-06-22T11:00:20.753+0300] {logging_mixin.py:188} INFO - [2026-06-22T11:00:20.752+0300] {dagbag.py:540} INFO - Filling up the DagBag from /media/data/omar/programming course/DEPI/DEPI project/anomx/airflow/dags/anomx_pipeline.py
[2026-06-22T11:00:21.865+0300] {processor.py:840} INFO - DAG(s) 'anomx_pipeline' retrieved from /media/data/omar/programming course/DEPI/DEPI project/anomx/airflow/dags/anomx_pipeline.py
[2026-06-22T11:00:21.880+0300] {logging_mixin.py:188} INFO - [2026-06-22T11:00:21.879+0300] {dag.py:3096} INFO - Sync 1 DAGs
[2026-06-22T11:00:21.897+0300] {logging_mixin.py:188} INFO - [2026-06-22T11:00:21.897+0300] {dag.py:3954} INFO - Setting next_dagrun for anomx_pipeline to 2026-06-22 00:00:00+00:00, run_after=2026-06-23 00:00:00+00:00
[2026-06-22T11:00:21.926+0300] {processor.py:183} INFO - Processing /media/data/omar/programming course/DEPI/DEPI project/anomx/airflow/dags/anomx_pipeline.py took 1.182 seconds
[2026-06-22T11:01:15.461+0300] {processor.py:161} INFO - Started process (PID=59998) to work on /media/data/omar/programming course/DEPI/DEPI project/anomx/airflow/dags/anomx_pipeline.py
[2026-06-22T11:01:15.462+0300] {processor.py:830} INFO - Processing file /media/data/omar/programming course/DEPI/DEPI project/anomx/airflow/dags/anomx_pipeline.py for tasks to queue
[2026-06-22T11:01:15.464+0300] {logging_mixin.py:188} INFO - [2026-06-22T11:01:15.463+0300] {dagbag.py:540} INFO - Filling up the DagBag from /media/data/omar/programming course/DEPI/DEPI project/anomx/airflow/dags/anomx_pipeline.py
[2026-06-22T11:01:16.502+0300] {processor.py:840} INFO - DAG(s) 'anomx_pipeline' retrieved from /media/data/omar/programming course/DEPI/DEPI project/anomx/airflow/dags/anomx_pipeline.py
[2026-06-22T11:01:16.516+0300] {logging_mixin.py:188} INFO - [2026-06-22T11:01:16.515+0300] {dag.py:3096} INFO - Sync 1 DAGs
[2026-06-22T11:01:16.528+0300] {logging_mixin.py:188} INFO - [2026-06-22T11:01:16.528+0300] {dag.py:3954} INFO - Setting next_dagrun for anomx_pipeline to 2026-06-22 00:00:00+00:00, run_after=2026-06-23 00:00:00+00:00
[2026-06-22T11:01:16.554+0300] {processor.py:183} INFO - Processing /media/data/omar/programming course/DEPI/DEPI project/anomx/airflow/dags/anomx_pipeline.py took 1.101 seconds
[2026-06-22T11:02:15.231+0300] {processor.py:161} INFO - Started process (PID=60089) to work on /media/data/omar/programming course/DEPI/DEPI project/anomx/airflow/dags/anomx_pipeline.py
[2026-06-22T11:02:15.234+0300] {processor.py:830} INFO - Processing file /media/data/omar/programming course/DEPI/DEPI project/anomx/airflow/dags/anomx_pipeline.py for tasks to queue
[2026-06-22T11:02:15.238+0300] {logging_mixin.py:188} INFO - [2026-06-22T11:02:15.236+0300] {dagbag.py:540} INFO - Filling up the DagBag from /media/data/omar/programming course/DEPI/DEPI project/anomx/airflow/dags/anomx_pipeline.py
[2026-06-22T11:02:16.315+0300] {processor.py:840} INFO - DAG(s) 'anomx_pipeline' retrieved from /media/data/omar/programming course/DEPI/DEPI project/anomx/airflow/dags/anomx_pipeline.py
[2026-06-22T11:02:16.328+0300] {logging_mixin.py:188} INFO - [2026-06-22T11:02:16.328+0300] {dag.py:3096} INFO - Sync 1 DAGs
[2026-06-22T11:02:16.342+0300] {logging_mixin.py:188} INFO - [2026-06-22T11:02:16.342+0300] {dag.py:3954} INFO - Setting next_dagrun for anomx_pipeline to 2026-06-22 00:00:00+00:00, run_after=2026-06-23 00:00:00+00:00
[2026-06-22T11:02:16.372+0300] {processor.py:183} INFO - Processing /media/data/omar/programming course/DEPI/DEPI project/anomx/airflow/dags/anomx_pipeline.py took 1.158 seconds
[2026-06-22T11:13:06.808+0300] {processor.py:161} INFO - Started process (PID=61023) to work on /media/data/omar/programming course/DEPI/DEPI project/anomx/airflow/dags/anomx_pipeline.py
[2026-06-22T11:13:06.809+0300] {processor.py:830} INFO - Processing file /media/data/omar/programming course/DEPI/DEPI project/anomx/airflow/dags/anomx_pipeline.py for tasks to queue
[2026-06-22T11:13:06.811+0300] {logging_mixin.py:188} INFO - [2026-06-22T11:13:06.810+0300] {dagbag.py:540} INFO - Filling up the DagBag from /media/data/omar/programming course/DEPI/DEPI project/anomx/airflow/dags/anomx_pipeline.py
[2026-06-22T11:13:07.988+0300] {processor.py:840} INFO - DAG(s) 'anomx_pipeline' retrieved from /media/data/omar/programming course/DEPI/DEPI project/anomx/airflow/dags/anomx_pipeline.py
[2026-06-22T11:13:08.029+0300] {logging_mixin.py:188} INFO - [2026-06-22T11:13:08.028+0300] {dag.py:3096} INFO - Sync 1 DAGs
[2026-06-22T11:13:08.056+0300] {logging_mixin.py:188} INFO - [2026-06-22T11:13:08.055+0300] {dag.py:3954} INFO - Setting next_dagrun for anomx_pipeline to 2026-06-22 00:00:00+00:00, run_after=2026-06-23 00:00:00+00:00
[2026-06-22T11:13:08.094+0300] {processor.py:183} INFO - Processing /media/data/omar/programming course/DEPI/DEPI project/anomx/airflow/dags/anomx_pipeline.py took 1.294 seconds
[2026-06-22T11:14:09.699+0300] {processor.py:161} INFO - Started process (PID=61107) to work on /media/data/omar/programming course/DEPI/DEPI project/anomx/airflow/dags/anomx_pipeline.py
[2026-06-22T11:14:09.701+0300] {processor.py:830} INFO - Processing file /media/data/omar/programming course/DEPI/DEPI project/anomx/airflow/dags/anomx_pipeline.py for tasks to queue
[2026-06-22T11:14:09.703+0300] {logging_mixin.py:188} INFO - [2026-06-22T11:14:09.702+0300] {dagbag.py:540} INFO - Filling up the DagBag from /media/data/omar/programming course/DEPI/DEPI project/anomx/airflow/dags/anomx_pipeline.py
[2026-06-22T11:14:10.720+0300] {processor.py:840} INFO - DAG(s) 'anomx_pipeline' retrieved from /media/data/omar/programming course/DEPI/DEPI project/anomx/airflow/dags/anomx_pipeline.py
[2026-06-22T11:14:10.732+0300] {logging_mixin.py:188} INFO - [2026-06-22T11:14:10.732+0300] {dag.py:3096} INFO - Sync 1 DAGs
[2026-06-22T11:14:10.747+0300] {logging_mixin.py:188} INFO - [2026-06-22T11:14:10.747+0300] {dag.py:3954} INFO - Setting next_dagrun for anomx_pipeline to 2026-06-22 00:00:00+00:00, run_after=2026-06-23 00:00:00+00:00
[2026-06-22T11:14:10.775+0300] {processor.py:183} INFO - Processing /media/data/omar/programming course/DEPI/DEPI project/anomx/airflow/dags/anomx_pipeline.py took 1.084 seconds
[2026-06-22T11:15:04.403+0300] {processor.py:161} INFO - Started process (PID=61201) to work on /media/data/omar/programming course/DEPI/DEPI project/anomx/airflow/dags/anomx_pipeline.py
[2026-06-22T11:15:04.404+0300] {processor.py:830} INFO - Processing file /media/data/omar/programming course/DEPI/DEPI project/anomx/airflow/dags/anomx_pipeline.py for tasks to queue
[2026-06-22T11:15:04.407+0300] {logging_mixin.py:188} INFO - [2026-06-22T11:15:04.406+0300] {dagbag.py:540} INFO - Filling up the DagBag from /media/data/omar/programming course/DEPI/DEPI project/anomx/airflow/dags/anomx_pipeline.py
[2026-06-22T11:15:05.464+0300] {processor.py:840} INFO - DAG(s) 'anomx_pipeline' retrieved from /media/data/omar/programming course/DEPI/DEPI project/anomx/airflow/dags/anomx_pipeline.py
[2026-06-22T11:15:05.479+0300] {logging_mixin.py:188} INFO - [2026-06-22T11:15:05.479+0300] {dag.py:3096} INFO - Sync 1 DAGs
[2026-06-22T11:15:05.496+0300] {logging_mixin.py:188} INFO - [2026-06-22T11:15:05.495+0300] {dag.py:3954} INFO - Setting next_dagrun for anomx_pipeline to 2026-06-22 00:00:00+00:00, run_after=2026-06-23 00:00:00+00:00
[2026-06-22T11:15:05.526+0300] {processor.py:183} INFO - Processing /media/data/omar/programming course/DEPI/DEPI project/anomx/airflow/dags/anomx_pipeline.py took 1.131 seconds
[2026-06-22T11:15:56.713+0300] {processor.py:161} INFO - Started process (PID=61276) to work on /media/data/omar/programming course/DEPI/DEPI project/anomx/airflow/dags/anomx_pipeline.py
[2026-06-22T11:15:56.713+0300] {processor.py:830} INFO - Processing file /media/data/omar/programming course/DEPI/DEPI project/anomx/airflow/dags/anomx_pipeline.py for tasks to queue
[2026-06-22T11:15:56.715+0300] {logging_mixin.py:188} INFO - [2026-06-22T11:15:56.715+0300] {dagbag.py:540} INFO - Filling up the DagBag from /media/data/omar/programming course/DEPI/DEPI project/anomx/airflow/dags/anomx_pipeline.py
[2026-06-22T11:15:57.901+0300] {processor.py:840} INFO - DAG(s) 'anomx_pipeline' retrieved from /media/data/omar/programming course/DEPI/DEPI project/anomx/airflow/dags/anomx_pipeline.py
[2026-06-22T11:15:57.916+0300] {logging_mixin.py:188} INFO - [2026-06-22T11:15:57.915+0300] {dag.py:3096} INFO - Sync 1 DAGs
[2026-06-22T11:15:57.937+0300] {logging_mixin.py:188} INFO - [2026-06-22T11:15:57.937+0300] {dag.py:3954} INFO - Setting next_dagrun for anomx_pipeline to 2026-06-22 00:00:00+00:00, run_after=2026-06-23 00:00:00+00:00
[2026-06-22T11:15:58.057+0300] {processor.py:183} INFO - Processing /media/data/omar/programming course/DEPI/DEPI project/anomx/airflow/dags/anomx_pipeline.py took 1.350 seconds
[2026-06-22T11:16:53.272+0300] {processor.py:161} INFO - Started process (PID=61407) to work on /media/data/omar/programming course/DEPI/DEPI project/anomx/airflow/dags/anomx_pipeline.py
[2026-06-22T11:16:53.273+0300] {processor.py:830} INFO - Processing file /media/data/omar/programming course/DEPI/DEPI project/anomx/airflow/dags/anomx_pipeline.py for tasks to queue
[2026-06-22T11:16:53.276+0300] {logging_mixin.py:188} INFO - [2026-06-22T11:16:53.275+0300] {dagbag.py:540} INFO - Filling up the DagBag from /media/data/omar/programming course/DEPI/DEPI project/anomx/airflow/dags/anomx_pipeline.py
[2026-06-22T11:16:54.302+0300] {processor.py:840} INFO - DAG(s) 'anomx_pipeline' retrieved from /media/data/omar/programming course/DEPI/DEPI project/anomx/airflow/dags/anomx_pipeline.py
[2026-06-22T11:16:54.335+0300] {logging_mixin.py:188} INFO - [2026-06-22T11:16:54.332+0300] {dag.py:3096} INFO - Sync 1 DAGs
[2026-06-22T11:16:54.359+0300] {logging_mixin.py:188} INFO - [2026-06-22T11:16:54.357+0300] {dag.py:3954} INFO - Setting next_dagrun for anomx_pipeline to 2026-06-22 00:00:00+00:00, run_after=2026-06-23 00:00:00+00:00
[2026-06-22T11:16:54.416+0300] {processor.py:183} INFO - Processing /media/data/omar/programming course/DEPI/DEPI project/anomx/airflow/dags/anomx_pipeline.py took 1.150 seconds
[2026-06-22T11:17:51.496+0300] {processor.py:161} INFO - Started process (PID=61493) to work on /media/data/omar/programming course/DEPI/DEPI project/anomx/airflow/dags/anomx_pipeline.py
[2026-06-22T11:17:51.498+0300] {processor.py:830} INFO - Processing file /media/data/omar/programming course/DEPI/DEPI project/anomx/airflow/dags/anomx_pipeline.py for tasks to queue
[2026-06-22T11:17:51.500+0300] {logging_mixin.py:188} INFO - [2026-06-22T11:17:51.500+0300] {dagbag.py:540} INFO - Filling up the DagBag from /media/data/omar/programming course/DEPI/DEPI project/anomx/airflow/dags/anomx_pipeline.py
[2026-06-22T11:17:52.528+0300] {processor.py:840} INFO - DAG(s) 'anomx_pipeline' retrieved from /media/data/omar/programming course/DEPI/DEPI project/anomx/airflow/dags/anomx_pipeline.py
[2026-06-22T11:17:52.542+0300] {logging_mixin.py:188} INFO - [2026-06-22T11:17:52.541+0300] {dag.py:3096} INFO - Sync 1 DAGs
[2026-06-22T11:17:52.558+0300] {logging_mixin.py:188} INFO - [2026-06-22T11:17:52.558+0300] {dag.py:3954} INFO - Setting next_dagrun for anomx_pipeline to 2026-06-22 00:00:00+00:00, run_after=2026-06-23 00:00:00+00:00
[2026-06-22T11:17:52.589+0300] {processor.py:183} INFO - Processing /media/data/omar/programming course/DEPI/DEPI project/anomx/airflow/dags/anomx_pipeline.py took 1.101 seconds
[2026-06-22T11:18:49.533+0300] {processor.py:161} INFO - Started process (PID=61588) to work on /media/data/omar/programming course/DEPI/DEPI project/anomx/airflow/dags/anomx_pipeline.py
[2026-06-22T11:18:49.536+0300] {processor.py:830} INFO - Processing file /media/data/omar/programming course/DEPI/DEPI project/anomx/airflow/dags/anomx_pipeline.py for tasks to queue
[2026-06-22T11:18:49.539+0300] {logging_mixin.py:188} INFO - [2026-06-22T11:18:49.538+0300] {dagbag.py:540} INFO - Filling up the DagBag from /media/data/omar/programming course/DEPI/DEPI project/anomx/airflow/dags/anomx_pipeline.py
[2026-06-22T11:18:50.688+0300] {processor.py:840} INFO - DAG(s) 'anomx_pipeline' retrieved from /media/data/omar/programming course/DEPI/DEPI project/anomx/airflow/dags/anomx_pipeline.py
[2026-06-22T11:18:50.732+0300] {logging_mixin.py:188} INFO - [2026-06-22T11:18:50.729+0300] {dag.py:3096} INFO - Sync 1 DAGs
[2026-06-22T11:18:50.784+0300] {logging_mixin.py:188} INFO - [2026-06-22T11:18:50.784+0300] {dag.py:3954} INFO - Setting next_dagrun for anomx_pipeline to 2026-06-22 00:00:00+00:00, run_after=2026-06-23 00:00:00+00:00
[2026-06-22T11:18:50.866+0300] {processor.py:183} INFO - Processing /media/data/omar/programming course/DEPI/DEPI project/anomx/airflow/dags/anomx_pipeline.py took 1.345 seconds
[2026-06-22T11:19:44.198+0300] {processor.py:161} INFO - Started process (PID=61692) to work on /media/data/omar/programming course/DEPI/DEPI project/anomx/airflow/dags/anomx_pipeline.py
[2026-06-22T11:19:44.199+0300] {processor.py:830} INFO - Processing file /media/data/omar/programming course/DEPI/DEPI project/anomx/airflow/dags/anomx_pipeline.py for tasks to queue
[2026-06-22T11:19:44.201+0300] {logging_mixin.py:188} INFO - [2026-06-22T11:19:44.201+0300] {dagbag.py:540} INFO - Filling up the DagBag from /media/data/omar/programming course/DEPI/DEPI project/anomx/airflow/dags/anomx_pipeline.py
[2026-06-22T11:19:45.242+0300] {processor.py:840} INFO - DAG(s) 'anomx_pipeline' retrieved from /media/data/omar/programming course/DEPI/DEPI project/anomx/airflow/dags/anomx_pipeline.py
[2026-06-22T11:19:45.257+0300] {logging_mixin.py:188} INFO - [2026-06-22T11:19:45.256+0300] {dag.py:3096} INFO - Sync 1 DAGs
[2026-06-22T11:19:45.276+0300] {logging_mixin.py:188} INFO - [2026-06-22T11:19:45.276+0300] {dag.py:3954} INFO - Setting next_dagrun for anomx_pipeline to 2026-06-22 00:00:00+00:00, run_after=2026-06-23 00:00:00+00:00
[2026-06-22T11:19:45.308+0300] {processor.py:183} INFO - Processing /media/data/omar/programming course/DEPI/DEPI project/anomx/airflow/dags/anomx_pipeline.py took 1.116 seconds
[2026-06-22T11:20:42.530+0300] {processor.py:161} INFO - Started process (PID=61779) to work on /media/data/omar/programming course/DEPI/DEPI project/anomx/airflow/dags/anomx_pipeline.py
[2026-06-22T11:20:42.534+0300] {processor.py:830} INFO - Processing file /media/data/omar/programming course/DEPI/DEPI project/anomx/airflow/dags/anomx_pipeline.py for tasks to queue
[2026-06-22T11:20:42.538+0300] {logging_mixin.py:188} INFO - [2026-06-22T11:20:42.537+0300] {dagbag.py:540} INFO - Filling up the DagBag from /media/data/omar/programming course/DEPI/DEPI project/anomx/airflow/dags/anomx_pipeline.py
[2026-06-22T11:20:43.784+0300] {processor.py:840} INFO - DAG(s) 'anomx_pipeline' retrieved from /media/data/omar/programming course/DEPI/DEPI project/anomx/airflow/dags/anomx_pipeline.py
[2026-06-22T11:20:43.797+0300] {logging_mixin.py:188} INFO - [2026-06-22T11:20:43.796+0300] {dag.py:3096} INFO - Sync 1 DAGs
[2026-06-22T11:20:43.814+0300] {logging_mixin.py:188} INFO - [2026-06-22T11:20:43.814+0300] {dag.py:3954} INFO - Setting next_dagrun for anomx_pipeline to 2026-06-22 00:00:00+00:00, run_after=2026-06-23 00:00:00+00:00
[2026-06-22T11:20:43.847+0300] {processor.py:183} INFO - Processing /media/data/omar/programming course/DEPI/DEPI project/anomx/airflow/dags/anomx_pipeline.py took 1.339 seconds
[2026-06-22T11:21:37.100+0300] {processor.py:161} INFO - Started process (PID=61864) to work on /media/data/omar/programming course/DEPI/DEPI project/anomx/airflow/dags/anomx_pipeline.py
[2026-06-22T11:21:37.105+0300] {processor.py:830} INFO - Processing file /media/data/omar/programming course/DEPI/DEPI project/anomx/airflow/dags/anomx_pipeline.py for tasks to queue
[2026-06-22T11:21:37.111+0300] {logging_mixin.py:188} INFO - [2026-06-22T11:21:37.110+0300] {dagbag.py:540} INFO - Filling up the DagBag from /media/data/omar/programming course/DEPI/DEPI project/anomx/airflow/dags/anomx_pipeline.py
[2026-06-22T11:21:38.081+0300] {processor.py:840} INFO - DAG(s) 'anomx_pipeline' retrieved from /media/data/omar/programming course/DEPI/DEPI project/anomx/airflow/dags/anomx_pipeline.py
[2026-06-22T11:21:38.094+0300] {logging_mixin.py:188} INFO - [2026-06-22T11:21:38.093+0300] {dag.py:3096} INFO - Sync 1 DAGs
[2026-06-22T11:21:38.110+0300] {logging_mixin.py:188} INFO - [2026-06-22T11:21:38.110+0300] {dag.py:3954} INFO - Setting next_dagrun for anomx_pipeline to 2026-06-22 00:00:00+00:00, run_after=2026-06-23 00:00:00+00:00
[2026-06-22T11:21:38.137+0300] {processor.py:183} INFO - Processing /media/data/omar/programming course/DEPI/DEPI project/anomx/airflow/dags/anomx_pipeline.py took 1.048 seconds
[2026-06-22T11:22:32.842+0300] {processor.py:161} INFO - Started process (PID=61965) to work on /media/data/omar/programming course/DEPI/DEPI project/anomx/airflow/dags/anomx_pipeline.py
[2026-06-22T11:22:32.843+0300] {processor.py:830} INFO - Processing file /media/data/omar/programming course/DEPI/DEPI project/anomx/airflow/dags/anomx_pipeline.py for tasks to queue
[2026-06-22T11:22:32.844+0300] {logging_mixin.py:188} INFO - [2026-06-22T11:22:32.844+0300] {dagbag.py:540} INFO - Filling up the DagBag from /media/data/omar/programming course/DEPI/DEPI project/anomx/airflow/dags/anomx_pipeline.py
[2026-06-22T11:22:33.861+0300] {processor.py:840} INFO - DAG(s) 'anomx_pipeline' retrieved from /media/data/omar/programming course/DEPI/DEPI project/anomx/airflow/dags/anomx_pipeline.py
[2026-06-22T11:22:33.882+0300] {logging_mixin.py:188} INFO - [2026-06-22T11:22:33.881+0300] {dag.py:3096} INFO - Sync 1 DAGs
[2026-06-22T11:22:33.901+0300] {logging_mixin.py:188} INFO - [2026-06-22T11:22:33.901+0300] {dag.py:3954} INFO - Setting next_dagrun for anomx_pipeline to 2026-06-22 00:00:00+00:00, run_after=2026-06-23 00:00:00+00:00
[2026-06-22T11:22:33.932+0300] {processor.py:183} INFO - Processing /media/data/omar/programming course/DEPI/DEPI project/anomx/airflow/dags/anomx_pipeline.py took 1.096 seconds
[2026-06-22T11:39:39.147+0300] {processor.py:161} INFO - Started process (PID=63370) to work on /media/data/omar/programming course/DEPI/DEPI project/anomx/airflow/dags/anomx_pipeline.py
[2026-06-22T11:39:39.148+0300] {processor.py:830} INFO - Processing file /media/data/omar/programming course/DEPI/DEPI project/anomx/airflow/dags/anomx_pipeline.py for tasks to queue
[2026-06-22T11:39:39.150+0300] {logging_mixin.py:188} INFO - [2026-06-22T11:39:39.150+0300] {dagbag.py:540} INFO - Filling up the DagBag from /media/data/omar/programming course/DEPI/DEPI project/anomx/airflow/dags/anomx_pipeline.py
[2026-06-22T11:39:40.590+0300] {processor.py:840} INFO - DAG(s) 'anomx_pipeline' retrieved from /media/data/omar/programming course/DEPI/DEPI project/anomx/airflow/dags/anomx_pipeline.py
[2026-06-22T11:39:40.642+0300] {logging_mixin.py:188} INFO - [2026-06-22T11:39:40.640+0300] {dag.py:3096} INFO - Sync 1 DAGs
[2026-06-22T11:39:40.681+0300] {logging_mixin.py:188} INFO - [2026-06-22T11:39:40.674+0300] {dag.py:3118} INFO - Creating ORM DAG for anomx_pipeline
[2026-06-22T11:39:40.702+0300] {logging_mixin.py:188} INFO - [2026-06-22T11:39:40.702+0300] {dag.py:3954} INFO - Setting next_dagrun for anomx_pipeline to 2026-06-21 00:00:00+00:00, run_after=2026-06-22 00:00:00+00:00
[2026-06-22T11:39:40.739+0300] {processor.py:183} INFO - Processing /media/data/omar/programming course/DEPI/DEPI project/anomx/airflow/dags/anomx_pipeline.py took 1.599 seconds
[2026-06-22T11:39:46.838+0300] {processor.py:161} INFO - Started process (PID=63394) to work on /media/data/omar/programming course/DEPI/DEPI project/anomx/airflow/dags/anomx_pipeline.py
[2026-06-22T11:39:46.839+0300] {processor.py:830} INFO - Processing file /media/data/omar/programming course/DEPI/DEPI project/anomx/airflow/dags/anomx_pipeline.py for tasks to queue
[2026-06-22T11:39:46.842+0300] {logging_mixin.py:188} INFO - [2026-06-22T11:39:46.841+0300] {dagbag.py:540} INFO - Filling up the DagBag from /media/data/omar/programming course/DEPI/DEPI project/anomx/airflow/dags/anomx_pipeline.py
[2026-06-22T11:39:48.016+0300] {processor.py:840} INFO - DAG(s) 'anomx_pipeline' retrieved from /media/data/omar/programming course/DEPI/DEPI project/anomx/airflow/dags/anomx_pipeline.py
[2026-06-22T11:39:48.055+0300] {logging_mixin.py:188} INFO - [2026-06-22T11:39:48.055+0300] {dag.py:3096} INFO - Sync 1 DAGs
[2026-06-22T11:39:48.075+0300] {logging_mixin.py:188} INFO - [2026-06-22T11:39:48.074+0300] {dag.py:3954} INFO - Setting next_dagrun for anomx_pipeline to 2026-06-22 00:00:00+00:00, run_after=2026-06-23 00:00:00+00:00
[2026-06-22T11:39:48.109+0300] {processor.py:183} INFO - Processing /media/data/omar/programming course/DEPI/DEPI project/anomx/airflow/dags/anomx_pipeline.py took 1.277 seconds
[2026-06-22T11:40:35.666+0300] {processor.py:161} INFO - Started process (PID=63477) to work on /media/data/omar/programming course/DEPI/DEPI project/anomx/airflow/dags/anomx_pipeline.py
[2026-06-22T11:40:35.667+0300] {processor.py:830} INFO - Processing file /media/data/omar/programming course/DEPI/DEPI project/anomx/airflow/dags/anomx_pipeline.py for tasks to queue
[2026-06-22T11:40:35.670+0300] {logging_mixin.py:188} INFO - [2026-06-22T11:40:35.669+0300] {dagbag.py:540} INFO - Filling up the DagBag from /media/data/omar/programming course/DEPI/DEPI project/anomx/airflow/dags/anomx_pipeline.py
[2026-06-22T11:40:36.772+0300] {processor.py:840} INFO - DAG(s) 'anomx_pipeline' retrieved from /media/data/omar/programming course/DEPI/DEPI project/anomx/airflow/dags/anomx_pipeline.py
[2026-06-22T11:40:36.802+0300] {logging_mixin.py:188} INFO - [2026-06-22T11:40:36.801+0300] {dag.py:3096} INFO - Sync 1 DAGs
[2026-06-22T11:40:36.824+0300] {logging_mixin.py:188} INFO - [2026-06-22T11:40:36.824+0300] {dag.py:3954} INFO - Setting next_dagrun for anomx_pipeline to 2026-06-22 00:00:00+00:00, run_after=2026-06-23 00:00:00+00:00
[2026-06-22T11:40:36.858+0300] {processor.py:183} INFO - Processing /media/data/omar/programming course/DEPI/DEPI project/anomx/airflow/dags/anomx_pipeline.py took 1.198 seconds
[2026-06-22T14:03:40.321+0300] {processor.py:161} INFO - Started process (PID=67550) to work on /media/data/omar/programming course/DEPI/DEPI project/anomx/airflow/dags/anomx_pipeline.py
[2026-06-22T14:03:40.322+0300] {processor.py:830} INFO - Processing file /media/data/omar/programming course/DEPI/DEPI project/anomx/airflow/dags/anomx_pipeline.py for tasks to queue
[2026-06-22T14:03:40.322+0300] {logging_mixin.py:188} INFO - [2026-06-22T14:03:40.322+0300] {dagbag.py:540} INFO - Filling up the DagBag from /media/data/omar/programming course/DEPI/DEPI project/anomx/airflow/dags/anomx_pipeline.py
[2026-06-22T14:03:41.291+0300] {processor.py:840} INFO - DAG(s) 'anomx_pipeline' retrieved from /media/data/omar/programming course/DEPI/DEPI project/anomx/airflow/dags/anomx_pipeline.py
[2026-06-22T14:03:41.319+0300] {logging_mixin.py:188} INFO - [2026-06-22T14:03:41.319+0300] {dag.py:3096} INFO - Sync 1 DAGs
[2026-06-22T14:03:41.333+0300] {logging_mixin.py:188} INFO - [2026-06-22T14:03:41.333+0300] {dag.py:3954} INFO - Setting next_dagrun for anomx_pipeline to 2026-06-22 00:00:00+00:00, run_after=2026-06-23 00:00:00+00:00
[2026-06-22T14:03:41.369+0300] {processor.py:183} INFO - Processing /media/data/omar/programming course/DEPI/DEPI project/anomx/airflow/dags/anomx_pipeline.py took 1.053 seconds
