[2026-06-21T21:39:26.971+0300] {processor.py:161} INFO - Started process (PID=15129) to work on /media/data/omar/programming course/DEPI/DEPI project/anomx/venv/lib/python3.12/site-packages/airflow/example_dags/example_datasets.py
[2026-06-21T21:39:26.972+0300] {processor.py:830} INFO - Processing file /media/data/omar/programming course/DEPI/DEPI project/anomx/venv/lib/python3.12/site-packages/airflow/example_dags/example_datasets.py for tasks to queue
[2026-06-21T21:39:26.974+0300] {logging_mixin.py:188} INFO - [2026-06-21T21:39:26.973+0300] {dagbag.py:540} INFO - Filling up the DagBag from /media/data/omar/programming course/DEPI/DEPI project/anomx/venv/lib/python3.12/site-packages/airflow/example_dags/example_datasets.py
[2026-06-21T21:39:26.989+0300] {processor.py:840} INFO - DAG(s) 'dataset_consumes_1_and_2', 'consume_1_and_2_with_dataset_expressions', 'consume_1_or_2_with_dataset_expressions', 'dataset_consumes_unknown_never_scheduled', 'dataset_consumes_1_never_scheduled', 'dataset_produces_1', 'dataset_produces_2', 'dataset_consumes_1', 'consume_1_or_both_2_and_3_with_dataset_expressions', 'conditional_dataset_and_time_based_timetable' retrieved from /media/data/omar/programming course/DEPI/DEPI project/anomx/venv/lib/python3.12/site-packages/airflow/example_dags/example_datasets.py
[2026-06-21T21:39:27.182+0300] {logging_mixin.py:188} INFO - [2026-06-21T21:39:27.181+0300] {override.py:1829} INFO - Created Permission View: can edit on DAG:dataset_consumes_1_and_2
[2026-06-21T21:39:27.201+0300] {logging_mixin.py:188} INFO - [2026-06-21T21:39:27.201+0300] {override.py:1829} INFO - Created Permission View: can read on DAG:dataset_consumes_1_and_2
[2026-06-21T21:39:27.220+0300] {logging_mixin.py:188} INFO - [2026-06-21T21:39:27.219+0300] {override.py:1829} INFO - Created Permission View: can delete on DAG:dataset_consumes_1_and_2
[2026-06-21T21:39:27.252+0300] {logging_mixin.py:188} INFO - [2026-06-21T21:39:27.252+0300] {override.py:1829} INFO - Created Permission View: can edit on DAG:consume_1_and_2_with_dataset_expressions
[2026-06-21T21:39:27.269+0300] {logging_mixin.py:188} INFO - [2026-06-21T21:39:27.268+0300] {override.py:1829} INFO - Created Permission View: can read on DAG:consume_1_and_2_with_dataset_expressions
[2026-06-21T21:39:27.284+0300] {logging_mixin.py:188} INFO - [2026-06-21T21:39:27.284+0300] {override.py:1829} INFO - Created Permission View: can delete on DAG:consume_1_and_2_with_dataset_expressions
[2026-06-21T21:39:27.315+0300] {logging_mixin.py:188} INFO - [2026-06-21T21:39:27.314+0300] {override.py:1829} INFO - Created Permission View: can edit on DAG:consume_1_or_2_with_dataset_expressions
[2026-06-21T21:39:27.331+0300] {logging_mixin.py:188} INFO - [2026-06-21T21:39:27.330+0300] {override.py:1829} INFO - Created Permission View: can read on DAG:consume_1_or_2_with_dataset_expressions
[2026-06-21T21:39:27.346+0300] {logging_mixin.py:188} INFO - [2026-06-21T21:39:27.345+0300] {override.py:1829} INFO - Created Permission View: can delete on DAG:consume_1_or_2_with_dataset_expressions
[2026-06-21T21:39:27.379+0300] {logging_mixin.py:188} INFO - [2026-06-21T21:39:27.378+0300] {override.py:1829} INFO - Created Permission View: can edit on DAG:dataset_consumes_unknown_never_scheduled
[2026-06-21T21:39:27.395+0300] {logging_mixin.py:188} INFO - [2026-06-21T21:39:27.394+0300] {override.py:1829} INFO - Created Permission View: can read on DAG:dataset_consumes_unknown_never_scheduled
[2026-06-21T21:39:27.411+0300] {logging_mixin.py:188} INFO - [2026-06-21T21:39:27.411+0300] {override.py:1829} INFO - Created Permission View: can delete on DAG:dataset_consumes_unknown_never_scheduled
[2026-06-21T21:39:27.441+0300] {logging_mixin.py:188} INFO - [2026-06-21T21:39:27.440+0300] {override.py:1829} INFO - Created Permission View: can edit on DAG:dataset_consumes_1_never_scheduled
[2026-06-21T21:39:27.455+0300] {logging_mixin.py:188} INFO - [2026-06-21T21:39:27.455+0300] {override.py:1829} INFO - Created Permission View: can read on DAG:dataset_consumes_1_never_scheduled
[2026-06-21T21:39:27.470+0300] {logging_mixin.py:188} INFO - [2026-06-21T21:39:27.470+0300] {override.py:1829} INFO - Created Permission View: can delete on DAG:dataset_consumes_1_never_scheduled
[2026-06-21T21:39:27.501+0300] {logging_mixin.py:188} INFO - [2026-06-21T21:39:27.501+0300] {override.py:1829} INFO - Created Permission View: can edit on DAG:dataset_produces_1
[2026-06-21T21:39:27.516+0300] {logging_mixin.py:188} INFO - [2026-06-21T21:39:27.515+0300] {override.py:1829} INFO - Created Permission View: can read on DAG:dataset_produces_1
[2026-06-21T21:39:27.530+0300] {logging_mixin.py:188} INFO - [2026-06-21T21:39:27.529+0300] {override.py:1829} INFO - Created Permission View: can delete on DAG:dataset_produces_1
[2026-06-21T21:39:27.558+0300] {logging_mixin.py:188} INFO - [2026-06-21T21:39:27.557+0300] {override.py:1829} INFO - Created Permission View: can edit on DAG:dataset_produces_2
[2026-06-21T21:39:27.576+0300] {logging_mixin.py:188} INFO - [2026-06-21T21:39:27.575+0300] {override.py:1829} INFO - Created Permission View: can read on DAG:dataset_produces_2
[2026-06-21T21:39:27.595+0300] {logging_mixin.py:188} INFO - [2026-06-21T21:39:27.594+0300] {override.py:1829} INFO - Created Permission View: can delete on DAG:dataset_produces_2
[2026-06-21T21:39:27.635+0300] {logging_mixin.py:188} INFO - [2026-06-21T21:39:27.635+0300] {override.py:1829} INFO - Created Permission View: can edit on DAG:dataset_consumes_1
[2026-06-21T21:39:27.654+0300] {logging_mixin.py:188} INFO - [2026-06-21T21:39:27.653+0300] {override.py:1829} INFO - Created Permission View: can read on DAG:dataset_consumes_1
[2026-06-21T21:39:27.674+0300] {logging_mixin.py:188} INFO - [2026-06-21T21:39:27.673+0300] {override.py:1829} INFO - Created Permission View: can delete on DAG:dataset_consumes_1
[2026-06-21T21:39:27.712+0300] {logging_mixin.py:188} INFO - [2026-06-21T21:39:27.711+0300] {override.py:1829} INFO - Created Permission View: can edit on DAG:consume_1_or_both_2_and_3_with_dataset_expressions
[2026-06-21T21:39:27.731+0300] {logging_mixin.py:188} INFO - [2026-06-21T21:39:27.730+0300] {override.py:1829} INFO - Created Permission View: can read on DAG:consume_1_or_both_2_and_3_with_dataset_expressions
[2026-06-21T21:39:27.750+0300] {logging_mixin.py:188} INFO - [2026-06-21T21:39:27.750+0300] {override.py:1829} INFO - Created Permission View: can delete on DAG:consume_1_or_both_2_and_3_with_dataset_expressions
[2026-06-21T21:39:27.788+0300] {logging_mixin.py:188} INFO - [2026-06-21T21:39:27.787+0300] {override.py:1829} INFO - Created Permission View: can edit on DAG:conditional_dataset_and_time_based_timetable
[2026-06-21T21:39:27.806+0300] {logging_mixin.py:188} INFO - [2026-06-21T21:39:27.805+0300] {override.py:1829} INFO - Created Permission View: can read on DAG:conditional_dataset_and_time_based_timetable
[2026-06-21T21:39:27.824+0300] {logging_mixin.py:188} INFO - [2026-06-21T21:39:27.824+0300] {override.py:1829} INFO - Created Permission View: can delete on DAG:conditional_dataset_and_time_based_timetable
[2026-06-21T21:39:27.825+0300] {logging_mixin.py:188} INFO - [2026-06-21T21:39:27.825+0300] {dag.py:3096} INFO - Sync 10 DAGs
[2026-06-21T21:39:27.841+0300] {logging_mixin.py:188} INFO - [2026-06-21T21:39:27.841+0300] {dag.py:3118} INFO - Creating ORM DAG for dataset_consumes_1
[2026-06-21T21:39:27.843+0300] {logging_mixin.py:188} INFO - [2026-06-21T21:39:27.842+0300] {dag.py:3118} INFO - Creating ORM DAG for consume_1_or_both_2_and_3_with_dataset_expressions
[2026-06-21T21:39:27.844+0300] {logging_mixin.py:188} INFO - [2026-06-21T21:39:27.844+0300] {dag.py:3118} INFO - Creating ORM DAG for dataset_consumes_unknown_never_scheduled
[2026-06-21T21:39:27.845+0300] {logging_mixin.py:188} INFO - [2026-06-21T21:39:27.845+0300] {dag.py:3118} INFO - Creating ORM DAG for dataset_consumes_1_and_2
[2026-06-21T21:39:27.846+0300] {logging_mixin.py:188} INFO - [2026-06-21T21:39:27.846+0300] {dag.py:3118} INFO - Creating ORM DAG for dataset_consumes_1_never_scheduled
[2026-06-21T21:39:27.847+0300] {logging_mixin.py:188} INFO - [2026-06-21T21:39:27.847+0300] {dag.py:3118} INFO - Creating ORM DAG for consume_1_and_2_with_dataset_expressions
[2026-06-21T21:39:27.848+0300] {logging_mixin.py:188} INFO - [2026-06-21T21:39:27.848+0300] {dag.py:3118} INFO - Creating ORM DAG for dataset_produces_1
[2026-06-21T21:39:27.849+0300] {logging_mixin.py:188} INFO - [2026-06-21T21:39:27.848+0300] {dag.py:3118} INFO - Creating ORM DAG for dataset_produces_2
[2026-06-21T21:39:27.849+0300] {logging_mixin.py:188} INFO - [2026-06-21T21:39:27.849+0300] {dag.py:3118} INFO - Creating ORM DAG for conditional_dataset_and_time_based_timetable
[2026-06-21T21:39:27.850+0300] {logging_mixin.py:188} INFO - [2026-06-21T21:39:27.850+0300] {dag.py:3118} INFO - Creating ORM DAG for consume_1_or_2_with_dataset_expressions
[2026-06-21T21:39:27.861+0300] {logging_mixin.py:188} INFO - [2026-06-21T21:39:27.861+0300] {dag.py:3954} INFO - Setting next_dagrun for conditional_dataset_and_time_based_timetable to 2026-06-17 01:00:00+00:00, run_after=2026-06-17 01:00:00+00:00
[2026-06-21T21:39:27.862+0300] {logging_mixin.py:188} INFO - [2026-06-21T21:39:27.862+0300] {dag.py:3954} INFO - Setting next_dagrun for consume_1_and_2_with_dataset_expressions to None, run_after=None
[2026-06-21T21:39:27.863+0300] {logging_mixin.py:188} INFO - [2026-06-21T21:39:27.863+0300] {dag.py:3954} INFO - Setting next_dagrun for consume_1_or_2_with_dataset_expressions to None, run_after=None
[2026-06-21T21:39:27.864+0300] {logging_mixin.py:188} INFO - [2026-06-21T21:39:27.864+0300] {dag.py:3954} INFO - Setting next_dagrun for consume_1_or_both_2_and_3_with_dataset_expressions to None, run_after=None
[2026-06-21T21:39:27.865+0300] {logging_mixin.py:188} INFO - [2026-06-21T21:39:27.864+0300] {dag.py:3954} INFO - Setting next_dagrun for dataset_consumes_1 to None, run_after=None
[2026-06-21T21:39:27.865+0300] {logging_mixin.py:188} INFO - [2026-06-21T21:39:27.865+0300] {dag.py:3954} INFO - Setting next_dagrun for dataset_consumes_1_and_2 to None, run_after=None
[2026-06-21T21:39:27.866+0300] {logging_mixin.py:188} INFO - [2026-06-21T21:39:27.866+0300] {dag.py:3954} INFO - Setting next_dagrun for dataset_consumes_1_never_scheduled to None, run_after=None
[2026-06-21T21:39:27.867+0300] {logging_mixin.py:188} INFO - [2026-06-21T21:39:27.867+0300] {dag.py:3954} INFO - Setting next_dagrun for dataset_consumes_unknown_never_scheduled to None, run_after=None
[2026-06-21T21:39:27.869+0300] {logging_mixin.py:188} INFO - [2026-06-21T21:39:27.869+0300] {dag.py:3954} INFO - Setting next_dagrun for dataset_produces_1 to 2026-06-20 00:00:00+00:00, run_after=2026-06-21 00:00:00+00:00
[2026-06-21T21:39:27.870+0300] {logging_mixin.py:188} INFO - [2026-06-21T21:39:27.869+0300] {dag.py:3954} INFO - Setting next_dagrun for dataset_produces_2 to None, run_after=None
[2026-06-21T21:39:27.921+0300] {processor.py:183} INFO - Processing /media/data/omar/programming course/DEPI/DEPI project/anomx/venv/lib/python3.12/site-packages/airflow/example_dags/example_datasets.py took 0.957 seconds
[2026-06-21T21:40:30.675+0300] {processor.py:161} INFO - Started process (PID=15232) to work on /media/data/omar/programming course/DEPI/DEPI project/anomx/venv/lib/python3.12/site-packages/airflow/example_dags/example_datasets.py
[2026-06-21T21:40:30.677+0300] {processor.py:830} INFO - Processing file /media/data/omar/programming course/DEPI/DEPI project/anomx/venv/lib/python3.12/site-packages/airflow/example_dags/example_datasets.py for tasks to queue
[2026-06-21T21:40:30.680+0300] {logging_mixin.py:188} INFO - [2026-06-21T21:40:30.679+0300] {dagbag.py:540} INFO - Filling up the DagBag from /media/data/omar/programming course/DEPI/DEPI project/anomx/venv/lib/python3.12/site-packages/airflow/example_dags/example_datasets.py
[2026-06-21T21:40:30.698+0300] {processor.py:840} INFO - DAG(s) 'dataset_produces_2', 'dataset_produces_1', 'dataset_consumes_1', 'dataset_consumes_1_and_2', 'dataset_consumes_1_never_scheduled', 'conditional_dataset_and_time_based_timetable', 'dataset_consumes_unknown_never_scheduled', 'consume_1_or_2_with_dataset_expressions', 'consume_1_and_2_with_dataset_expressions', 'consume_1_or_both_2_and_3_with_dataset_expressions' retrieved from /media/data/omar/programming course/DEPI/DEPI project/anomx/venv/lib/python3.12/site-packages/airflow/example_dags/example_datasets.py
[2026-06-21T21:40:30.781+0300] {logging_mixin.py:188} INFO - [2026-06-21T21:40:30.781+0300] {dag.py:3096} INFO - Sync 10 DAGs
[2026-06-21T21:40:30.817+0300] {logging_mixin.py:188} INFO - [2026-06-21T21:40:30.817+0300] {dag.py:3954} INFO - Setting next_dagrun for conditional_dataset_and_time_based_timetable to 2026-06-17 01:00:00+00:00, run_after=2026-06-17 01:00:00+00:00
[2026-06-21T21:40:30.821+0300] {logging_mixin.py:188} INFO - [2026-06-21T21:40:30.820+0300] {dag.py:3954} INFO - Setting next_dagrun for consume_1_and_2_with_dataset_expressions to None, run_after=None
[2026-06-21T21:40:30.824+0300] {logging_mixin.py:188} INFO - [2026-06-21T21:40:30.823+0300] {dag.py:3954} INFO - Setting next_dagrun for consume_1_or_2_with_dataset_expressions to None, run_after=None
[2026-06-21T21:40:30.831+0300] {logging_mixin.py:188} INFO - [2026-06-21T21:40:30.829+0300] {dag.py:3954} INFO - Setting next_dagrun for consume_1_or_both_2_and_3_with_dataset_expressions to None, run_after=None
[2026-06-21T21:40:30.833+0300] {logging_mixin.py:188} INFO - [2026-06-21T21:40:30.833+0300] {dag.py:3954} INFO - Setting next_dagrun for dataset_consumes_1 to None, run_after=None
[2026-06-21T21:40:30.834+0300] {logging_mixin.py:188} INFO - [2026-06-21T21:40:30.834+0300] {dag.py:3954} INFO - Setting next_dagrun for dataset_consumes_1_and_2 to None, run_after=None
[2026-06-21T21:40:30.836+0300] {logging_mixin.py:188} INFO - [2026-06-21T21:40:30.836+0300] {dag.py:3954} INFO - Setting next_dagrun for dataset_consumes_1_never_scheduled to None, run_after=None
[2026-06-21T21:40:30.837+0300] {logging_mixin.py:188} INFO - [2026-06-21T21:40:30.837+0300] {dag.py:3954} INFO - Setting next_dagrun for dataset_consumes_unknown_never_scheduled to None, run_after=None
[2026-06-21T21:40:30.844+0300] {logging_mixin.py:188} INFO - [2026-06-21T21:40:30.842+0300] {dag.py:3954} INFO - Setting next_dagrun for dataset_produces_1 to 2026-06-20 00:00:00+00:00, run_after=2026-06-21 00:00:00+00:00
[2026-06-21T21:40:30.848+0300] {logging_mixin.py:188} INFO - [2026-06-21T21:40:30.848+0300] {dag.py:3954} INFO - Setting next_dagrun for dataset_produces_2 to None, run_after=None
[2026-06-21T21:40:30.918+0300] {processor.py:183} INFO - Processing /media/data/omar/programming course/DEPI/DEPI project/anomx/venv/lib/python3.12/site-packages/airflow/example_dags/example_datasets.py took 0.253 seconds
[2026-06-21T21:41:32.502+0300] {processor.py:161} INFO - Started process (PID=15354) to work on /media/data/omar/programming course/DEPI/DEPI project/anomx/venv/lib/python3.12/site-packages/airflow/example_dags/example_datasets.py
[2026-06-21T21:41:32.504+0300] {processor.py:830} INFO - Processing file /media/data/omar/programming course/DEPI/DEPI project/anomx/venv/lib/python3.12/site-packages/airflow/example_dags/example_datasets.py for tasks to queue
[2026-06-21T21:41:32.506+0300] {logging_mixin.py:188} INFO - [2026-06-21T21:41:32.506+0300] {dagbag.py:540} INFO - Filling up the DagBag from /media/data/omar/programming course/DEPI/DEPI project/anomx/venv/lib/python3.12/site-packages/airflow/example_dags/example_datasets.py
[2026-06-21T21:41:32.526+0300] {processor.py:840} INFO - DAG(s) 'dataset_consumes_1', 'dataset_consumes_1_and_2', 'dataset_produces_2', 'dataset_produces_1', 'consume_1_or_both_2_and_3_with_dataset_expressions', 'conditional_dataset_and_time_based_timetable', 'dataset_consumes_1_never_scheduled', 'consume_1_or_2_with_dataset_expressions', 'consume_1_and_2_with_dataset_expressions', 'dataset_consumes_unknown_never_scheduled' retrieved from /media/data/omar/programming course/DEPI/DEPI project/anomx/venv/lib/python3.12/site-packages/airflow/example_dags/example_datasets.py
[2026-06-21T21:41:32.580+0300] {logging_mixin.py:188} INFO - [2026-06-21T21:41:32.578+0300] {dag.py:3096} INFO - Sync 10 DAGs
[2026-06-21T21:41:32.674+0300] {logging_mixin.py:188} INFO - [2026-06-21T21:41:32.673+0300] {dag.py:3954} INFO - Setting next_dagrun for conditional_dataset_and_time_based_timetable to 2026-06-17 01:00:00+00:00, run_after=2026-06-17 01:00:00+00:00
[2026-06-21T21:41:32.683+0300] {logging_mixin.py:188} INFO - [2026-06-21T21:41:32.682+0300] {dag.py:3954} INFO - Setting next_dagrun for consume_1_and_2_with_dataset_expressions to None, run_after=None
[2026-06-21T21:41:32.684+0300] {logging_mixin.py:188} INFO - [2026-06-21T21:41:32.684+0300] {dag.py:3954} INFO - Setting next_dagrun for consume_1_or_2_with_dataset_expressions to None, run_after=None
[2026-06-21T21:41:32.686+0300] {logging_mixin.py:188} INFO - [2026-06-21T21:41:32.686+0300] {dag.py:3954} INFO - Setting next_dagrun for consume_1_or_both_2_and_3_with_dataset_expressions to None, run_after=None
[2026-06-21T21:41:32.688+0300] {logging_mixin.py:188} INFO - [2026-06-21T21:41:32.687+0300] {dag.py:3954} INFO - Setting next_dagrun for dataset_consumes_1 to None, run_after=None
[2026-06-21T21:41:32.690+0300] {logging_mixin.py:188} INFO - [2026-06-21T21:41:32.689+0300] {dag.py:3954} INFO - Setting next_dagrun for dataset_consumes_1_and_2 to None, run_after=None
[2026-06-21T21:41:32.696+0300] {logging_mixin.py:188} INFO - [2026-06-21T21:41:32.694+0300] {dag.py:3954} INFO - Setting next_dagrun for dataset_consumes_1_never_scheduled to None, run_after=None
[2026-06-21T21:41:32.703+0300] {logging_mixin.py:188} INFO - [2026-06-21T21:41:32.701+0300] {dag.py:3954} INFO - Setting next_dagrun for dataset_consumes_unknown_never_scheduled to None, run_after=None
[2026-06-21T21:41:32.715+0300] {logging_mixin.py:188} INFO - [2026-06-21T21:41:32.713+0300] {dag.py:3954} INFO - Setting next_dagrun for dataset_produces_1 to 2026-06-20 00:00:00+00:00, run_after=2026-06-21 00:00:00+00:00
[2026-06-21T21:41:32.720+0300] {logging_mixin.py:188} INFO - [2026-06-21T21:41:32.719+0300] {dag.py:3954} INFO - Setting next_dagrun for dataset_produces_2 to None, run_after=None
[2026-06-21T21:41:32.878+0300] {processor.py:183} INFO - Processing /media/data/omar/programming course/DEPI/DEPI project/anomx/venv/lib/python3.12/site-packages/airflow/example_dags/example_datasets.py took 0.384 seconds
[2026-06-21T21:42:39.580+0300] {processor.py:161} INFO - Started process (PID=15493) to work on /media/data/omar/programming course/DEPI/DEPI project/anomx/venv/lib/python3.12/site-packages/airflow/example_dags/example_datasets.py
[2026-06-21T21:42:39.581+0300] {processor.py:830} INFO - Processing file /media/data/omar/programming course/DEPI/DEPI project/anomx/venv/lib/python3.12/site-packages/airflow/example_dags/example_datasets.py for tasks to queue
[2026-06-21T21:42:39.583+0300] {logging_mixin.py:188} INFO - [2026-06-21T21:42:39.582+0300] {dagbag.py:540} INFO - Filling up the DagBag from /media/data/omar/programming course/DEPI/DEPI project/anomx/venv/lib/python3.12/site-packages/airflow/example_dags/example_datasets.py
[2026-06-21T21:42:39.599+0300] {processor.py:840} INFO - DAG(s) 'consume_1_and_2_with_dataset_expressions', 'dataset_produces_1', 'consume_1_or_2_with_dataset_expressions', 'dataset_consumes_1_and_2', 'dataset_consumes_unknown_never_scheduled', 'dataset_consumes_1', 'conditional_dataset_and_time_based_timetable', 'consume_1_or_both_2_and_3_with_dataset_expressions', 'dataset_produces_2', 'dataset_consumes_1_never_scheduled' retrieved from /media/data/omar/programming course/DEPI/DEPI project/anomx/venv/lib/python3.12/site-packages/airflow/example_dags/example_datasets.py
[2026-06-21T21:42:39.649+0300] {logging_mixin.py:188} INFO - [2026-06-21T21:42:39.648+0300] {dag.py:3096} INFO - Sync 10 DAGs
[2026-06-21T21:42:39.675+0300] {logging_mixin.py:188} INFO - [2026-06-21T21:42:39.674+0300] {dag.py:3954} INFO - Setting next_dagrun for conditional_dataset_and_time_based_timetable to 2026-06-17 01:00:00+00:00, run_after=2026-06-17 01:00:00+00:00
[2026-06-21T21:42:39.680+0300] {logging_mixin.py:188} INFO - [2026-06-21T21:42:39.679+0300] {dag.py:3954} INFO - Setting next_dagrun for consume_1_and_2_with_dataset_expressions to None, run_after=None
[2026-06-21T21:42:39.681+0300] {logging_mixin.py:188} INFO - [2026-06-21T21:42:39.681+0300] {dag.py:3954} INFO - Setting next_dagrun for consume_1_or_2_with_dataset_expressions to None, run_after=None
[2026-06-21T21:42:39.684+0300] {logging_mixin.py:188} INFO - [2026-06-21T21:42:39.683+0300] {dag.py:3954} INFO - Setting next_dagrun for consume_1_or_both_2_and_3_with_dataset_expressions to None, run_after=None
[2026-06-21T21:42:39.686+0300] {logging_mixin.py:188} INFO - [2026-06-21T21:42:39.685+0300] {dag.py:3954} INFO - Setting next_dagrun for dataset_consumes_1 to None, run_after=None
[2026-06-21T21:42:39.689+0300] {logging_mixin.py:188} INFO - [2026-06-21T21:42:39.688+0300] {dag.py:3954} INFO - Setting next_dagrun for dataset_consumes_1_and_2 to None, run_after=None
[2026-06-21T21:42:39.692+0300] {logging_mixin.py:188} INFO - [2026-06-21T21:42:39.691+0300] {dag.py:3954} INFO - Setting next_dagrun for dataset_consumes_1_never_scheduled to None, run_after=None
[2026-06-21T21:42:39.693+0300] {logging_mixin.py:188} INFO - [2026-06-21T21:42:39.693+0300] {dag.py:3954} INFO - Setting next_dagrun for dataset_consumes_unknown_never_scheduled to None, run_after=None
[2026-06-21T21:42:39.697+0300] {logging_mixin.py:188} INFO - [2026-06-21T21:42:39.697+0300] {dag.py:3954} INFO - Setting next_dagrun for dataset_produces_1 to 2026-06-20 00:00:00+00:00, run_after=2026-06-21 00:00:00+00:00
[2026-06-21T21:42:39.698+0300] {logging_mixin.py:188} INFO - [2026-06-21T21:42:39.698+0300] {dag.py:3954} INFO - Setting next_dagrun for dataset_produces_2 to None, run_after=None
[2026-06-21T21:42:39.749+0300] {processor.py:183} INFO - Processing /media/data/omar/programming course/DEPI/DEPI project/anomx/venv/lib/python3.12/site-packages/airflow/example_dags/example_datasets.py took 0.177 seconds
[2026-06-21T21:43:39.911+0300] {processor.py:161} INFO - Started process (PID=15692) to work on /media/data/omar/programming course/DEPI/DEPI project/anomx/venv/lib/python3.12/site-packages/airflow/example_dags/example_datasets.py
[2026-06-21T21:43:39.913+0300] {processor.py:830} INFO - Processing file /media/data/omar/programming course/DEPI/DEPI project/anomx/venv/lib/python3.12/site-packages/airflow/example_dags/example_datasets.py for tasks to queue
[2026-06-21T21:43:39.916+0300] {logging_mixin.py:188} INFO - [2026-06-21T21:43:39.915+0300] {dagbag.py:540} INFO - Filling up the DagBag from /media/data/omar/programming course/DEPI/DEPI project/anomx/venv/lib/python3.12/site-packages/airflow/example_dags/example_datasets.py
[2026-06-21T21:43:39.933+0300] {processor.py:840} INFO - DAG(s) 'conditional_dataset_and_time_based_timetable', 'dataset_consumes_1_and_2', 'dataset_produces_1', 'consume_1_and_2_with_dataset_expressions', 'dataset_consumes_1_never_scheduled', 'consume_1_or_both_2_and_3_with_dataset_expressions', 'dataset_consumes_1', 'consume_1_or_2_with_dataset_expressions', 'dataset_consumes_unknown_never_scheduled', 'dataset_produces_2' retrieved from /media/data/omar/programming course/DEPI/DEPI project/anomx/venv/lib/python3.12/site-packages/airflow/example_dags/example_datasets.py
[2026-06-21T21:43:39.992+0300] {logging_mixin.py:188} INFO - [2026-06-21T21:43:39.991+0300] {dag.py:3096} INFO - Sync 10 DAGs
[2026-06-21T21:43:40.041+0300] {logging_mixin.py:188} INFO - [2026-06-21T21:43:40.040+0300] {dag.py:3954} INFO - Setting next_dagrun for conditional_dataset_and_time_based_timetable to 2026-06-17 01:00:00+00:00, run_after=2026-06-17 01:00:00+00:00
[2026-06-21T21:43:40.048+0300] {logging_mixin.py:188} INFO - [2026-06-21T21:43:40.047+0300] {dag.py:3954} INFO - Setting next_dagrun for consume_1_and_2_with_dataset_expressions to None, run_after=None
[2026-06-21T21:43:40.049+0300] {logging_mixin.py:188} INFO - [2026-06-21T21:43:40.049+0300] {dag.py:3954} INFO - Setting next_dagrun for consume_1_or_2_with_dataset_expressions to None, run_after=None
[2026-06-21T21:43:40.051+0300] {logging_mixin.py:188} INFO - [2026-06-21T21:43:40.051+0300] {dag.py:3954} INFO - Setting next_dagrun for consume_1_or_both_2_and_3_with_dataset_expressions to None, run_after=None
[2026-06-21T21:43:40.053+0300] {logging_mixin.py:188} INFO - [2026-06-21T21:43:40.052+0300] {dag.py:3954} INFO - Setting next_dagrun for dataset_consumes_1 to None, run_after=None
[2026-06-21T21:43:40.055+0300] {logging_mixin.py:188} INFO - [2026-06-21T21:43:40.054+0300] {dag.py:3954} INFO - Setting next_dagrun for dataset_consumes_1_and_2 to None, run_after=None
[2026-06-21T21:43:40.056+0300] {logging_mixin.py:188} INFO - [2026-06-21T21:43:40.056+0300] {dag.py:3954} INFO - Setting next_dagrun for dataset_consumes_1_never_scheduled to None, run_after=None
[2026-06-21T21:43:40.058+0300] {logging_mixin.py:188} INFO - [2026-06-21T21:43:40.058+0300] {dag.py:3954} INFO - Setting next_dagrun for dataset_consumes_unknown_never_scheduled to None, run_after=None
[2026-06-21T21:43:40.062+0300] {logging_mixin.py:188} INFO - [2026-06-21T21:43:40.061+0300] {dag.py:3954} INFO - Setting next_dagrun for dataset_produces_1 to 2026-06-20 00:00:00+00:00, run_after=2026-06-21 00:00:00+00:00
[2026-06-21T21:43:40.064+0300] {logging_mixin.py:188} INFO - [2026-06-21T21:43:40.063+0300] {dag.py:3954} INFO - Setting next_dagrun for dataset_produces_2 to None, run_after=None
[2026-06-21T21:43:40.206+0300] {processor.py:183} INFO - Processing /media/data/omar/programming course/DEPI/DEPI project/anomx/venv/lib/python3.12/site-packages/airflow/example_dags/example_datasets.py took 0.313 seconds
[2026-06-21T21:44:38.657+0300] {processor.py:161} INFO - Started process (PID=15802) to work on /media/data/omar/programming course/DEPI/DEPI project/anomx/venv/lib/python3.12/site-packages/airflow/example_dags/example_datasets.py
[2026-06-21T21:44:38.658+0300] {processor.py:830} INFO - Processing file /media/data/omar/programming course/DEPI/DEPI project/anomx/venv/lib/python3.12/site-packages/airflow/example_dags/example_datasets.py for tasks to queue
[2026-06-21T21:44:38.660+0300] {logging_mixin.py:188} INFO - [2026-06-21T21:44:38.660+0300] {dagbag.py:540} INFO - Filling up the DagBag from /media/data/omar/programming course/DEPI/DEPI project/anomx/venv/lib/python3.12/site-packages/airflow/example_dags/example_datasets.py
[2026-06-21T21:44:38.676+0300] {processor.py:840} INFO - DAG(s) 'dataset_consumes_1_never_scheduled', 'dataset_produces_2', 'dataset_produces_1', 'dataset_consumes_1', 'conditional_dataset_and_time_based_timetable', 'dataset_consumes_unknown_never_scheduled', 'dataset_consumes_1_and_2', 'consume_1_or_2_with_dataset_expressions', 'consume_1_and_2_with_dataset_expressions', 'consume_1_or_both_2_and_3_with_dataset_expressions' retrieved from /media/data/omar/programming course/DEPI/DEPI project/anomx/venv/lib/python3.12/site-packages/airflow/example_dags/example_datasets.py
[2026-06-21T21:44:38.728+0300] {logging_mixin.py:188} INFO - [2026-06-21T21:44:38.727+0300] {dag.py:3096} INFO - Sync 10 DAGs
[2026-06-21T21:44:38.751+0300] {logging_mixin.py:188} INFO - [2026-06-21T21:44:38.751+0300] {dag.py:3954} INFO - Setting next_dagrun for conditional_dataset_and_time_based_timetable to 2026-06-17 01:00:00+00:00, run_after=2026-06-17 01:00:00+00:00
[2026-06-21T21:44:38.755+0300] {logging_mixin.py:188} INFO - [2026-06-21T21:44:38.755+0300] {dag.py:3954} INFO - Setting next_dagrun for consume_1_and_2_with_dataset_expressions to None, run_after=None
[2026-06-21T21:44:38.757+0300] {logging_mixin.py:188} INFO - [2026-06-21T21:44:38.757+0300] {dag.py:3954} INFO - Setting next_dagrun for consume_1_or_2_with_dataset_expressions to None, run_after=None
[2026-06-21T21:44:38.759+0300] {logging_mixin.py:188} INFO - [2026-06-21T21:44:38.759+0300] {dag.py:3954} INFO - Setting next_dagrun for consume_1_or_both_2_and_3_with_dataset_expressions to None, run_after=None
[2026-06-21T21:44:38.761+0300] {logging_mixin.py:188} INFO - [2026-06-21T21:44:38.760+0300] {dag.py:3954} INFO - Setting next_dagrun for dataset_consumes_1 to None, run_after=None
[2026-06-21T21:44:38.762+0300] {logging_mixin.py:188} INFO - [2026-06-21T21:44:38.762+0300] {dag.py:3954} INFO - Setting next_dagrun for dataset_consumes_1_and_2 to None, run_after=None
[2026-06-21T21:44:38.763+0300] {logging_mixin.py:188} INFO - [2026-06-21T21:44:38.763+0300] {dag.py:3954} INFO - Setting next_dagrun for dataset_consumes_1_never_scheduled to None, run_after=None
[2026-06-21T21:44:38.764+0300] {logging_mixin.py:188} INFO - [2026-06-21T21:44:38.764+0300] {dag.py:3954} INFO - Setting next_dagrun for dataset_consumes_unknown_never_scheduled to None, run_after=None
[2026-06-21T21:44:38.767+0300] {logging_mixin.py:188} INFO - [2026-06-21T21:44:38.766+0300] {dag.py:3954} INFO - Setting next_dagrun for dataset_produces_1 to 2026-06-20 00:00:00+00:00, run_after=2026-06-21 00:00:00+00:00
[2026-06-21T21:44:38.768+0300] {logging_mixin.py:188} INFO - [2026-06-21T21:44:38.768+0300] {dag.py:3954} INFO - Setting next_dagrun for dataset_produces_2 to None, run_after=None
[2026-06-21T21:44:38.813+0300] {processor.py:183} INFO - Processing /media/data/omar/programming course/DEPI/DEPI project/anomx/venv/lib/python3.12/site-packages/airflow/example_dags/example_datasets.py took 0.165 seconds
[2026-06-21T21:47:14.468+0300] {processor.py:161} INFO - Started process (PID=16109) to work on /media/data/omar/programming course/DEPI/DEPI project/anomx/venv/lib/python3.12/site-packages/airflow/example_dags/example_datasets.py
[2026-06-21T21:47:14.470+0300] {processor.py:830} INFO - Processing file /media/data/omar/programming course/DEPI/DEPI project/anomx/venv/lib/python3.12/site-packages/airflow/example_dags/example_datasets.py for tasks to queue
[2026-06-21T21:47:14.474+0300] {logging_mixin.py:188} INFO - [2026-06-21T21:47:14.473+0300] {dagbag.py:540} INFO - Filling up the DagBag from /media/data/omar/programming course/DEPI/DEPI project/anomx/venv/lib/python3.12/site-packages/airflow/example_dags/example_datasets.py
[2026-06-21T21:47:14.492+0300] {processor.py:840} INFO - DAG(s) 'consume_1_or_2_with_dataset_expressions', 'dataset_produces_1', 'dataset_consumes_1_and_2', 'dataset_produces_2', 'consume_1_or_both_2_and_3_with_dataset_expressions', 'dataset_consumes_1_never_scheduled', 'conditional_dataset_and_time_based_timetable', 'dataset_consumes_1', 'dataset_consumes_unknown_never_scheduled', 'consume_1_and_2_with_dataset_expressions' retrieved from /media/data/omar/programming course/DEPI/DEPI project/anomx/venv/lib/python3.12/site-packages/airflow/example_dags/example_datasets.py
[2026-06-21T21:47:14.531+0300] {logging_mixin.py:188} INFO - [2026-06-21T21:47:14.531+0300] {dag.py:3096} INFO - Sync 10 DAGs
[2026-06-21T21:47:14.551+0300] {logging_mixin.py:188} INFO - [2026-06-21T21:47:14.551+0300] {dag.py:3954} INFO - Setting next_dagrun for conditional_dataset_and_time_based_timetable to 2026-06-17 01:00:00+00:00, run_after=2026-06-17 01:00:00+00:00
[2026-06-21T21:47:14.555+0300] {logging_mixin.py:188} INFO - [2026-06-21T21:47:14.554+0300] {dag.py:3954} INFO - Setting next_dagrun for consume_1_and_2_with_dataset_expressions to None, run_after=None
[2026-06-21T21:47:14.556+0300] {logging_mixin.py:188} INFO - [2026-06-21T21:47:14.555+0300] {dag.py:3954} INFO - Setting next_dagrun for consume_1_or_2_with_dataset_expressions to None, run_after=None
[2026-06-21T21:47:14.557+0300] {logging_mixin.py:188} INFO - [2026-06-21T21:47:14.557+0300] {dag.py:3954} INFO - Setting next_dagrun for consume_1_or_both_2_and_3_with_dataset_expressions to None, run_after=None
[2026-06-21T21:47:14.558+0300] {logging_mixin.py:188} INFO - [2026-06-21T21:47:14.558+0300] {dag.py:3954} INFO - Setting next_dagrun for dataset_consumes_1 to None, run_after=None
[2026-06-21T21:47:14.560+0300] {logging_mixin.py:188} INFO - [2026-06-21T21:47:14.559+0300] {dag.py:3954} INFO - Setting next_dagrun for dataset_consumes_1_and_2 to None, run_after=None
[2026-06-21T21:47:14.561+0300] {logging_mixin.py:188} INFO - [2026-06-21T21:47:14.561+0300] {dag.py:3954} INFO - Setting next_dagrun for dataset_consumes_1_never_scheduled to None, run_after=None
[2026-06-21T21:47:14.562+0300] {logging_mixin.py:188} INFO - [2026-06-21T21:47:14.562+0300] {dag.py:3954} INFO - Setting next_dagrun for dataset_consumes_unknown_never_scheduled to None, run_after=None
[2026-06-21T21:47:14.564+0300] {logging_mixin.py:188} INFO - [2026-06-21T21:47:14.564+0300] {dag.py:3954} INFO - Setting next_dagrun for dataset_produces_1 to 2026-06-20 00:00:00+00:00, run_after=2026-06-21 00:00:00+00:00
[2026-06-21T21:47:14.565+0300] {logging_mixin.py:188} INFO - [2026-06-21T21:47:14.565+0300] {dag.py:3954} INFO - Setting next_dagrun for dataset_produces_2 to None, run_after=None
[2026-06-21T21:47:14.606+0300] {processor.py:183} INFO - Processing /media/data/omar/programming course/DEPI/DEPI project/anomx/venv/lib/python3.12/site-packages/airflow/example_dags/example_datasets.py took 0.152 seconds
[2026-06-21T21:48:15.551+0300] {processor.py:161} INFO - Started process (PID=16201) to work on /media/data/omar/programming course/DEPI/DEPI project/anomx/venv/lib/python3.12/site-packages/airflow/example_dags/example_datasets.py
[2026-06-21T21:48:15.552+0300] {processor.py:830} INFO - Processing file /media/data/omar/programming course/DEPI/DEPI project/anomx/venv/lib/python3.12/site-packages/airflow/example_dags/example_datasets.py for tasks to queue
[2026-06-21T21:48:15.556+0300] {logging_mixin.py:188} INFO - [2026-06-21T21:48:15.555+0300] {dagbag.py:540} INFO - Filling up the DagBag from /media/data/omar/programming course/DEPI/DEPI project/anomx/venv/lib/python3.12/site-packages/airflow/example_dags/example_datasets.py
[2026-06-21T21:48:15.580+0300] {processor.py:840} INFO - DAG(s) 'dataset_consumes_1_never_scheduled', 'consume_1_and_2_with_dataset_expressions', 'consume_1_or_2_with_dataset_expressions', 'dataset_consumes_1_and_2', 'conditional_dataset_and_time_based_timetable', 'consume_1_or_both_2_and_3_with_dataset_expressions', 'dataset_produces_2', 'dataset_produces_1', 'dataset_consumes_unknown_never_scheduled', 'dataset_consumes_1' retrieved from /media/data/omar/programming course/DEPI/DEPI project/anomx/venv/lib/python3.12/site-packages/airflow/example_dags/example_datasets.py
[2026-06-21T21:48:15.622+0300] {logging_mixin.py:188} INFO - [2026-06-21T21:48:15.621+0300] {dag.py:3096} INFO - Sync 10 DAGs
[2026-06-21T21:48:15.643+0300] {logging_mixin.py:188} INFO - [2026-06-21T21:48:15.642+0300] {dag.py:3954} INFO - Setting next_dagrun for conditional_dataset_and_time_based_timetable to 2026-06-17 01:00:00+00:00, run_after=2026-06-17 01:00:00+00:00
[2026-06-21T21:48:15.646+0300] {logging_mixin.py:188} INFO - [2026-06-21T21:48:15.646+0300] {dag.py:3954} INFO - Setting next_dagrun for consume_1_and_2_with_dataset_expressions to None, run_after=None
[2026-06-21T21:48:15.648+0300] {logging_mixin.py:188} INFO - [2026-06-21T21:48:15.648+0300] {dag.py:3954} INFO - Setting next_dagrun for consume_1_or_2_with_dataset_expressions to None, run_after=None
[2026-06-21T21:48:15.649+0300] {logging_mixin.py:188} INFO - [2026-06-21T21:48:15.649+0300] {dag.py:3954} INFO - Setting next_dagrun for consume_1_or_both_2_and_3_with_dataset_expressions to None, run_after=None
[2026-06-21T21:48:15.651+0300] {logging_mixin.py:188} INFO - [2026-06-21T21:48:15.650+0300] {dag.py:3954} INFO - Setting next_dagrun for dataset_consumes_1 to None, run_after=None
[2026-06-21T21:48:15.652+0300] {logging_mixin.py:188} INFO - [2026-06-21T21:48:15.651+0300] {dag.py:3954} INFO - Setting next_dagrun for dataset_consumes_1_and_2 to None, run_after=None
[2026-06-21T21:48:15.653+0300] {logging_mixin.py:188} INFO - [2026-06-21T21:48:15.653+0300] {dag.py:3954} INFO - Setting next_dagrun for dataset_consumes_1_never_scheduled to None, run_after=None
[2026-06-21T21:48:15.654+0300] {logging_mixin.py:188} INFO - [2026-06-21T21:48:15.654+0300] {dag.py:3954} INFO - Setting next_dagrun for dataset_consumes_unknown_never_scheduled to None, run_after=None
[2026-06-21T21:48:15.656+0300] {logging_mixin.py:188} INFO - [2026-06-21T21:48:15.656+0300] {dag.py:3954} INFO - Setting next_dagrun for dataset_produces_1 to 2026-06-20 00:00:00+00:00, run_after=2026-06-21 00:00:00+00:00
[2026-06-21T21:48:15.657+0300] {logging_mixin.py:188} INFO - [2026-06-21T21:48:15.657+0300] {dag.py:3954} INFO - Setting next_dagrun for dataset_produces_2 to None, run_after=None
[2026-06-21T21:48:15.698+0300] {processor.py:183} INFO - Processing /media/data/omar/programming course/DEPI/DEPI project/anomx/venv/lib/python3.12/site-packages/airflow/example_dags/example_datasets.py took 0.157 seconds
[2026-06-21T21:49:13.865+0300] {processor.py:161} INFO - Started process (PID=16292) to work on /media/data/omar/programming course/DEPI/DEPI project/anomx/venv/lib/python3.12/site-packages/airflow/example_dags/example_datasets.py
[2026-06-21T21:49:13.867+0300] {processor.py:830} INFO - Processing file /media/data/omar/programming course/DEPI/DEPI project/anomx/venv/lib/python3.12/site-packages/airflow/example_dags/example_datasets.py for tasks to queue
[2026-06-21T21:49:13.870+0300] {logging_mixin.py:188} INFO - [2026-06-21T21:49:13.869+0300] {dagbag.py:540} INFO - Filling up the DagBag from /media/data/omar/programming course/DEPI/DEPI project/anomx/venv/lib/python3.12/site-packages/airflow/example_dags/example_datasets.py
[2026-06-21T21:49:13.890+0300] {processor.py:840} INFO - DAG(s) 'dataset_consumes_1_and_2', 'consume_1_or_2_with_dataset_expressions', 'consume_1_and_2_with_dataset_expressions', 'dataset_consumes_1_never_scheduled', 'conditional_dataset_and_time_based_timetable', 'dataset_produces_2', 'dataset_consumes_1', 'dataset_produces_1', 'dataset_consumes_unknown_never_scheduled', 'consume_1_or_both_2_and_3_with_dataset_expressions' retrieved from /media/data/omar/programming course/DEPI/DEPI project/anomx/venv/lib/python3.12/site-packages/airflow/example_dags/example_datasets.py
[2026-06-21T21:49:13.929+0300] {logging_mixin.py:188} INFO - [2026-06-21T21:49:13.929+0300] {dag.py:3096} INFO - Sync 10 DAGs
[2026-06-21T21:49:13.951+0300] {logging_mixin.py:188} INFO - [2026-06-21T21:49:13.950+0300] {dag.py:3954} INFO - Setting next_dagrun for conditional_dataset_and_time_based_timetable to 2026-06-17 01:00:00+00:00, run_after=2026-06-17 01:00:00+00:00
[2026-06-21T21:49:13.954+0300] {logging_mixin.py:188} INFO - [2026-06-21T21:49:13.954+0300] {dag.py:3954} INFO - Setting next_dagrun for consume_1_and_2_with_dataset_expressions to None, run_after=None
[2026-06-21T21:49:13.955+0300] {logging_mixin.py:188} INFO - [2026-06-21T21:49:13.955+0300] {dag.py:3954} INFO - Setting next_dagrun for consume_1_or_2_with_dataset_expressions to None, run_after=None
[2026-06-21T21:49:13.957+0300] {logging_mixin.py:188} INFO - [2026-06-21T21:49:13.956+0300] {dag.py:3954} INFO - Setting next_dagrun for consume_1_or_both_2_and_3_with_dataset_expressions to None, run_after=None
[2026-06-21T21:49:13.958+0300] {logging_mixin.py:188} INFO - [2026-06-21T21:49:13.958+0300] {dag.py:3954} INFO - Setting next_dagrun for dataset_consumes_1 to None, run_after=None
[2026-06-21T21:49:13.960+0300] {logging_mixin.py:188} INFO - [2026-06-21T21:49:13.959+0300] {dag.py:3954} INFO - Setting next_dagrun for dataset_consumes_1_and_2 to None, run_after=None
[2026-06-21T21:49:13.961+0300] {logging_mixin.py:188} INFO - [2026-06-21T21:49:13.960+0300] {dag.py:3954} INFO - Setting next_dagrun for dataset_consumes_1_never_scheduled to None, run_after=None
[2026-06-21T21:49:13.962+0300] {logging_mixin.py:188} INFO - [2026-06-21T21:49:13.962+0300] {dag.py:3954} INFO - Setting next_dagrun for dataset_consumes_unknown_never_scheduled to None, run_after=None
[2026-06-21T21:49:13.965+0300] {logging_mixin.py:188} INFO - [2026-06-21T21:49:13.964+0300] {dag.py:3954} INFO - Setting next_dagrun for dataset_produces_1 to 2026-06-20 00:00:00+00:00, run_after=2026-06-21 00:00:00+00:00
[2026-06-21T21:49:13.966+0300] {logging_mixin.py:188} INFO - [2026-06-21T21:49:13.966+0300] {dag.py:3954} INFO - Setting next_dagrun for dataset_produces_2 to None, run_after=None
[2026-06-21T21:49:14.007+0300] {processor.py:183} INFO - Processing /media/data/omar/programming course/DEPI/DEPI project/anomx/venv/lib/python3.12/site-packages/airflow/example_dags/example_datasets.py took 0.152 seconds
[2026-06-21T21:51:19.821+0300] {processor.py:161} INFO - Started process (PID=16516) to work on /media/data/omar/programming course/DEPI/DEPI project/anomx/venv/lib/python3.12/site-packages/airflow/example_dags/example_datasets.py
[2026-06-21T21:51:19.823+0300] {processor.py:830} INFO - Processing file /media/data/omar/programming course/DEPI/DEPI project/anomx/venv/lib/python3.12/site-packages/airflow/example_dags/example_datasets.py for tasks to queue
[2026-06-21T21:51:19.825+0300] {logging_mixin.py:188} INFO - [2026-06-21T21:51:19.824+0300] {dagbag.py:540} INFO - Filling up the DagBag from /media/data/omar/programming course/DEPI/DEPI project/anomx/venv/lib/python3.12/site-packages/airflow/example_dags/example_datasets.py
[2026-06-21T21:51:19.839+0300] {processor.py:840} INFO - DAG(s) 'dataset_consumes_1_and_2', 'dataset_produces_1', 'dataset_consumes_1_never_scheduled', 'conditional_dataset_and_time_based_timetable', 'consume_1_or_both_2_and_3_with_dataset_expressions', 'consume_1_and_2_with_dataset_expressions', 'dataset_consumes_1', 'dataset_produces_2', 'dataset_consumes_unknown_never_scheduled', 'consume_1_or_2_with_dataset_expressions' retrieved from /media/data/omar/programming course/DEPI/DEPI project/anomx/venv/lib/python3.12/site-packages/airflow/example_dags/example_datasets.py
[2026-06-21T21:51:19.874+0300] {logging_mixin.py:188} INFO - [2026-06-21T21:51:19.873+0300] {dag.py:3096} INFO - Sync 10 DAGs
[2026-06-21T21:51:19.897+0300] {logging_mixin.py:188} INFO - [2026-06-21T21:51:19.897+0300] {dag.py:3954} INFO - Setting next_dagrun for conditional_dataset_and_time_based_timetable to 2026-06-17 01:00:00+00:00, run_after=2026-06-17 01:00:00+00:00
[2026-06-21T21:51:19.900+0300] {logging_mixin.py:188} INFO - [2026-06-21T21:51:19.900+0300] {dag.py:3954} INFO - Setting next_dagrun for consume_1_and_2_with_dataset_expressions to None, run_after=None
[2026-06-21T21:51:19.902+0300] {logging_mixin.py:188} INFO - [2026-06-21T21:51:19.901+0300] {dag.py:3954} INFO - Setting next_dagrun for consume_1_or_2_with_dataset_expressions to None, run_after=None
[2026-06-21T21:51:19.903+0300] {logging_mixin.py:188} INFO - [2026-06-21T21:51:19.902+0300] {dag.py:3954} INFO - Setting next_dagrun for consume_1_or_both_2_and_3_with_dataset_expressions to None, run_after=None
[2026-06-21T21:51:19.904+0300] {logging_mixin.py:188} INFO - [2026-06-21T21:51:19.904+0300] {dag.py:3954} INFO - Setting next_dagrun for dataset_consumes_1 to None, run_after=None
[2026-06-21T21:51:19.905+0300] {logging_mixin.py:188} INFO - [2026-06-21T21:51:19.905+0300] {dag.py:3954} INFO - Setting next_dagrun for dataset_consumes_1_and_2 to None, run_after=None
[2026-06-21T21:51:19.907+0300] {logging_mixin.py:188} INFO - [2026-06-21T21:51:19.906+0300] {dag.py:3954} INFO - Setting next_dagrun for dataset_consumes_1_never_scheduled to None, run_after=None
[2026-06-21T21:51:19.908+0300] {logging_mixin.py:188} INFO - [2026-06-21T21:51:19.908+0300] {dag.py:3954} INFO - Setting next_dagrun for dataset_consumes_unknown_never_scheduled to None, run_after=None
[2026-06-21T21:51:19.910+0300] {logging_mixin.py:188} INFO - [2026-06-21T21:51:19.910+0300] {dag.py:3954} INFO - Setting next_dagrun for dataset_produces_1 to 2026-06-20 00:00:00+00:00, run_after=2026-06-21 00:00:00+00:00
[2026-06-21T21:51:19.912+0300] {logging_mixin.py:188} INFO - [2026-06-21T21:51:19.912+0300] {dag.py:3954} INFO - Setting next_dagrun for dataset_produces_2 to None, run_after=None
[2026-06-21T21:51:19.950+0300] {processor.py:183} INFO - Processing /media/data/omar/programming course/DEPI/DEPI project/anomx/venv/lib/python3.12/site-packages/airflow/example_dags/example_datasets.py took 0.134 seconds
[2026-06-21T21:52:35.460+0300] {processor.py:161} INFO - Started process (PID=16666) to work on /media/data/omar/programming course/DEPI/DEPI project/anomx/venv/lib/python3.12/site-packages/airflow/example_dags/example_datasets.py
[2026-06-21T21:52:35.462+0300] {processor.py:830} INFO - Processing file /media/data/omar/programming course/DEPI/DEPI project/anomx/venv/lib/python3.12/site-packages/airflow/example_dags/example_datasets.py for tasks to queue
[2026-06-21T21:52:35.466+0300] {logging_mixin.py:188} INFO - [2026-06-21T21:52:35.465+0300] {dagbag.py:540} INFO - Filling up the DagBag from /media/data/omar/programming course/DEPI/DEPI project/anomx/venv/lib/python3.12/site-packages/airflow/example_dags/example_datasets.py
[2026-06-21T21:52:35.495+0300] {processor.py:840} INFO - DAG(s) 'dataset_consumes_1_and_2', 'dataset_consumes_1_never_scheduled', 'dataset_consumes_unknown_never_scheduled', 'consume_1_or_both_2_and_3_with_dataset_expressions', 'consume_1_or_2_with_dataset_expressions', 'dataset_produces_2', 'dataset_produces_1', 'consume_1_and_2_with_dataset_expressions', 'conditional_dataset_and_time_based_timetable', 'dataset_consumes_1' retrieved from /media/data/omar/programming course/DEPI/DEPI project/anomx/venv/lib/python3.12/site-packages/airflow/example_dags/example_datasets.py
[2026-06-21T21:52:35.532+0300] {logging_mixin.py:188} INFO - [2026-06-21T21:52:35.531+0300] {dag.py:3096} INFO - Sync 10 DAGs
[2026-06-21T21:52:35.551+0300] {logging_mixin.py:188} INFO - [2026-06-21T21:52:35.550+0300] {dag.py:3954} INFO - Setting next_dagrun for conditional_dataset_and_time_based_timetable to 2026-06-17 01:00:00+00:00, run_after=2026-06-17 01:00:00+00:00
[2026-06-21T21:52:35.554+0300] {logging_mixin.py:188} INFO - [2026-06-21T21:52:35.553+0300] {dag.py:3954} INFO - Setting next_dagrun for consume_1_and_2_with_dataset_expressions to None, run_after=None
[2026-06-21T21:52:35.555+0300] {logging_mixin.py:188} INFO - [2026-06-21T21:52:35.554+0300] {dag.py:3954} INFO - Setting next_dagrun for consume_1_or_2_with_dataset_expressions to None, run_after=None
[2026-06-21T21:52:35.556+0300] {logging_mixin.py:188} INFO - [2026-06-21T21:52:35.555+0300] {dag.py:3954} INFO - Setting next_dagrun for consume_1_or_both_2_and_3_with_dataset_expressions to None, run_after=None
[2026-06-21T21:52:35.557+0300] {logging_mixin.py:188} INFO - [2026-06-21T21:52:35.556+0300] {dag.py:3954} INFO - Setting next_dagrun for dataset_consumes_1 to None, run_after=None
[2026-06-21T21:52:35.558+0300] {logging_mixin.py:188} INFO - [2026-06-21T21:52:35.558+0300] {dag.py:3954} INFO - Setting next_dagrun for dataset_consumes_1_and_2 to None, run_after=None
[2026-06-21T21:52:35.559+0300] {logging_mixin.py:188} INFO - [2026-06-21T21:52:35.559+0300] {dag.py:3954} INFO - Setting next_dagrun for dataset_consumes_1_never_scheduled to None, run_after=None
[2026-06-21T21:52:35.560+0300] {logging_mixin.py:188} INFO - [2026-06-21T21:52:35.560+0300] {dag.py:3954} INFO - Setting next_dagrun for dataset_consumes_unknown_never_scheduled to None, run_after=None
[2026-06-21T21:52:35.562+0300] {logging_mixin.py:188} INFO - [2026-06-21T21:52:35.562+0300] {dag.py:3954} INFO - Setting next_dagrun for dataset_produces_1 to 2026-06-20 00:00:00+00:00, run_after=2026-06-21 00:00:00+00:00
[2026-06-21T21:52:35.564+0300] {logging_mixin.py:188} INFO - [2026-06-21T21:52:35.563+0300] {dag.py:3954} INFO - Setting next_dagrun for dataset_produces_2 to None, run_after=None
[2026-06-21T21:52:35.601+0300] {processor.py:183} INFO - Processing /media/data/omar/programming course/DEPI/DEPI project/anomx/venv/lib/python3.12/site-packages/airflow/example_dags/example_datasets.py took 0.155 seconds
[2026-06-21T21:53:33.582+0300] {processor.py:161} INFO - Started process (PID=16757) to work on /media/data/omar/programming course/DEPI/DEPI project/anomx/venv/lib/python3.12/site-packages/airflow/example_dags/example_datasets.py
[2026-06-21T21:53:33.583+0300] {processor.py:830} INFO - Processing file /media/data/omar/programming course/DEPI/DEPI project/anomx/venv/lib/python3.12/site-packages/airflow/example_dags/example_datasets.py for tasks to queue
[2026-06-21T21:53:33.584+0300] {logging_mixin.py:188} INFO - [2026-06-21T21:53:33.584+0300] {dagbag.py:540} INFO - Filling up the DagBag from /media/data/omar/programming course/DEPI/DEPI project/anomx/venv/lib/python3.12/site-packages/airflow/example_dags/example_datasets.py
[2026-06-21T21:53:33.596+0300] {processor.py:840} INFO - DAG(s) 'consume_1_and_2_with_dataset_expressions', 'consume_1_or_both_2_and_3_with_dataset_expressions', 'dataset_consumes_1', 'dataset_produces_2', 'dataset_consumes_1_never_scheduled', 'dataset_produces_1', 'consume_1_or_2_with_dataset_expressions', 'conditional_dataset_and_time_based_timetable', 'dataset_consumes_1_and_2', 'dataset_consumes_unknown_never_scheduled' retrieved from /media/data/omar/programming course/DEPI/DEPI project/anomx/venv/lib/python3.12/site-packages/airflow/example_dags/example_datasets.py
[2026-06-21T21:53:33.630+0300] {logging_mixin.py:188} INFO - [2026-06-21T21:53:33.629+0300] {dag.py:3096} INFO - Sync 10 DAGs
[2026-06-21T21:53:33.647+0300] {logging_mixin.py:188} INFO - [2026-06-21T21:53:33.647+0300] {dag.py:3954} INFO - Setting next_dagrun for conditional_dataset_and_time_based_timetable to 2026-06-17 01:00:00+00:00, run_after=2026-06-17 01:00:00+00:00
[2026-06-21T21:53:33.650+0300] {logging_mixin.py:188} INFO - [2026-06-21T21:53:33.650+0300] {dag.py:3954} INFO - Setting next_dagrun for consume_1_and_2_with_dataset_expressions to None, run_after=None
[2026-06-21T21:53:33.651+0300] {logging_mixin.py:188} INFO - [2026-06-21T21:53:33.651+0300] {dag.py:3954} INFO - Setting next_dagrun for consume_1_or_2_with_dataset_expressions to None, run_after=None
[2026-06-21T21:53:33.652+0300] {logging_mixin.py:188} INFO - [2026-06-21T21:53:33.652+0300] {dag.py:3954} INFO - Setting next_dagrun for consume_1_or_both_2_and_3_with_dataset_expressions to None, run_after=None
[2026-06-21T21:53:33.653+0300] {logging_mixin.py:188} INFO - [2026-06-21T21:53:33.653+0300] {dag.py:3954} INFO - Setting next_dagrun for dataset_consumes_1 to None, run_after=None
[2026-06-21T21:53:33.655+0300] {logging_mixin.py:188} INFO - [2026-06-21T21:53:33.654+0300] {dag.py:3954} INFO - Setting next_dagrun for dataset_consumes_1_and_2 to None, run_after=None
[2026-06-21T21:53:33.656+0300] {logging_mixin.py:188} INFO - [2026-06-21T21:53:33.655+0300] {dag.py:3954} INFO - Setting next_dagrun for dataset_consumes_1_never_scheduled to None, run_after=None
[2026-06-21T21:53:33.657+0300] {logging_mixin.py:188} INFO - [2026-06-21T21:53:33.656+0300] {dag.py:3954} INFO - Setting next_dagrun for dataset_consumes_unknown_never_scheduled to None, run_after=None
[2026-06-21T21:53:33.659+0300] {logging_mixin.py:188} INFO - [2026-06-21T21:53:33.658+0300] {dag.py:3954} INFO - Setting next_dagrun for dataset_produces_1 to 2026-06-20 00:00:00+00:00, run_after=2026-06-21 00:00:00+00:00
[2026-06-21T21:53:33.660+0300] {logging_mixin.py:188} INFO - [2026-06-21T21:53:33.659+0300] {dag.py:3954} INFO - Setting next_dagrun for dataset_produces_2 to None, run_after=None
[2026-06-21T21:53:33.696+0300] {processor.py:183} INFO - Processing /media/data/omar/programming course/DEPI/DEPI project/anomx/venv/lib/python3.12/site-packages/airflow/example_dags/example_datasets.py took 0.119 seconds
[2026-06-21T21:54:30.500+0300] {processor.py:161} INFO - Started process (PID=16860) to work on /media/data/omar/programming course/DEPI/DEPI project/anomx/venv/lib/python3.12/site-packages/airflow/example_dags/example_datasets.py
[2026-06-21T21:54:30.504+0300] {processor.py:830} INFO - Processing file /media/data/omar/programming course/DEPI/DEPI project/anomx/venv/lib/python3.12/site-packages/airflow/example_dags/example_datasets.py for tasks to queue
[2026-06-21T21:54:30.509+0300] {logging_mixin.py:188} INFO - [2026-06-21T21:54:30.508+0300] {dagbag.py:540} INFO - Filling up the DagBag from /media/data/omar/programming course/DEPI/DEPI project/anomx/venv/lib/python3.12/site-packages/airflow/example_dags/example_datasets.py
[2026-06-21T21:54:30.542+0300] {processor.py:840} INFO - DAG(s) 'dataset_consumes_1_and_2', 'dataset_consumes_unknown_never_scheduled', 'conditional_dataset_and_time_based_timetable', 'dataset_consumes_1_never_scheduled', 'consume_1_or_both_2_and_3_with_dataset_expressions', 'consume_1_and_2_with_dataset_expressions', 'dataset_produces_2', 'dataset_consumes_1', 'consume_1_or_2_with_dataset_expressions', 'dataset_produces_1' retrieved from /media/data/omar/programming course/DEPI/DEPI project/anomx/venv/lib/python3.12/site-packages/airflow/example_dags/example_datasets.py
[2026-06-21T21:54:30.580+0300] {logging_mixin.py:188} INFO - [2026-06-21T21:54:30.580+0300] {dag.py:3096} INFO - Sync 10 DAGs
[2026-06-21T21:54:30.598+0300] {logging_mixin.py:188} INFO - [2026-06-21T21:54:30.597+0300] {dag.py:3954} INFO - Setting next_dagrun for conditional_dataset_and_time_based_timetable to 2026-06-17 01:00:00+00:00, run_after=2026-06-17 01:00:00+00:00
[2026-06-21T21:54:30.601+0300] {logging_mixin.py:188} INFO - [2026-06-21T21:54:30.601+0300] {dag.py:3954} INFO - Setting next_dagrun for consume_1_and_2_with_dataset_expressions to None, run_after=None
[2026-06-21T21:54:30.602+0300] {logging_mixin.py:188} INFO - [2026-06-21T21:54:30.602+0300] {dag.py:3954} INFO - Setting next_dagrun for consume_1_or_2_with_dataset_expressions to None, run_after=None
[2026-06-21T21:54:30.603+0300] {logging_mixin.py:188} INFO - [2026-06-21T21:54:30.603+0300] {dag.py:3954} INFO - Setting next_dagrun for consume_1_or_both_2_and_3_with_dataset_expressions to None, run_after=None
[2026-06-21T21:54:30.604+0300] {logging_mixin.py:188} INFO - [2026-06-21T21:54:30.604+0300] {dag.py:3954} INFO - Setting next_dagrun for dataset_consumes_1 to None, run_after=None
[2026-06-21T21:54:30.605+0300] {logging_mixin.py:188} INFO - [2026-06-21T21:54:30.605+0300] {dag.py:3954} INFO - Setting next_dagrun for dataset_consumes_1_and_2 to None, run_after=None
[2026-06-21T21:54:30.606+0300] {logging_mixin.py:188} INFO - [2026-06-21T21:54:30.606+0300] {dag.py:3954} INFO - Setting next_dagrun for dataset_consumes_1_never_scheduled to None, run_after=None
[2026-06-21T21:54:30.607+0300] {logging_mixin.py:188} INFO - [2026-06-21T21:54:30.607+0300] {dag.py:3954} INFO - Setting next_dagrun for dataset_consumes_unknown_never_scheduled to None, run_after=None
[2026-06-21T21:54:30.609+0300] {logging_mixin.py:188} INFO - [2026-06-21T21:54:30.609+0300] {dag.py:3954} INFO - Setting next_dagrun for dataset_produces_1 to 2026-06-20 00:00:00+00:00, run_after=2026-06-21 00:00:00+00:00
[2026-06-21T21:54:30.610+0300] {logging_mixin.py:188} INFO - [2026-06-21T21:54:30.610+0300] {dag.py:3954} INFO - Setting next_dagrun for dataset_produces_2 to None, run_after=None
[2026-06-21T21:54:30.646+0300] {processor.py:183} INFO - Processing /media/data/omar/programming course/DEPI/DEPI project/anomx/venv/lib/python3.12/site-packages/airflow/example_dags/example_datasets.py took 0.164 seconds
[2026-06-21T21:55:27.028+0300] {processor.py:161} INFO - Started process (PID=16944) to work on /media/data/omar/programming course/DEPI/DEPI project/anomx/venv/lib/python3.12/site-packages/airflow/example_dags/example_datasets.py
[2026-06-21T21:55:27.030+0300] {processor.py:830} INFO - Processing file /media/data/omar/programming course/DEPI/DEPI project/anomx/venv/lib/python3.12/site-packages/airflow/example_dags/example_datasets.py for tasks to queue
[2026-06-21T21:55:27.034+0300] {logging_mixin.py:188} INFO - [2026-06-21T21:55:27.033+0300] {dagbag.py:540} INFO - Filling up the DagBag from /media/data/omar/programming course/DEPI/DEPI project/anomx/venv/lib/python3.12/site-packages/airflow/example_dags/example_datasets.py
[2026-06-21T21:55:27.051+0300] {processor.py:840} INFO - DAG(s) 'dataset_consumes_1_and_2', 'dataset_consumes_1', 'dataset_consumes_unknown_never_scheduled', 'dataset_produces_2', 'consume_1_or_both_2_and_3_with_dataset_expressions', 'conditional_dataset_and_time_based_timetable', 'dataset_produces_1', 'consume_1_and_2_with_dataset_expressions', 'dataset_consumes_1_never_scheduled', 'consume_1_or_2_with_dataset_expressions' retrieved from /media/data/omar/programming course/DEPI/DEPI project/anomx/venv/lib/python3.12/site-packages/airflow/example_dags/example_datasets.py
[2026-06-21T21:55:27.084+0300] {logging_mixin.py:188} INFO - [2026-06-21T21:55:27.084+0300] {dag.py:3096} INFO - Sync 10 DAGs
[2026-06-21T21:55:27.103+0300] {logging_mixin.py:188} INFO - [2026-06-21T21:55:27.103+0300] {dag.py:3954} INFO - Setting next_dagrun for conditional_dataset_and_time_based_timetable to 2026-06-17 01:00:00+00:00, run_after=2026-06-17 01:00:00+00:00
[2026-06-21T21:55:27.107+0300] {logging_mixin.py:188} INFO - [2026-06-21T21:55:27.106+0300] {dag.py:3954} INFO - Setting next_dagrun for consume_1_and_2_with_dataset_expressions to None, run_after=None
[2026-06-21T21:55:27.108+0300] {logging_mixin.py:188} INFO - [2026-06-21T21:55:27.108+0300] {dag.py:3954} INFO - Setting next_dagrun for consume_1_or_2_with_dataset_expressions to None, run_after=None
[2026-06-21T21:55:27.109+0300] {logging_mixin.py:188} INFO - [2026-06-21T21:55:27.109+0300] {dag.py:3954} INFO - Setting next_dagrun for consume_1_or_both_2_and_3_with_dataset_expressions to None, run_after=None
[2026-06-21T21:55:27.110+0300] {logging_mixin.py:188} INFO - [2026-06-21T21:55:27.110+0300] {dag.py:3954} INFO - Setting next_dagrun for dataset_consumes_1 to None, run_after=None
[2026-06-21T21:55:27.111+0300] {logging_mixin.py:188} INFO - [2026-06-21T21:55:27.111+0300] {dag.py:3954} INFO - Setting next_dagrun for dataset_consumes_1_and_2 to None, run_after=None
[2026-06-21T21:55:27.113+0300] {logging_mixin.py:188} INFO - [2026-06-21T21:55:27.112+0300] {dag.py:3954} INFO - Setting next_dagrun for dataset_consumes_1_never_scheduled to None, run_after=None
[2026-06-21T21:55:27.114+0300] {logging_mixin.py:188} INFO - [2026-06-21T21:55:27.114+0300] {dag.py:3954} INFO - Setting next_dagrun for dataset_consumes_unknown_never_scheduled to None, run_after=None
[2026-06-21T21:55:27.117+0300] {logging_mixin.py:188} INFO - [2026-06-21T21:55:27.117+0300] {dag.py:3954} INFO - Setting next_dagrun for dataset_produces_1 to 2026-06-20 00:00:00+00:00, run_after=2026-06-21 00:00:00+00:00
[2026-06-21T21:55:27.119+0300] {logging_mixin.py:188} INFO - [2026-06-21T21:55:27.118+0300] {dag.py:3954} INFO - Setting next_dagrun for dataset_produces_2 to None, run_after=None
[2026-06-21T21:55:27.157+0300] {processor.py:183} INFO - Processing /media/data/omar/programming course/DEPI/DEPI project/anomx/venv/lib/python3.12/site-packages/airflow/example_dags/example_datasets.py took 0.146 seconds
[2026-06-21T21:56:20.696+0300] {processor.py:161} INFO - Started process (PID=17036) to work on /media/data/omar/programming course/DEPI/DEPI project/anomx/venv/lib/python3.12/site-packages/airflow/example_dags/example_datasets.py
[2026-06-21T21:56:20.698+0300] {processor.py:830} INFO - Processing file /media/data/omar/programming course/DEPI/DEPI project/anomx/venv/lib/python3.12/site-packages/airflow/example_dags/example_datasets.py for tasks to queue
[2026-06-21T21:56:20.700+0300] {logging_mixin.py:188} INFO - [2026-06-21T21:56:20.699+0300] {dagbag.py:540} INFO - Filling up the DagBag from /media/data/omar/programming course/DEPI/DEPI project/anomx/venv/lib/python3.12/site-packages/airflow/example_dags/example_datasets.py
[2026-06-21T21:56:20.714+0300] {processor.py:840} INFO - DAG(s) 'conditional_dataset_and_time_based_timetable', 'dataset_consumes_1', 'dataset_produces_1', 'dataset_consumes_1_never_scheduled', 'consume_1_or_both_2_and_3_with_dataset_expressions', 'dataset_consumes_1_and_2', 'dataset_produces_2', 'consume_1_and_2_with_dataset_expressions', 'dataset_consumes_unknown_never_scheduled', 'consume_1_or_2_with_dataset_expressions' retrieved from /media/data/omar/programming course/DEPI/DEPI project/anomx/venv/lib/python3.12/site-packages/airflow/example_dags/example_datasets.py
[2026-06-21T21:56:20.750+0300] {logging_mixin.py:188} INFO - [2026-06-21T21:56:20.749+0300] {dag.py:3096} INFO - Sync 10 DAGs
[2026-06-21T21:56:20.768+0300] {logging_mixin.py:188} INFO - [2026-06-21T21:56:20.767+0300] {dag.py:3954} INFO - Setting next_dagrun for conditional_dataset_and_time_based_timetable to 2026-06-17 01:00:00+00:00, run_after=2026-06-17 01:00:00+00:00
[2026-06-21T21:56:20.771+0300] {logging_mixin.py:188} INFO - [2026-06-21T21:56:20.770+0300] {dag.py:3954} INFO - Setting next_dagrun for consume_1_and_2_with_dataset_expressions to None, run_after=None
[2026-06-21T21:56:20.772+0300] {logging_mixin.py:188} INFO - [2026-06-21T21:56:20.771+0300] {dag.py:3954} INFO - Setting next_dagrun for consume_1_or_2_with_dataset_expressions to None, run_after=None
[2026-06-21T21:56:20.773+0300] {logging_mixin.py:188} INFO - [2026-06-21T21:56:20.772+0300] {dag.py:3954} INFO - Setting next_dagrun for consume_1_or_both_2_and_3_with_dataset_expressions to None, run_after=None
[2026-06-21T21:56:20.774+0300] {logging_mixin.py:188} INFO - [2026-06-21T21:56:20.773+0300] {dag.py:3954} INFO - Setting next_dagrun for dataset_consumes_1 to None, run_after=None
[2026-06-21T21:56:20.775+0300] {logging_mixin.py:188} INFO - [2026-06-21T21:56:20.774+0300] {dag.py:3954} INFO - Setting next_dagrun for dataset_consumes_1_and_2 to None, run_after=None
[2026-06-21T21:56:20.776+0300] {logging_mixin.py:188} INFO - [2026-06-21T21:56:20.775+0300] {dag.py:3954} INFO - Setting next_dagrun for dataset_consumes_1_never_scheduled to None, run_after=None
[2026-06-21T21:56:20.777+0300] {logging_mixin.py:188} INFO - [2026-06-21T21:56:20.776+0300] {dag.py:3954} INFO - Setting next_dagrun for dataset_consumes_unknown_never_scheduled to None, run_after=None
[2026-06-21T21:56:20.778+0300] {logging_mixin.py:188} INFO - [2026-06-21T21:56:20.778+0300] {dag.py:3954} INFO - Setting next_dagrun for dataset_produces_1 to 2026-06-20 00:00:00+00:00, run_after=2026-06-21 00:00:00+00:00
[2026-06-21T21:56:20.780+0300] {logging_mixin.py:188} INFO - [2026-06-21T21:56:20.779+0300] {dag.py:3954} INFO - Setting next_dagrun for dataset_produces_2 to None, run_after=None
[2026-06-21T21:56:20.817+0300] {processor.py:183} INFO - Processing /media/data/omar/programming course/DEPI/DEPI project/anomx/venv/lib/python3.12/site-packages/airflow/example_dags/example_datasets.py took 0.132 seconds
[2026-06-21T21:57:37.848+0300] {processor.py:161} INFO - Started process (PID=17180) to work on /media/data/omar/programming course/DEPI/DEPI project/anomx/venv/lib/python3.12/site-packages/airflow/example_dags/example_datasets.py
[2026-06-21T21:57:37.850+0300] {processor.py:830} INFO - Processing file /media/data/omar/programming course/DEPI/DEPI project/anomx/venv/lib/python3.12/site-packages/airflow/example_dags/example_datasets.py for tasks to queue
[2026-06-21T21:57:37.854+0300] {logging_mixin.py:188} INFO - [2026-06-21T21:57:37.853+0300] {dagbag.py:540} INFO - Filling up the DagBag from /media/data/omar/programming course/DEPI/DEPI project/anomx/venv/lib/python3.12/site-packages/airflow/example_dags/example_datasets.py
[2026-06-21T21:57:37.871+0300] {processor.py:840} INFO - DAG(s) 'dataset_consumes_1', 'dataset_consumes_1_and_2', 'conditional_dataset_and_time_based_timetable', 'dataset_consumes_unknown_never_scheduled', 'dataset_produces_1', 'consume_1_or_2_with_dataset_expressions', 'consume_1_or_both_2_and_3_with_dataset_expressions', 'dataset_consumes_1_never_scheduled', 'dataset_produces_2', 'consume_1_and_2_with_dataset_expressions' retrieved from /media/data/omar/programming course/DEPI/DEPI project/anomx/venv/lib/python3.12/site-packages/airflow/example_dags/example_datasets.py
[2026-06-21T21:57:37.910+0300] {logging_mixin.py:188} INFO - [2026-06-21T21:57:37.910+0300] {dag.py:3096} INFO - Sync 10 DAGs
[2026-06-21T21:57:37.929+0300] {logging_mixin.py:188} INFO - [2026-06-21T21:57:37.929+0300] {dag.py:3954} INFO - Setting next_dagrun for conditional_dataset_and_time_based_timetable to 2026-06-17 01:00:00+00:00, run_after=2026-06-17 01:00:00+00:00
[2026-06-21T21:57:37.934+0300] {logging_mixin.py:188} INFO - [2026-06-21T21:57:37.933+0300] {dag.py:3954} INFO - Setting next_dagrun for consume_1_and_2_with_dataset_expressions to None, run_after=None
[2026-06-21T21:57:37.935+0300] {logging_mixin.py:188} INFO - [2026-06-21T21:57:37.935+0300] {dag.py:3954} INFO - Setting next_dagrun for consume_1_or_2_with_dataset_expressions to None, run_after=None
[2026-06-21T21:57:37.937+0300] {logging_mixin.py:188} INFO - [2026-06-21T21:57:37.936+0300] {dag.py:3954} INFO - Setting next_dagrun for consume_1_or_both_2_and_3_with_dataset_expressions to None, run_after=None
[2026-06-21T21:57:37.938+0300] {logging_mixin.py:188} INFO - [2026-06-21T21:57:37.938+0300] {dag.py:3954} INFO - Setting next_dagrun for dataset_consumes_1 to None, run_after=None
[2026-06-21T21:57:37.939+0300] {logging_mixin.py:188} INFO - [2026-06-21T21:57:37.939+0300] {dag.py:3954} INFO - Setting next_dagrun for dataset_consumes_1_and_2 to None, run_after=None
[2026-06-21T21:57:37.940+0300] {logging_mixin.py:188} INFO - [2026-06-21T21:57:37.940+0300] {dag.py:3954} INFO - Setting next_dagrun for dataset_consumes_1_never_scheduled to None, run_after=None
[2026-06-21T21:57:37.941+0300] {logging_mixin.py:188} INFO - [2026-06-21T21:57:37.941+0300] {dag.py:3954} INFO - Setting next_dagrun for dataset_consumes_unknown_never_scheduled to None, run_after=None
[2026-06-21T21:57:37.943+0300] {logging_mixin.py:188} INFO - [2026-06-21T21:57:37.943+0300] {dag.py:3954} INFO - Setting next_dagrun for dataset_produces_1 to 2026-06-20 00:00:00+00:00, run_after=2026-06-21 00:00:00+00:00
[2026-06-21T21:57:37.944+0300] {logging_mixin.py:188} INFO - [2026-06-21T21:57:37.944+0300] {dag.py:3954} INFO - Setting next_dagrun for dataset_produces_2 to None, run_after=None
[2026-06-21T21:57:37.985+0300] {processor.py:183} INFO - Processing /media/data/omar/programming course/DEPI/DEPI project/anomx/venv/lib/python3.12/site-packages/airflow/example_dags/example_datasets.py took 0.157 seconds
[2026-06-21T21:58:31.572+0300] {processor.py:161} INFO - Started process (PID=17259) to work on /media/data/omar/programming course/DEPI/DEPI project/anomx/venv/lib/python3.12/site-packages/airflow/example_dags/example_datasets.py
[2026-06-21T21:58:31.575+0300] {processor.py:830} INFO - Processing file /media/data/omar/programming course/DEPI/DEPI project/anomx/venv/lib/python3.12/site-packages/airflow/example_dags/example_datasets.py for tasks to queue
[2026-06-21T21:58:31.579+0300] {logging_mixin.py:188} INFO - [2026-06-21T21:58:31.577+0300] {dagbag.py:540} INFO - Filling up the DagBag from /media/data/omar/programming course/DEPI/DEPI project/anomx/venv/lib/python3.12/site-packages/airflow/example_dags/example_datasets.py
[2026-06-21T21:58:31.601+0300] {processor.py:840} INFO - DAG(s) 'dataset_produces_2', 'dataset_consumes_1_never_scheduled', 'dataset_produces_1', 'dataset_consumes_1_and_2', 'dataset_consumes_unknown_never_scheduled', 'conditional_dataset_and_time_based_timetable', 'consume_1_or_2_with_dataset_expressions', 'consume_1_or_both_2_and_3_with_dataset_expressions', 'dataset_consumes_1', 'consume_1_and_2_with_dataset_expressions' retrieved from /media/data/omar/programming course/DEPI/DEPI project/anomx/venv/lib/python3.12/site-packages/airflow/example_dags/example_datasets.py
[2026-06-21T21:58:31.637+0300] {logging_mixin.py:188} INFO - [2026-06-21T21:58:31.637+0300] {dag.py:3096} INFO - Sync 10 DAGs
[2026-06-21T21:58:31.655+0300] {logging_mixin.py:188} INFO - [2026-06-21T21:58:31.654+0300] {dag.py:3954} INFO - Setting next_dagrun for conditional_dataset_and_time_based_timetable to 2026-06-17 01:00:00+00:00, run_after=2026-06-17 01:00:00+00:00
[2026-06-21T21:58:31.658+0300] {logging_mixin.py:188} INFO - [2026-06-21T21:58:31.657+0300] {dag.py:3954} INFO - Setting next_dagrun for consume_1_and_2_with_dataset_expressions to None, run_after=None
[2026-06-21T21:58:31.659+0300] {logging_mixin.py:188} INFO - [2026-06-21T21:58:31.658+0300] {dag.py:3954} INFO - Setting next_dagrun for consume_1_or_2_with_dataset_expressions to None, run_after=None
[2026-06-21T21:58:31.660+0300] {logging_mixin.py:188} INFO - [2026-06-21T21:58:31.660+0300] {dag.py:3954} INFO - Setting next_dagrun for consume_1_or_both_2_and_3_with_dataset_expressions to None, run_after=None
[2026-06-21T21:58:31.661+0300] {logging_mixin.py:188} INFO - [2026-06-21T21:58:31.661+0300] {dag.py:3954} INFO - Setting next_dagrun for dataset_consumes_1 to None, run_after=None
[2026-06-21T21:58:31.662+0300] {logging_mixin.py:188} INFO - [2026-06-21T21:58:31.662+0300] {dag.py:3954} INFO - Setting next_dagrun for dataset_consumes_1_and_2 to None, run_after=None
[2026-06-21T21:58:31.663+0300] {logging_mixin.py:188} INFO - [2026-06-21T21:58:31.663+0300] {dag.py:3954} INFO - Setting next_dagrun for dataset_consumes_1_never_scheduled to None, run_after=None
[2026-06-21T21:58:31.664+0300] {logging_mixin.py:188} INFO - [2026-06-21T21:58:31.664+0300] {dag.py:3954} INFO - Setting next_dagrun for dataset_consumes_unknown_never_scheduled to None, run_after=None
[2026-06-21T21:58:31.666+0300] {logging_mixin.py:188} INFO - [2026-06-21T21:58:31.666+0300] {dag.py:3954} INFO - Setting next_dagrun for dataset_produces_1 to 2026-06-20 00:00:00+00:00, run_after=2026-06-21 00:00:00+00:00
[2026-06-21T21:58:31.667+0300] {logging_mixin.py:188} INFO - [2026-06-21T21:58:31.667+0300] {dag.py:3954} INFO - Setting next_dagrun for dataset_produces_2 to None, run_after=None
[2026-06-21T21:58:31.703+0300] {processor.py:183} INFO - Processing /media/data/omar/programming course/DEPI/DEPI project/anomx/venv/lib/python3.12/site-packages/airflow/example_dags/example_datasets.py took 0.143 seconds
[2026-06-21T21:59:27.808+0300] {processor.py:161} INFO - Started process (PID=17349) to work on /media/data/omar/programming course/DEPI/DEPI project/anomx/venv/lib/python3.12/site-packages/airflow/example_dags/example_datasets.py
[2026-06-21T21:59:27.811+0300] {processor.py:830} INFO - Processing file /media/data/omar/programming course/DEPI/DEPI project/anomx/venv/lib/python3.12/site-packages/airflow/example_dags/example_datasets.py for tasks to queue
[2026-06-21T21:59:27.814+0300] {logging_mixin.py:188} INFO - [2026-06-21T21:59:27.813+0300] {dagbag.py:540} INFO - Filling up the DagBag from /media/data/omar/programming course/DEPI/DEPI project/anomx/venv/lib/python3.12/site-packages/airflow/example_dags/example_datasets.py
[2026-06-21T21:59:27.833+0300] {processor.py:840} INFO - DAG(s) 'dataset_consumes_1_never_scheduled', 'dataset_consumes_1', 'consume_1_or_2_with_dataset_expressions', 'conditional_dataset_and_time_based_timetable', 'dataset_consumes_unknown_never_scheduled', 'consume_1_and_2_with_dataset_expressions', 'dataset_produces_2', 'dataset_produces_1', 'dataset_consumes_1_and_2', 'consume_1_or_both_2_and_3_with_dataset_expressions' retrieved from /media/data/omar/programming course/DEPI/DEPI project/anomx/venv/lib/python3.12/site-packages/airflow/example_dags/example_datasets.py
[2026-06-21T21:59:27.870+0300] {logging_mixin.py:188} INFO - [2026-06-21T21:59:27.870+0300] {dag.py:3096} INFO - Sync 10 DAGs
[2026-06-21T21:59:27.889+0300] {logging_mixin.py:188} INFO - [2026-06-21T21:59:27.889+0300] {dag.py:3954} INFO - Setting next_dagrun for conditional_dataset_and_time_based_timetable to 2026-06-17 01:00:00+00:00, run_after=2026-06-17 01:00:00+00:00
[2026-06-21T21:59:27.893+0300] {logging_mixin.py:188} INFO - [2026-06-21T21:59:27.893+0300] {dag.py:3954} INFO - Setting next_dagrun for consume_1_and_2_with_dataset_expressions to None, run_after=None
[2026-06-21T21:59:27.895+0300] {logging_mixin.py:188} INFO - [2026-06-21T21:59:27.895+0300] {dag.py:3954} INFO - Setting next_dagrun for consume_1_or_2_with_dataset_expressions to None, run_after=None
[2026-06-21T21:59:27.897+0300] {logging_mixin.py:188} INFO - [2026-06-21T21:59:27.896+0300] {dag.py:3954} INFO - Setting next_dagrun for consume_1_or_both_2_and_3_with_dataset_expressions to None, run_after=None
[2026-06-21T21:59:27.898+0300] {logging_mixin.py:188} INFO - [2026-06-21T21:59:27.898+0300] {dag.py:3954} INFO - Setting next_dagrun for dataset_consumes_1 to None, run_after=None
[2026-06-21T21:59:27.899+0300] {logging_mixin.py:188} INFO - [2026-06-21T21:59:27.899+0300] {dag.py:3954} INFO - Setting next_dagrun for dataset_consumes_1_and_2 to None, run_after=None
[2026-06-21T21:59:27.901+0300] {logging_mixin.py:188} INFO - [2026-06-21T21:59:27.900+0300] {dag.py:3954} INFO - Setting next_dagrun for dataset_consumes_1_never_scheduled to None, run_after=None
[2026-06-21T21:59:27.902+0300] {logging_mixin.py:188} INFO - [2026-06-21T21:59:27.902+0300] {dag.py:3954} INFO - Setting next_dagrun for dataset_consumes_unknown_never_scheduled to None, run_after=None
[2026-06-21T21:59:27.905+0300] {logging_mixin.py:188} INFO - [2026-06-21T21:59:27.905+0300] {dag.py:3954} INFO - Setting next_dagrun for dataset_produces_1 to 2026-06-20 00:00:00+00:00, run_after=2026-06-21 00:00:00+00:00
[2026-06-21T21:59:27.906+0300] {logging_mixin.py:188} INFO - [2026-06-21T21:59:27.906+0300] {dag.py:3954} INFO - Setting next_dagrun for dataset_produces_2 to None, run_after=None
[2026-06-21T21:59:27.947+0300] {processor.py:183} INFO - Processing /media/data/omar/programming course/DEPI/DEPI project/anomx/venv/lib/python3.12/site-packages/airflow/example_dags/example_datasets.py took 0.154 seconds
[2026-06-21T22:00:24.156+0300] {processor.py:161} INFO - Started process (PID=17444) to work on /media/data/omar/programming course/DEPI/DEPI project/anomx/venv/lib/python3.12/site-packages/airflow/example_dags/example_datasets.py
[2026-06-21T22:00:24.158+0300] {processor.py:830} INFO - Processing file /media/data/omar/programming course/DEPI/DEPI project/anomx/venv/lib/python3.12/site-packages/airflow/example_dags/example_datasets.py for tasks to queue
[2026-06-21T22:00:24.163+0300] {logging_mixin.py:188} INFO - [2026-06-21T22:00:24.162+0300] {dagbag.py:540} INFO - Filling up the DagBag from /media/data/omar/programming course/DEPI/DEPI project/anomx/venv/lib/python3.12/site-packages/airflow/example_dags/example_datasets.py
[2026-06-21T22:00:24.189+0300] {processor.py:840} INFO - DAG(s) 'dataset_consumes_1_and_2', 'consume_1_or_both_2_and_3_with_dataset_expressions', 'conditional_dataset_and_time_based_timetable', 'dataset_produces_2', 'dataset_produces_1', 'consume_1_and_2_with_dataset_expressions', 'consume_1_or_2_with_dataset_expressions', 'dataset_consumes_unknown_never_scheduled', 'dataset_consumes_1', 'dataset_consumes_1_never_scheduled' retrieved from /media/data/omar/programming course/DEPI/DEPI project/anomx/venv/lib/python3.12/site-packages/airflow/example_dags/example_datasets.py
[2026-06-21T22:00:24.225+0300] {logging_mixin.py:188} INFO - [2026-06-21T22:00:24.225+0300] {dag.py:3096} INFO - Sync 10 DAGs
[2026-06-21T22:00:24.244+0300] {logging_mixin.py:188} INFO - [2026-06-21T22:00:24.244+0300] {dag.py:3954} INFO - Setting next_dagrun for conditional_dataset_and_time_based_timetable to 2026-06-17 01:00:00+00:00, run_after=2026-06-17 01:00:00+00:00
[2026-06-21T22:00:24.248+0300] {logging_mixin.py:188} INFO - [2026-06-21T22:00:24.248+0300] {dag.py:3954} INFO - Setting next_dagrun for consume_1_and_2_with_dataset_expressions to None, run_after=None
[2026-06-21T22:00:24.249+0300] {logging_mixin.py:188} INFO - [2026-06-21T22:00:24.249+0300] {dag.py:3954} INFO - Setting next_dagrun for consume_1_or_2_with_dataset_expressions to None, run_after=None
[2026-06-21T22:00:24.250+0300] {logging_mixin.py:188} INFO - [2026-06-21T22:00:24.250+0300] {dag.py:3954} INFO - Setting next_dagrun for consume_1_or_both_2_and_3_with_dataset_expressions to None, run_after=None
[2026-06-21T22:00:24.251+0300] {logging_mixin.py:188} INFO - [2026-06-21T22:00:24.251+0300] {dag.py:3954} INFO - Setting next_dagrun for dataset_consumes_1 to None, run_after=None
[2026-06-21T22:00:24.252+0300] {logging_mixin.py:188} INFO - [2026-06-21T22:00:24.252+0300] {dag.py:3954} INFO - Setting next_dagrun for dataset_consumes_1_and_2 to None, run_after=None
[2026-06-21T22:00:24.253+0300] {logging_mixin.py:188} INFO - [2026-06-21T22:00:24.253+0300] {dag.py:3954} INFO - Setting next_dagrun for dataset_consumes_1_never_scheduled to None, run_after=None
[2026-06-21T22:00:24.254+0300] {logging_mixin.py:188} INFO - [2026-06-21T22:00:24.254+0300] {dag.py:3954} INFO - Setting next_dagrun for dataset_consumes_unknown_never_scheduled to None, run_after=None
[2026-06-21T22:00:24.257+0300] {logging_mixin.py:188} INFO - [2026-06-21T22:00:24.256+0300] {dag.py:3954} INFO - Setting next_dagrun for dataset_produces_1 to 2026-06-20 00:00:00+00:00, run_after=2026-06-21 00:00:00+00:00
[2026-06-21T22:00:24.258+0300] {logging_mixin.py:188} INFO - [2026-06-21T22:00:24.257+0300] {dag.py:3954} INFO - Setting next_dagrun for dataset_produces_2 to None, run_after=None
[2026-06-21T22:00:24.294+0300] {processor.py:183} INFO - Processing /media/data/omar/programming course/DEPI/DEPI project/anomx/venv/lib/python3.12/site-packages/airflow/example_dags/example_datasets.py took 0.151 seconds
[2026-06-21T22:01:22.023+0300] {processor.py:161} INFO - Started process (PID=17537) to work on /media/data/omar/programming course/DEPI/DEPI project/anomx/venv/lib/python3.12/site-packages/airflow/example_dags/example_datasets.py
[2026-06-21T22:01:22.025+0300] {processor.py:830} INFO - Processing file /media/data/omar/programming course/DEPI/DEPI project/anomx/venv/lib/python3.12/site-packages/airflow/example_dags/example_datasets.py for tasks to queue
[2026-06-21T22:01:22.028+0300] {logging_mixin.py:188} INFO - [2026-06-21T22:01:22.027+0300] {dagbag.py:540} INFO - Filling up the DagBag from /media/data/omar/programming course/DEPI/DEPI project/anomx/venv/lib/python3.12/site-packages/airflow/example_dags/example_datasets.py
[2026-06-21T22:01:22.046+0300] {processor.py:840} INFO - DAG(s) 'dataset_consumes_1_and_2', 'dataset_produces_1', 'dataset_consumes_1_never_scheduled', 'dataset_consumes_unknown_never_scheduled', 'consume_1_or_2_with_dataset_expressions', 'dataset_consumes_1', 'conditional_dataset_and_time_based_timetable', 'consume_1_or_both_2_and_3_with_dataset_expressions', 'dataset_produces_2', 'consume_1_and_2_with_dataset_expressions' retrieved from /media/data/omar/programming course/DEPI/DEPI project/anomx/venv/lib/python3.12/site-packages/airflow/example_dags/example_datasets.py
[2026-06-21T22:01:22.080+0300] {logging_mixin.py:188} INFO - [2026-06-21T22:01:22.079+0300] {dag.py:3096} INFO - Sync 10 DAGs
[2026-06-21T22:01:22.098+0300] {logging_mixin.py:188} INFO - [2026-06-21T22:01:22.098+0300] {dag.py:3954} INFO - Setting next_dagrun for conditional_dataset_and_time_based_timetable to 2026-06-17 01:00:00+00:00, run_after=2026-06-17 01:00:00+00:00
[2026-06-21T22:01:22.102+0300] {logging_mixin.py:188} INFO - [2026-06-21T22:01:22.102+0300] {dag.py:3954} INFO - Setting next_dagrun for consume_1_and_2_with_dataset_expressions to None, run_after=None
[2026-06-21T22:01:22.103+0300] {logging_mixin.py:188} INFO - [2026-06-21T22:01:22.103+0300] {dag.py:3954} INFO - Setting next_dagrun for consume_1_or_2_with_dataset_expressions to None, run_after=None
[2026-06-21T22:01:22.105+0300] {logging_mixin.py:188} INFO - [2026-06-21T22:01:22.104+0300] {dag.py:3954} INFO - Setting next_dagrun for consume_1_or_both_2_and_3_with_dataset_expressions to None, run_after=None
[2026-06-21T22:01:22.106+0300] {logging_mixin.py:188} INFO - [2026-06-21T22:01:22.106+0300] {dag.py:3954} INFO - Setting next_dagrun for dataset_consumes_1 to None, run_after=None
[2026-06-21T22:01:22.107+0300] {logging_mixin.py:188} INFO - [2026-06-21T22:01:22.107+0300] {dag.py:3954} INFO - Setting next_dagrun for dataset_consumes_1_and_2 to None, run_after=None
[2026-06-21T22:01:22.108+0300] {logging_mixin.py:188} INFO - [2026-06-21T22:01:22.108+0300] {dag.py:3954} INFO - Setting next_dagrun for dataset_consumes_1_never_scheduled to None, run_after=None
[2026-06-21T22:01:22.110+0300] {logging_mixin.py:188} INFO - [2026-06-21T22:01:22.109+0300] {dag.py:3954} INFO - Setting next_dagrun for dataset_consumes_unknown_never_scheduled to None, run_after=None
[2026-06-21T22:01:22.112+0300] {logging_mixin.py:188} INFO - [2026-06-21T22:01:22.111+0300] {dag.py:3954} INFO - Setting next_dagrun for dataset_produces_1 to 2026-06-20 00:00:00+00:00, run_after=2026-06-21 00:00:00+00:00
[2026-06-21T22:01:22.113+0300] {logging_mixin.py:188} INFO - [2026-06-21T22:01:22.113+0300] {dag.py:3954} INFO - Setting next_dagrun for dataset_produces_2 to None, run_after=None
[2026-06-21T22:01:22.230+0300] {processor.py:183} INFO - Processing /media/data/omar/programming course/DEPI/DEPI project/anomx/venv/lib/python3.12/site-packages/airflow/example_dags/example_datasets.py took 0.217 seconds
[2026-06-21T22:02:18.443+0300] {processor.py:161} INFO - Started process (PID=17629) to work on /media/data/omar/programming course/DEPI/DEPI project/anomx/venv/lib/python3.12/site-packages/airflow/example_dags/example_datasets.py
[2026-06-21T22:02:18.444+0300] {processor.py:830} INFO - Processing file /media/data/omar/programming course/DEPI/DEPI project/anomx/venv/lib/python3.12/site-packages/airflow/example_dags/example_datasets.py for tasks to queue
[2026-06-21T22:02:18.447+0300] {logging_mixin.py:188} INFO - [2026-06-21T22:02:18.447+0300] {dagbag.py:540} INFO - Filling up the DagBag from /media/data/omar/programming course/DEPI/DEPI project/anomx/venv/lib/python3.12/site-packages/airflow/example_dags/example_datasets.py
[2026-06-21T22:02:18.464+0300] {processor.py:840} INFO - DAG(s) 'consume_1_or_2_with_dataset_expressions', 'dataset_produces_2', 'dataset_consumes_1_and_2', 'conditional_dataset_and_time_based_timetable', 'consume_1_and_2_with_dataset_expressions', 'consume_1_or_both_2_and_3_with_dataset_expressions', 'dataset_produces_1', 'dataset_consumes_unknown_never_scheduled', 'dataset_consumes_1_never_scheduled', 'dataset_consumes_1' retrieved from /media/data/omar/programming course/DEPI/DEPI project/anomx/venv/lib/python3.12/site-packages/airflow/example_dags/example_datasets.py
[2026-06-21T22:02:18.501+0300] {logging_mixin.py:188} INFO - [2026-06-21T22:02:18.500+0300] {dag.py:3096} INFO - Sync 10 DAGs
[2026-06-21T22:02:18.520+0300] {logging_mixin.py:188} INFO - [2026-06-21T22:02:18.519+0300] {dag.py:3954} INFO - Setting next_dagrun for conditional_dataset_and_time_based_timetable to 2026-06-17 01:00:00+00:00, run_after=2026-06-17 01:00:00+00:00
[2026-06-21T22:02:18.523+0300] {logging_mixin.py:188} INFO - [2026-06-21T22:02:18.523+0300] {dag.py:3954} INFO - Setting next_dagrun for consume_1_and_2_with_dataset_expressions to None, run_after=None
[2026-06-21T22:02:18.525+0300] {logging_mixin.py:188} INFO - [2026-06-21T22:02:18.524+0300] {dag.py:3954} INFO - Setting next_dagrun for consume_1_or_2_with_dataset_expressions to None, run_after=None
[2026-06-21T22:02:18.526+0300] {logging_mixin.py:188} INFO - [2026-06-21T22:02:18.525+0300] {dag.py:3954} INFO - Setting next_dagrun for consume_1_or_both_2_and_3_with_dataset_expressions to None, run_after=None
[2026-06-21T22:02:18.527+0300] {logging_mixin.py:188} INFO - [2026-06-21T22:02:18.526+0300] {dag.py:3954} INFO - Setting next_dagrun for dataset_consumes_1 to None, run_after=None
[2026-06-21T22:02:18.528+0300] {logging_mixin.py:188} INFO - [2026-06-21T22:02:18.527+0300] {dag.py:3954} INFO - Setting next_dagrun for dataset_consumes_1_and_2 to None, run_after=None
[2026-06-21T22:02:18.529+0300] {logging_mixin.py:188} INFO - [2026-06-21T22:02:18.528+0300] {dag.py:3954} INFO - Setting next_dagrun for dataset_consumes_1_never_scheduled to None, run_after=None
[2026-06-21T22:02:18.530+0300] {logging_mixin.py:188} INFO - [2026-06-21T22:02:18.529+0300] {dag.py:3954} INFO - Setting next_dagrun for dataset_consumes_unknown_never_scheduled to None, run_after=None
[2026-06-21T22:02:18.532+0300] {logging_mixin.py:188} INFO - [2026-06-21T22:02:18.531+0300] {dag.py:3954} INFO - Setting next_dagrun for dataset_produces_1 to 2026-06-20 00:00:00+00:00, run_after=2026-06-21 00:00:00+00:00
[2026-06-21T22:02:18.533+0300] {logging_mixin.py:188} INFO - [2026-06-21T22:02:18.532+0300] {dag.py:3954} INFO - Setting next_dagrun for dataset_produces_2 to None, run_after=None
[2026-06-21T22:02:18.569+0300] {processor.py:183} INFO - Processing /media/data/omar/programming course/DEPI/DEPI project/anomx/venv/lib/python3.12/site-packages/airflow/example_dags/example_datasets.py took 0.141 seconds
[2026-06-21T22:03:17.820+0300] {processor.py:161} INFO - Started process (PID=17778) to work on /media/data/omar/programming course/DEPI/DEPI project/anomx/venv/lib/python3.12/site-packages/airflow/example_dags/example_datasets.py
[2026-06-21T22:03:17.821+0300] {processor.py:830} INFO - Processing file /media/data/omar/programming course/DEPI/DEPI project/anomx/venv/lib/python3.12/site-packages/airflow/example_dags/example_datasets.py for tasks to queue
[2026-06-21T22:03:17.822+0300] {logging_mixin.py:188} INFO - [2026-06-21T22:03:17.822+0300] {dagbag.py:540} INFO - Filling up the DagBag from /media/data/omar/programming course/DEPI/DEPI project/anomx/venv/lib/python3.12/site-packages/airflow/example_dags/example_datasets.py
[2026-06-21T22:03:17.837+0300] {processor.py:840} INFO - DAG(s) 'dataset_produces_1', 'dataset_consumes_unknown_never_scheduled', 'dataset_consumes_1', 'consume_1_or_both_2_and_3_with_dataset_expressions', 'dataset_produces_2', 'dataset_consumes_1_and_2', 'consume_1_and_2_with_dataset_expressions', 'consume_1_or_2_with_dataset_expressions', 'dataset_consumes_1_never_scheduled', 'conditional_dataset_and_time_based_timetable' retrieved from /media/data/omar/programming course/DEPI/DEPI project/anomx/venv/lib/python3.12/site-packages/airflow/example_dags/example_datasets.py
[2026-06-21T22:03:17.872+0300] {logging_mixin.py:188} INFO - [2026-06-21T22:03:17.872+0300] {dag.py:3096} INFO - Sync 10 DAGs
[2026-06-21T22:03:17.897+0300] {logging_mixin.py:188} INFO - [2026-06-21T22:03:17.897+0300] {dag.py:3954} INFO - Setting next_dagrun for conditional_dataset_and_time_based_timetable to 2026-06-17 01:00:00+00:00, run_after=2026-06-17 01:00:00+00:00
[2026-06-21T22:03:17.901+0300] {logging_mixin.py:188} INFO - [2026-06-21T22:03:17.901+0300] {dag.py:3954} INFO - Setting next_dagrun for consume_1_and_2_with_dataset_expressions to None, run_after=None
[2026-06-21T22:03:17.902+0300] {logging_mixin.py:188} INFO - [2026-06-21T22:03:17.902+0300] {dag.py:3954} INFO - Setting next_dagrun for consume_1_or_2_with_dataset_expressions to None, run_after=None
[2026-06-21T22:03:17.904+0300] {logging_mixin.py:188} INFO - [2026-06-21T22:03:17.903+0300] {dag.py:3954} INFO - Setting next_dagrun for consume_1_or_both_2_and_3_with_dataset_expressions to None, run_after=None
[2026-06-21T22:03:17.905+0300] {logging_mixin.py:188} INFO - [2026-06-21T22:03:17.905+0300] {dag.py:3954} INFO - Setting next_dagrun for dataset_consumes_1 to None, run_after=None
[2026-06-21T22:03:17.906+0300] {logging_mixin.py:188} INFO - [2026-06-21T22:03:17.906+0300] {dag.py:3954} INFO - Setting next_dagrun for dataset_consumes_1_and_2 to None, run_after=None
[2026-06-21T22:03:17.907+0300] {logging_mixin.py:188} INFO - [2026-06-21T22:03:17.907+0300] {dag.py:3954} INFO - Setting next_dagrun for dataset_consumes_1_never_scheduled to None, run_after=None
[2026-06-21T22:03:17.908+0300] {logging_mixin.py:188} INFO - [2026-06-21T22:03:17.908+0300] {dag.py:3954} INFO - Setting next_dagrun for dataset_consumes_unknown_never_scheduled to None, run_after=None
[2026-06-21T22:03:17.910+0300] {logging_mixin.py:188} INFO - [2026-06-21T22:03:17.910+0300] {dag.py:3954} INFO - Setting next_dagrun for dataset_produces_1 to 2026-06-20 00:00:00+00:00, run_after=2026-06-21 00:00:00+00:00
[2026-06-21T22:03:17.911+0300] {logging_mixin.py:188} INFO - [2026-06-21T22:03:17.911+0300] {dag.py:3954} INFO - Setting next_dagrun for dataset_produces_2 to None, run_after=None
[2026-06-21T22:03:17.950+0300] {processor.py:183} INFO - Processing /media/data/omar/programming course/DEPI/DEPI project/anomx/venv/lib/python3.12/site-packages/airflow/example_dags/example_datasets.py took 0.138 seconds
[2026-06-21T22:04:13.942+0300] {processor.py:161} INFO - Started process (PID=17867) to work on /media/data/omar/programming course/DEPI/DEPI project/anomx/venv/lib/python3.12/site-packages/airflow/example_dags/example_datasets.py
[2026-06-21T22:04:13.943+0300] {processor.py:830} INFO - Processing file /media/data/omar/programming course/DEPI/DEPI project/anomx/venv/lib/python3.12/site-packages/airflow/example_dags/example_datasets.py for tasks to queue
[2026-06-21T22:04:13.945+0300] {logging_mixin.py:188} INFO - [2026-06-21T22:04:13.945+0300] {dagbag.py:540} INFO - Filling up the DagBag from /media/data/omar/programming course/DEPI/DEPI project/anomx/venv/lib/python3.12/site-packages/airflow/example_dags/example_datasets.py
[2026-06-21T22:04:13.962+0300] {processor.py:840} INFO - DAG(s) 'dataset_consumes_unknown_never_scheduled', 'dataset_consumes_1_and_2', 'consume_1_or_both_2_and_3_with_dataset_expressions', 'dataset_produces_1', 'dataset_consumes_1_never_scheduled', 'dataset_consumes_1', 'dataset_produces_2', 'consume_1_or_2_with_dataset_expressions', 'consume_1_and_2_with_dataset_expressions', 'conditional_dataset_and_time_based_timetable' retrieved from /media/data/omar/programming course/DEPI/DEPI project/anomx/venv/lib/python3.12/site-packages/airflow/example_dags/example_datasets.py
[2026-06-21T22:04:14.001+0300] {logging_mixin.py:188} INFO - [2026-06-21T22:04:14.001+0300] {dag.py:3096} INFO - Sync 10 DAGs
[2026-06-21T22:04:14.021+0300] {logging_mixin.py:188} INFO - [2026-06-21T22:04:14.020+0300] {dag.py:3954} INFO - Setting next_dagrun for conditional_dataset_and_time_based_timetable to 2026-06-17 01:00:00+00:00, run_after=2026-06-17 01:00:00+00:00
[2026-06-21T22:04:14.107+0300] {logging_mixin.py:188} INFO - [2026-06-21T22:04:14.107+0300] {dag.py:3954} INFO - Setting next_dagrun for consume_1_and_2_with_dataset_expressions to None, run_after=None
[2026-06-21T22:04:14.109+0300] {logging_mixin.py:188} INFO - [2026-06-21T22:04:14.108+0300] {dag.py:3954} INFO - Setting next_dagrun for consume_1_or_2_with_dataset_expressions to None, run_after=None
[2026-06-21T22:04:14.110+0300] {logging_mixin.py:188} INFO - [2026-06-21T22:04:14.110+0300] {dag.py:3954} INFO - Setting next_dagrun for consume_1_or_both_2_and_3_with_dataset_expressions to None, run_after=None
[2026-06-21T22:04:14.111+0300] {logging_mixin.py:188} INFO - [2026-06-21T22:04:14.111+0300] {dag.py:3954} INFO - Setting next_dagrun for dataset_consumes_1 to None, run_after=None
[2026-06-21T22:04:14.112+0300] {logging_mixin.py:188} INFO - [2026-06-21T22:04:14.112+0300] {dag.py:3954} INFO - Setting next_dagrun for dataset_consumes_1_and_2 to None, run_after=None
[2026-06-21T22:04:14.114+0300] {logging_mixin.py:188} INFO - [2026-06-21T22:04:14.113+0300] {dag.py:3954} INFO - Setting next_dagrun for dataset_consumes_1_never_scheduled to None, run_after=None
[2026-06-21T22:04:14.116+0300] {logging_mixin.py:188} INFO - [2026-06-21T22:04:14.116+0300] {dag.py:3954} INFO - Setting next_dagrun for dataset_consumes_unknown_never_scheduled to None, run_after=None
[2026-06-21T22:04:14.118+0300] {logging_mixin.py:188} INFO - [2026-06-21T22:04:14.118+0300] {dag.py:3954} INFO - Setting next_dagrun for dataset_produces_1 to 2026-06-20 00:00:00+00:00, run_after=2026-06-21 00:00:00+00:00
[2026-06-21T22:04:14.119+0300] {logging_mixin.py:188} INFO - [2026-06-21T22:04:14.119+0300] {dag.py:3954} INFO - Setting next_dagrun for dataset_produces_2 to None, run_after=None
[2026-06-21T22:04:14.154+0300] {processor.py:183} INFO - Processing /media/data/omar/programming course/DEPI/DEPI project/anomx/venv/lib/python3.12/site-packages/airflow/example_dags/example_datasets.py took 0.220 seconds
[2026-06-21T22:05:06.308+0300] {processor.py:161} INFO - Started process (PID=17957) to work on /media/data/omar/programming course/DEPI/DEPI project/anomx/venv/lib/python3.12/site-packages/airflow/example_dags/example_datasets.py
[2026-06-21T22:05:06.309+0300] {processor.py:830} INFO - Processing file /media/data/omar/programming course/DEPI/DEPI project/anomx/venv/lib/python3.12/site-packages/airflow/example_dags/example_datasets.py for tasks to queue
[2026-06-21T22:05:06.312+0300] {logging_mixin.py:188} INFO - [2026-06-21T22:05:06.311+0300] {dagbag.py:540} INFO - Filling up the DagBag from /media/data/omar/programming course/DEPI/DEPI project/anomx/venv/lib/python3.12/site-packages/airflow/example_dags/example_datasets.py
[2026-06-21T22:05:06.332+0300] {processor.py:840} INFO - DAG(s) 'dataset_consumes_unknown_never_scheduled', 'consume_1_and_2_with_dataset_expressions', 'dataset_consumes_1_and_2', 'dataset_consumes_1_never_scheduled', 'consume_1_or_both_2_and_3_with_dataset_expressions', 'consume_1_or_2_with_dataset_expressions', 'dataset_produces_1', 'conditional_dataset_and_time_based_timetable', 'dataset_produces_2', 'dataset_consumes_1' retrieved from /media/data/omar/programming course/DEPI/DEPI project/anomx/venv/lib/python3.12/site-packages/airflow/example_dags/example_datasets.py
[2026-06-21T22:05:06.372+0300] {logging_mixin.py:188} INFO - [2026-06-21T22:05:06.371+0300] {dag.py:3096} INFO - Sync 10 DAGs
[2026-06-21T22:05:06.391+0300] {logging_mixin.py:188} INFO - [2026-06-21T22:05:06.390+0300] {dag.py:3954} INFO - Setting next_dagrun for conditional_dataset_and_time_based_timetable to 2026-06-17 01:00:00+00:00, run_after=2026-06-17 01:00:00+00:00
[2026-06-21T22:05:06.394+0300] {logging_mixin.py:188} INFO - [2026-06-21T22:05:06.394+0300] {dag.py:3954} INFO - Setting next_dagrun for consume_1_and_2_with_dataset_expressions to None, run_after=None
[2026-06-21T22:05:06.395+0300] {logging_mixin.py:188} INFO - [2026-06-21T22:05:06.395+0300] {dag.py:3954} INFO - Setting next_dagrun for consume_1_or_2_with_dataset_expressions to None, run_after=None
[2026-06-21T22:05:06.396+0300] {logging_mixin.py:188} INFO - [2026-06-21T22:05:06.396+0300] {dag.py:3954} INFO - Setting next_dagrun for consume_1_or_both_2_and_3_with_dataset_expressions to None, run_after=None
[2026-06-21T22:05:06.398+0300] {logging_mixin.py:188} INFO - [2026-06-21T22:05:06.397+0300] {dag.py:3954} INFO - Setting next_dagrun for dataset_consumes_1 to None, run_after=None
[2026-06-21T22:05:06.399+0300] {logging_mixin.py:188} INFO - [2026-06-21T22:05:06.398+0300] {dag.py:3954} INFO - Setting next_dagrun for dataset_consumes_1_and_2 to None, run_after=None
[2026-06-21T22:05:06.400+0300] {logging_mixin.py:188} INFO - [2026-06-21T22:05:06.400+0300] {dag.py:3954} INFO - Setting next_dagrun for dataset_consumes_1_never_scheduled to None, run_after=None
[2026-06-21T22:05:06.401+0300] {logging_mixin.py:188} INFO - [2026-06-21T22:05:06.401+0300] {dag.py:3954} INFO - Setting next_dagrun for dataset_consumes_unknown_never_scheduled to None, run_after=None
[2026-06-21T22:05:06.403+0300] {logging_mixin.py:188} INFO - [2026-06-21T22:05:06.403+0300] {dag.py:3954} INFO - Setting next_dagrun for dataset_produces_1 to 2026-06-20 00:00:00+00:00, run_after=2026-06-21 00:00:00+00:00
[2026-06-21T22:05:06.404+0300] {logging_mixin.py:188} INFO - [2026-06-21T22:05:06.404+0300] {dag.py:3954} INFO - Setting next_dagrun for dataset_produces_2 to None, run_after=None
[2026-06-21T22:05:06.441+0300] {processor.py:183} INFO - Processing /media/data/omar/programming course/DEPI/DEPI project/anomx/venv/lib/python3.12/site-packages/airflow/example_dags/example_datasets.py took 0.143 seconds
[2026-06-21T22:06:03.447+0300] {processor.py:161} INFO - Started process (PID=18049) to work on /media/data/omar/programming course/DEPI/DEPI project/anomx/venv/lib/python3.12/site-packages/airflow/example_dags/example_datasets.py
[2026-06-21T22:06:03.450+0300] {processor.py:830} INFO - Processing file /media/data/omar/programming course/DEPI/DEPI project/anomx/venv/lib/python3.12/site-packages/airflow/example_dags/example_datasets.py for tasks to queue
[2026-06-21T22:06:03.455+0300] {logging_mixin.py:188} INFO - [2026-06-21T22:06:03.454+0300] {dagbag.py:540} INFO - Filling up the DagBag from /media/data/omar/programming course/DEPI/DEPI project/anomx/venv/lib/python3.12/site-packages/airflow/example_dags/example_datasets.py
[2026-06-21T22:06:03.475+0300] {processor.py:840} INFO - DAG(s) 'dataset_produces_2', 'dataset_produces_1', 'consume_1_or_both_2_and_3_with_dataset_expressions', 'dataset_consumes_unknown_never_scheduled', 'consume_1_or_2_with_dataset_expressions', 'consume_1_and_2_with_dataset_expressions', 'dataset_consumes_1_never_scheduled', 'dataset_consumes_1', 'conditional_dataset_and_time_based_timetable', 'dataset_consumes_1_and_2' retrieved from /media/data/omar/programming course/DEPI/DEPI project/anomx/venv/lib/python3.12/site-packages/airflow/example_dags/example_datasets.py
[2026-06-21T22:06:03.510+0300] {logging_mixin.py:188} INFO - [2026-06-21T22:06:03.510+0300] {dag.py:3096} INFO - Sync 10 DAGs
[2026-06-21T22:06:03.529+0300] {logging_mixin.py:188} INFO - [2026-06-21T22:06:03.529+0300] {dag.py:3954} INFO - Setting next_dagrun for conditional_dataset_and_time_based_timetable to 2026-06-17 01:00:00+00:00, run_after=2026-06-17 01:00:00+00:00
[2026-06-21T22:06:03.532+0300] {logging_mixin.py:188} INFO - [2026-06-21T22:06:03.532+0300] {dag.py:3954} INFO - Setting next_dagrun for consume_1_and_2_with_dataset_expressions to None, run_after=None
[2026-06-21T22:06:03.533+0300] {logging_mixin.py:188} INFO - [2026-06-21T22:06:03.533+0300] {dag.py:3954} INFO - Setting next_dagrun for consume_1_or_2_with_dataset_expressions to None, run_after=None
[2026-06-21T22:06:03.534+0300] {logging_mixin.py:188} INFO - [2026-06-21T22:06:03.534+0300] {dag.py:3954} INFO - Setting next_dagrun for consume_1_or_both_2_and_3_with_dataset_expressions to None, run_after=None
[2026-06-21T22:06:03.535+0300] {logging_mixin.py:188} INFO - [2026-06-21T22:06:03.535+0300] {dag.py:3954} INFO - Setting next_dagrun for dataset_consumes_1 to None, run_after=None
[2026-06-21T22:06:03.536+0300] {logging_mixin.py:188} INFO - [2026-06-21T22:06:03.536+0300] {dag.py:3954} INFO - Setting next_dagrun for dataset_consumes_1_and_2 to None, run_after=None
[2026-06-21T22:06:03.537+0300] {logging_mixin.py:188} INFO - [2026-06-21T22:06:03.537+0300] {dag.py:3954} INFO - Setting next_dagrun for dataset_consumes_1_never_scheduled to None, run_after=None
[2026-06-21T22:06:03.538+0300] {logging_mixin.py:188} INFO - [2026-06-21T22:06:03.538+0300] {dag.py:3954} INFO - Setting next_dagrun for dataset_consumes_unknown_never_scheduled to None, run_after=None
[2026-06-21T22:06:03.541+0300] {logging_mixin.py:188} INFO - [2026-06-21T22:06:03.540+0300] {dag.py:3954} INFO - Setting next_dagrun for dataset_produces_1 to 2026-06-20 00:00:00+00:00, run_after=2026-06-21 00:00:00+00:00
[2026-06-21T22:06:03.542+0300] {logging_mixin.py:188} INFO - [2026-06-21T22:06:03.541+0300] {dag.py:3954} INFO - Setting next_dagrun for dataset_produces_2 to None, run_after=None
[2026-06-21T22:06:03.578+0300] {processor.py:183} INFO - Processing /media/data/omar/programming course/DEPI/DEPI project/anomx/venv/lib/python3.12/site-packages/airflow/example_dags/example_datasets.py took 0.150 seconds
[2026-06-21T22:07:00.105+0300] {processor.py:161} INFO - Started process (PID=18140) to work on /media/data/omar/programming course/DEPI/DEPI project/anomx/venv/lib/python3.12/site-packages/airflow/example_dags/example_datasets.py
[2026-06-21T22:07:00.109+0300] {processor.py:830} INFO - Processing file /media/data/omar/programming course/DEPI/DEPI project/anomx/venv/lib/python3.12/site-packages/airflow/example_dags/example_datasets.py for tasks to queue
[2026-06-21T22:07:00.115+0300] {logging_mixin.py:188} INFO - [2026-06-21T22:07:00.113+0300] {dagbag.py:540} INFO - Filling up the DagBag from /media/data/omar/programming course/DEPI/DEPI project/anomx/venv/lib/python3.12/site-packages/airflow/example_dags/example_datasets.py
[2026-06-21T22:07:00.135+0300] {processor.py:840} INFO - DAG(s) 'consume_1_and_2_with_dataset_expressions', 'consume_1_or_2_with_dataset_expressions', 'dataset_consumes_1_never_scheduled', 'conditional_dataset_and_time_based_timetable', 'dataset_produces_2', 'dataset_consumes_unknown_never_scheduled', 'dataset_consumes_1_and_2', 'dataset_consumes_1', 'consume_1_or_both_2_and_3_with_dataset_expressions', 'dataset_produces_1' retrieved from /media/data/omar/programming course/DEPI/DEPI project/anomx/venv/lib/python3.12/site-packages/airflow/example_dags/example_datasets.py
[2026-06-21T22:07:00.171+0300] {logging_mixin.py:188} INFO - [2026-06-21T22:07:00.171+0300] {dag.py:3096} INFO - Sync 10 DAGs
[2026-06-21T22:07:00.190+0300] {logging_mixin.py:188} INFO - [2026-06-21T22:07:00.190+0300] {dag.py:3954} INFO - Setting next_dagrun for conditional_dataset_and_time_based_timetable to 2026-06-17 01:00:00+00:00, run_after=2026-06-17 01:00:00+00:00
[2026-06-21T22:07:00.277+0300] {logging_mixin.py:188} INFO - [2026-06-21T22:07:00.277+0300] {dag.py:3954} INFO - Setting next_dagrun for consume_1_and_2_with_dataset_expressions to None, run_after=None
[2026-06-21T22:07:00.279+0300] {logging_mixin.py:188} INFO - [2026-06-21T22:07:00.279+0300] {dag.py:3954} INFO - Setting next_dagrun for consume_1_or_2_with_dataset_expressions to None, run_after=None
[2026-06-21T22:07:00.280+0300] {logging_mixin.py:188} INFO - [2026-06-21T22:07:00.280+0300] {dag.py:3954} INFO - Setting next_dagrun for consume_1_or_both_2_and_3_with_dataset_expressions to None, run_after=None
[2026-06-21T22:07:00.281+0300] {logging_mixin.py:188} INFO - [2026-06-21T22:07:00.281+0300] {dag.py:3954} INFO - Setting next_dagrun for dataset_consumes_1 to None, run_after=None
[2026-06-21T22:07:00.282+0300] {logging_mixin.py:188} INFO - [2026-06-21T22:07:00.282+0300] {dag.py:3954} INFO - Setting next_dagrun for dataset_consumes_1_and_2 to None, run_after=None
[2026-06-21T22:07:00.283+0300] {logging_mixin.py:188} INFO - [2026-06-21T22:07:00.283+0300] {dag.py:3954} INFO - Setting next_dagrun for dataset_consumes_1_never_scheduled to None, run_after=None
[2026-06-21T22:07:00.284+0300] {logging_mixin.py:188} INFO - [2026-06-21T22:07:00.284+0300] {dag.py:3954} INFO - Setting next_dagrun for dataset_consumes_unknown_never_scheduled to None, run_after=None
[2026-06-21T22:07:00.286+0300] {logging_mixin.py:188} INFO - [2026-06-21T22:07:00.286+0300] {dag.py:3954} INFO - Setting next_dagrun for dataset_produces_1 to 2026-06-20 00:00:00+00:00, run_after=2026-06-21 00:00:00+00:00
[2026-06-21T22:07:00.287+0300] {logging_mixin.py:188} INFO - [2026-06-21T22:07:00.287+0300] {dag.py:3954} INFO - Setting next_dagrun for dataset_produces_2 to None, run_after=None
[2026-06-21T22:07:00.324+0300] {processor.py:183} INFO - Processing /media/data/omar/programming course/DEPI/DEPI project/anomx/venv/lib/python3.12/site-packages/airflow/example_dags/example_datasets.py took 0.239 seconds
[2026-06-21T22:07:58.486+0300] {processor.py:161} INFO - Started process (PID=18231) to work on /media/data/omar/programming course/DEPI/DEPI project/anomx/venv/lib/python3.12/site-packages/airflow/example_dags/example_datasets.py
[2026-06-21T22:07:58.487+0300] {processor.py:830} INFO - Processing file /media/data/omar/programming course/DEPI/DEPI project/anomx/venv/lib/python3.12/site-packages/airflow/example_dags/example_datasets.py for tasks to queue
[2026-06-21T22:07:58.489+0300] {logging_mixin.py:188} INFO - [2026-06-21T22:07:58.489+0300] {dagbag.py:540} INFO - Filling up the DagBag from /media/data/omar/programming course/DEPI/DEPI project/anomx/venv/lib/python3.12/site-packages/airflow/example_dags/example_datasets.py
[2026-06-21T22:07:58.501+0300] {processor.py:840} INFO - DAG(s) 'dataset_produces_2', 'dataset_produces_1', 'dataset_consumes_1', 'consume_1_and_2_with_dataset_expressions', 'dataset_consumes_unknown_never_scheduled', 'consume_1_or_both_2_and_3_with_dataset_expressions', 'dataset_consumes_1_never_scheduled', 'consume_1_or_2_with_dataset_expressions', 'conditional_dataset_and_time_based_timetable', 'dataset_consumes_1_and_2' retrieved from /media/data/omar/programming course/DEPI/DEPI project/anomx/venv/lib/python3.12/site-packages/airflow/example_dags/example_datasets.py
[2026-06-21T22:07:58.536+0300] {logging_mixin.py:188} INFO - [2026-06-21T22:07:58.536+0300] {dag.py:3096} INFO - Sync 10 DAGs
[2026-06-21T22:07:58.555+0300] {logging_mixin.py:188} INFO - [2026-06-21T22:07:58.555+0300] {dag.py:3954} INFO - Setting next_dagrun for conditional_dataset_and_time_based_timetable to 2026-06-17 01:00:00+00:00, run_after=2026-06-17 01:00:00+00:00
[2026-06-21T22:07:58.558+0300] {logging_mixin.py:188} INFO - [2026-06-21T22:07:58.558+0300] {dag.py:3954} INFO - Setting next_dagrun for consume_1_and_2_with_dataset_expressions to None, run_after=None
[2026-06-21T22:07:58.559+0300] {logging_mixin.py:188} INFO - [2026-06-21T22:07:58.559+0300] {dag.py:3954} INFO - Setting next_dagrun for consume_1_or_2_with_dataset_expressions to None, run_after=None
[2026-06-21T22:07:58.560+0300] {logging_mixin.py:188} INFO - [2026-06-21T22:07:58.560+0300] {dag.py:3954} INFO - Setting next_dagrun for consume_1_or_both_2_and_3_with_dataset_expressions to None, run_after=None
[2026-06-21T22:07:58.561+0300] {logging_mixin.py:188} INFO - [2026-06-21T22:07:58.561+0300] {dag.py:3954} INFO - Setting next_dagrun for dataset_consumes_1 to None, run_after=None
[2026-06-21T22:07:58.562+0300] {logging_mixin.py:188} INFO - [2026-06-21T22:07:58.562+0300] {dag.py:3954} INFO - Setting next_dagrun for dataset_consumes_1_and_2 to None, run_after=None
[2026-06-21T22:07:58.563+0300] {logging_mixin.py:188} INFO - [2026-06-21T22:07:58.563+0300] {dag.py:3954} INFO - Setting next_dagrun for dataset_consumes_1_never_scheduled to None, run_after=None
[2026-06-21T22:07:58.565+0300] {logging_mixin.py:188} INFO - [2026-06-21T22:07:58.564+0300] {dag.py:3954} INFO - Setting next_dagrun for dataset_consumes_unknown_never_scheduled to None, run_after=None
[2026-06-21T22:07:58.567+0300] {logging_mixin.py:188} INFO - [2026-06-21T22:07:58.566+0300] {dag.py:3954} INFO - Setting next_dagrun for dataset_produces_1 to 2026-06-20 00:00:00+00:00, run_after=2026-06-21 00:00:00+00:00
[2026-06-21T22:07:58.568+0300] {logging_mixin.py:188} INFO - [2026-06-21T22:07:58.567+0300] {dag.py:3954} INFO - Setting next_dagrun for dataset_produces_2 to None, run_after=None
[2026-06-21T22:07:58.604+0300] {processor.py:183} INFO - Processing /media/data/omar/programming course/DEPI/DEPI project/anomx/venv/lib/python3.12/site-packages/airflow/example_dags/example_datasets.py took 0.124 seconds
[2026-06-21T22:08:56.477+0300] {processor.py:161} INFO - Started process (PID=18313) to work on /media/data/omar/programming course/DEPI/DEPI project/anomx/venv/lib/python3.12/site-packages/airflow/example_dags/example_datasets.py
[2026-06-21T22:08:56.478+0300] {processor.py:830} INFO - Processing file /media/data/omar/programming course/DEPI/DEPI project/anomx/venv/lib/python3.12/site-packages/airflow/example_dags/example_datasets.py for tasks to queue
[2026-06-21T22:08:56.480+0300] {logging_mixin.py:188} INFO - [2026-06-21T22:08:56.480+0300] {dagbag.py:540} INFO - Filling up the DagBag from /media/data/omar/programming course/DEPI/DEPI project/anomx/venv/lib/python3.12/site-packages/airflow/example_dags/example_datasets.py
[2026-06-21T22:08:56.499+0300] {processor.py:840} INFO - DAG(s) 'consume_1_and_2_with_dataset_expressions', 'dataset_consumes_unknown_never_scheduled', 'conditional_dataset_and_time_based_timetable', 'dataset_consumes_1_never_scheduled', 'dataset_produces_2', 'dataset_consumes_1', 'consume_1_or_both_2_and_3_with_dataset_expressions', 'dataset_produces_1', 'dataset_consumes_1_and_2', 'consume_1_or_2_with_dataset_expressions' retrieved from /media/data/omar/programming course/DEPI/DEPI project/anomx/venv/lib/python3.12/site-packages/airflow/example_dags/example_datasets.py
[2026-06-21T22:08:56.623+0300] {logging_mixin.py:188} INFO - [2026-06-21T22:08:56.623+0300] {dag.py:3096} INFO - Sync 10 DAGs
[2026-06-21T22:08:56.639+0300] {logging_mixin.py:188} INFO - [2026-06-21T22:08:56.638+0300] {dag.py:3954} INFO - Setting next_dagrun for conditional_dataset_and_time_based_timetable to 2026-06-17 01:00:00+00:00, run_after=2026-06-17 01:00:00+00:00
[2026-06-21T22:08:56.641+0300] {logging_mixin.py:188} INFO - [2026-06-21T22:08:56.641+0300] {dag.py:3954} INFO - Setting next_dagrun for consume_1_and_2_with_dataset_expressions to None, run_after=None
[2026-06-21T22:08:56.643+0300] {logging_mixin.py:188} INFO - [2026-06-21T22:08:56.642+0300] {dag.py:3954} INFO - Setting next_dagrun for consume_1_or_2_with_dataset_expressions to None, run_after=None
[2026-06-21T22:08:56.644+0300] {logging_mixin.py:188} INFO - [2026-06-21T22:08:56.643+0300] {dag.py:3954} INFO - Setting next_dagrun for consume_1_or_both_2_and_3_with_dataset_expressions to None, run_after=None
[2026-06-21T22:08:56.645+0300] {logging_mixin.py:188} INFO - [2026-06-21T22:08:56.644+0300] {dag.py:3954} INFO - Setting next_dagrun for dataset_consumes_1 to None, run_after=None
[2026-06-21T22:08:56.646+0300] {logging_mixin.py:188} INFO - [2026-06-21T22:08:56.645+0300] {dag.py:3954} INFO - Setting next_dagrun for dataset_consumes_1_and_2 to None, run_after=None
[2026-06-21T22:08:56.647+0300] {logging_mixin.py:188} INFO - [2026-06-21T22:08:56.646+0300] {dag.py:3954} INFO - Setting next_dagrun for dataset_consumes_1_never_scheduled to None, run_after=None
[2026-06-21T22:08:56.648+0300] {logging_mixin.py:188} INFO - [2026-06-21T22:08:56.647+0300] {dag.py:3954} INFO - Setting next_dagrun for dataset_consumes_unknown_never_scheduled to None, run_after=None
[2026-06-21T22:08:56.650+0300] {logging_mixin.py:188} INFO - [2026-06-21T22:08:56.649+0300] {dag.py:3954} INFO - Setting next_dagrun for dataset_produces_1 to 2026-06-20 00:00:00+00:00, run_after=2026-06-21 00:00:00+00:00
[2026-06-21T22:08:56.651+0300] {logging_mixin.py:188} INFO - [2026-06-21T22:08:56.650+0300] {dag.py:3954} INFO - Setting next_dagrun for dataset_produces_2 to None, run_after=None
[2026-06-21T22:08:56.684+0300] {processor.py:183} INFO - Processing /media/data/omar/programming course/DEPI/DEPI project/anomx/venv/lib/python3.12/site-packages/airflow/example_dags/example_datasets.py took 0.216 seconds
[2026-06-21T22:09:55.240+0300] {processor.py:161} INFO - Started process (PID=18559) to work on /media/data/omar/programming course/DEPI/DEPI project/anomx/venv/lib/python3.12/site-packages/airflow/example_dags/example_datasets.py
[2026-06-21T22:09:55.243+0300] {processor.py:830} INFO - Processing file /media/data/omar/programming course/DEPI/DEPI project/anomx/venv/lib/python3.12/site-packages/airflow/example_dags/example_datasets.py for tasks to queue
[2026-06-21T22:09:55.246+0300] {logging_mixin.py:188} INFO - [2026-06-21T22:09:55.245+0300] {dagbag.py:540} INFO - Filling up the DagBag from /media/data/omar/programming course/DEPI/DEPI project/anomx/venv/lib/python3.12/site-packages/airflow/example_dags/example_datasets.py
[2026-06-21T22:09:55.267+0300] {processor.py:840} INFO - DAG(s) 'consume_1_or_2_with_dataset_expressions', 'dataset_consumes_1_and_2', 'dataset_consumes_unknown_never_scheduled', 'consume_1_or_both_2_and_3_with_dataset_expressions', 'conditional_dataset_and_time_based_timetable', 'dataset_consumes_1', 'consume_1_and_2_with_dataset_expressions', 'dataset_produces_1', 'dataset_consumes_1_never_scheduled', 'dataset_produces_2' retrieved from /media/data/omar/programming course/DEPI/DEPI project/anomx/venv/lib/python3.12/site-packages/airflow/example_dags/example_datasets.py
[2026-06-21T22:09:55.323+0300] {logging_mixin.py:188} INFO - [2026-06-21T22:09:55.322+0300] {dag.py:3096} INFO - Sync 10 DAGs
[2026-06-21T22:09:55.499+0300] {logging_mixin.py:188} INFO - [2026-06-21T22:09:55.499+0300] {dag.py:3954} INFO - Setting next_dagrun for conditional_dataset_and_time_based_timetable to 2026-06-17 01:00:00+00:00, run_after=2026-06-17 01:00:00+00:00
[2026-06-21T22:09:55.505+0300] {logging_mixin.py:188} INFO - [2026-06-21T22:09:55.504+0300] {dag.py:3954} INFO - Setting next_dagrun for consume_1_and_2_with_dataset_expressions to None, run_after=None
[2026-06-21T22:09:55.507+0300] {logging_mixin.py:188} INFO - [2026-06-21T22:09:55.506+0300] {dag.py:3954} INFO - Setting next_dagrun for consume_1_or_2_with_dataset_expressions to None, run_after=None
[2026-06-21T22:09:55.508+0300] {logging_mixin.py:188} INFO - [2026-06-21T22:09:55.508+0300] {dag.py:3954} INFO - Setting next_dagrun for consume_1_or_both_2_and_3_with_dataset_expressions to None, run_after=None
[2026-06-21T22:09:55.511+0300] {logging_mixin.py:188} INFO - [2026-06-21T22:09:55.511+0300] {dag.py:3954} INFO - Setting next_dagrun for dataset_consumes_1 to None, run_after=None
[2026-06-21T22:09:55.514+0300] {logging_mixin.py:188} INFO - [2026-06-21T22:09:55.513+0300] {dag.py:3954} INFO - Setting next_dagrun for dataset_consumes_1_and_2 to None, run_after=None
[2026-06-21T22:09:55.516+0300] {logging_mixin.py:188} INFO - [2026-06-21T22:09:55.515+0300] {dag.py:3954} INFO - Setting next_dagrun for dataset_consumes_1_never_scheduled to None, run_after=None
[2026-06-21T22:09:55.518+0300] {logging_mixin.py:188} INFO - [2026-06-21T22:09:55.517+0300] {dag.py:3954} INFO - Setting next_dagrun for dataset_consumes_unknown_never_scheduled to None, run_after=None
[2026-06-21T22:09:55.522+0300] {logging_mixin.py:188} INFO - [2026-06-21T22:09:55.521+0300] {dag.py:3954} INFO - Setting next_dagrun for dataset_produces_1 to 2026-06-20 00:00:00+00:00, run_after=2026-06-21 00:00:00+00:00
[2026-06-21T22:09:55.524+0300] {logging_mixin.py:188} INFO - [2026-06-21T22:09:55.524+0300] {dag.py:3954} INFO - Setting next_dagrun for dataset_produces_2 to None, run_after=None
[2026-06-21T22:09:55.580+0300] {processor.py:183} INFO - Processing /media/data/omar/programming course/DEPI/DEPI project/anomx/venv/lib/python3.12/site-packages/airflow/example_dags/example_datasets.py took 0.349 seconds
[2026-06-21T22:11:09.407+0300] {processor.py:161} INFO - Started process (PID=18753) to work on /media/data/omar/programming course/DEPI/DEPI project/anomx/venv/lib/python3.12/site-packages/airflow/example_dags/example_datasets.py
[2026-06-21T22:11:09.408+0300] {processor.py:830} INFO - Processing file /media/data/omar/programming course/DEPI/DEPI project/anomx/venv/lib/python3.12/site-packages/airflow/example_dags/example_datasets.py for tasks to queue
[2026-06-21T22:11:09.410+0300] {logging_mixin.py:188} INFO - [2026-06-21T22:11:09.409+0300] {dagbag.py:540} INFO - Filling up the DagBag from /media/data/omar/programming course/DEPI/DEPI project/anomx/venv/lib/python3.12/site-packages/airflow/example_dags/example_datasets.py
[2026-06-21T22:11:09.421+0300] {processor.py:840} INFO - DAG(s) 'consume_1_or_2_with_dataset_expressions', 'dataset_produces_2', 'consume_1_or_both_2_and_3_with_dataset_expressions', 'conditional_dataset_and_time_based_timetable', 'dataset_produces_1', 'dataset_consumes_1_never_scheduled', 'consume_1_and_2_with_dataset_expressions', 'dataset_consumes_1_and_2', 'dataset_consumes_1', 'dataset_consumes_unknown_never_scheduled' retrieved from /media/data/omar/programming course/DEPI/DEPI project/anomx/venv/lib/python3.12/site-packages/airflow/example_dags/example_datasets.py
[2026-06-21T22:11:09.455+0300] {logging_mixin.py:188} INFO - [2026-06-21T22:11:09.454+0300] {dag.py:3096} INFO - Sync 10 DAGs
[2026-06-21T22:11:09.475+0300] {logging_mixin.py:188} INFO - [2026-06-21T22:11:09.474+0300] {dag.py:3954} INFO - Setting next_dagrun for conditional_dataset_and_time_based_timetable to 2026-06-17 01:00:00+00:00, run_after=2026-06-17 01:00:00+00:00
[2026-06-21T22:11:09.478+0300] {logging_mixin.py:188} INFO - [2026-06-21T22:11:09.477+0300] {dag.py:3954} INFO - Setting next_dagrun for consume_1_and_2_with_dataset_expressions to None, run_after=None
[2026-06-21T22:11:09.480+0300] {logging_mixin.py:188} INFO - [2026-06-21T22:11:09.479+0300] {dag.py:3954} INFO - Setting next_dagrun for consume_1_or_2_with_dataset_expressions to None, run_after=None
[2026-06-21T22:11:09.481+0300] {logging_mixin.py:188} INFO - [2026-06-21T22:11:09.481+0300] {dag.py:3954} INFO - Setting next_dagrun for consume_1_or_both_2_and_3_with_dataset_expressions to None, run_after=None
[2026-06-21T22:11:09.482+0300] {logging_mixin.py:188} INFO - [2026-06-21T22:11:09.482+0300] {dag.py:3954} INFO - Setting next_dagrun for dataset_consumes_1 to None, run_after=None
[2026-06-21T22:11:09.484+0300] {logging_mixin.py:188} INFO - [2026-06-21T22:11:09.483+0300] {dag.py:3954} INFO - Setting next_dagrun for dataset_consumes_1_and_2 to None, run_after=None
[2026-06-21T22:11:09.485+0300] {logging_mixin.py:188} INFO - [2026-06-21T22:11:09.484+0300] {dag.py:3954} INFO - Setting next_dagrun for dataset_consumes_1_never_scheduled to None, run_after=None
[2026-06-21T22:11:09.486+0300] {logging_mixin.py:188} INFO - [2026-06-21T22:11:09.485+0300] {dag.py:3954} INFO - Setting next_dagrun for dataset_consumes_unknown_never_scheduled to None, run_after=None
[2026-06-21T22:11:09.489+0300] {logging_mixin.py:188} INFO - [2026-06-21T22:11:09.488+0300] {dag.py:3954} INFO - Setting next_dagrun for dataset_produces_1 to 2026-06-20 00:00:00+00:00, run_after=2026-06-21 00:00:00+00:00
[2026-06-21T22:11:09.490+0300] {logging_mixin.py:188} INFO - [2026-06-21T22:11:09.490+0300] {dag.py:3954} INFO - Setting next_dagrun for dataset_produces_2 to None, run_after=None
[2026-06-21T22:11:09.533+0300] {processor.py:183} INFO - Processing /media/data/omar/programming course/DEPI/DEPI project/anomx/venv/lib/python3.12/site-packages/airflow/example_dags/example_datasets.py took 0.132 seconds
[2026-06-21T22:12:22.659+0300] {processor.py:161} INFO - Started process (PID=18928) to work on /media/data/omar/programming course/DEPI/DEPI project/anomx/venv/lib/python3.12/site-packages/airflow/example_dags/example_datasets.py
[2026-06-21T22:12:22.661+0300] {processor.py:830} INFO - Processing file /media/data/omar/programming course/DEPI/DEPI project/anomx/venv/lib/python3.12/site-packages/airflow/example_dags/example_datasets.py for tasks to queue
[2026-06-21T22:12:22.663+0300] {logging_mixin.py:188} INFO - [2026-06-21T22:12:22.663+0300] {dagbag.py:540} INFO - Filling up the DagBag from /media/data/omar/programming course/DEPI/DEPI project/anomx/venv/lib/python3.12/site-packages/airflow/example_dags/example_datasets.py
[2026-06-21T22:12:22.678+0300] {processor.py:840} INFO - DAG(s) 'consume_1_or_2_with_dataset_expressions', 'conditional_dataset_and_time_based_timetable', 'dataset_consumes_1_never_scheduled', 'dataset_consumes_1', 'dataset_produces_2', 'consume_1_and_2_with_dataset_expressions', 'consume_1_or_both_2_and_3_with_dataset_expressions', 'dataset_consumes_1_and_2', 'dataset_produces_1', 'dataset_consumes_unknown_never_scheduled' retrieved from /media/data/omar/programming course/DEPI/DEPI project/anomx/venv/lib/python3.12/site-packages/airflow/example_dags/example_datasets.py
[2026-06-21T22:12:22.711+0300] {logging_mixin.py:188} INFO - [2026-06-21T22:12:22.711+0300] {dag.py:3096} INFO - Sync 10 DAGs
[2026-06-21T22:12:22.736+0300] {logging_mixin.py:188} INFO - [2026-06-21T22:12:22.735+0300] {dag.py:3954} INFO - Setting next_dagrun for conditional_dataset_and_time_based_timetable to 2026-06-17 01:00:00+00:00, run_after=2026-06-17 01:00:00+00:00
[2026-06-21T22:12:22.748+0300] {logging_mixin.py:188} INFO - [2026-06-21T22:12:22.748+0300] {dag.py:3954} INFO - Setting next_dagrun for consume_1_and_2_with_dataset_expressions to None, run_after=None
[2026-06-21T22:12:22.752+0300] {logging_mixin.py:188} INFO - [2026-06-21T22:12:22.751+0300] {dag.py:3954} INFO - Setting next_dagrun for consume_1_or_2_with_dataset_expressions to None, run_after=None
[2026-06-21T22:12:22.758+0300] {logging_mixin.py:188} INFO - [2026-06-21T22:12:22.757+0300] {dag.py:3954} INFO - Setting next_dagrun for consume_1_or_both_2_and_3_with_dataset_expressions to None, run_after=None
[2026-06-21T22:12:22.763+0300] {logging_mixin.py:188} INFO - [2026-06-21T22:12:22.762+0300] {dag.py:3954} INFO - Setting next_dagrun for dataset_consumes_1 to None, run_after=None
[2026-06-21T22:12:22.766+0300] {logging_mixin.py:188} INFO - [2026-06-21T22:12:22.766+0300] {dag.py:3954} INFO - Setting next_dagrun for dataset_consumes_1_and_2 to None, run_after=None
[2026-06-21T22:12:22.768+0300] {logging_mixin.py:188} INFO - [2026-06-21T22:12:22.768+0300] {dag.py:3954} INFO - Setting next_dagrun for dataset_consumes_1_never_scheduled to None, run_after=None
[2026-06-21T22:12:22.770+0300] {logging_mixin.py:188} INFO - [2026-06-21T22:12:22.769+0300] {dag.py:3954} INFO - Setting next_dagrun for dataset_consumes_unknown_never_scheduled to None, run_after=None
[2026-06-21T22:12:22.772+0300] {logging_mixin.py:188} INFO - [2026-06-21T22:12:22.772+0300] {dag.py:3954} INFO - Setting next_dagrun for dataset_produces_1 to 2026-06-20 00:00:00+00:00, run_after=2026-06-21 00:00:00+00:00
[2026-06-21T22:12:22.773+0300] {logging_mixin.py:188} INFO - [2026-06-21T22:12:22.773+0300] {dag.py:3954} INFO - Setting next_dagrun for dataset_produces_2 to None, run_after=None
[2026-06-21T22:12:22.864+0300] {processor.py:183} INFO - Processing /media/data/omar/programming course/DEPI/DEPI project/anomx/venv/lib/python3.12/site-packages/airflow/example_dags/example_datasets.py took 0.219 seconds
[2026-06-21T22:14:07.363+0300] {processor.py:161} INFO - Started process (PID=19145) to work on /media/data/omar/programming course/DEPI/DEPI project/anomx/venv/lib/python3.12/site-packages/airflow/example_dags/example_datasets.py
[2026-06-21T22:14:07.365+0300] {processor.py:830} INFO - Processing file /media/data/omar/programming course/DEPI/DEPI project/anomx/venv/lib/python3.12/site-packages/airflow/example_dags/example_datasets.py for tasks to queue
[2026-06-21T22:14:07.368+0300] {logging_mixin.py:188} INFO - [2026-06-21T22:14:07.367+0300] {dagbag.py:540} INFO - Filling up the DagBag from /media/data/omar/programming course/DEPI/DEPI project/anomx/venv/lib/python3.12/site-packages/airflow/example_dags/example_datasets.py
[2026-06-21T22:14:07.386+0300] {processor.py:840} INFO - DAG(s) 'dataset_consumes_1_never_scheduled', 'dataset_produces_1', 'conditional_dataset_and_time_based_timetable', 'consume_1_or_both_2_and_3_with_dataset_expressions', 'dataset_consumes_unknown_never_scheduled', 'dataset_produces_2', 'dataset_consumes_1', 'consume_1_or_2_with_dataset_expressions', 'dataset_consumes_1_and_2', 'consume_1_and_2_with_dataset_expressions' retrieved from /media/data/omar/programming course/DEPI/DEPI project/anomx/venv/lib/python3.12/site-packages/airflow/example_dags/example_datasets.py
[2026-06-21T22:14:07.435+0300] {logging_mixin.py:188} INFO - [2026-06-21T22:14:07.434+0300] {dag.py:3096} INFO - Sync 10 DAGs
[2026-06-21T22:14:07.462+0300] {logging_mixin.py:188} INFO - [2026-06-21T22:14:07.461+0300] {dag.py:3954} INFO - Setting next_dagrun for conditional_dataset_and_time_based_timetable to 2026-06-17 01:00:00+00:00, run_after=2026-06-17 01:00:00+00:00
[2026-06-21T22:14:07.465+0300] {logging_mixin.py:188} INFO - [2026-06-21T22:14:07.465+0300] {dag.py:3954} INFO - Setting next_dagrun for consume_1_and_2_with_dataset_expressions to None, run_after=None
[2026-06-21T22:14:07.467+0300] {logging_mixin.py:188} INFO - [2026-06-21T22:14:07.466+0300] {dag.py:3954} INFO - Setting next_dagrun for consume_1_or_2_with_dataset_expressions to None, run_after=None
[2026-06-21T22:14:07.468+0300] {logging_mixin.py:188} INFO - [2026-06-21T22:14:07.468+0300] {dag.py:3954} INFO - Setting next_dagrun for consume_1_or_both_2_and_3_with_dataset_expressions to None, run_after=None
[2026-06-21T22:14:07.469+0300] {logging_mixin.py:188} INFO - [2026-06-21T22:14:07.469+0300] {dag.py:3954} INFO - Setting next_dagrun for dataset_consumes_1 to None, run_after=None
[2026-06-21T22:14:07.471+0300] {logging_mixin.py:188} INFO - [2026-06-21T22:14:07.470+0300] {dag.py:3954} INFO - Setting next_dagrun for dataset_consumes_1_and_2 to None, run_after=None
[2026-06-21T22:14:07.472+0300] {logging_mixin.py:188} INFO - [2026-06-21T22:14:07.472+0300] {dag.py:3954} INFO - Setting next_dagrun for dataset_consumes_1_never_scheduled to None, run_after=None
[2026-06-21T22:14:07.474+0300] {logging_mixin.py:188} INFO - [2026-06-21T22:14:07.473+0300] {dag.py:3954} INFO - Setting next_dagrun for dataset_consumes_unknown_never_scheduled to None, run_after=None
[2026-06-21T22:14:07.476+0300] {logging_mixin.py:188} INFO - [2026-06-21T22:14:07.476+0300] {dag.py:3954} INFO - Setting next_dagrun for dataset_produces_1 to 2026-06-20 00:00:00+00:00, run_after=2026-06-21 00:00:00+00:00
[2026-06-21T22:14:07.478+0300] {logging_mixin.py:188} INFO - [2026-06-21T22:14:07.478+0300] {dag.py:3954} INFO - Setting next_dagrun for dataset_produces_2 to None, run_after=None
[2026-06-21T22:14:07.525+0300] {processor.py:183} INFO - Processing /media/data/omar/programming course/DEPI/DEPI project/anomx/venv/lib/python3.12/site-packages/airflow/example_dags/example_datasets.py took 0.169 seconds
[2026-06-21T22:15:05.039+0300] {processor.py:161} INFO - Started process (PID=19255) to work on /media/data/omar/programming course/DEPI/DEPI project/anomx/venv/lib/python3.12/site-packages/airflow/example_dags/example_datasets.py
[2026-06-21T22:15:05.040+0300] {processor.py:830} INFO - Processing file /media/data/omar/programming course/DEPI/DEPI project/anomx/venv/lib/python3.12/site-packages/airflow/example_dags/example_datasets.py for tasks to queue
[2026-06-21T22:15:05.042+0300] {logging_mixin.py:188} INFO - [2026-06-21T22:15:05.041+0300] {dagbag.py:540} INFO - Filling up the DagBag from /media/data/omar/programming course/DEPI/DEPI project/anomx/venv/lib/python3.12/site-packages/airflow/example_dags/example_datasets.py
[2026-06-21T22:15:05.055+0300] {processor.py:840} INFO - DAG(s) 'conditional_dataset_and_time_based_timetable', 'dataset_produces_2', 'dataset_consumes_1_and_2', 'consume_1_or_2_with_dataset_expressions', 'dataset_produces_1', 'dataset_consumes_1', 'dataset_consumes_1_never_scheduled', 'dataset_consumes_unknown_never_scheduled', 'consume_1_and_2_with_dataset_expressions', 'consume_1_or_both_2_and_3_with_dataset_expressions' retrieved from /media/data/omar/programming course/DEPI/DEPI project/anomx/venv/lib/python3.12/site-packages/airflow/example_dags/example_datasets.py
[2026-06-21T22:15:05.093+0300] {logging_mixin.py:188} INFO - [2026-06-21T22:15:05.093+0300] {dag.py:3096} INFO - Sync 10 DAGs
[2026-06-21T22:15:05.117+0300] {logging_mixin.py:188} INFO - [2026-06-21T22:15:05.117+0300] {dag.py:3954} INFO - Setting next_dagrun for conditional_dataset_and_time_based_timetable to 2026-06-17 01:00:00+00:00, run_after=2026-06-17 01:00:00+00:00
[2026-06-21T22:15:05.121+0300] {logging_mixin.py:188} INFO - [2026-06-21T22:15:05.121+0300] {dag.py:3954} INFO - Setting next_dagrun for consume_1_and_2_with_dataset_expressions to None, run_after=None
[2026-06-21T22:15:05.123+0300] {logging_mixin.py:188} INFO - [2026-06-21T22:15:05.122+0300] {dag.py:3954} INFO - Setting next_dagrun for consume_1_or_2_with_dataset_expressions to None, run_after=None
[2026-06-21T22:15:05.124+0300] {logging_mixin.py:188} INFO - [2026-06-21T22:15:05.124+0300] {dag.py:3954} INFO - Setting next_dagrun for consume_1_or_both_2_and_3_with_dataset_expressions to None, run_after=None
[2026-06-21T22:15:05.125+0300] {logging_mixin.py:188} INFO - [2026-06-21T22:15:05.125+0300] {dag.py:3954} INFO - Setting next_dagrun for dataset_consumes_1 to None, run_after=None
[2026-06-21T22:15:05.127+0300] {logging_mixin.py:188} INFO - [2026-06-21T22:15:05.126+0300] {dag.py:3954} INFO - Setting next_dagrun for dataset_consumes_1_and_2 to None, run_after=None
[2026-06-21T22:15:05.128+0300] {logging_mixin.py:188} INFO - [2026-06-21T22:15:05.128+0300] {dag.py:3954} INFO - Setting next_dagrun for dataset_consumes_1_never_scheduled to None, run_after=None
[2026-06-21T22:15:05.130+0300] {logging_mixin.py:188} INFO - [2026-06-21T22:15:05.129+0300] {dag.py:3954} INFO - Setting next_dagrun for dataset_consumes_unknown_never_scheduled to None, run_after=None
[2026-06-21T22:15:05.132+0300] {logging_mixin.py:188} INFO - [2026-06-21T22:15:05.132+0300] {dag.py:3954} INFO - Setting next_dagrun for dataset_produces_1 to 2026-06-20 00:00:00+00:00, run_after=2026-06-21 00:00:00+00:00
[2026-06-21T22:15:05.134+0300] {logging_mixin.py:188} INFO - [2026-06-21T22:15:05.134+0300] {dag.py:3954} INFO - Setting next_dagrun for dataset_produces_2 to None, run_after=None
[2026-06-21T22:15:05.174+0300] {processor.py:183} INFO - Processing /media/data/omar/programming course/DEPI/DEPI project/anomx/venv/lib/python3.12/site-packages/airflow/example_dags/example_datasets.py took 0.143 seconds
[2026-06-21T22:16:01.505+0300] {processor.py:161} INFO - Started process (PID=19616) to work on /media/data/omar/programming course/DEPI/DEPI project/anomx/venv/lib/python3.12/site-packages/airflow/example_dags/example_datasets.py
[2026-06-21T22:16:01.506+0300] {processor.py:830} INFO - Processing file /media/data/omar/programming course/DEPI/DEPI project/anomx/venv/lib/python3.12/site-packages/airflow/example_dags/example_datasets.py for tasks to queue
[2026-06-21T22:16:01.508+0300] {logging_mixin.py:188} INFO - [2026-06-21T22:16:01.507+0300] {dagbag.py:540} INFO - Filling up the DagBag from /media/data/omar/programming course/DEPI/DEPI project/anomx/venv/lib/python3.12/site-packages/airflow/example_dags/example_datasets.py
[2026-06-21T22:16:01.521+0300] {processor.py:840} INFO - DAG(s) 'dataset_consumes_1_never_scheduled', 'conditional_dataset_and_time_based_timetable', 'consume_1_or_both_2_and_3_with_dataset_expressions', 'dataset_consumes_1_and_2', 'dataset_produces_1', 'dataset_consumes_unknown_never_scheduled', 'dataset_consumes_1', 'dataset_produces_2', 'consume_1_and_2_with_dataset_expressions', 'consume_1_or_2_with_dataset_expressions' retrieved from /media/data/omar/programming course/DEPI/DEPI project/anomx/venv/lib/python3.12/site-packages/airflow/example_dags/example_datasets.py
[2026-06-21T22:16:01.559+0300] {logging_mixin.py:188} INFO - [2026-06-21T22:16:01.559+0300] {dag.py:3096} INFO - Sync 10 DAGs
[2026-06-21T22:16:01.578+0300] {logging_mixin.py:188} INFO - [2026-06-21T22:16:01.577+0300] {dag.py:3954} INFO - Setting next_dagrun for conditional_dataset_and_time_based_timetable to 2026-06-17 01:00:00+00:00, run_after=2026-06-17 01:00:00+00:00
[2026-06-21T22:16:01.581+0300] {logging_mixin.py:188} INFO - [2026-06-21T22:16:01.581+0300] {dag.py:3954} INFO - Setting next_dagrun for consume_1_and_2_with_dataset_expressions to None, run_after=None
[2026-06-21T22:16:01.582+0300] {logging_mixin.py:188} INFO - [2026-06-21T22:16:01.582+0300] {dag.py:3954} INFO - Setting next_dagrun for consume_1_or_2_with_dataset_expressions to None, run_after=None
[2026-06-21T22:16:01.583+0300] {logging_mixin.py:188} INFO - [2026-06-21T22:16:01.583+0300] {dag.py:3954} INFO - Setting next_dagrun for consume_1_or_both_2_and_3_with_dataset_expressions to None, run_after=None
[2026-06-21T22:16:01.584+0300] {logging_mixin.py:188} INFO - [2026-06-21T22:16:01.584+0300] {dag.py:3954} INFO - Setting next_dagrun for dataset_consumes_1 to None, run_after=None
[2026-06-21T22:16:01.585+0300] {logging_mixin.py:188} INFO - [2026-06-21T22:16:01.585+0300] {dag.py:3954} INFO - Setting next_dagrun for dataset_consumes_1_and_2 to None, run_after=None
[2026-06-21T22:16:01.586+0300] {logging_mixin.py:188} INFO - [2026-06-21T22:16:01.586+0300] {dag.py:3954} INFO - Setting next_dagrun for dataset_consumes_1_never_scheduled to None, run_after=None
[2026-06-21T22:16:01.588+0300] {logging_mixin.py:188} INFO - [2026-06-21T22:16:01.587+0300] {dag.py:3954} INFO - Setting next_dagrun for dataset_consumes_unknown_never_scheduled to None, run_after=None
[2026-06-21T22:16:01.590+0300] {logging_mixin.py:188} INFO - [2026-06-21T22:16:01.589+0300] {dag.py:3954} INFO - Setting next_dagrun for dataset_produces_1 to 2026-06-20 00:00:00+00:00, run_after=2026-06-21 00:00:00+00:00
[2026-06-21T22:16:01.591+0300] {logging_mixin.py:188} INFO - [2026-06-21T22:16:01.590+0300] {dag.py:3954} INFO - Setting next_dagrun for dataset_produces_2 to None, run_after=None
[2026-06-21T22:16:01.629+0300] {processor.py:183} INFO - Processing /media/data/omar/programming course/DEPI/DEPI project/anomx/venv/lib/python3.12/site-packages/airflow/example_dags/example_datasets.py took 0.131 seconds
[2026-06-21T22:17:00.345+0300] {processor.py:161} INFO - Started process (PID=19744) to work on /media/data/omar/programming course/DEPI/DEPI project/anomx/venv/lib/python3.12/site-packages/airflow/example_dags/example_datasets.py
[2026-06-21T22:17:00.348+0300] {processor.py:830} INFO - Processing file /media/data/omar/programming course/DEPI/DEPI project/anomx/venv/lib/python3.12/site-packages/airflow/example_dags/example_datasets.py for tasks to queue
[2026-06-21T22:17:00.351+0300] {logging_mixin.py:188} INFO - [2026-06-21T22:17:00.350+0300] {dagbag.py:540} INFO - Filling up the DagBag from /media/data/omar/programming course/DEPI/DEPI project/anomx/venv/lib/python3.12/site-packages/airflow/example_dags/example_datasets.py
[2026-06-21T22:17:00.380+0300] {processor.py:840} INFO - DAG(s) 'dataset_produces_2', 'consume_1_or_2_with_dataset_expressions', 'dataset_consumes_1', 'consume_1_and_2_with_dataset_expressions', 'dataset_produces_1', 'conditional_dataset_and_time_based_timetable', 'dataset_consumes_unknown_never_scheduled', 'dataset_consumes_1_never_scheduled', 'consume_1_or_both_2_and_3_with_dataset_expressions', 'dataset_consumes_1_and_2' retrieved from /media/data/omar/programming course/DEPI/DEPI project/anomx/venv/lib/python3.12/site-packages/airflow/example_dags/example_datasets.py
[2026-06-21T22:17:00.481+0300] {logging_mixin.py:188} INFO - [2026-06-21T22:17:00.481+0300] {dag.py:3096} INFO - Sync 10 DAGs
[2026-06-21T22:17:00.508+0300] {logging_mixin.py:188} INFO - [2026-06-21T22:17:00.508+0300] {dag.py:3954} INFO - Setting next_dagrun for conditional_dataset_and_time_based_timetable to 2026-06-17 01:00:00+00:00, run_after=2026-06-17 01:00:00+00:00
[2026-06-21T22:17:00.513+0300] {logging_mixin.py:188} INFO - [2026-06-21T22:17:00.513+0300] {dag.py:3954} INFO - Setting next_dagrun for consume_1_and_2_with_dataset_expressions to None, run_after=None
[2026-06-21T22:17:00.516+0300] {logging_mixin.py:188} INFO - [2026-06-21T22:17:00.515+0300] {dag.py:3954} INFO - Setting next_dagrun for consume_1_or_2_with_dataset_expressions to None, run_after=None
[2026-06-21T22:17:00.518+0300] {logging_mixin.py:188} INFO - [2026-06-21T22:17:00.518+0300] {dag.py:3954} INFO - Setting next_dagrun for consume_1_or_both_2_and_3_with_dataset_expressions to None, run_after=None
[2026-06-21T22:17:00.521+0300] {logging_mixin.py:188} INFO - [2026-06-21T22:17:00.520+0300] {dag.py:3954} INFO - Setting next_dagrun for dataset_consumes_1 to None, run_after=None
[2026-06-21T22:17:00.523+0300] {logging_mixin.py:188} INFO - [2026-06-21T22:17:00.523+0300] {dag.py:3954} INFO - Setting next_dagrun for dataset_consumes_1_and_2 to None, run_after=None
[2026-06-21T22:17:00.525+0300] {logging_mixin.py:188} INFO - [2026-06-21T22:17:00.525+0300] {dag.py:3954} INFO - Setting next_dagrun for dataset_consumes_1_never_scheduled to None, run_after=None
[2026-06-21T22:17:00.528+0300] {logging_mixin.py:188} INFO - [2026-06-21T22:17:00.527+0300] {dag.py:3954} INFO - Setting next_dagrun for dataset_consumes_unknown_never_scheduled to None, run_after=None
[2026-06-21T22:17:00.532+0300] {logging_mixin.py:188} INFO - [2026-06-21T22:17:00.531+0300] {dag.py:3954} INFO - Setting next_dagrun for dataset_produces_1 to 2026-06-20 00:00:00+00:00, run_after=2026-06-21 00:00:00+00:00
[2026-06-21T22:17:00.535+0300] {logging_mixin.py:188} INFO - [2026-06-21T22:17:00.535+0300] {dag.py:3954} INFO - Setting next_dagrun for dataset_produces_2 to None, run_after=None
[2026-06-21T22:17:00.589+0300] {processor.py:183} INFO - Processing /media/data/omar/programming course/DEPI/DEPI project/anomx/venv/lib/python3.12/site-packages/airflow/example_dags/example_datasets.py took 0.258 seconds
[2026-06-21T22:18:00.108+0300] {processor.py:161} INFO - Started process (PID=19921) to work on /media/data/omar/programming course/DEPI/DEPI project/anomx/venv/lib/python3.12/site-packages/airflow/example_dags/example_datasets.py
[2026-06-21T22:18:00.109+0300] {processor.py:830} INFO - Processing file /media/data/omar/programming course/DEPI/DEPI project/anomx/venv/lib/python3.12/site-packages/airflow/example_dags/example_datasets.py for tasks to queue
[2026-06-21T22:18:00.113+0300] {logging_mixin.py:188} INFO - [2026-06-21T22:18:00.111+0300] {dagbag.py:540} INFO - Filling up the DagBag from /media/data/omar/programming course/DEPI/DEPI project/anomx/venv/lib/python3.12/site-packages/airflow/example_dags/example_datasets.py
[2026-06-21T22:18:00.135+0300] {processor.py:840} INFO - DAG(s) 'dataset_consumes_1_and_2', 'dataset_consumes_1', 'consume_1_or_both_2_and_3_with_dataset_expressions', 'conditional_dataset_and_time_based_timetable', 'dataset_produces_1', 'dataset_consumes_1_never_scheduled', 'dataset_produces_2', 'dataset_consumes_unknown_never_scheduled', 'consume_1_or_2_with_dataset_expressions', 'consume_1_and_2_with_dataset_expressions' retrieved from /media/data/omar/programming course/DEPI/DEPI project/anomx/venv/lib/python3.12/site-packages/airflow/example_dags/example_datasets.py
[2026-06-21T22:18:00.197+0300] {logging_mixin.py:188} INFO - [2026-06-21T22:18:00.196+0300] {dag.py:3096} INFO - Sync 10 DAGs
[2026-06-21T22:18:00.231+0300] {logging_mixin.py:188} INFO - [2026-06-21T22:18:00.230+0300] {dag.py:3954} INFO - Setting next_dagrun for conditional_dataset_and_time_based_timetable to 2026-06-17 01:00:00+00:00, run_after=2026-06-17 01:00:00+00:00
[2026-06-21T22:18:00.234+0300] {logging_mixin.py:188} INFO - [2026-06-21T22:18:00.234+0300] {dag.py:3954} INFO - Setting next_dagrun for consume_1_and_2_with_dataset_expressions to None, run_after=None
[2026-06-21T22:18:00.236+0300] {logging_mixin.py:188} INFO - [2026-06-21T22:18:00.235+0300] {dag.py:3954} INFO - Setting next_dagrun for consume_1_or_2_with_dataset_expressions to None, run_after=None
[2026-06-21T22:18:00.237+0300] {logging_mixin.py:188} INFO - [2026-06-21T22:18:00.237+0300] {dag.py:3954} INFO - Setting next_dagrun for consume_1_or_both_2_and_3_with_dataset_expressions to None, run_after=None
[2026-06-21T22:18:00.239+0300] {logging_mixin.py:188} INFO - [2026-06-21T22:18:00.238+0300] {dag.py:3954} INFO - Setting next_dagrun for dataset_consumes_1 to None, run_after=None
[2026-06-21T22:18:00.241+0300] {logging_mixin.py:188} INFO - [2026-06-21T22:18:00.241+0300] {dag.py:3954} INFO - Setting next_dagrun for dataset_consumes_1_and_2 to None, run_after=None
[2026-06-21T22:18:00.243+0300] {logging_mixin.py:188} INFO - [2026-06-21T22:18:00.243+0300] {dag.py:3954} INFO - Setting next_dagrun for dataset_consumes_1_never_scheduled to None, run_after=None
[2026-06-21T22:18:00.246+0300] {logging_mixin.py:188} INFO - [2026-06-21T22:18:00.246+0300] {dag.py:3954} INFO - Setting next_dagrun for dataset_consumes_unknown_never_scheduled to None, run_after=None
[2026-06-21T22:18:00.250+0300] {logging_mixin.py:188} INFO - [2026-06-21T22:18:00.250+0300] {dag.py:3954} INFO - Setting next_dagrun for dataset_produces_1 to 2026-06-20 00:00:00+00:00, run_after=2026-06-21 00:00:00+00:00
[2026-06-21T22:18:00.253+0300] {logging_mixin.py:188} INFO - [2026-06-21T22:18:00.252+0300] {dag.py:3954} INFO - Setting next_dagrun for dataset_produces_2 to None, run_after=None
[2026-06-21T22:18:00.304+0300] {processor.py:183} INFO - Processing /media/data/omar/programming course/DEPI/DEPI project/anomx/venv/lib/python3.12/site-packages/airflow/example_dags/example_datasets.py took 0.204 seconds
[2026-06-21T22:18:55.426+0300] {processor.py:161} INFO - Started process (PID=20001) to work on /media/data/omar/programming course/DEPI/DEPI project/anomx/venv/lib/python3.12/site-packages/airflow/example_dags/example_datasets.py
[2026-06-21T22:18:55.428+0300] {processor.py:830} INFO - Processing file /media/data/omar/programming course/DEPI/DEPI project/anomx/venv/lib/python3.12/site-packages/airflow/example_dags/example_datasets.py for tasks to queue
[2026-06-21T22:18:55.430+0300] {logging_mixin.py:188} INFO - [2026-06-21T22:18:55.429+0300] {dagbag.py:540} INFO - Filling up the DagBag from /media/data/omar/programming course/DEPI/DEPI project/anomx/venv/lib/python3.12/site-packages/airflow/example_dags/example_datasets.py
[2026-06-21T22:18:55.447+0300] {processor.py:840} INFO - DAG(s) 'dataset_produces_2', 'dataset_consumes_1', 'consume_1_and_2_with_dataset_expressions', 'consume_1_or_both_2_and_3_with_dataset_expressions', 'conditional_dataset_and_time_based_timetable', 'dataset_consumes_unknown_never_scheduled', 'dataset_produces_1', 'consume_1_or_2_with_dataset_expressions', 'dataset_consumes_1_never_scheduled', 'dataset_consumes_1_and_2' retrieved from /media/data/omar/programming course/DEPI/DEPI project/anomx/venv/lib/python3.12/site-packages/airflow/example_dags/example_datasets.py
[2026-06-21T22:18:55.482+0300] {logging_mixin.py:188} INFO - [2026-06-21T22:18:55.482+0300] {dag.py:3096} INFO - Sync 10 DAGs
[2026-06-21T22:18:55.500+0300] {logging_mixin.py:188} INFO - [2026-06-21T22:18:55.499+0300] {dag.py:3954} INFO - Setting next_dagrun for conditional_dataset_and_time_based_timetable to 2026-06-17 01:00:00+00:00, run_after=2026-06-17 01:00:00+00:00
[2026-06-21T22:18:55.504+0300] {logging_mixin.py:188} INFO - [2026-06-21T22:18:55.503+0300] {dag.py:3954} INFO - Setting next_dagrun for consume_1_and_2_with_dataset_expressions to None, run_after=None
[2026-06-21T22:18:55.505+0300] {logging_mixin.py:188} INFO - [2026-06-21T22:18:55.505+0300] {dag.py:3954} INFO - Setting next_dagrun for consume_1_or_2_with_dataset_expressions to None, run_after=None
[2026-06-21T22:18:55.506+0300] {logging_mixin.py:188} INFO - [2026-06-21T22:18:55.506+0300] {dag.py:3954} INFO - Setting next_dagrun for consume_1_or_both_2_and_3_with_dataset_expressions to None, run_after=None
[2026-06-21T22:18:55.507+0300] {logging_mixin.py:188} INFO - [2026-06-21T22:18:55.507+0300] {dag.py:3954} INFO - Setting next_dagrun for dataset_consumes_1 to None, run_after=None
[2026-06-21T22:18:55.508+0300] {logging_mixin.py:188} INFO - [2026-06-21T22:18:55.508+0300] {dag.py:3954} INFO - Setting next_dagrun for dataset_consumes_1_and_2 to None, run_after=None
[2026-06-21T22:18:55.509+0300] {logging_mixin.py:188} INFO - [2026-06-21T22:18:55.509+0300] {dag.py:3954} INFO - Setting next_dagrun for dataset_consumes_1_never_scheduled to None, run_after=None
[2026-06-21T22:18:55.510+0300] {logging_mixin.py:188} INFO - [2026-06-21T22:18:55.510+0300] {dag.py:3954} INFO - Setting next_dagrun for dataset_consumes_unknown_never_scheduled to None, run_after=None
[2026-06-21T22:18:55.512+0300] {logging_mixin.py:188} INFO - [2026-06-21T22:18:55.512+0300] {dag.py:3954} INFO - Setting next_dagrun for dataset_produces_1 to 2026-06-20 00:00:00+00:00, run_after=2026-06-21 00:00:00+00:00
[2026-06-21T22:18:55.513+0300] {logging_mixin.py:188} INFO - [2026-06-21T22:18:55.513+0300] {dag.py:3954} INFO - Setting next_dagrun for dataset_produces_2 to None, run_after=None
[2026-06-21T22:18:55.549+0300] {processor.py:183} INFO - Processing /media/data/omar/programming course/DEPI/DEPI project/anomx/venv/lib/python3.12/site-packages/airflow/example_dags/example_datasets.py took 0.129 seconds
[2026-06-21T22:19:53.596+0300] {processor.py:161} INFO - Started process (PID=20111) to work on /media/data/omar/programming course/DEPI/DEPI project/anomx/venv/lib/python3.12/site-packages/airflow/example_dags/example_datasets.py
[2026-06-21T22:19:53.597+0300] {processor.py:830} INFO - Processing file /media/data/omar/programming course/DEPI/DEPI project/anomx/venv/lib/python3.12/site-packages/airflow/example_dags/example_datasets.py for tasks to queue
[2026-06-21T22:19:53.600+0300] {logging_mixin.py:188} INFO - [2026-06-21T22:19:53.599+0300] {dagbag.py:540} INFO - Filling up the DagBag from /media/data/omar/programming course/DEPI/DEPI project/anomx/venv/lib/python3.12/site-packages/airflow/example_dags/example_datasets.py
[2026-06-21T22:19:53.621+0300] {processor.py:840} INFO - DAG(s) 'consume_1_and_2_with_dataset_expressions', 'dataset_consumes_1_and_2', 'consume_1_or_both_2_and_3_with_dataset_expressions', 'dataset_consumes_1', 'dataset_consumes_1_never_scheduled', 'dataset_consumes_unknown_never_scheduled', 'conditional_dataset_and_time_based_timetable', 'dataset_produces_1', 'consume_1_or_2_with_dataset_expressions', 'dataset_produces_2' retrieved from /media/data/omar/programming course/DEPI/DEPI project/anomx/venv/lib/python3.12/site-packages/airflow/example_dags/example_datasets.py
[2026-06-21T22:19:53.654+0300] {logging_mixin.py:188} INFO - [2026-06-21T22:19:53.654+0300] {dag.py:3096} INFO - Sync 10 DAGs
[2026-06-21T22:19:53.672+0300] {logging_mixin.py:188} INFO - [2026-06-21T22:19:53.671+0300] {dag.py:3954} INFO - Setting next_dagrun for conditional_dataset_and_time_based_timetable to 2026-06-17 01:00:00+00:00, run_after=2026-06-17 01:00:00+00:00
[2026-06-21T22:19:53.675+0300] {logging_mixin.py:188} INFO - [2026-06-21T22:19:53.675+0300] {dag.py:3954} INFO - Setting next_dagrun for consume_1_and_2_with_dataset_expressions to None, run_after=None
[2026-06-21T22:19:53.676+0300] {logging_mixin.py:188} INFO - [2026-06-21T22:19:53.676+0300] {dag.py:3954} INFO - Setting next_dagrun for consume_1_or_2_with_dataset_expressions to None, run_after=None
[2026-06-21T22:19:53.677+0300] {logging_mixin.py:188} INFO - [2026-06-21T22:19:53.677+0300] {dag.py:3954} INFO - Setting next_dagrun for consume_1_or_both_2_and_3_with_dataset_expressions to None, run_after=None
[2026-06-21T22:19:53.678+0300] {logging_mixin.py:188} INFO - [2026-06-21T22:19:53.678+0300] {dag.py:3954} INFO - Setting next_dagrun for dataset_consumes_1 to None, run_after=None
[2026-06-21T22:19:53.679+0300] {logging_mixin.py:188} INFO - [2026-06-21T22:19:53.679+0300] {dag.py:3954} INFO - Setting next_dagrun for dataset_consumes_1_and_2 to None, run_after=None
[2026-06-21T22:19:53.680+0300] {logging_mixin.py:188} INFO - [2026-06-21T22:19:53.680+0300] {dag.py:3954} INFO - Setting next_dagrun for dataset_consumes_1_never_scheduled to None, run_after=None
[2026-06-21T22:19:53.681+0300] {logging_mixin.py:188} INFO - [2026-06-21T22:19:53.681+0300] {dag.py:3954} INFO - Setting next_dagrun for dataset_consumes_unknown_never_scheduled to None, run_after=None
[2026-06-21T22:19:53.683+0300] {logging_mixin.py:188} INFO - [2026-06-21T22:19:53.683+0300] {dag.py:3954} INFO - Setting next_dagrun for dataset_produces_1 to 2026-06-20 00:00:00+00:00, run_after=2026-06-21 00:00:00+00:00
[2026-06-21T22:19:53.684+0300] {logging_mixin.py:188} INFO - [2026-06-21T22:19:53.684+0300] {dag.py:3954} INFO - Setting next_dagrun for dataset_produces_2 to None, run_after=None
[2026-06-21T22:19:53.721+0300] {processor.py:183} INFO - Processing /media/data/omar/programming course/DEPI/DEPI project/anomx/venv/lib/python3.12/site-packages/airflow/example_dags/example_datasets.py took 0.135 seconds
[2026-06-21T22:21:26.315+0300] {processor.py:161} INFO - Started process (PID=20271) to work on /media/data/omar/programming course/DEPI/DEPI project/anomx/venv/lib/python3.12/site-packages/airflow/example_dags/example_datasets.py
[2026-06-21T22:21:26.316+0300] {processor.py:830} INFO - Processing file /media/data/omar/programming course/DEPI/DEPI project/anomx/venv/lib/python3.12/site-packages/airflow/example_dags/example_datasets.py for tasks to queue
[2026-06-21T22:21:26.319+0300] {logging_mixin.py:188} INFO - [2026-06-21T22:21:26.318+0300] {dagbag.py:540} INFO - Filling up the DagBag from /media/data/omar/programming course/DEPI/DEPI project/anomx/venv/lib/python3.12/site-packages/airflow/example_dags/example_datasets.py
[2026-06-21T22:21:26.335+0300] {processor.py:840} INFO - DAG(s) 'conditional_dataset_and_time_based_timetable', 'consume_1_or_both_2_and_3_with_dataset_expressions', 'dataset_consumes_1_and_2', 'consume_1_or_2_with_dataset_expressions', 'dataset_consumes_1', 'dataset_produces_2', 'dataset_consumes_1_never_scheduled', 'consume_1_and_2_with_dataset_expressions', 'dataset_consumes_unknown_never_scheduled', 'dataset_produces_1' retrieved from /media/data/omar/programming course/DEPI/DEPI project/anomx/venv/lib/python3.12/site-packages/airflow/example_dags/example_datasets.py
[2026-06-21T22:21:26.369+0300] {logging_mixin.py:188} INFO - [2026-06-21T22:21:26.369+0300] {dag.py:3096} INFO - Sync 10 DAGs
[2026-06-21T22:21:26.387+0300] {logging_mixin.py:188} INFO - [2026-06-21T22:21:26.387+0300] {dag.py:3954} INFO - Setting next_dagrun for conditional_dataset_and_time_based_timetable to 2026-06-17 01:00:00+00:00, run_after=2026-06-17 01:00:00+00:00
[2026-06-21T22:21:26.391+0300] {logging_mixin.py:188} INFO - [2026-06-21T22:21:26.390+0300] {dag.py:3954} INFO - Setting next_dagrun for consume_1_and_2_with_dataset_expressions to None, run_after=None
[2026-06-21T22:21:26.392+0300] {logging_mixin.py:188} INFO - [2026-06-21T22:21:26.392+0300] {dag.py:3954} INFO - Setting next_dagrun for consume_1_or_2_with_dataset_expressions to None, run_after=None
[2026-06-21T22:21:26.394+0300] {logging_mixin.py:188} INFO - [2026-06-21T22:21:26.393+0300] {dag.py:3954} INFO - Setting next_dagrun for consume_1_or_both_2_and_3_with_dataset_expressions to None, run_after=None
[2026-06-21T22:21:26.395+0300] {logging_mixin.py:188} INFO - [2026-06-21T22:21:26.395+0300] {dag.py:3954} INFO - Setting next_dagrun for dataset_consumes_1 to None, run_after=None
[2026-06-21T22:21:26.396+0300] {logging_mixin.py:188} INFO - [2026-06-21T22:21:26.396+0300] {dag.py:3954} INFO - Setting next_dagrun for dataset_consumes_1_and_2 to None, run_after=None
[2026-06-21T22:21:26.398+0300] {logging_mixin.py:188} INFO - [2026-06-21T22:21:26.397+0300] {dag.py:3954} INFO - Setting next_dagrun for dataset_consumes_1_never_scheduled to None, run_after=None
[2026-06-21T22:21:26.399+0300] {logging_mixin.py:188} INFO - [2026-06-21T22:21:26.399+0300] {dag.py:3954} INFO - Setting next_dagrun for dataset_consumes_unknown_never_scheduled to None, run_after=None
[2026-06-21T22:21:26.401+0300] {logging_mixin.py:188} INFO - [2026-06-21T22:21:26.401+0300] {dag.py:3954} INFO - Setting next_dagrun for dataset_produces_1 to 2026-06-20 00:00:00+00:00, run_after=2026-06-21 00:00:00+00:00
[2026-06-21T22:21:26.403+0300] {logging_mixin.py:188} INFO - [2026-06-21T22:21:26.402+0300] {dag.py:3954} INFO - Setting next_dagrun for dataset_produces_2 to None, run_after=None
[2026-06-21T22:21:26.442+0300] {processor.py:183} INFO - Processing /media/data/omar/programming course/DEPI/DEPI project/anomx/venv/lib/python3.12/site-packages/airflow/example_dags/example_datasets.py took 0.138 seconds
[2026-06-21T22:23:38.502+0300] {processor.py:161} INFO - Started process (PID=20511) to work on /media/data/omar/programming course/DEPI/DEPI project/anomx/venv/lib/python3.12/site-packages/airflow/example_dags/example_datasets.py
[2026-06-21T22:23:38.503+0300] {processor.py:830} INFO - Processing file /media/data/omar/programming course/DEPI/DEPI project/anomx/venv/lib/python3.12/site-packages/airflow/example_dags/example_datasets.py for tasks to queue
[2026-06-21T22:23:38.505+0300] {logging_mixin.py:188} INFO - [2026-06-21T22:23:38.504+0300] {dagbag.py:540} INFO - Filling up the DagBag from /media/data/omar/programming course/DEPI/DEPI project/anomx/venv/lib/python3.12/site-packages/airflow/example_dags/example_datasets.py
[2026-06-21T22:23:38.516+0300] {processor.py:840} INFO - DAG(s) 'dataset_consumes_unknown_never_scheduled', 'dataset_consumes_1_and_2', 'dataset_consumes_1', 'dataset_consumes_1_never_scheduled', 'consume_1_or_2_with_dataset_expressions', 'dataset_produces_2', 'consume_1_or_both_2_and_3_with_dataset_expressions', 'conditional_dataset_and_time_based_timetable', 'dataset_produces_1', 'consume_1_and_2_with_dataset_expressions' retrieved from /media/data/omar/programming course/DEPI/DEPI project/anomx/venv/lib/python3.12/site-packages/airflow/example_dags/example_datasets.py
[2026-06-21T22:23:38.550+0300] {logging_mixin.py:188} INFO - [2026-06-21T22:23:38.550+0300] {dag.py:3096} INFO - Sync 10 DAGs
[2026-06-21T22:23:38.569+0300] {logging_mixin.py:188} INFO - [2026-06-21T22:23:38.568+0300] {dag.py:3954} INFO - Setting next_dagrun for conditional_dataset_and_time_based_timetable to 2026-06-17 01:00:00+00:00, run_after=2026-06-17 01:00:00+00:00
[2026-06-21T22:23:38.572+0300] {logging_mixin.py:188} INFO - [2026-06-21T22:23:38.571+0300] {dag.py:3954} INFO - Setting next_dagrun for consume_1_and_2_with_dataset_expressions to None, run_after=None
[2026-06-21T22:23:38.573+0300] {logging_mixin.py:188} INFO - [2026-06-21T22:23:38.573+0300] {dag.py:3954} INFO - Setting next_dagrun for consume_1_or_2_with_dataset_expressions to None, run_after=None
[2026-06-21T22:23:38.574+0300] {logging_mixin.py:188} INFO - [2026-06-21T22:23:38.574+0300] {dag.py:3954} INFO - Setting next_dagrun for consume_1_or_both_2_and_3_with_dataset_expressions to None, run_after=None
[2026-06-21T22:23:38.575+0300] {logging_mixin.py:188} INFO - [2026-06-21T22:23:38.575+0300] {dag.py:3954} INFO - Setting next_dagrun for dataset_consumes_1 to None, run_after=None
[2026-06-21T22:23:38.576+0300] {logging_mixin.py:188} INFO - [2026-06-21T22:23:38.576+0300] {dag.py:3954} INFO - Setting next_dagrun for dataset_consumes_1_and_2 to None, run_after=None
[2026-06-21T22:23:38.577+0300] {logging_mixin.py:188} INFO - [2026-06-21T22:23:38.577+0300] {dag.py:3954} INFO - Setting next_dagrun for dataset_consumes_1_never_scheduled to None, run_after=None
[2026-06-21T22:23:38.578+0300] {logging_mixin.py:188} INFO - [2026-06-21T22:23:38.578+0300] {dag.py:3954} INFO - Setting next_dagrun for dataset_consumes_unknown_never_scheduled to None, run_after=None
[2026-06-21T22:23:38.580+0300] {logging_mixin.py:188} INFO - [2026-06-21T22:23:38.580+0300] {dag.py:3954} INFO - Setting next_dagrun for dataset_produces_1 to 2026-06-20 00:00:00+00:00, run_after=2026-06-21 00:00:00+00:00
[2026-06-21T22:23:38.581+0300] {logging_mixin.py:188} INFO - [2026-06-21T22:23:38.581+0300] {dag.py:3954} INFO - Setting next_dagrun for dataset_produces_2 to None, run_after=None
[2026-06-21T22:23:38.618+0300] {processor.py:183} INFO - Processing /media/data/omar/programming course/DEPI/DEPI project/anomx/venv/lib/python3.12/site-packages/airflow/example_dags/example_datasets.py took 0.122 seconds
[2026-06-21T22:24:35.576+0300] {processor.py:161} INFO - Started process (PID=20658) to work on /media/data/omar/programming course/DEPI/DEPI project/anomx/venv/lib/python3.12/site-packages/airflow/example_dags/example_datasets.py
[2026-06-21T22:24:35.577+0300] {processor.py:830} INFO - Processing file /media/data/omar/programming course/DEPI/DEPI project/anomx/venv/lib/python3.12/site-packages/airflow/example_dags/example_datasets.py for tasks to queue
[2026-06-21T22:24:35.579+0300] {logging_mixin.py:188} INFO - [2026-06-21T22:24:35.578+0300] {dagbag.py:540} INFO - Filling up the DagBag from /media/data/omar/programming course/DEPI/DEPI project/anomx/venv/lib/python3.12/site-packages/airflow/example_dags/example_datasets.py
[2026-06-21T22:24:35.590+0300] {processor.py:840} INFO - DAG(s) 'conditional_dataset_and_time_based_timetable', 'consume_1_or_2_with_dataset_expressions', 'dataset_produces_1', 'consume_1_and_2_with_dataset_expressions', 'dataset_produces_2', 'consume_1_or_both_2_and_3_with_dataset_expressions', 'dataset_consumes_1', 'dataset_consumes_unknown_never_scheduled', 'dataset_consumes_1_and_2', 'dataset_consumes_1_never_scheduled' retrieved from /media/data/omar/programming course/DEPI/DEPI project/anomx/venv/lib/python3.12/site-packages/airflow/example_dags/example_datasets.py
[2026-06-21T22:24:35.629+0300] {logging_mixin.py:188} INFO - [2026-06-21T22:24:35.628+0300] {dag.py:3096} INFO - Sync 10 DAGs
[2026-06-21T22:24:35.649+0300] {logging_mixin.py:188} INFO - [2026-06-21T22:24:35.648+0300] {dag.py:3954} INFO - Setting next_dagrun for conditional_dataset_and_time_based_timetable to 2026-06-17 01:00:00+00:00, run_after=2026-06-17 01:00:00+00:00
[2026-06-21T22:24:35.653+0300] {logging_mixin.py:188} INFO - [2026-06-21T22:24:35.653+0300] {dag.py:3954} INFO - Setting next_dagrun for consume_1_and_2_with_dataset_expressions to None, run_after=None
[2026-06-21T22:24:35.655+0300] {logging_mixin.py:188} INFO - [2026-06-21T22:24:35.654+0300] {dag.py:3954} INFO - Setting next_dagrun for consume_1_or_2_with_dataset_expressions to None, run_after=None
[2026-06-21T22:24:35.656+0300] {logging_mixin.py:188} INFO - [2026-06-21T22:24:35.656+0300] {dag.py:3954} INFO - Setting next_dagrun for consume_1_or_both_2_and_3_with_dataset_expressions to None, run_after=None
[2026-06-21T22:24:35.658+0300] {logging_mixin.py:188} INFO - [2026-06-21T22:24:35.657+0300] {dag.py:3954} INFO - Setting next_dagrun for dataset_consumes_1 to None, run_after=None
[2026-06-21T22:24:35.660+0300] {logging_mixin.py:188} INFO - [2026-06-21T22:24:35.659+0300] {dag.py:3954} INFO - Setting next_dagrun for dataset_consumes_1_and_2 to None, run_after=None
[2026-06-21T22:24:35.662+0300] {logging_mixin.py:188} INFO - [2026-06-21T22:24:35.661+0300] {dag.py:3954} INFO - Setting next_dagrun for dataset_consumes_1_never_scheduled to None, run_after=None
[2026-06-21T22:24:35.664+0300] {logging_mixin.py:188} INFO - [2026-06-21T22:24:35.663+0300] {dag.py:3954} INFO - Setting next_dagrun for dataset_consumes_unknown_never_scheduled to None, run_after=None
[2026-06-21T22:24:35.668+0300] {logging_mixin.py:188} INFO - [2026-06-21T22:24:35.667+0300] {dag.py:3954} INFO - Setting next_dagrun for dataset_produces_1 to 2026-06-20 00:00:00+00:00, run_after=2026-06-21 00:00:00+00:00
[2026-06-21T22:24:35.670+0300] {logging_mixin.py:188} INFO - [2026-06-21T22:24:35.670+0300] {dag.py:3954} INFO - Setting next_dagrun for dataset_produces_2 to None, run_after=None
[2026-06-21T22:24:35.771+0300] {processor.py:183} INFO - Processing /media/data/omar/programming course/DEPI/DEPI project/anomx/venv/lib/python3.12/site-packages/airflow/example_dags/example_datasets.py took 0.200 seconds
[2026-06-21T22:48:26.554+0300] {processor.py:161} INFO - Started process (PID=22161) to work on /media/data/omar/programming course/DEPI/DEPI project/anomx/venv/lib/python3.12/site-packages/airflow/example_dags/example_datasets.py
[2026-06-21T22:48:26.555+0300] {processor.py:830} INFO - Processing file /media/data/omar/programming course/DEPI/DEPI project/anomx/venv/lib/python3.12/site-packages/airflow/example_dags/example_datasets.py for tasks to queue
[2026-06-21T22:48:26.558+0300] {logging_mixin.py:188} INFO - [2026-06-21T22:48:26.557+0300] {dagbag.py:540} INFO - Filling up the DagBag from /media/data/omar/programming course/DEPI/DEPI project/anomx/venv/lib/python3.12/site-packages/airflow/example_dags/example_datasets.py
[2026-06-21T22:48:26.574+0300] {processor.py:840} INFO - DAG(s) 'dataset_produces_2', 'consume_1_or_2_with_dataset_expressions', 'dataset_produces_1', 'dataset_consumes_1', 'consume_1_and_2_with_dataset_expressions', 'conditional_dataset_and_time_based_timetable', 'consume_1_or_both_2_and_3_with_dataset_expressions', 'dataset_consumes_unknown_never_scheduled', 'dataset_consumes_1_and_2', 'dataset_consumes_1_never_scheduled' retrieved from /media/data/omar/programming course/DEPI/DEPI project/anomx/venv/lib/python3.12/site-packages/airflow/example_dags/example_datasets.py
[2026-06-21T22:48:26.609+0300] {logging_mixin.py:188} INFO - [2026-06-21T22:48:26.608+0300] {dag.py:3096} INFO - Sync 10 DAGs
[2026-06-21T22:48:26.619+0300] {logging_mixin.py:188} INFO - [2026-06-21T22:48:26.619+0300] {dag.py:3118} INFO - Creating ORM DAG for dataset_consumes_1_never_scheduled
[2026-06-21T22:48:26.620+0300] {logging_mixin.py:188} INFO - [2026-06-21T22:48:26.620+0300] {dag.py:3118} INFO - Creating ORM DAG for consume_1_or_2_with_dataset_expressions
[2026-06-21T22:48:26.621+0300] {logging_mixin.py:188} INFO - [2026-06-21T22:48:26.621+0300] {dag.py:3118} INFO - Creating ORM DAG for conditional_dataset_and_time_based_timetable
[2026-06-21T22:48:26.622+0300] {logging_mixin.py:188} INFO - [2026-06-21T22:48:26.621+0300] {dag.py:3118} INFO - Creating ORM DAG for dataset_produces_2
[2026-06-21T22:48:26.622+0300] {logging_mixin.py:188} INFO - [2026-06-21T22:48:26.622+0300] {dag.py:3118} INFO - Creating ORM DAG for dataset_consumes_1_and_2
[2026-06-21T22:48:26.623+0300] {logging_mixin.py:188} INFO - [2026-06-21T22:48:26.623+0300] {dag.py:3118} INFO - Creating ORM DAG for consume_1_or_both_2_and_3_with_dataset_expressions
[2026-06-21T22:48:26.624+0300] {logging_mixin.py:188} INFO - [2026-06-21T22:48:26.623+0300] {dag.py:3118} INFO - Creating ORM DAG for dataset_consumes_1
[2026-06-21T22:48:26.624+0300] {logging_mixin.py:188} INFO - [2026-06-21T22:48:26.624+0300] {dag.py:3118} INFO - Creating ORM DAG for dataset_consumes_unknown_never_scheduled
[2026-06-21T22:48:26.625+0300] {logging_mixin.py:188} INFO - [2026-06-21T22:48:26.625+0300] {dag.py:3118} INFO - Creating ORM DAG for dataset_produces_1
[2026-06-21T22:48:26.625+0300] {logging_mixin.py:188} INFO - [2026-06-21T22:48:26.625+0300] {dag.py:3118} INFO - Creating ORM DAG for consume_1_and_2_with_dataset_expressions
[2026-06-21T22:48:26.634+0300] {logging_mixin.py:188} INFO - [2026-06-21T22:48:26.633+0300] {dag.py:3954} INFO - Setting next_dagrun for conditional_dataset_and_time_based_timetable to 2026-06-17 01:00:00+00:00, run_after=2026-06-17 01:00:00+00:00
[2026-06-21T22:48:26.634+0300] {logging_mixin.py:188} INFO - [2026-06-21T22:48:26.634+0300] {dag.py:3954} INFO - Setting next_dagrun for consume_1_and_2_with_dataset_expressions to None, run_after=None
[2026-06-21T22:48:26.635+0300] {logging_mixin.py:188} INFO - [2026-06-21T22:48:26.635+0300] {dag.py:3954} INFO - Setting next_dagrun for consume_1_or_2_with_dataset_expressions to None, run_after=None
[2026-06-21T22:48:26.636+0300] {logging_mixin.py:188} INFO - [2026-06-21T22:48:26.635+0300] {dag.py:3954} INFO - Setting next_dagrun for consume_1_or_both_2_and_3_with_dataset_expressions to None, run_after=None
[2026-06-21T22:48:26.636+0300] {logging_mixin.py:188} INFO - [2026-06-21T22:48:26.636+0300] {dag.py:3954} INFO - Setting next_dagrun for dataset_consumes_1 to None, run_after=None
[2026-06-21T22:48:26.637+0300] {logging_mixin.py:188} INFO - [2026-06-21T22:48:26.636+0300] {dag.py:3954} INFO - Setting next_dagrun for dataset_consumes_1_and_2 to None, run_after=None
[2026-06-21T22:48:26.638+0300] {logging_mixin.py:188} INFO - [2026-06-21T22:48:26.637+0300] {dag.py:3954} INFO - Setting next_dagrun for dataset_consumes_1_never_scheduled to None, run_after=None
[2026-06-21T22:48:26.639+0300] {logging_mixin.py:188} INFO - [2026-06-21T22:48:26.638+0300] {dag.py:3954} INFO - Setting next_dagrun for dataset_consumes_unknown_never_scheduled to None, run_after=None
[2026-06-21T22:48:26.641+0300] {logging_mixin.py:188} INFO - [2026-06-21T22:48:26.640+0300] {dag.py:3954} INFO - Setting next_dagrun for dataset_produces_1 to 2026-06-20 00:00:00+00:00, run_after=2026-06-21 00:00:00+00:00
[2026-06-21T22:48:26.642+0300] {logging_mixin.py:188} INFO - [2026-06-21T22:48:26.641+0300] {dag.py:3954} INFO - Setting next_dagrun for dataset_produces_2 to None, run_after=None
[2026-06-21T22:48:26.688+0300] {processor.py:183} INFO - Processing /media/data/omar/programming course/DEPI/DEPI project/anomx/venv/lib/python3.12/site-packages/airflow/example_dags/example_datasets.py took 0.144 seconds
[2026-06-21T22:49:24.846+0300] {processor.py:161} INFO - Started process (PID=22253) to work on /media/data/omar/programming course/DEPI/DEPI project/anomx/venv/lib/python3.12/site-packages/airflow/example_dags/example_datasets.py
[2026-06-21T22:49:24.847+0300] {processor.py:830} INFO - Processing file /media/data/omar/programming course/DEPI/DEPI project/anomx/venv/lib/python3.12/site-packages/airflow/example_dags/example_datasets.py for tasks to queue
[2026-06-21T22:49:24.849+0300] {logging_mixin.py:188} INFO - [2026-06-21T22:49:24.849+0300] {dagbag.py:540} INFO - Filling up the DagBag from /media/data/omar/programming course/DEPI/DEPI project/anomx/venv/lib/python3.12/site-packages/airflow/example_dags/example_datasets.py
[2026-06-21T22:49:24.868+0300] {processor.py:840} INFO - DAG(s) 'dataset_consumes_1', 'consume_1_and_2_with_dataset_expressions', 'dataset_produces_2', 'dataset_produces_1', 'dataset_consumes_1_and_2', 'conditional_dataset_and_time_based_timetable', 'dataset_consumes_1_never_scheduled', 'consume_1_or_2_with_dataset_expressions', 'dataset_consumes_unknown_never_scheduled', 'consume_1_or_both_2_and_3_with_dataset_expressions' retrieved from /media/data/omar/programming course/DEPI/DEPI project/anomx/venv/lib/python3.12/site-packages/airflow/example_dags/example_datasets.py
[2026-06-21T22:49:24.907+0300] {logging_mixin.py:188} INFO - [2026-06-21T22:49:24.907+0300] {dag.py:3096} INFO - Sync 10 DAGs
[2026-06-21T22:49:24.927+0300] {logging_mixin.py:188} INFO - [2026-06-21T22:49:24.926+0300] {dag.py:3954} INFO - Setting next_dagrun for conditional_dataset_and_time_based_timetable to 2026-06-17 01:00:00+00:00, run_after=2026-06-17 01:00:00+00:00
[2026-06-21T22:49:24.930+0300] {logging_mixin.py:188} INFO - [2026-06-21T22:49:24.930+0300] {dag.py:3954} INFO - Setting next_dagrun for consume_1_and_2_with_dataset_expressions to None, run_after=None
[2026-06-21T22:49:24.931+0300] {logging_mixin.py:188} INFO - [2026-06-21T22:49:24.931+0300] {dag.py:3954} INFO - Setting next_dagrun for consume_1_or_2_with_dataset_expressions to None, run_after=None
[2026-06-21T22:49:24.933+0300] {logging_mixin.py:188} INFO - [2026-06-21T22:49:24.932+0300] {dag.py:3954} INFO - Setting next_dagrun for consume_1_or_both_2_and_3_with_dataset_expressions to None, run_after=None
[2026-06-21T22:49:24.934+0300] {logging_mixin.py:188} INFO - [2026-06-21T22:49:24.934+0300] {dag.py:3954} INFO - Setting next_dagrun for dataset_consumes_1 to None, run_after=None
[2026-06-21T22:49:24.935+0300] {logging_mixin.py:188} INFO - [2026-06-21T22:49:24.935+0300] {dag.py:3954} INFO - Setting next_dagrun for dataset_consumes_1_and_2 to None, run_after=None
[2026-06-21T22:49:24.937+0300] {logging_mixin.py:188} INFO - [2026-06-21T22:49:24.936+0300] {dag.py:3954} INFO - Setting next_dagrun for dataset_consumes_1_never_scheduled to None, run_after=None
[2026-06-21T22:49:24.938+0300] {logging_mixin.py:188} INFO - [2026-06-21T22:49:24.937+0300] {dag.py:3954} INFO - Setting next_dagrun for dataset_consumes_unknown_never_scheduled to None, run_after=None
[2026-06-21T22:49:24.940+0300] {logging_mixin.py:188} INFO - [2026-06-21T22:49:24.940+0300] {dag.py:3954} INFO - Setting next_dagrun for dataset_produces_1 to 2026-06-20 00:00:00+00:00, run_after=2026-06-21 00:00:00+00:00
[2026-06-21T22:49:24.941+0300] {logging_mixin.py:188} INFO - [2026-06-21T22:49:24.941+0300] {dag.py:3954} INFO - Setting next_dagrun for dataset_produces_2 to None, run_after=None
[2026-06-21T22:49:24.980+0300] {processor.py:183} INFO - Processing /media/data/omar/programming course/DEPI/DEPI project/anomx/venv/lib/python3.12/site-packages/airflow/example_dags/example_datasets.py took 0.143 seconds
[2026-06-21T22:50:22.365+0300] {processor.py:161} INFO - Started process (PID=22348) to work on /media/data/omar/programming course/DEPI/DEPI project/anomx/venv/lib/python3.12/site-packages/airflow/example_dags/example_datasets.py
[2026-06-21T22:50:22.370+0300] {processor.py:830} INFO - Processing file /media/data/omar/programming course/DEPI/DEPI project/anomx/venv/lib/python3.12/site-packages/airflow/example_dags/example_datasets.py for tasks to queue
[2026-06-21T22:50:22.377+0300] {logging_mixin.py:188} INFO - [2026-06-21T22:50:22.374+0300] {dagbag.py:540} INFO - Filling up the DagBag from /media/data/omar/programming course/DEPI/DEPI project/anomx/venv/lib/python3.12/site-packages/airflow/example_dags/example_datasets.py
[2026-06-21T22:50:22.418+0300] {processor.py:840} INFO - DAG(s) 'conditional_dataset_and_time_based_timetable', 'consume_1_and_2_with_dataset_expressions', 'consume_1_or_both_2_and_3_with_dataset_expressions', 'dataset_consumes_1', 'dataset_produces_1', 'dataset_produces_2', 'dataset_consumes_1_and_2', 'dataset_consumes_unknown_never_scheduled', 'consume_1_or_2_with_dataset_expressions', 'dataset_consumes_1_never_scheduled' retrieved from /media/data/omar/programming course/DEPI/DEPI project/anomx/venv/lib/python3.12/site-packages/airflow/example_dags/example_datasets.py
[2026-06-21T22:50:22.530+0300] {logging_mixin.py:188} INFO - [2026-06-21T22:50:22.529+0300] {dag.py:3096} INFO - Sync 10 DAGs
[2026-06-21T22:50:22.550+0300] {logging_mixin.py:188} INFO - [2026-06-21T22:50:22.550+0300] {dag.py:3954} INFO - Setting next_dagrun for conditional_dataset_and_time_based_timetable to 2026-06-17 01:00:00+00:00, run_after=2026-06-17 01:00:00+00:00
[2026-06-21T22:50:22.554+0300] {logging_mixin.py:188} INFO - [2026-06-21T22:50:22.554+0300] {dag.py:3954} INFO - Setting next_dagrun for consume_1_and_2_with_dataset_expressions to None, run_after=None
[2026-06-21T22:50:22.556+0300] {logging_mixin.py:188} INFO - [2026-06-21T22:50:22.555+0300] {dag.py:3954} INFO - Setting next_dagrun for consume_1_or_2_with_dataset_expressions to None, run_after=None
[2026-06-21T22:50:22.557+0300] {logging_mixin.py:188} INFO - [2026-06-21T22:50:22.557+0300] {dag.py:3954} INFO - Setting next_dagrun for consume_1_or_both_2_and_3_with_dataset_expressions to None, run_after=None
[2026-06-21T22:50:22.559+0300] {logging_mixin.py:188} INFO - [2026-06-21T22:50:22.558+0300] {dag.py:3954} INFO - Setting next_dagrun for dataset_consumes_1 to None, run_after=None
[2026-06-21T22:50:22.560+0300] {logging_mixin.py:188} INFO - [2026-06-21T22:50:22.560+0300] {dag.py:3954} INFO - Setting next_dagrun for dataset_consumes_1_and_2 to None, run_after=None
[2026-06-21T22:50:22.562+0300] {logging_mixin.py:188} INFO - [2026-06-21T22:50:22.561+0300] {dag.py:3954} INFO - Setting next_dagrun for dataset_consumes_1_never_scheduled to None, run_after=None
[2026-06-21T22:50:22.564+0300] {logging_mixin.py:188} INFO - [2026-06-21T22:50:22.563+0300] {dag.py:3954} INFO - Setting next_dagrun for dataset_consumes_unknown_never_scheduled to None, run_after=None
[2026-06-21T22:50:22.566+0300] {logging_mixin.py:188} INFO - [2026-06-21T22:50:22.566+0300] {dag.py:3954} INFO - Setting next_dagrun for dataset_produces_1 to 2026-06-20 00:00:00+00:00, run_after=2026-06-21 00:00:00+00:00
[2026-06-21T22:50:22.567+0300] {logging_mixin.py:188} INFO - [2026-06-21T22:50:22.567+0300] {dag.py:3954} INFO - Setting next_dagrun for dataset_produces_2 to None, run_after=None
[2026-06-21T22:50:22.676+0300] {processor.py:183} INFO - Processing /media/data/omar/programming course/DEPI/DEPI project/anomx/venv/lib/python3.12/site-packages/airflow/example_dags/example_datasets.py took 0.330 seconds
