[2026-06-22T08:15:28.104+0300] {processor.py:161} INFO - Started process (PID=42101) to work on /media/data/omar/programming course/DEPI/DEPI project/anomx/venv/lib/python3.12/site-packages/airflow/example_dags/example_dynamic_task_mapping.py
[2026-06-22T08:15:28.105+0300] {processor.py:830} INFO - Processing file /media/data/omar/programming course/DEPI/DEPI project/anomx/venv/lib/python3.12/site-packages/airflow/example_dags/example_dynamic_task_mapping.py for tasks to queue
[2026-06-22T08:15:28.106+0300] {logging_mixin.py:188} INFO - [2026-06-22T08:15:28.106+0300] {dagbag.py:540} INFO - Filling up the DagBag from /media/data/omar/programming course/DEPI/DEPI project/anomx/venv/lib/python3.12/site-packages/airflow/example_dags/example_dynamic_task_mapping.py
[2026-06-22T08:15:28.112+0300] {processor.py:840} INFO - DAG(s) 'example_dynamic_task_mapping' retrieved from /media/data/omar/programming course/DEPI/DEPI project/anomx/venv/lib/python3.12/site-packages/airflow/example_dags/example_dynamic_task_mapping.py
[2026-06-22T08:15:28.127+0300] {logging_mixin.py:188} INFO - [2026-06-22T08:15:28.126+0300] {dag.py:3096} INFO - Sync 1 DAGs
[2026-06-22T08:15:28.140+0300] {logging_mixin.py:188} INFO - [2026-06-22T08:15:28.140+0300] {dag.py:3954} INFO - Setting next_dagrun for example_dynamic_task_mapping to 2022-03-04 00:00:00+00:00, run_after=2022-03-05 00:00:00+00:00
[2026-06-22T08:15:28.165+0300] {processor.py:183} INFO - Processing /media/data/omar/programming course/DEPI/DEPI project/anomx/venv/lib/python3.12/site-packages/airflow/example_dags/example_dynamic_task_mapping.py took 0.065 seconds
[2026-06-22T08:16:23.785+0300] {processor.py:161} INFO - Started process (PID=42182) to work on /media/data/omar/programming course/DEPI/DEPI project/anomx/venv/lib/python3.12/site-packages/airflow/example_dags/example_dynamic_task_mapping.py
[2026-06-22T08:16:23.786+0300] {processor.py:830} INFO - Processing file /media/data/omar/programming course/DEPI/DEPI project/anomx/venv/lib/python3.12/site-packages/airflow/example_dags/example_dynamic_task_mapping.py for tasks to queue
[2026-06-22T08:16:23.787+0300] {logging_mixin.py:188} INFO - [2026-06-22T08:16:23.787+0300] {dagbag.py:540} INFO - Filling up the DagBag from /media/data/omar/programming course/DEPI/DEPI project/anomx/venv/lib/python3.12/site-packages/airflow/example_dags/example_dynamic_task_mapping.py
[2026-06-22T08:16:23.795+0300] {processor.py:840} INFO - DAG(s) 'example_dynamic_task_mapping' retrieved from /media/data/omar/programming course/DEPI/DEPI project/anomx/venv/lib/python3.12/site-packages/airflow/example_dags/example_dynamic_task_mapping.py
[2026-06-22T08:16:23.817+0300] {logging_mixin.py:188} INFO - [2026-06-22T08:16:23.817+0300] {dag.py:3096} INFO - Sync 1 DAGs
[2026-06-22T08:16:23.834+0300] {logging_mixin.py:188} INFO - [2026-06-22T08:16:23.834+0300] {dag.py:3954} INFO - Setting next_dagrun for example_dynamic_task_mapping to 2022-03-04 00:00:00+00:00, run_after=2022-03-05 00:00:00+00:00
[2026-06-22T08:16:23.862+0300] {processor.py:183} INFO - Processing /media/data/omar/programming course/DEPI/DEPI project/anomx/venv/lib/python3.12/site-packages/airflow/example_dags/example_dynamic_task_mapping.py took 0.086 seconds
[2026-06-22T08:17:22.051+0300] {processor.py:161} INFO - Started process (PID=42275) to work on /media/data/omar/programming course/DEPI/DEPI project/anomx/venv/lib/python3.12/site-packages/airflow/example_dags/example_dynamic_task_mapping.py
[2026-06-22T08:17:22.051+0300] {processor.py:830} INFO - Processing file /media/data/omar/programming course/DEPI/DEPI project/anomx/venv/lib/python3.12/site-packages/airflow/example_dags/example_dynamic_task_mapping.py for tasks to queue
[2026-06-22T08:17:22.053+0300] {logging_mixin.py:188} INFO - [2026-06-22T08:17:22.052+0300] {dagbag.py:540} INFO - Filling up the DagBag from /media/data/omar/programming course/DEPI/DEPI project/anomx/venv/lib/python3.12/site-packages/airflow/example_dags/example_dynamic_task_mapping.py
[2026-06-22T08:17:22.059+0300] {processor.py:840} INFO - DAG(s) 'example_dynamic_task_mapping' retrieved from /media/data/omar/programming course/DEPI/DEPI project/anomx/venv/lib/python3.12/site-packages/airflow/example_dags/example_dynamic_task_mapping.py
[2026-06-22T08:17:22.075+0300] {logging_mixin.py:188} INFO - [2026-06-22T08:17:22.074+0300] {dag.py:3096} INFO - Sync 1 DAGs
[2026-06-22T08:17:22.088+0300] {logging_mixin.py:188} INFO - [2026-06-22T08:17:22.088+0300] {dag.py:3954} INFO - Setting next_dagrun for example_dynamic_task_mapping to 2022-03-04 00:00:00+00:00, run_after=2022-03-05 00:00:00+00:00
[2026-06-22T08:17:22.115+0300] {processor.py:183} INFO - Processing /media/data/omar/programming course/DEPI/DEPI project/anomx/venv/lib/python3.12/site-packages/airflow/example_dags/example_dynamic_task_mapping.py took 0.070 seconds
[2026-06-22T08:18:16.904+0300] {processor.py:161} INFO - Started process (PID=42365) to work on /media/data/omar/programming course/DEPI/DEPI project/anomx/venv/lib/python3.12/site-packages/airflow/example_dags/example_dynamic_task_mapping.py
[2026-06-22T08:18:16.905+0300] {processor.py:830} INFO - Processing file /media/data/omar/programming course/DEPI/DEPI project/anomx/venv/lib/python3.12/site-packages/airflow/example_dags/example_dynamic_task_mapping.py for tasks to queue
[2026-06-22T08:18:16.906+0300] {logging_mixin.py:188} INFO - [2026-06-22T08:18:16.906+0300] {dagbag.py:540} INFO - Filling up the DagBag from /media/data/omar/programming course/DEPI/DEPI project/anomx/venv/lib/python3.12/site-packages/airflow/example_dags/example_dynamic_task_mapping.py
[2026-06-22T08:18:16.913+0300] {processor.py:840} INFO - DAG(s) 'example_dynamic_task_mapping' retrieved from /media/data/omar/programming course/DEPI/DEPI project/anomx/venv/lib/python3.12/site-packages/airflow/example_dags/example_dynamic_task_mapping.py
[2026-06-22T08:18:16.929+0300] {logging_mixin.py:188} INFO - [2026-06-22T08:18:16.929+0300] {dag.py:3096} INFO - Sync 1 DAGs
[2026-06-22T08:18:16.943+0300] {logging_mixin.py:188} INFO - [2026-06-22T08:18:16.942+0300] {dag.py:3954} INFO - Setting next_dagrun for example_dynamic_task_mapping to 2022-03-04 00:00:00+00:00, run_after=2022-03-05 00:00:00+00:00
[2026-06-22T08:18:16.969+0300] {processor.py:183} INFO - Processing /media/data/omar/programming course/DEPI/DEPI project/anomx/venv/lib/python3.12/site-packages/airflow/example_dags/example_dynamic_task_mapping.py took 0.071 seconds
[2026-06-22T08:19:12.053+0300] {processor.py:161} INFO - Started process (PID=42453) to work on /media/data/omar/programming course/DEPI/DEPI project/anomx/venv/lib/python3.12/site-packages/airflow/example_dags/example_dynamic_task_mapping.py
[2026-06-22T08:19:12.054+0300] {processor.py:830} INFO - Processing file /media/data/omar/programming course/DEPI/DEPI project/anomx/venv/lib/python3.12/site-packages/airflow/example_dags/example_dynamic_task_mapping.py for tasks to queue
[2026-06-22T08:19:12.055+0300] {logging_mixin.py:188} INFO - [2026-06-22T08:19:12.054+0300] {dagbag.py:540} INFO - Filling up the DagBag from /media/data/omar/programming course/DEPI/DEPI project/anomx/venv/lib/python3.12/site-packages/airflow/example_dags/example_dynamic_task_mapping.py
[2026-06-22T08:19:12.061+0300] {processor.py:840} INFO - DAG(s) 'example_dynamic_task_mapping' retrieved from /media/data/omar/programming course/DEPI/DEPI project/anomx/venv/lib/python3.12/site-packages/airflow/example_dags/example_dynamic_task_mapping.py
[2026-06-22T08:19:12.078+0300] {logging_mixin.py:188} INFO - [2026-06-22T08:19:12.078+0300] {dag.py:3096} INFO - Sync 1 DAGs
[2026-06-22T08:19:12.092+0300] {logging_mixin.py:188} INFO - [2026-06-22T08:19:12.092+0300] {dag.py:3954} INFO - Setting next_dagrun for example_dynamic_task_mapping to 2022-03-04 00:00:00+00:00, run_after=2022-03-05 00:00:00+00:00
[2026-06-22T08:19:12.119+0300] {processor.py:183} INFO - Processing /media/data/omar/programming course/DEPI/DEPI project/anomx/venv/lib/python3.12/site-packages/airflow/example_dags/example_dynamic_task_mapping.py took 0.073 seconds
[2026-06-22T08:20:07.481+0300] {processor.py:161} INFO - Started process (PID=42561) to work on /media/data/omar/programming course/DEPI/DEPI project/anomx/venv/lib/python3.12/site-packages/airflow/example_dags/example_dynamic_task_mapping.py
[2026-06-22T08:20:07.483+0300] {processor.py:830} INFO - Processing file /media/data/omar/programming course/DEPI/DEPI project/anomx/venv/lib/python3.12/site-packages/airflow/example_dags/example_dynamic_task_mapping.py for tasks to queue
[2026-06-22T08:20:07.485+0300] {logging_mixin.py:188} INFO - [2026-06-22T08:20:07.485+0300] {dagbag.py:540} INFO - Filling up the DagBag from /media/data/omar/programming course/DEPI/DEPI project/anomx/venv/lib/python3.12/site-packages/airflow/example_dags/example_dynamic_task_mapping.py
[2026-06-22T08:20:07.496+0300] {processor.py:840} INFO - DAG(s) 'example_dynamic_task_mapping' retrieved from /media/data/omar/programming course/DEPI/DEPI project/anomx/venv/lib/python3.12/site-packages/airflow/example_dags/example_dynamic_task_mapping.py
[2026-06-22T08:20:07.515+0300] {logging_mixin.py:188} INFO - [2026-06-22T08:20:07.514+0300] {dag.py:3096} INFO - Sync 1 DAGs
[2026-06-22T08:20:07.532+0300] {logging_mixin.py:188} INFO - [2026-06-22T08:20:07.532+0300] {dag.py:3954} INFO - Setting next_dagrun for example_dynamic_task_mapping to 2022-03-04 00:00:00+00:00, run_after=2022-03-05 00:00:00+00:00
[2026-06-22T08:20:07.561+0300] {processor.py:183} INFO - Processing /media/data/omar/programming course/DEPI/DEPI project/anomx/venv/lib/python3.12/site-packages/airflow/example_dags/example_dynamic_task_mapping.py took 0.102 seconds
[2026-06-22T08:21:02.982+0300] {processor.py:161} INFO - Started process (PID=42657) to work on /media/data/omar/programming course/DEPI/DEPI project/anomx/venv/lib/python3.12/site-packages/airflow/example_dags/example_dynamic_task_mapping.py
[2026-06-22T08:21:02.985+0300] {processor.py:830} INFO - Processing file /media/data/omar/programming course/DEPI/DEPI project/anomx/venv/lib/python3.12/site-packages/airflow/example_dags/example_dynamic_task_mapping.py for tasks to queue
[2026-06-22T08:21:02.988+0300] {logging_mixin.py:188} INFO - [2026-06-22T08:21:02.987+0300] {dagbag.py:540} INFO - Filling up the DagBag from /media/data/omar/programming course/DEPI/DEPI project/anomx/venv/lib/python3.12/site-packages/airflow/example_dags/example_dynamic_task_mapping.py
[2026-06-22T08:21:02.999+0300] {processor.py:840} INFO - DAG(s) 'example_dynamic_task_mapping' retrieved from /media/data/omar/programming course/DEPI/DEPI project/anomx/venv/lib/python3.12/site-packages/airflow/example_dags/example_dynamic_task_mapping.py
[2026-06-22T08:21:03.021+0300] {logging_mixin.py:188} INFO - [2026-06-22T08:21:03.021+0300] {dag.py:3096} INFO - Sync 1 DAGs
[2026-06-22T08:21:03.039+0300] {logging_mixin.py:188} INFO - [2026-06-22T08:21:03.039+0300] {dag.py:3954} INFO - Setting next_dagrun for example_dynamic_task_mapping to 2022-03-04 00:00:00+00:00, run_after=2022-03-05 00:00:00+00:00
[2026-06-22T08:21:03.066+0300] {processor.py:183} INFO - Processing /media/data/omar/programming course/DEPI/DEPI project/anomx/venv/lib/python3.12/site-packages/airflow/example_dags/example_dynamic_task_mapping.py took 0.103 seconds
[2026-06-22T08:21:57.392+0300] {processor.py:161} INFO - Started process (PID=42740) to work on /media/data/omar/programming course/DEPI/DEPI project/anomx/venv/lib/python3.12/site-packages/airflow/example_dags/example_dynamic_task_mapping.py
[2026-06-22T08:21:57.393+0300] {processor.py:830} INFO - Processing file /media/data/omar/programming course/DEPI/DEPI project/anomx/venv/lib/python3.12/site-packages/airflow/example_dags/example_dynamic_task_mapping.py for tasks to queue
[2026-06-22T08:21:57.394+0300] {logging_mixin.py:188} INFO - [2026-06-22T08:21:57.393+0300] {dagbag.py:540} INFO - Filling up the DagBag from /media/data/omar/programming course/DEPI/DEPI project/anomx/venv/lib/python3.12/site-packages/airflow/example_dags/example_dynamic_task_mapping.py
[2026-06-22T08:21:57.399+0300] {processor.py:840} INFO - DAG(s) 'example_dynamic_task_mapping' retrieved from /media/data/omar/programming course/DEPI/DEPI project/anomx/venv/lib/python3.12/site-packages/airflow/example_dags/example_dynamic_task_mapping.py
[2026-06-22T08:21:57.412+0300] {logging_mixin.py:188} INFO - [2026-06-22T08:21:57.411+0300] {dag.py:3096} INFO - Sync 1 DAGs
[2026-06-22T08:21:57.424+0300] {logging_mixin.py:188} INFO - [2026-06-22T08:21:57.424+0300] {dag.py:3954} INFO - Setting next_dagrun for example_dynamic_task_mapping to 2022-03-04 00:00:00+00:00, run_after=2022-03-05 00:00:00+00:00
[2026-06-22T08:21:57.448+0300] {processor.py:183} INFO - Processing /media/data/omar/programming course/DEPI/DEPI project/anomx/venv/lib/python3.12/site-packages/airflow/example_dags/example_dynamic_task_mapping.py took 0.061 seconds
[2026-06-22T08:22:53.047+0300] {processor.py:161} INFO - Started process (PID=42895) to work on /media/data/omar/programming course/DEPI/DEPI project/anomx/venv/lib/python3.12/site-packages/airflow/example_dags/example_dynamic_task_mapping.py
[2026-06-22T08:22:53.048+0300] {processor.py:830} INFO - Processing file /media/data/omar/programming course/DEPI/DEPI project/anomx/venv/lib/python3.12/site-packages/airflow/example_dags/example_dynamic_task_mapping.py for tasks to queue
[2026-06-22T08:22:53.051+0300] {logging_mixin.py:188} INFO - [2026-06-22T08:22:53.050+0300] {dagbag.py:540} INFO - Filling up the DagBag from /media/data/omar/programming course/DEPI/DEPI project/anomx/venv/lib/python3.12/site-packages/airflow/example_dags/example_dynamic_task_mapping.py
[2026-06-22T08:22:53.065+0300] {processor.py:840} INFO - DAG(s) 'example_dynamic_task_mapping' retrieved from /media/data/omar/programming course/DEPI/DEPI project/anomx/venv/lib/python3.12/site-packages/airflow/example_dags/example_dynamic_task_mapping.py
[2026-06-22T08:22:53.096+0300] {logging_mixin.py:188} INFO - [2026-06-22T08:22:53.095+0300] {dag.py:3096} INFO - Sync 1 DAGs
[2026-06-22T08:22:53.112+0300] {logging_mixin.py:188} INFO - [2026-06-22T08:22:53.112+0300] {dag.py:3954} INFO - Setting next_dagrun for example_dynamic_task_mapping to 2022-03-04 00:00:00+00:00, run_after=2022-03-05 00:00:00+00:00
[2026-06-22T08:22:53.138+0300] {processor.py:183} INFO - Processing /media/data/omar/programming course/DEPI/DEPI project/anomx/venv/lib/python3.12/site-packages/airflow/example_dags/example_dynamic_task_mapping.py took 0.106 seconds
[2026-06-22T08:23:47.462+0300] {processor.py:161} INFO - Started process (PID=42986) to work on /media/data/omar/programming course/DEPI/DEPI project/anomx/venv/lib/python3.12/site-packages/airflow/example_dags/example_dynamic_task_mapping.py
[2026-06-22T08:23:47.463+0300] {processor.py:830} INFO - Processing file /media/data/omar/programming course/DEPI/DEPI project/anomx/venv/lib/python3.12/site-packages/airflow/example_dags/example_dynamic_task_mapping.py for tasks to queue
[2026-06-22T08:23:47.464+0300] {logging_mixin.py:188} INFO - [2026-06-22T08:23:47.463+0300] {dagbag.py:540} INFO - Filling up the DagBag from /media/data/omar/programming course/DEPI/DEPI project/anomx/venv/lib/python3.12/site-packages/airflow/example_dags/example_dynamic_task_mapping.py
[2026-06-22T08:23:47.469+0300] {processor.py:840} INFO - DAG(s) 'example_dynamic_task_mapping' retrieved from /media/data/omar/programming course/DEPI/DEPI project/anomx/venv/lib/python3.12/site-packages/airflow/example_dags/example_dynamic_task_mapping.py
[2026-06-22T08:23:47.483+0300] {logging_mixin.py:188} INFO - [2026-06-22T08:23:47.483+0300] {dag.py:3096} INFO - Sync 1 DAGs
[2026-06-22T08:23:47.498+0300] {logging_mixin.py:188} INFO - [2026-06-22T08:23:47.497+0300] {dag.py:3954} INFO - Setting next_dagrun for example_dynamic_task_mapping to 2022-03-04 00:00:00+00:00, run_after=2022-03-05 00:00:00+00:00
[2026-06-22T08:23:47.524+0300] {processor.py:183} INFO - Processing /media/data/omar/programming course/DEPI/DEPI project/anomx/venv/lib/python3.12/site-packages/airflow/example_dags/example_dynamic_task_mapping.py took 0.067 seconds
[2026-06-22T08:24:41.550+0300] {processor.py:161} INFO - Started process (PID=43079) to work on /media/data/omar/programming course/DEPI/DEPI project/anomx/venv/lib/python3.12/site-packages/airflow/example_dags/example_dynamic_task_mapping.py
[2026-06-22T08:24:41.550+0300] {processor.py:830} INFO - Processing file /media/data/omar/programming course/DEPI/DEPI project/anomx/venv/lib/python3.12/site-packages/airflow/example_dags/example_dynamic_task_mapping.py for tasks to queue
[2026-06-22T08:24:41.551+0300] {logging_mixin.py:188} INFO - [2026-06-22T08:24:41.551+0300] {dagbag.py:540} INFO - Filling up the DagBag from /media/data/omar/programming course/DEPI/DEPI project/anomx/venv/lib/python3.12/site-packages/airflow/example_dags/example_dynamic_task_mapping.py
[2026-06-22T08:24:41.557+0300] {processor.py:840} INFO - DAG(s) 'example_dynamic_task_mapping' retrieved from /media/data/omar/programming course/DEPI/DEPI project/anomx/venv/lib/python3.12/site-packages/airflow/example_dags/example_dynamic_task_mapping.py
[2026-06-22T08:24:41.571+0300] {logging_mixin.py:188} INFO - [2026-06-22T08:24:41.571+0300] {dag.py:3096} INFO - Sync 1 DAGs
[2026-06-22T08:24:41.584+0300] {logging_mixin.py:188} INFO - [2026-06-22T08:24:41.584+0300] {dag.py:3954} INFO - Setting next_dagrun for example_dynamic_task_mapping to 2022-03-04 00:00:00+00:00, run_after=2022-03-05 00:00:00+00:00
[2026-06-22T08:24:41.610+0300] {processor.py:183} INFO - Processing /media/data/omar/programming course/DEPI/DEPI project/anomx/venv/lib/python3.12/site-packages/airflow/example_dags/example_dynamic_task_mapping.py took 0.066 seconds
[2026-06-22T08:25:34.529+0300] {processor.py:161} INFO - Started process (PID=43160) to work on /media/data/omar/programming course/DEPI/DEPI project/anomx/venv/lib/python3.12/site-packages/airflow/example_dags/example_dynamic_task_mapping.py
[2026-06-22T08:25:34.531+0300] {processor.py:830} INFO - Processing file /media/data/omar/programming course/DEPI/DEPI project/anomx/venv/lib/python3.12/site-packages/airflow/example_dags/example_dynamic_task_mapping.py for tasks to queue
[2026-06-22T08:25:34.535+0300] {logging_mixin.py:188} INFO - [2026-06-22T08:25:34.533+0300] {dagbag.py:540} INFO - Filling up the DagBag from /media/data/omar/programming course/DEPI/DEPI project/anomx/venv/lib/python3.12/site-packages/airflow/example_dags/example_dynamic_task_mapping.py
[2026-06-22T08:25:34.547+0300] {processor.py:840} INFO - DAG(s) 'example_dynamic_task_mapping' retrieved from /media/data/omar/programming course/DEPI/DEPI project/anomx/venv/lib/python3.12/site-packages/airflow/example_dags/example_dynamic_task_mapping.py
[2026-06-22T08:25:34.565+0300] {logging_mixin.py:188} INFO - [2026-06-22T08:25:34.565+0300] {dag.py:3096} INFO - Sync 1 DAGs
[2026-06-22T08:25:34.579+0300] {logging_mixin.py:188} INFO - [2026-06-22T08:25:34.578+0300] {dag.py:3954} INFO - Setting next_dagrun for example_dynamic_task_mapping to 2022-03-04 00:00:00+00:00, run_after=2022-03-05 00:00:00+00:00
[2026-06-22T08:25:34.604+0300] {processor.py:183} INFO - Processing /media/data/omar/programming course/DEPI/DEPI project/anomx/venv/lib/python3.12/site-packages/airflow/example_dags/example_dynamic_task_mapping.py took 0.089 seconds
[2026-06-22T08:26:30.126+0300] {processor.py:161} INFO - Started process (PID=43258) to work on /media/data/omar/programming course/DEPI/DEPI project/anomx/venv/lib/python3.12/site-packages/airflow/example_dags/example_dynamic_task_mapping.py
[2026-06-22T08:26:30.128+0300] {processor.py:830} INFO - Processing file /media/data/omar/programming course/DEPI/DEPI project/anomx/venv/lib/python3.12/site-packages/airflow/example_dags/example_dynamic_task_mapping.py for tasks to queue
[2026-06-22T08:26:30.130+0300] {logging_mixin.py:188} INFO - [2026-06-22T08:26:30.129+0300] {dagbag.py:540} INFO - Filling up the DagBag from /media/data/omar/programming course/DEPI/DEPI project/anomx/venv/lib/python3.12/site-packages/airflow/example_dags/example_dynamic_task_mapping.py
[2026-06-22T08:26:30.138+0300] {processor.py:840} INFO - DAG(s) 'example_dynamic_task_mapping' retrieved from /media/data/omar/programming course/DEPI/DEPI project/anomx/venv/lib/python3.12/site-packages/airflow/example_dags/example_dynamic_task_mapping.py
[2026-06-22T08:26:30.155+0300] {logging_mixin.py:188} INFO - [2026-06-22T08:26:30.155+0300] {dag.py:3096} INFO - Sync 1 DAGs
[2026-06-22T08:26:30.171+0300] {logging_mixin.py:188} INFO - [2026-06-22T08:26:30.171+0300] {dag.py:3954} INFO - Setting next_dagrun for example_dynamic_task_mapping to 2022-03-04 00:00:00+00:00, run_after=2022-03-05 00:00:00+00:00
[2026-06-22T08:26:30.202+0300] {processor.py:183} INFO - Processing /media/data/omar/programming course/DEPI/DEPI project/anomx/venv/lib/python3.12/site-packages/airflow/example_dags/example_dynamic_task_mapping.py took 0.094 seconds
[2026-06-22T08:27:25.633+0300] {processor.py:161} INFO - Started process (PID=43347) to work on /media/data/omar/programming course/DEPI/DEPI project/anomx/venv/lib/python3.12/site-packages/airflow/example_dags/example_dynamic_task_mapping.py
[2026-06-22T08:27:25.634+0300] {processor.py:830} INFO - Processing file /media/data/omar/programming course/DEPI/DEPI project/anomx/venv/lib/python3.12/site-packages/airflow/example_dags/example_dynamic_task_mapping.py for tasks to queue
[2026-06-22T08:27:25.635+0300] {logging_mixin.py:188} INFO - [2026-06-22T08:27:25.634+0300] {dagbag.py:540} INFO - Filling up the DagBag from /media/data/omar/programming course/DEPI/DEPI project/anomx/venv/lib/python3.12/site-packages/airflow/example_dags/example_dynamic_task_mapping.py
[2026-06-22T08:27:25.640+0300] {processor.py:840} INFO - DAG(s) 'example_dynamic_task_mapping' retrieved from /media/data/omar/programming course/DEPI/DEPI project/anomx/venv/lib/python3.12/site-packages/airflow/example_dags/example_dynamic_task_mapping.py
[2026-06-22T08:27:25.653+0300] {logging_mixin.py:188} INFO - [2026-06-22T08:27:25.653+0300] {dag.py:3096} INFO - Sync 1 DAGs
[2026-06-22T08:27:25.666+0300] {logging_mixin.py:188} INFO - [2026-06-22T08:27:25.666+0300] {dag.py:3954} INFO - Setting next_dagrun for example_dynamic_task_mapping to 2022-03-04 00:00:00+00:00, run_after=2022-03-05 00:00:00+00:00
[2026-06-22T08:27:25.691+0300] {processor.py:183} INFO - Processing /media/data/omar/programming course/DEPI/DEPI project/anomx/venv/lib/python3.12/site-packages/airflow/example_dags/example_dynamic_task_mapping.py took 0.063 seconds
[2026-06-22T08:28:41.104+0300] {processor.py:161} INFO - Started process (PID=43485) to work on /media/data/omar/programming course/DEPI/DEPI project/anomx/venv/lib/python3.12/site-packages/airflow/example_dags/example_dynamic_task_mapping.py
[2026-06-22T08:28:41.105+0300] {processor.py:830} INFO - Processing file /media/data/omar/programming course/DEPI/DEPI project/anomx/venv/lib/python3.12/site-packages/airflow/example_dags/example_dynamic_task_mapping.py for tasks to queue
[2026-06-22T08:28:41.106+0300] {logging_mixin.py:188} INFO - [2026-06-22T08:28:41.106+0300] {dagbag.py:540} INFO - Filling up the DagBag from /media/data/omar/programming course/DEPI/DEPI project/anomx/venv/lib/python3.12/site-packages/airflow/example_dags/example_dynamic_task_mapping.py
[2026-06-22T08:28:41.111+0300] {processor.py:840} INFO - DAG(s) 'example_dynamic_task_mapping' retrieved from /media/data/omar/programming course/DEPI/DEPI project/anomx/venv/lib/python3.12/site-packages/airflow/example_dags/example_dynamic_task_mapping.py
[2026-06-22T08:28:41.125+0300] {logging_mixin.py:188} INFO - [2026-06-22T08:28:41.125+0300] {dag.py:3096} INFO - Sync 1 DAGs
[2026-06-22T08:28:41.138+0300] {logging_mixin.py:188} INFO - [2026-06-22T08:28:41.138+0300] {dag.py:3954} INFO - Setting next_dagrun for example_dynamic_task_mapping to 2022-03-04 00:00:00+00:00, run_after=2022-03-05 00:00:00+00:00
[2026-06-22T08:28:41.163+0300] {processor.py:183} INFO - Processing /media/data/omar/programming course/DEPI/DEPI project/anomx/venv/lib/python3.12/site-packages/airflow/example_dags/example_dynamic_task_mapping.py took 0.064 seconds
[2026-06-22T08:29:34.027+0300] {processor.py:161} INFO - Started process (PID=43565) to work on /media/data/omar/programming course/DEPI/DEPI project/anomx/venv/lib/python3.12/site-packages/airflow/example_dags/example_dynamic_task_mapping.py
[2026-06-22T08:29:34.029+0300] {processor.py:830} INFO - Processing file /media/data/omar/programming course/DEPI/DEPI project/anomx/venv/lib/python3.12/site-packages/airflow/example_dags/example_dynamic_task_mapping.py for tasks to queue
[2026-06-22T08:29:34.030+0300] {logging_mixin.py:188} INFO - [2026-06-22T08:29:34.029+0300] {dagbag.py:540} INFO - Filling up the DagBag from /media/data/omar/programming course/DEPI/DEPI project/anomx/venv/lib/python3.12/site-packages/airflow/example_dags/example_dynamic_task_mapping.py
[2026-06-22T08:29:34.035+0300] {processor.py:840} INFO - DAG(s) 'example_dynamic_task_mapping' retrieved from /media/data/omar/programming course/DEPI/DEPI project/anomx/venv/lib/python3.12/site-packages/airflow/example_dags/example_dynamic_task_mapping.py
[2026-06-22T08:29:34.048+0300] {logging_mixin.py:188} INFO - [2026-06-22T08:29:34.047+0300] {dag.py:3096} INFO - Sync 1 DAGs
[2026-06-22T08:29:34.060+0300] {logging_mixin.py:188} INFO - [2026-06-22T08:29:34.060+0300] {dag.py:3954} INFO - Setting next_dagrun for example_dynamic_task_mapping to 2022-03-04 00:00:00+00:00, run_after=2022-03-05 00:00:00+00:00
[2026-06-22T08:29:34.087+0300] {processor.py:183} INFO - Processing /media/data/omar/programming course/DEPI/DEPI project/anomx/venv/lib/python3.12/site-packages/airflow/example_dags/example_dynamic_task_mapping.py took 0.064 seconds
[2026-06-22T08:30:49.911+0300] {processor.py:161} INFO - Started process (PID=43688) to work on /media/data/omar/programming course/DEPI/DEPI project/anomx/venv/lib/python3.12/site-packages/airflow/example_dags/example_dynamic_task_mapping.py
[2026-06-22T08:30:49.914+0300] {processor.py:830} INFO - Processing file /media/data/omar/programming course/DEPI/DEPI project/anomx/venv/lib/python3.12/site-packages/airflow/example_dags/example_dynamic_task_mapping.py for tasks to queue
[2026-06-22T08:30:49.918+0300] {logging_mixin.py:188} INFO - [2026-06-22T08:30:49.916+0300] {dagbag.py:540} INFO - Filling up the DagBag from /media/data/omar/programming course/DEPI/DEPI project/anomx/venv/lib/python3.12/site-packages/airflow/example_dags/example_dynamic_task_mapping.py
[2026-06-22T08:30:49.932+0300] {processor.py:840} INFO - DAG(s) 'example_dynamic_task_mapping' retrieved from /media/data/omar/programming course/DEPI/DEPI project/anomx/venv/lib/python3.12/site-packages/airflow/example_dags/example_dynamic_task_mapping.py
[2026-06-22T08:30:49.949+0300] {logging_mixin.py:188} INFO - [2026-06-22T08:30:49.949+0300] {dag.py:3096} INFO - Sync 1 DAGs
[2026-06-22T08:30:49.962+0300] {logging_mixin.py:188} INFO - [2026-06-22T08:30:49.962+0300] {dag.py:3954} INFO - Setting next_dagrun for example_dynamic_task_mapping to 2022-03-04 00:00:00+00:00, run_after=2022-03-05 00:00:00+00:00
[2026-06-22T08:30:49.987+0300] {processor.py:183} INFO - Processing /media/data/omar/programming course/DEPI/DEPI project/anomx/venv/lib/python3.12/site-packages/airflow/example_dags/example_dynamic_task_mapping.py took 0.094 seconds
[2026-06-22T08:31:45.625+0300] {processor.py:161} INFO - Started process (PID=43789) to work on /media/data/omar/programming course/DEPI/DEPI project/anomx/venv/lib/python3.12/site-packages/airflow/example_dags/example_dynamic_task_mapping.py
[2026-06-22T08:31:45.626+0300] {processor.py:830} INFO - Processing file /media/data/omar/programming course/DEPI/DEPI project/anomx/venv/lib/python3.12/site-packages/airflow/example_dags/example_dynamic_task_mapping.py for tasks to queue
[2026-06-22T08:31:45.626+0300] {logging_mixin.py:188} INFO - [2026-06-22T08:31:45.626+0300] {dagbag.py:540} INFO - Filling up the DagBag from /media/data/omar/programming course/DEPI/DEPI project/anomx/venv/lib/python3.12/site-packages/airflow/example_dags/example_dynamic_task_mapping.py
[2026-06-22T08:31:45.632+0300] {processor.py:840} INFO - DAG(s) 'example_dynamic_task_mapping' retrieved from /media/data/omar/programming course/DEPI/DEPI project/anomx/venv/lib/python3.12/site-packages/airflow/example_dags/example_dynamic_task_mapping.py
[2026-06-22T08:31:45.645+0300] {logging_mixin.py:188} INFO - [2026-06-22T08:31:45.644+0300] {dag.py:3096} INFO - Sync 1 DAGs
[2026-06-22T08:31:45.658+0300] {logging_mixin.py:188} INFO - [2026-06-22T08:31:45.658+0300] {dag.py:3954} INFO - Setting next_dagrun for example_dynamic_task_mapping to 2022-03-04 00:00:00+00:00, run_after=2022-03-05 00:00:00+00:00
[2026-06-22T08:31:45.714+0300] {processor.py:183} INFO - Processing /media/data/omar/programming course/DEPI/DEPI project/anomx/venv/lib/python3.12/site-packages/airflow/example_dags/example_dynamic_task_mapping.py took 0.094 seconds
[2026-06-22T08:32:37.426+0300] {processor.py:161} INFO - Started process (PID=43866) to work on /media/data/omar/programming course/DEPI/DEPI project/anomx/venv/lib/python3.12/site-packages/airflow/example_dags/example_dynamic_task_mapping.py
[2026-06-22T08:32:37.427+0300] {processor.py:830} INFO - Processing file /media/data/omar/programming course/DEPI/DEPI project/anomx/venv/lib/python3.12/site-packages/airflow/example_dags/example_dynamic_task_mapping.py for tasks to queue
[2026-06-22T08:32:37.428+0300] {logging_mixin.py:188} INFO - [2026-06-22T08:32:37.427+0300] {dagbag.py:540} INFO - Filling up the DagBag from /media/data/omar/programming course/DEPI/DEPI project/anomx/venv/lib/python3.12/site-packages/airflow/example_dags/example_dynamic_task_mapping.py
[2026-06-22T08:32:37.433+0300] {processor.py:840} INFO - DAG(s) 'example_dynamic_task_mapping' retrieved from /media/data/omar/programming course/DEPI/DEPI project/anomx/venv/lib/python3.12/site-packages/airflow/example_dags/example_dynamic_task_mapping.py
[2026-06-22T08:32:37.449+0300] {logging_mixin.py:188} INFO - [2026-06-22T08:32:37.448+0300] {dag.py:3096} INFO - Sync 1 DAGs
[2026-06-22T08:32:37.462+0300] {logging_mixin.py:188} INFO - [2026-06-22T08:32:37.461+0300] {dag.py:3954} INFO - Setting next_dagrun for example_dynamic_task_mapping to 2022-03-04 00:00:00+00:00, run_after=2022-03-05 00:00:00+00:00
[2026-06-22T08:32:37.488+0300] {processor.py:183} INFO - Processing /media/data/omar/programming course/DEPI/DEPI project/anomx/venv/lib/python3.12/site-packages/airflow/example_dags/example_dynamic_task_mapping.py took 0.066 seconds
[2026-06-22T08:33:52.415+0300] {processor.py:161} INFO - Started process (PID=43993) to work on /media/data/omar/programming course/DEPI/DEPI project/anomx/venv/lib/python3.12/site-packages/airflow/example_dags/example_dynamic_task_mapping.py
[2026-06-22T08:33:52.415+0300] {processor.py:830} INFO - Processing file /media/data/omar/programming course/DEPI/DEPI project/anomx/venv/lib/python3.12/site-packages/airflow/example_dags/example_dynamic_task_mapping.py for tasks to queue
[2026-06-22T08:33:52.416+0300] {logging_mixin.py:188} INFO - [2026-06-22T08:33:52.416+0300] {dagbag.py:540} INFO - Filling up the DagBag from /media/data/omar/programming course/DEPI/DEPI project/anomx/venv/lib/python3.12/site-packages/airflow/example_dags/example_dynamic_task_mapping.py
[2026-06-22T08:33:52.422+0300] {processor.py:840} INFO - DAG(s) 'example_dynamic_task_mapping' retrieved from /media/data/omar/programming course/DEPI/DEPI project/anomx/venv/lib/python3.12/site-packages/airflow/example_dags/example_dynamic_task_mapping.py
[2026-06-22T08:33:52.435+0300] {logging_mixin.py:188} INFO - [2026-06-22T08:33:52.434+0300] {dag.py:3096} INFO - Sync 1 DAGs
[2026-06-22T08:33:52.447+0300] {logging_mixin.py:188} INFO - [2026-06-22T08:33:52.447+0300] {dag.py:3954} INFO - Setting next_dagrun for example_dynamic_task_mapping to 2022-03-04 00:00:00+00:00, run_after=2022-03-05 00:00:00+00:00
[2026-06-22T08:33:52.472+0300] {processor.py:183} INFO - Processing /media/data/omar/programming course/DEPI/DEPI project/anomx/venv/lib/python3.12/site-packages/airflow/example_dags/example_dynamic_task_mapping.py took 0.062 seconds
[2026-06-22T08:34:45.233+0300] {processor.py:161} INFO - Started process (PID=44079) to work on /media/data/omar/programming course/DEPI/DEPI project/anomx/venv/lib/python3.12/site-packages/airflow/example_dags/example_dynamic_task_mapping.py
[2026-06-22T08:34:45.235+0300] {processor.py:830} INFO - Processing file /media/data/omar/programming course/DEPI/DEPI project/anomx/venv/lib/python3.12/site-packages/airflow/example_dags/example_dynamic_task_mapping.py for tasks to queue
[2026-06-22T08:34:45.239+0300] {logging_mixin.py:188} INFO - [2026-06-22T08:34:45.237+0300] {dagbag.py:540} INFO - Filling up the DagBag from /media/data/omar/programming course/DEPI/DEPI project/anomx/venv/lib/python3.12/site-packages/airflow/example_dags/example_dynamic_task_mapping.py
[2026-06-22T08:34:45.249+0300] {processor.py:840} INFO - DAG(s) 'example_dynamic_task_mapping' retrieved from /media/data/omar/programming course/DEPI/DEPI project/anomx/venv/lib/python3.12/site-packages/airflow/example_dags/example_dynamic_task_mapping.py
[2026-06-22T08:34:45.264+0300] {logging_mixin.py:188} INFO - [2026-06-22T08:34:45.264+0300] {dag.py:3096} INFO - Sync 1 DAGs
[2026-06-22T08:34:45.277+0300] {logging_mixin.py:188} INFO - [2026-06-22T08:34:45.277+0300] {dag.py:3954} INFO - Setting next_dagrun for example_dynamic_task_mapping to 2022-03-04 00:00:00+00:00, run_after=2022-03-05 00:00:00+00:00
[2026-06-22T08:34:45.302+0300] {processor.py:183} INFO - Processing /media/data/omar/programming course/DEPI/DEPI project/anomx/venv/lib/python3.12/site-packages/airflow/example_dags/example_dynamic_task_mapping.py took 0.087 seconds
[2026-06-22T08:35:53.281+0300] {processor.py:161} INFO - Started process (PID=44183) to work on /media/data/omar/programming course/DEPI/DEPI project/anomx/venv/lib/python3.12/site-packages/airflow/example_dags/example_dynamic_task_mapping.py
[2026-06-22T08:35:53.282+0300] {processor.py:830} INFO - Processing file /media/data/omar/programming course/DEPI/DEPI project/anomx/venv/lib/python3.12/site-packages/airflow/example_dags/example_dynamic_task_mapping.py for tasks to queue
[2026-06-22T08:35:53.283+0300] {logging_mixin.py:188} INFO - [2026-06-22T08:35:53.282+0300] {dagbag.py:540} INFO - Filling up the DagBag from /media/data/omar/programming course/DEPI/DEPI project/anomx/venv/lib/python3.12/site-packages/airflow/example_dags/example_dynamic_task_mapping.py
[2026-06-22T08:35:53.288+0300] {processor.py:840} INFO - DAG(s) 'example_dynamic_task_mapping' retrieved from /media/data/omar/programming course/DEPI/DEPI project/anomx/venv/lib/python3.12/site-packages/airflow/example_dags/example_dynamic_task_mapping.py
[2026-06-22T08:35:53.301+0300] {logging_mixin.py:188} INFO - [2026-06-22T08:35:53.301+0300] {dag.py:3096} INFO - Sync 1 DAGs
[2026-06-22T08:35:53.314+0300] {logging_mixin.py:188} INFO - [2026-06-22T08:35:53.314+0300] {dag.py:3954} INFO - Setting next_dagrun for example_dynamic_task_mapping to 2022-03-04 00:00:00+00:00, run_after=2022-03-05 00:00:00+00:00
[2026-06-22T08:35:53.341+0300] {processor.py:183} INFO - Processing /media/data/omar/programming course/DEPI/DEPI project/anomx/venv/lib/python3.12/site-packages/airflow/example_dags/example_dynamic_task_mapping.py took 0.065 seconds
[2026-06-22T08:37:07.762+0300] {processor.py:161} INFO - Started process (PID=44304) to work on /media/data/omar/programming course/DEPI/DEPI project/anomx/venv/lib/python3.12/site-packages/airflow/example_dags/example_dynamic_task_mapping.py
[2026-06-22T08:37:07.764+0300] {processor.py:830} INFO - Processing file /media/data/omar/programming course/DEPI/DEPI project/anomx/venv/lib/python3.12/site-packages/airflow/example_dags/example_dynamic_task_mapping.py for tasks to queue
[2026-06-22T08:37:07.766+0300] {logging_mixin.py:188} INFO - [2026-06-22T08:37:07.765+0300] {dagbag.py:540} INFO - Filling up the DagBag from /media/data/omar/programming course/DEPI/DEPI project/anomx/venv/lib/python3.12/site-packages/airflow/example_dags/example_dynamic_task_mapping.py
[2026-06-22T08:37:07.779+0300] {processor.py:840} INFO - DAG(s) 'example_dynamic_task_mapping' retrieved from /media/data/omar/programming course/DEPI/DEPI project/anomx/venv/lib/python3.12/site-packages/airflow/example_dags/example_dynamic_task_mapping.py
[2026-06-22T08:37:07.799+0300] {logging_mixin.py:188} INFO - [2026-06-22T08:37:07.798+0300] {dag.py:3096} INFO - Sync 1 DAGs
[2026-06-22T08:37:07.811+0300] {logging_mixin.py:188} INFO - [2026-06-22T08:37:07.811+0300] {dag.py:3954} INFO - Setting next_dagrun for example_dynamic_task_mapping to 2022-03-04 00:00:00+00:00, run_after=2022-03-05 00:00:00+00:00
[2026-06-22T08:37:07.836+0300] {processor.py:183} INFO - Processing /media/data/omar/programming course/DEPI/DEPI project/anomx/venv/lib/python3.12/site-packages/airflow/example_dags/example_dynamic_task_mapping.py took 0.088 seconds
[2026-06-22T08:37:58.715+0300] {processor.py:161} INFO - Started process (PID=44380) to work on /media/data/omar/programming course/DEPI/DEPI project/anomx/venv/lib/python3.12/site-packages/airflow/example_dags/example_dynamic_task_mapping.py
[2026-06-22T08:37:58.715+0300] {processor.py:830} INFO - Processing file /media/data/omar/programming course/DEPI/DEPI project/anomx/venv/lib/python3.12/site-packages/airflow/example_dags/example_dynamic_task_mapping.py for tasks to queue
[2026-06-22T08:37:58.716+0300] {logging_mixin.py:188} INFO - [2026-06-22T08:37:58.716+0300] {dagbag.py:540} INFO - Filling up the DagBag from /media/data/omar/programming course/DEPI/DEPI project/anomx/venv/lib/python3.12/site-packages/airflow/example_dags/example_dynamic_task_mapping.py
[2026-06-22T08:37:58.721+0300] {processor.py:840} INFO - DAG(s) 'example_dynamic_task_mapping' retrieved from /media/data/omar/programming course/DEPI/DEPI project/anomx/venv/lib/python3.12/site-packages/airflow/example_dags/example_dynamic_task_mapping.py
[2026-06-22T08:37:58.735+0300] {logging_mixin.py:188} INFO - [2026-06-22T08:37:58.734+0300] {dag.py:3096} INFO - Sync 1 DAGs
[2026-06-22T08:37:58.747+0300] {logging_mixin.py:188} INFO - [2026-06-22T08:37:58.747+0300] {dag.py:3954} INFO - Setting next_dagrun for example_dynamic_task_mapping to 2022-03-04 00:00:00+00:00, run_after=2022-03-05 00:00:00+00:00
[2026-06-22T08:37:58.771+0300] {processor.py:183} INFO - Processing /media/data/omar/programming course/DEPI/DEPI project/anomx/venv/lib/python3.12/site-packages/airflow/example_dags/example_dynamic_task_mapping.py took 0.062 seconds
[2026-06-22T08:39:16.285+0300] {processor.py:161} INFO - Started process (PID=44504) to work on /media/data/omar/programming course/DEPI/DEPI project/anomx/venv/lib/python3.12/site-packages/airflow/example_dags/example_dynamic_task_mapping.py
[2026-06-22T08:39:16.287+0300] {processor.py:830} INFO - Processing file /media/data/omar/programming course/DEPI/DEPI project/anomx/venv/lib/python3.12/site-packages/airflow/example_dags/example_dynamic_task_mapping.py for tasks to queue
[2026-06-22T08:39:16.290+0300] {logging_mixin.py:188} INFO - [2026-06-22T08:39:16.289+0300] {dagbag.py:540} INFO - Filling up the DagBag from /media/data/omar/programming course/DEPI/DEPI project/anomx/venv/lib/python3.12/site-packages/airflow/example_dags/example_dynamic_task_mapping.py
[2026-06-22T08:39:16.301+0300] {processor.py:840} INFO - DAG(s) 'example_dynamic_task_mapping' retrieved from /media/data/omar/programming course/DEPI/DEPI project/anomx/venv/lib/python3.12/site-packages/airflow/example_dags/example_dynamic_task_mapping.py
[2026-06-22T08:39:16.323+0300] {logging_mixin.py:188} INFO - [2026-06-22T08:39:16.322+0300] {dag.py:3096} INFO - Sync 1 DAGs
[2026-06-22T08:39:16.342+0300] {logging_mixin.py:188} INFO - [2026-06-22T08:39:16.342+0300] {dag.py:3954} INFO - Setting next_dagrun for example_dynamic_task_mapping to 2022-03-04 00:00:00+00:00, run_after=2022-03-05 00:00:00+00:00
[2026-06-22T08:39:16.421+0300] {processor.py:183} INFO - Processing /media/data/omar/programming course/DEPI/DEPI project/anomx/venv/lib/python3.12/site-packages/airflow/example_dags/example_dynamic_task_mapping.py took 0.150 seconds
[2026-06-22T08:40:09.925+0300] {processor.py:161} INFO - Started process (PID=44586) to work on /media/data/omar/programming course/DEPI/DEPI project/anomx/venv/lib/python3.12/site-packages/airflow/example_dags/example_dynamic_task_mapping.py
[2026-06-22T08:40:09.927+0300] {processor.py:830} INFO - Processing file /media/data/omar/programming course/DEPI/DEPI project/anomx/venv/lib/python3.12/site-packages/airflow/example_dags/example_dynamic_task_mapping.py for tasks to queue
[2026-06-22T08:40:09.928+0300] {logging_mixin.py:188} INFO - [2026-06-22T08:40:09.928+0300] {dagbag.py:540} INFO - Filling up the DagBag from /media/data/omar/programming course/DEPI/DEPI project/anomx/venv/lib/python3.12/site-packages/airflow/example_dags/example_dynamic_task_mapping.py
[2026-06-22T08:40:09.935+0300] {processor.py:840} INFO - DAG(s) 'example_dynamic_task_mapping' retrieved from /media/data/omar/programming course/DEPI/DEPI project/anomx/venv/lib/python3.12/site-packages/airflow/example_dags/example_dynamic_task_mapping.py
[2026-06-22T08:40:09.952+0300] {logging_mixin.py:188} INFO - [2026-06-22T08:40:09.952+0300] {dag.py:3096} INFO - Sync 1 DAGs
[2026-06-22T08:40:09.968+0300] {logging_mixin.py:188} INFO - [2026-06-22T08:40:09.968+0300] {dag.py:3954} INFO - Setting next_dagrun for example_dynamic_task_mapping to 2022-03-04 00:00:00+00:00, run_after=2022-03-05 00:00:00+00:00
[2026-06-22T08:40:10.000+0300] {processor.py:183} INFO - Processing /media/data/omar/programming course/DEPI/DEPI project/anomx/venv/lib/python3.12/site-packages/airflow/example_dags/example_dynamic_task_mapping.py took 0.083 seconds
[2026-06-22T08:41:05.470+0300] {processor.py:161} INFO - Started process (PID=44688) to work on /media/data/omar/programming course/DEPI/DEPI project/anomx/venv/lib/python3.12/site-packages/airflow/example_dags/example_dynamic_task_mapping.py
[2026-06-22T08:41:05.471+0300] {processor.py:830} INFO - Processing file /media/data/omar/programming course/DEPI/DEPI project/anomx/venv/lib/python3.12/site-packages/airflow/example_dags/example_dynamic_task_mapping.py for tasks to queue
[2026-06-22T08:41:05.473+0300] {logging_mixin.py:188} INFO - [2026-06-22T08:41:05.472+0300] {dagbag.py:540} INFO - Filling up the DagBag from /media/data/omar/programming course/DEPI/DEPI project/anomx/venv/lib/python3.12/site-packages/airflow/example_dags/example_dynamic_task_mapping.py
[2026-06-22T08:41:05.481+0300] {processor.py:840} INFO - DAG(s) 'example_dynamic_task_mapping' retrieved from /media/data/omar/programming course/DEPI/DEPI project/anomx/venv/lib/python3.12/site-packages/airflow/example_dags/example_dynamic_task_mapping.py
[2026-06-22T08:41:05.504+0300] {logging_mixin.py:188} INFO - [2026-06-22T08:41:05.503+0300] {dag.py:3096} INFO - Sync 1 DAGs
[2026-06-22T08:41:05.522+0300] {logging_mixin.py:188} INFO - [2026-06-22T08:41:05.522+0300] {dag.py:3954} INFO - Setting next_dagrun for example_dynamic_task_mapping to 2022-03-04 00:00:00+00:00, run_after=2022-03-05 00:00:00+00:00
[2026-06-22T08:41:05.551+0300] {processor.py:183} INFO - Processing /media/data/omar/programming course/DEPI/DEPI project/anomx/venv/lib/python3.12/site-packages/airflow/example_dags/example_dynamic_task_mapping.py took 0.090 seconds
[2026-06-22T08:42:00.391+0300] {processor.py:161} INFO - Started process (PID=44768) to work on /media/data/omar/programming course/DEPI/DEPI project/anomx/venv/lib/python3.12/site-packages/airflow/example_dags/example_dynamic_task_mapping.py
[2026-06-22T08:42:00.392+0300] {processor.py:830} INFO - Processing file /media/data/omar/programming course/DEPI/DEPI project/anomx/venv/lib/python3.12/site-packages/airflow/example_dags/example_dynamic_task_mapping.py for tasks to queue
[2026-06-22T08:42:00.394+0300] {logging_mixin.py:188} INFO - [2026-06-22T08:42:00.393+0300] {dagbag.py:540} INFO - Filling up the DagBag from /media/data/omar/programming course/DEPI/DEPI project/anomx/venv/lib/python3.12/site-packages/airflow/example_dags/example_dynamic_task_mapping.py
[2026-06-22T08:42:00.403+0300] {processor.py:840} INFO - DAG(s) 'example_dynamic_task_mapping' retrieved from /media/data/omar/programming course/DEPI/DEPI project/anomx/venv/lib/python3.12/site-packages/airflow/example_dags/example_dynamic_task_mapping.py
[2026-06-22T08:42:00.423+0300] {logging_mixin.py:188} INFO - [2026-06-22T08:42:00.422+0300] {dag.py:3096} INFO - Sync 1 DAGs
[2026-06-22T08:42:00.439+0300] {logging_mixin.py:188} INFO - [2026-06-22T08:42:00.438+0300] {dag.py:3954} INFO - Setting next_dagrun for example_dynamic_task_mapping to 2022-03-04 00:00:00+00:00, run_after=2022-03-05 00:00:00+00:00
[2026-06-22T08:42:00.467+0300] {processor.py:183} INFO - Processing /media/data/omar/programming course/DEPI/DEPI project/anomx/venv/lib/python3.12/site-packages/airflow/example_dags/example_dynamic_task_mapping.py took 0.091 seconds
[2026-06-22T08:42:51.250+0300] {processor.py:161} INFO - Started process (PID=44852) to work on /media/data/omar/programming course/DEPI/DEPI project/anomx/venv/lib/python3.12/site-packages/airflow/example_dags/example_dynamic_task_mapping.py
[2026-06-22T08:42:51.251+0300] {processor.py:830} INFO - Processing file /media/data/omar/programming course/DEPI/DEPI project/anomx/venv/lib/python3.12/site-packages/airflow/example_dags/example_dynamic_task_mapping.py for tasks to queue
[2026-06-22T08:42:51.252+0300] {logging_mixin.py:188} INFO - [2026-06-22T08:42:51.252+0300] {dagbag.py:540} INFO - Filling up the DagBag from /media/data/omar/programming course/DEPI/DEPI project/anomx/venv/lib/python3.12/site-packages/airflow/example_dags/example_dynamic_task_mapping.py
[2026-06-22T08:42:51.259+0300] {processor.py:840} INFO - DAG(s) 'example_dynamic_task_mapping' retrieved from /media/data/omar/programming course/DEPI/DEPI project/anomx/venv/lib/python3.12/site-packages/airflow/example_dags/example_dynamic_task_mapping.py
[2026-06-22T08:42:51.276+0300] {logging_mixin.py:188} INFO - [2026-06-22T08:42:51.276+0300] {dag.py:3096} INFO - Sync 1 DAGs
[2026-06-22T08:42:51.293+0300] {logging_mixin.py:188} INFO - [2026-06-22T08:42:51.292+0300] {dag.py:3954} INFO - Setting next_dagrun for example_dynamic_task_mapping to 2022-03-04 00:00:00+00:00, run_after=2022-03-05 00:00:00+00:00
[2026-06-22T08:42:51.324+0300] {processor.py:183} INFO - Processing /media/data/omar/programming course/DEPI/DEPI project/anomx/venv/lib/python3.12/site-packages/airflow/example_dags/example_dynamic_task_mapping.py took 0.080 seconds
[2026-06-22T08:43:45.138+0300] {processor.py:161} INFO - Started process (PID=44946) to work on /media/data/omar/programming course/DEPI/DEPI project/anomx/venv/lib/python3.12/site-packages/airflow/example_dags/example_dynamic_task_mapping.py
[2026-06-22T08:43:45.139+0300] {processor.py:830} INFO - Processing file /media/data/omar/programming course/DEPI/DEPI project/anomx/venv/lib/python3.12/site-packages/airflow/example_dags/example_dynamic_task_mapping.py for tasks to queue
[2026-06-22T08:43:45.140+0300] {logging_mixin.py:188} INFO - [2026-06-22T08:43:45.139+0300] {dagbag.py:540} INFO - Filling up the DagBag from /media/data/omar/programming course/DEPI/DEPI project/anomx/venv/lib/python3.12/site-packages/airflow/example_dags/example_dynamic_task_mapping.py
[2026-06-22T08:43:45.147+0300] {processor.py:840} INFO - DAG(s) 'example_dynamic_task_mapping' retrieved from /media/data/omar/programming course/DEPI/DEPI project/anomx/venv/lib/python3.12/site-packages/airflow/example_dags/example_dynamic_task_mapping.py
[2026-06-22T08:43:45.164+0300] {logging_mixin.py:188} INFO - [2026-06-22T08:43:45.164+0300] {dag.py:3096} INFO - Sync 1 DAGs
[2026-06-22T08:43:45.181+0300] {logging_mixin.py:188} INFO - [2026-06-22T08:43:45.180+0300] {dag.py:3954} INFO - Setting next_dagrun for example_dynamic_task_mapping to 2022-03-04 00:00:00+00:00, run_after=2022-03-05 00:00:00+00:00
[2026-06-22T08:43:45.212+0300] {processor.py:183} INFO - Processing /media/data/omar/programming course/DEPI/DEPI project/anomx/venv/lib/python3.12/site-packages/airflow/example_dags/example_dynamic_task_mapping.py took 0.080 seconds
[2026-06-22T08:44:37.862+0300] {processor.py:161} INFO - Started process (PID=45022) to work on /media/data/omar/programming course/DEPI/DEPI project/anomx/venv/lib/python3.12/site-packages/airflow/example_dags/example_dynamic_task_mapping.py
[2026-06-22T08:44:37.864+0300] {processor.py:830} INFO - Processing file /media/data/omar/programming course/DEPI/DEPI project/anomx/venv/lib/python3.12/site-packages/airflow/example_dags/example_dynamic_task_mapping.py for tasks to queue
[2026-06-22T08:44:37.866+0300] {logging_mixin.py:188} INFO - [2026-06-22T08:44:37.865+0300] {dagbag.py:540} INFO - Filling up the DagBag from /media/data/omar/programming course/DEPI/DEPI project/anomx/venv/lib/python3.12/site-packages/airflow/example_dags/example_dynamic_task_mapping.py
[2026-06-22T08:44:37.876+0300] {processor.py:840} INFO - DAG(s) 'example_dynamic_task_mapping' retrieved from /media/data/omar/programming course/DEPI/DEPI project/anomx/venv/lib/python3.12/site-packages/airflow/example_dags/example_dynamic_task_mapping.py
[2026-06-22T08:44:37.895+0300] {logging_mixin.py:188} INFO - [2026-06-22T08:44:37.895+0300] {dag.py:3096} INFO - Sync 1 DAGs
[2026-06-22T08:44:37.911+0300] {logging_mixin.py:188} INFO - [2026-06-22T08:44:37.910+0300] {dag.py:3954} INFO - Setting next_dagrun for example_dynamic_task_mapping to 2022-03-04 00:00:00+00:00, run_after=2022-03-05 00:00:00+00:00
[2026-06-22T08:44:37.942+0300] {processor.py:183} INFO - Processing /media/data/omar/programming course/DEPI/DEPI project/anomx/venv/lib/python3.12/site-packages/airflow/example_dags/example_dynamic_task_mapping.py took 0.089 seconds
[2026-06-22T08:45:51.574+0300] {processor.py:161} INFO - Started process (PID=45150) to work on /media/data/omar/programming course/DEPI/DEPI project/anomx/venv/lib/python3.12/site-packages/airflow/example_dags/example_dynamic_task_mapping.py
[2026-06-22T08:45:51.575+0300] {processor.py:830} INFO - Processing file /media/data/omar/programming course/DEPI/DEPI project/anomx/venv/lib/python3.12/site-packages/airflow/example_dags/example_dynamic_task_mapping.py for tasks to queue
[2026-06-22T08:45:51.577+0300] {logging_mixin.py:188} INFO - [2026-06-22T08:45:51.576+0300] {dagbag.py:540} INFO - Filling up the DagBag from /media/data/omar/programming course/DEPI/DEPI project/anomx/venv/lib/python3.12/site-packages/airflow/example_dags/example_dynamic_task_mapping.py
[2026-06-22T08:45:51.590+0300] {processor.py:840} INFO - DAG(s) 'example_dynamic_task_mapping' retrieved from /media/data/omar/programming course/DEPI/DEPI project/anomx/venv/lib/python3.12/site-packages/airflow/example_dags/example_dynamic_task_mapping.py
[2026-06-22T08:45:51.612+0300] {logging_mixin.py:188} INFO - [2026-06-22T08:45:51.612+0300] {dag.py:3096} INFO - Sync 1 DAGs
[2026-06-22T08:45:51.632+0300] {logging_mixin.py:188} INFO - [2026-06-22T08:45:51.631+0300] {dag.py:3954} INFO - Setting next_dagrun for example_dynamic_task_mapping to 2022-03-04 00:00:00+00:00, run_after=2022-03-05 00:00:00+00:00
[2026-06-22T08:45:51.661+0300] {processor.py:183} INFO - Processing /media/data/omar/programming course/DEPI/DEPI project/anomx/venv/lib/python3.12/site-packages/airflow/example_dags/example_dynamic_task_mapping.py took 0.093 seconds
[2026-06-22T08:46:45.402+0300] {processor.py:161} INFO - Started process (PID=45236) to work on /media/data/omar/programming course/DEPI/DEPI project/anomx/venv/lib/python3.12/site-packages/airflow/example_dags/example_dynamic_task_mapping.py
[2026-06-22T08:46:45.404+0300] {processor.py:830} INFO - Processing file /media/data/omar/programming course/DEPI/DEPI project/anomx/venv/lib/python3.12/site-packages/airflow/example_dags/example_dynamic_task_mapping.py for tasks to queue
[2026-06-22T08:46:45.405+0300] {logging_mixin.py:188} INFO - [2026-06-22T08:46:45.405+0300] {dagbag.py:540} INFO - Filling up the DagBag from /media/data/omar/programming course/DEPI/DEPI project/anomx/venv/lib/python3.12/site-packages/airflow/example_dags/example_dynamic_task_mapping.py
[2026-06-22T08:46:45.415+0300] {processor.py:840} INFO - DAG(s) 'example_dynamic_task_mapping' retrieved from /media/data/omar/programming course/DEPI/DEPI project/anomx/venv/lib/python3.12/site-packages/airflow/example_dags/example_dynamic_task_mapping.py
[2026-06-22T08:46:45.431+0300] {logging_mixin.py:188} INFO - [2026-06-22T08:46:45.431+0300] {dag.py:3096} INFO - Sync 1 DAGs
[2026-06-22T08:46:45.444+0300] {logging_mixin.py:188} INFO - [2026-06-22T08:46:45.444+0300] {dag.py:3954} INFO - Setting next_dagrun for example_dynamic_task_mapping to 2022-03-04 00:00:00+00:00, run_after=2022-03-05 00:00:00+00:00
[2026-06-22T08:46:45.470+0300] {processor.py:183} INFO - Processing /media/data/omar/programming course/DEPI/DEPI project/anomx/venv/lib/python3.12/site-packages/airflow/example_dags/example_dynamic_task_mapping.py took 0.086 seconds
[2026-06-22T08:47:36.105+0300] {processor.py:161} INFO - Started process (PID=45312) to work on /media/data/omar/programming course/DEPI/DEPI project/anomx/venv/lib/python3.12/site-packages/airflow/example_dags/example_dynamic_task_mapping.py
[2026-06-22T08:47:36.106+0300] {processor.py:830} INFO - Processing file /media/data/omar/programming course/DEPI/DEPI project/anomx/venv/lib/python3.12/site-packages/airflow/example_dags/example_dynamic_task_mapping.py for tasks to queue
[2026-06-22T08:47:36.107+0300] {logging_mixin.py:188} INFO - [2026-06-22T08:47:36.107+0300] {dagbag.py:540} INFO - Filling up the DagBag from /media/data/omar/programming course/DEPI/DEPI project/anomx/venv/lib/python3.12/site-packages/airflow/example_dags/example_dynamic_task_mapping.py
[2026-06-22T08:47:36.113+0300] {processor.py:840} INFO - DAG(s) 'example_dynamic_task_mapping' retrieved from /media/data/omar/programming course/DEPI/DEPI project/anomx/venv/lib/python3.12/site-packages/airflow/example_dags/example_dynamic_task_mapping.py
[2026-06-22T08:47:36.131+0300] {logging_mixin.py:188} INFO - [2026-06-22T08:47:36.131+0300] {dag.py:3096} INFO - Sync 1 DAGs
[2026-06-22T08:47:36.152+0300] {logging_mixin.py:188} INFO - [2026-06-22T08:47:36.152+0300] {dag.py:3954} INFO - Setting next_dagrun for example_dynamic_task_mapping to 2022-03-04 00:00:00+00:00, run_after=2022-03-05 00:00:00+00:00
[2026-06-22T08:47:36.180+0300] {processor.py:183} INFO - Processing /media/data/omar/programming course/DEPI/DEPI project/anomx/venv/lib/python3.12/site-packages/airflow/example_dags/example_dynamic_task_mapping.py took 0.080 seconds
[2026-06-22T08:48:50.088+0300] {processor.py:161} INFO - Started process (PID=45424) to work on /media/data/omar/programming course/DEPI/DEPI project/anomx/venv/lib/python3.12/site-packages/airflow/example_dags/example_dynamic_task_mapping.py
[2026-06-22T08:48:50.089+0300] {processor.py:830} INFO - Processing file /media/data/omar/programming course/DEPI/DEPI project/anomx/venv/lib/python3.12/site-packages/airflow/example_dags/example_dynamic_task_mapping.py for tasks to queue
[2026-06-22T08:48:50.090+0300] {logging_mixin.py:188} INFO - [2026-06-22T08:48:50.090+0300] {dagbag.py:540} INFO - Filling up the DagBag from /media/data/omar/programming course/DEPI/DEPI project/anomx/venv/lib/python3.12/site-packages/airflow/example_dags/example_dynamic_task_mapping.py
[2026-06-22T08:48:50.098+0300] {processor.py:840} INFO - DAG(s) 'example_dynamic_task_mapping' retrieved from /media/data/omar/programming course/DEPI/DEPI project/anomx/venv/lib/python3.12/site-packages/airflow/example_dags/example_dynamic_task_mapping.py
[2026-06-22T08:48:50.116+0300] {logging_mixin.py:188} INFO - [2026-06-22T08:48:50.115+0300] {dag.py:3096} INFO - Sync 1 DAGs
[2026-06-22T08:48:50.138+0300] {logging_mixin.py:188} INFO - [2026-06-22T08:48:50.138+0300] {dag.py:3954} INFO - Setting next_dagrun for example_dynamic_task_mapping to 2022-03-04 00:00:00+00:00, run_after=2022-03-05 00:00:00+00:00
[2026-06-22T08:48:50.172+0300] {processor.py:183} INFO - Processing /media/data/omar/programming course/DEPI/DEPI project/anomx/venv/lib/python3.12/site-packages/airflow/example_dags/example_dynamic_task_mapping.py took 0.089 seconds
[2026-06-22T08:49:41.163+0300] {processor.py:161} INFO - Started process (PID=45521) to work on /media/data/omar/programming course/DEPI/DEPI project/anomx/venv/lib/python3.12/site-packages/airflow/example_dags/example_dynamic_task_mapping.py
[2026-06-22T08:49:41.164+0300] {processor.py:830} INFO - Processing file /media/data/omar/programming course/DEPI/DEPI project/anomx/venv/lib/python3.12/site-packages/airflow/example_dags/example_dynamic_task_mapping.py for tasks to queue
[2026-06-22T08:49:41.166+0300] {logging_mixin.py:188} INFO - [2026-06-22T08:49:41.165+0300] {dagbag.py:540} INFO - Filling up the DagBag from /media/data/omar/programming course/DEPI/DEPI project/anomx/venv/lib/python3.12/site-packages/airflow/example_dags/example_dynamic_task_mapping.py
[2026-06-22T08:49:41.172+0300] {processor.py:840} INFO - DAG(s) 'example_dynamic_task_mapping' retrieved from /media/data/omar/programming course/DEPI/DEPI project/anomx/venv/lib/python3.12/site-packages/airflow/example_dags/example_dynamic_task_mapping.py
[2026-06-22T08:49:41.185+0300] {logging_mixin.py:188} INFO - [2026-06-22T08:49:41.185+0300] {dag.py:3096} INFO - Sync 1 DAGs
[2026-06-22T08:49:41.199+0300] {logging_mixin.py:188} INFO - [2026-06-22T08:49:41.199+0300] {dag.py:3954} INFO - Setting next_dagrun for example_dynamic_task_mapping to 2022-03-04 00:00:00+00:00, run_after=2022-03-05 00:00:00+00:00
[2026-06-22T08:49:41.225+0300] {processor.py:183} INFO - Processing /media/data/omar/programming course/DEPI/DEPI project/anomx/venv/lib/python3.12/site-packages/airflow/example_dags/example_dynamic_task_mapping.py took 0.069 seconds
[2026-06-22T08:50:35.671+0300] {processor.py:161} INFO - Started process (PID=45603) to work on /media/data/omar/programming course/DEPI/DEPI project/anomx/venv/lib/python3.12/site-packages/airflow/example_dags/example_dynamic_task_mapping.py
[2026-06-22T08:50:35.672+0300] {processor.py:830} INFO - Processing file /media/data/omar/programming course/DEPI/DEPI project/anomx/venv/lib/python3.12/site-packages/airflow/example_dags/example_dynamic_task_mapping.py for tasks to queue
[2026-06-22T08:50:35.674+0300] {logging_mixin.py:188} INFO - [2026-06-22T08:50:35.673+0300] {dagbag.py:540} INFO - Filling up the DagBag from /media/data/omar/programming course/DEPI/DEPI project/anomx/venv/lib/python3.12/site-packages/airflow/example_dags/example_dynamic_task_mapping.py
[2026-06-22T08:50:35.682+0300] {processor.py:840} INFO - DAG(s) 'example_dynamic_task_mapping' retrieved from /media/data/omar/programming course/DEPI/DEPI project/anomx/venv/lib/python3.12/site-packages/airflow/example_dags/example_dynamic_task_mapping.py
[2026-06-22T08:50:35.698+0300] {logging_mixin.py:188} INFO - [2026-06-22T08:50:35.697+0300] {dag.py:3096} INFO - Sync 1 DAGs
[2026-06-22T08:50:35.711+0300] {logging_mixin.py:188} INFO - [2026-06-22T08:50:35.711+0300] {dag.py:3954} INFO - Setting next_dagrun for example_dynamic_task_mapping to 2022-03-04 00:00:00+00:00, run_after=2022-03-05 00:00:00+00:00
[2026-06-22T08:50:35.739+0300] {processor.py:183} INFO - Processing /media/data/omar/programming course/DEPI/DEPI project/anomx/venv/lib/python3.12/site-packages/airflow/example_dags/example_dynamic_task_mapping.py took 0.076 seconds
[2026-06-22T08:51:29.706+0300] {processor.py:161} INFO - Started process (PID=45746) to work on /media/data/omar/programming course/DEPI/DEPI project/anomx/venv/lib/python3.12/site-packages/airflow/example_dags/example_dynamic_task_mapping.py
[2026-06-22T08:51:29.708+0300] {processor.py:830} INFO - Processing file /media/data/omar/programming course/DEPI/DEPI project/anomx/venv/lib/python3.12/site-packages/airflow/example_dags/example_dynamic_task_mapping.py for tasks to queue
[2026-06-22T08:51:29.709+0300] {logging_mixin.py:188} INFO - [2026-06-22T08:51:29.709+0300] {dagbag.py:540} INFO - Filling up the DagBag from /media/data/omar/programming course/DEPI/DEPI project/anomx/venv/lib/python3.12/site-packages/airflow/example_dags/example_dynamic_task_mapping.py
[2026-06-22T08:51:29.719+0300] {processor.py:840} INFO - DAG(s) 'example_dynamic_task_mapping' retrieved from /media/data/omar/programming course/DEPI/DEPI project/anomx/venv/lib/python3.12/site-packages/airflow/example_dags/example_dynamic_task_mapping.py
[2026-06-22T08:51:29.739+0300] {logging_mixin.py:188} INFO - [2026-06-22T08:51:29.739+0300] {dag.py:3096} INFO - Sync 1 DAGs
[2026-06-22T08:51:29.764+0300] {logging_mixin.py:188} INFO - [2026-06-22T08:51:29.763+0300] {dag.py:3954} INFO - Setting next_dagrun for example_dynamic_task_mapping to 2022-03-04 00:00:00+00:00, run_after=2022-03-05 00:00:00+00:00
[2026-06-22T08:51:29.808+0300] {processor.py:183} INFO - Processing /media/data/omar/programming course/DEPI/DEPI project/anomx/venv/lib/python3.12/site-packages/airflow/example_dags/example_dynamic_task_mapping.py took 0.115 seconds
[2026-06-22T08:52:23.674+0300] {processor.py:161} INFO - Started process (PID=45940) to work on /media/data/omar/programming course/DEPI/DEPI project/anomx/venv/lib/python3.12/site-packages/airflow/example_dags/example_dynamic_task_mapping.py
[2026-06-22T08:52:23.675+0300] {processor.py:830} INFO - Processing file /media/data/omar/programming course/DEPI/DEPI project/anomx/venv/lib/python3.12/site-packages/airflow/example_dags/example_dynamic_task_mapping.py for tasks to queue
[2026-06-22T08:52:23.677+0300] {logging_mixin.py:188} INFO - [2026-06-22T08:52:23.676+0300] {dagbag.py:540} INFO - Filling up the DagBag from /media/data/omar/programming course/DEPI/DEPI project/anomx/venv/lib/python3.12/site-packages/airflow/example_dags/example_dynamic_task_mapping.py
[2026-06-22T08:52:23.686+0300] {processor.py:840} INFO - DAG(s) 'example_dynamic_task_mapping' retrieved from /media/data/omar/programming course/DEPI/DEPI project/anomx/venv/lib/python3.12/site-packages/airflow/example_dags/example_dynamic_task_mapping.py
[2026-06-22T08:52:23.704+0300] {logging_mixin.py:188} INFO - [2026-06-22T08:52:23.703+0300] {dag.py:3096} INFO - Sync 1 DAGs
[2026-06-22T08:52:23.719+0300] {logging_mixin.py:188} INFO - [2026-06-22T08:52:23.718+0300] {dag.py:3954} INFO - Setting next_dagrun for example_dynamic_task_mapping to 2022-03-04 00:00:00+00:00, run_after=2022-03-05 00:00:00+00:00
[2026-06-22T08:52:23.746+0300] {processor.py:183} INFO - Processing /media/data/omar/programming course/DEPI/DEPI project/anomx/venv/lib/python3.12/site-packages/airflow/example_dags/example_dynamic_task_mapping.py took 0.080 seconds
[2026-06-22T08:53:15.998+0300] {processor.py:161} INFO - Started process (PID=46021) to work on /media/data/omar/programming course/DEPI/DEPI project/anomx/venv/lib/python3.12/site-packages/airflow/example_dags/example_dynamic_task_mapping.py
[2026-06-22T08:53:15.999+0300] {processor.py:830} INFO - Processing file /media/data/omar/programming course/DEPI/DEPI project/anomx/venv/lib/python3.12/site-packages/airflow/example_dags/example_dynamic_task_mapping.py for tasks to queue
[2026-06-22T08:53:16.001+0300] {logging_mixin.py:188} INFO - [2026-06-22T08:53:16.000+0300] {dagbag.py:540} INFO - Filling up the DagBag from /media/data/omar/programming course/DEPI/DEPI project/anomx/venv/lib/python3.12/site-packages/airflow/example_dags/example_dynamic_task_mapping.py
[2026-06-22T08:53:16.009+0300] {processor.py:840} INFO - DAG(s) 'example_dynamic_task_mapping' retrieved from /media/data/omar/programming course/DEPI/DEPI project/anomx/venv/lib/python3.12/site-packages/airflow/example_dags/example_dynamic_task_mapping.py
[2026-06-22T08:53:16.029+0300] {logging_mixin.py:188} INFO - [2026-06-22T08:53:16.029+0300] {dag.py:3096} INFO - Sync 1 DAGs
[2026-06-22T08:53:16.045+0300] {logging_mixin.py:188} INFO - [2026-06-22T08:53:16.045+0300] {dag.py:3954} INFO - Setting next_dagrun for example_dynamic_task_mapping to 2022-03-04 00:00:00+00:00, run_after=2022-03-05 00:00:00+00:00
[2026-06-22T08:53:16.076+0300] {processor.py:183} INFO - Processing /media/data/omar/programming course/DEPI/DEPI project/anomx/venv/lib/python3.12/site-packages/airflow/example_dags/example_dynamic_task_mapping.py took 0.085 seconds
[2026-06-22T08:54:09.368+0300] {processor.py:161} INFO - Started process (PID=46087) to work on /media/data/omar/programming course/DEPI/DEPI project/anomx/venv/lib/python3.12/site-packages/airflow/example_dags/example_dynamic_task_mapping.py
[2026-06-22T08:54:09.370+0300] {processor.py:830} INFO - Processing file /media/data/omar/programming course/DEPI/DEPI project/anomx/venv/lib/python3.12/site-packages/airflow/example_dags/example_dynamic_task_mapping.py for tasks to queue
[2026-06-22T08:54:09.372+0300] {logging_mixin.py:188} INFO - [2026-06-22T08:54:09.371+0300] {dagbag.py:540} INFO - Filling up the DagBag from /media/data/omar/programming course/DEPI/DEPI project/anomx/venv/lib/python3.12/site-packages/airflow/example_dags/example_dynamic_task_mapping.py
[2026-06-22T08:54:09.380+0300] {processor.py:840} INFO - DAG(s) 'example_dynamic_task_mapping' retrieved from /media/data/omar/programming course/DEPI/DEPI project/anomx/venv/lib/python3.12/site-packages/airflow/example_dags/example_dynamic_task_mapping.py
[2026-06-22T08:54:09.398+0300] {logging_mixin.py:188} INFO - [2026-06-22T08:54:09.397+0300] {dag.py:3096} INFO - Sync 1 DAGs
[2026-06-22T08:54:09.415+0300] {logging_mixin.py:188} INFO - [2026-06-22T08:54:09.414+0300] {dag.py:3954} INFO - Setting next_dagrun for example_dynamic_task_mapping to 2022-03-04 00:00:00+00:00, run_after=2022-03-05 00:00:00+00:00
[2026-06-22T08:54:09.445+0300] {processor.py:183} INFO - Processing /media/data/omar/programming course/DEPI/DEPI project/anomx/venv/lib/python3.12/site-packages/airflow/example_dags/example_dynamic_task_mapping.py took 0.093 seconds
[2026-06-22T08:55:04.361+0300] {processor.py:161} INFO - Started process (PID=46171) to work on /media/data/omar/programming course/DEPI/DEPI project/anomx/venv/lib/python3.12/site-packages/airflow/example_dags/example_dynamic_task_mapping.py
[2026-06-22T08:55:04.362+0300] {processor.py:830} INFO - Processing file /media/data/omar/programming course/DEPI/DEPI project/anomx/venv/lib/python3.12/site-packages/airflow/example_dags/example_dynamic_task_mapping.py for tasks to queue
[2026-06-22T08:55:04.363+0300] {logging_mixin.py:188} INFO - [2026-06-22T08:55:04.363+0300] {dagbag.py:540} INFO - Filling up the DagBag from /media/data/omar/programming course/DEPI/DEPI project/anomx/venv/lib/python3.12/site-packages/airflow/example_dags/example_dynamic_task_mapping.py
[2026-06-22T08:55:04.370+0300] {processor.py:840} INFO - DAG(s) 'example_dynamic_task_mapping' retrieved from /media/data/omar/programming course/DEPI/DEPI project/anomx/venv/lib/python3.12/site-packages/airflow/example_dags/example_dynamic_task_mapping.py
[2026-06-22T08:55:04.386+0300] {logging_mixin.py:188} INFO - [2026-06-22T08:55:04.385+0300] {dag.py:3096} INFO - Sync 1 DAGs
[2026-06-22T08:55:04.402+0300] {logging_mixin.py:188} INFO - [2026-06-22T08:55:04.402+0300] {dag.py:3954} INFO - Setting next_dagrun for example_dynamic_task_mapping to 2022-03-04 00:00:00+00:00, run_after=2022-03-05 00:00:00+00:00
[2026-06-22T08:55:04.429+0300] {processor.py:183} INFO - Processing /media/data/omar/programming course/DEPI/DEPI project/anomx/venv/lib/python3.12/site-packages/airflow/example_dags/example_dynamic_task_mapping.py took 0.077 seconds
[2026-06-22T08:55:58.695+0300] {processor.py:161} INFO - Started process (PID=46260) to work on /media/data/omar/programming course/DEPI/DEPI project/anomx/venv/lib/python3.12/site-packages/airflow/example_dags/example_dynamic_task_mapping.py
[2026-06-22T08:55:58.696+0300] {processor.py:830} INFO - Processing file /media/data/omar/programming course/DEPI/DEPI project/anomx/venv/lib/python3.12/site-packages/airflow/example_dags/example_dynamic_task_mapping.py for tasks to queue
[2026-06-22T08:55:58.698+0300] {logging_mixin.py:188} INFO - [2026-06-22T08:55:58.698+0300] {dagbag.py:540} INFO - Filling up the DagBag from /media/data/omar/programming course/DEPI/DEPI project/anomx/venv/lib/python3.12/site-packages/airflow/example_dags/example_dynamic_task_mapping.py
[2026-06-22T08:55:58.709+0300] {processor.py:840} INFO - DAG(s) 'example_dynamic_task_mapping' retrieved from /media/data/omar/programming course/DEPI/DEPI project/anomx/venv/lib/python3.12/site-packages/airflow/example_dags/example_dynamic_task_mapping.py
[2026-06-22T08:55:58.726+0300] {logging_mixin.py:188} INFO - [2026-06-22T08:55:58.725+0300] {dag.py:3096} INFO - Sync 1 DAGs
[2026-06-22T08:55:58.739+0300] {logging_mixin.py:188} INFO - [2026-06-22T08:55:58.739+0300] {dag.py:3954} INFO - Setting next_dagrun for example_dynamic_task_mapping to 2022-03-04 00:00:00+00:00, run_after=2022-03-05 00:00:00+00:00
[2026-06-22T08:55:58.766+0300] {processor.py:183} INFO - Processing /media/data/omar/programming course/DEPI/DEPI project/anomx/venv/lib/python3.12/site-packages/airflow/example_dags/example_dynamic_task_mapping.py took 0.082 seconds
[2026-06-22T08:56:51.698+0300] {processor.py:161} INFO - Started process (PID=46340) to work on /media/data/omar/programming course/DEPI/DEPI project/anomx/venv/lib/python3.12/site-packages/airflow/example_dags/example_dynamic_task_mapping.py
[2026-06-22T08:56:51.700+0300] {processor.py:830} INFO - Processing file /media/data/omar/programming course/DEPI/DEPI project/anomx/venv/lib/python3.12/site-packages/airflow/example_dags/example_dynamic_task_mapping.py for tasks to queue
[2026-06-22T08:56:51.701+0300] {logging_mixin.py:188} INFO - [2026-06-22T08:56:51.700+0300] {dagbag.py:540} INFO - Filling up the DagBag from /media/data/omar/programming course/DEPI/DEPI project/anomx/venv/lib/python3.12/site-packages/airflow/example_dags/example_dynamic_task_mapping.py
[2026-06-22T08:56:51.712+0300] {processor.py:840} INFO - DAG(s) 'example_dynamic_task_mapping' retrieved from /media/data/omar/programming course/DEPI/DEPI project/anomx/venv/lib/python3.12/site-packages/airflow/example_dags/example_dynamic_task_mapping.py
[2026-06-22T08:56:51.736+0300] {logging_mixin.py:188} INFO - [2026-06-22T08:56:51.735+0300] {dag.py:3096} INFO - Sync 1 DAGs
[2026-06-22T08:56:51.750+0300] {logging_mixin.py:188} INFO - [2026-06-22T08:56:51.750+0300] {dag.py:3954} INFO - Setting next_dagrun for example_dynamic_task_mapping to 2022-03-04 00:00:00+00:00, run_after=2022-03-05 00:00:00+00:00
[2026-06-22T08:56:51.775+0300] {processor.py:183} INFO - Processing /media/data/omar/programming course/DEPI/DEPI project/anomx/venv/lib/python3.12/site-packages/airflow/example_dags/example_dynamic_task_mapping.py took 0.089 seconds
[2026-06-22T08:57:46.120+0300] {processor.py:161} INFO - Started process (PID=46433) to work on /media/data/omar/programming course/DEPI/DEPI project/anomx/venv/lib/python3.12/site-packages/airflow/example_dags/example_dynamic_task_mapping.py
[2026-06-22T08:57:46.122+0300] {processor.py:830} INFO - Processing file /media/data/omar/programming course/DEPI/DEPI project/anomx/venv/lib/python3.12/site-packages/airflow/example_dags/example_dynamic_task_mapping.py for tasks to queue
[2026-06-22T08:57:46.125+0300] {logging_mixin.py:188} INFO - [2026-06-22T08:57:46.124+0300] {dagbag.py:540} INFO - Filling up the DagBag from /media/data/omar/programming course/DEPI/DEPI project/anomx/venv/lib/python3.12/site-packages/airflow/example_dags/example_dynamic_task_mapping.py
[2026-06-22T08:57:46.137+0300] {processor.py:840} INFO - DAG(s) 'example_dynamic_task_mapping' retrieved from /media/data/omar/programming course/DEPI/DEPI project/anomx/venv/lib/python3.12/site-packages/airflow/example_dags/example_dynamic_task_mapping.py
[2026-06-22T08:57:46.154+0300] {logging_mixin.py:188} INFO - [2026-06-22T08:57:46.153+0300] {dag.py:3096} INFO - Sync 1 DAGs
[2026-06-22T08:57:46.168+0300] {logging_mixin.py:188} INFO - [2026-06-22T08:57:46.168+0300] {dag.py:3954} INFO - Setting next_dagrun for example_dynamic_task_mapping to 2022-03-04 00:00:00+00:00, run_after=2022-03-05 00:00:00+00:00
[2026-06-22T08:57:46.197+0300] {processor.py:183} INFO - Processing /media/data/omar/programming course/DEPI/DEPI project/anomx/venv/lib/python3.12/site-packages/airflow/example_dags/example_dynamic_task_mapping.py took 0.092 seconds
[2026-06-22T08:58:37.929+0300] {processor.py:161} INFO - Started process (PID=46511) to work on /media/data/omar/programming course/DEPI/DEPI project/anomx/venv/lib/python3.12/site-packages/airflow/example_dags/example_dynamic_task_mapping.py
[2026-06-22T08:58:37.930+0300] {processor.py:830} INFO - Processing file /media/data/omar/programming course/DEPI/DEPI project/anomx/venv/lib/python3.12/site-packages/airflow/example_dags/example_dynamic_task_mapping.py for tasks to queue
[2026-06-22T08:58:37.932+0300] {logging_mixin.py:188} INFO - [2026-06-22T08:58:37.931+0300] {dagbag.py:540} INFO - Filling up the DagBag from /media/data/omar/programming course/DEPI/DEPI project/anomx/venv/lib/python3.12/site-packages/airflow/example_dags/example_dynamic_task_mapping.py
[2026-06-22T08:58:37.938+0300] {processor.py:840} INFO - DAG(s) 'example_dynamic_task_mapping' retrieved from /media/data/omar/programming course/DEPI/DEPI project/anomx/venv/lib/python3.12/site-packages/airflow/example_dags/example_dynamic_task_mapping.py
[2026-06-22T08:58:37.956+0300] {logging_mixin.py:188} INFO - [2026-06-22T08:58:37.955+0300] {dag.py:3096} INFO - Sync 1 DAGs
[2026-06-22T08:58:37.971+0300] {logging_mixin.py:188} INFO - [2026-06-22T08:58:37.971+0300] {dag.py:3954} INFO - Setting next_dagrun for example_dynamic_task_mapping to 2022-03-04 00:00:00+00:00, run_after=2022-03-05 00:00:00+00:00
[2026-06-22T08:58:38.000+0300] {processor.py:183} INFO - Processing /media/data/omar/programming course/DEPI/DEPI project/anomx/venv/lib/python3.12/site-packages/airflow/example_dags/example_dynamic_task_mapping.py took 0.078 seconds
[2026-06-22T08:59:54.218+0300] {processor.py:161} INFO - Started process (PID=46634) to work on /media/data/omar/programming course/DEPI/DEPI project/anomx/venv/lib/python3.12/site-packages/airflow/example_dags/example_dynamic_task_mapping.py
[2026-06-22T08:59:54.220+0300] {processor.py:830} INFO - Processing file /media/data/omar/programming course/DEPI/DEPI project/anomx/venv/lib/python3.12/site-packages/airflow/example_dags/example_dynamic_task_mapping.py for tasks to queue
[2026-06-22T08:59:54.222+0300] {logging_mixin.py:188} INFO - [2026-06-22T08:59:54.221+0300] {dagbag.py:540} INFO - Filling up the DagBag from /media/data/omar/programming course/DEPI/DEPI project/anomx/venv/lib/python3.12/site-packages/airflow/example_dags/example_dynamic_task_mapping.py
[2026-06-22T08:59:54.233+0300] {processor.py:840} INFO - DAG(s) 'example_dynamic_task_mapping' retrieved from /media/data/omar/programming course/DEPI/DEPI project/anomx/venv/lib/python3.12/site-packages/airflow/example_dags/example_dynamic_task_mapping.py
[2026-06-22T08:59:54.252+0300] {logging_mixin.py:188} INFO - [2026-06-22T08:59:54.251+0300] {dag.py:3096} INFO - Sync 1 DAGs
[2026-06-22T08:59:54.266+0300] {logging_mixin.py:188} INFO - [2026-06-22T08:59:54.265+0300] {dag.py:3954} INFO - Setting next_dagrun for example_dynamic_task_mapping to 2022-03-04 00:00:00+00:00, run_after=2022-03-05 00:00:00+00:00
[2026-06-22T08:59:54.294+0300] {processor.py:183} INFO - Processing /media/data/omar/programming course/DEPI/DEPI project/anomx/venv/lib/python3.12/site-packages/airflow/example_dags/example_dynamic_task_mapping.py took 0.087 seconds
[2026-06-22T09:00:49.980+0300] {processor.py:161} INFO - Started process (PID=46718) to work on /media/data/omar/programming course/DEPI/DEPI project/anomx/venv/lib/python3.12/site-packages/airflow/example_dags/example_dynamic_task_mapping.py
[2026-06-22T09:00:49.982+0300] {processor.py:830} INFO - Processing file /media/data/omar/programming course/DEPI/DEPI project/anomx/venv/lib/python3.12/site-packages/airflow/example_dags/example_dynamic_task_mapping.py for tasks to queue
[2026-06-22T09:00:49.984+0300] {logging_mixin.py:188} INFO - [2026-06-22T09:00:49.983+0300] {dagbag.py:540} INFO - Filling up the DagBag from /media/data/omar/programming course/DEPI/DEPI project/anomx/venv/lib/python3.12/site-packages/airflow/example_dags/example_dynamic_task_mapping.py
[2026-06-22T09:00:49.998+0300] {processor.py:840} INFO - DAG(s) 'example_dynamic_task_mapping' retrieved from /media/data/omar/programming course/DEPI/DEPI project/anomx/venv/lib/python3.12/site-packages/airflow/example_dags/example_dynamic_task_mapping.py
[2026-06-22T09:00:50.015+0300] {logging_mixin.py:188} INFO - [2026-06-22T09:00:50.015+0300] {dag.py:3096} INFO - Sync 1 DAGs
[2026-06-22T09:00:50.031+0300] {logging_mixin.py:188} INFO - [2026-06-22T09:00:50.031+0300] {dag.py:3954} INFO - Setting next_dagrun for example_dynamic_task_mapping to 2022-03-04 00:00:00+00:00, run_after=2022-03-05 00:00:00+00:00
[2026-06-22T09:00:50.057+0300] {processor.py:183} INFO - Processing /media/data/omar/programming course/DEPI/DEPI project/anomx/venv/lib/python3.12/site-packages/airflow/example_dags/example_dynamic_task_mapping.py took 0.090 seconds
[2026-06-22T09:01:42.675+0300] {processor.py:161} INFO - Started process (PID=46795) to work on /media/data/omar/programming course/DEPI/DEPI project/anomx/venv/lib/python3.12/site-packages/airflow/example_dags/example_dynamic_task_mapping.py
[2026-06-22T09:01:42.677+0300] {processor.py:830} INFO - Processing file /media/data/omar/programming course/DEPI/DEPI project/anomx/venv/lib/python3.12/site-packages/airflow/example_dags/example_dynamic_task_mapping.py for tasks to queue
[2026-06-22T09:01:42.679+0300] {logging_mixin.py:188} INFO - [2026-06-22T09:01:42.678+0300] {dagbag.py:540} INFO - Filling up the DagBag from /media/data/omar/programming course/DEPI/DEPI project/anomx/venv/lib/python3.12/site-packages/airflow/example_dags/example_dynamic_task_mapping.py
[2026-06-22T09:01:42.688+0300] {processor.py:840} INFO - DAG(s) 'example_dynamic_task_mapping' retrieved from /media/data/omar/programming course/DEPI/DEPI project/anomx/venv/lib/python3.12/site-packages/airflow/example_dags/example_dynamic_task_mapping.py
[2026-06-22T09:01:42.704+0300] {logging_mixin.py:188} INFO - [2026-06-22T09:01:42.703+0300] {dag.py:3096} INFO - Sync 1 DAGs
[2026-06-22T09:01:42.717+0300] {logging_mixin.py:188} INFO - [2026-06-22T09:01:42.717+0300] {dag.py:3954} INFO - Setting next_dagrun for example_dynamic_task_mapping to 2022-03-04 00:00:00+00:00, run_after=2022-03-05 00:00:00+00:00
[2026-06-22T09:01:42.745+0300] {processor.py:183} INFO - Processing /media/data/omar/programming course/DEPI/DEPI project/anomx/venv/lib/python3.12/site-packages/airflow/example_dags/example_dynamic_task_mapping.py took 0.085 seconds
[2026-06-22T09:02:54.656+0300] {processor.py:161} INFO - Started process (PID=46908) to work on /media/data/omar/programming course/DEPI/DEPI project/anomx/venv/lib/python3.12/site-packages/airflow/example_dags/example_dynamic_task_mapping.py
[2026-06-22T09:02:54.658+0300] {processor.py:830} INFO - Processing file /media/data/omar/programming course/DEPI/DEPI project/anomx/venv/lib/python3.12/site-packages/airflow/example_dags/example_dynamic_task_mapping.py for tasks to queue
[2026-06-22T09:02:54.659+0300] {logging_mixin.py:188} INFO - [2026-06-22T09:02:54.659+0300] {dagbag.py:540} INFO - Filling up the DagBag from /media/data/omar/programming course/DEPI/DEPI project/anomx/venv/lib/python3.12/site-packages/airflow/example_dags/example_dynamic_task_mapping.py
[2026-06-22T09:02:54.670+0300] {processor.py:840} INFO - DAG(s) 'example_dynamic_task_mapping' retrieved from /media/data/omar/programming course/DEPI/DEPI project/anomx/venv/lib/python3.12/site-packages/airflow/example_dags/example_dynamic_task_mapping.py
[2026-06-22T09:02:54.687+0300] {logging_mixin.py:188} INFO - [2026-06-22T09:02:54.686+0300] {dag.py:3096} INFO - Sync 1 DAGs
[2026-06-22T09:02:54.700+0300] {logging_mixin.py:188} INFO - [2026-06-22T09:02:54.700+0300] {dag.py:3954} INFO - Setting next_dagrun for example_dynamic_task_mapping to 2022-03-04 00:00:00+00:00, run_after=2022-03-05 00:00:00+00:00
[2026-06-22T09:02:54.732+0300] {processor.py:183} INFO - Processing /media/data/omar/programming course/DEPI/DEPI project/anomx/venv/lib/python3.12/site-packages/airflow/example_dags/example_dynamic_task_mapping.py took 0.086 seconds
[2026-06-22T09:03:49.781+0300] {processor.py:161} INFO - Started process (PID=46985) to work on /media/data/omar/programming course/DEPI/DEPI project/anomx/venv/lib/python3.12/site-packages/airflow/example_dags/example_dynamic_task_mapping.py
[2026-06-22T09:03:49.784+0300] {processor.py:830} INFO - Processing file /media/data/omar/programming course/DEPI/DEPI project/anomx/venv/lib/python3.12/site-packages/airflow/example_dags/example_dynamic_task_mapping.py for tasks to queue
[2026-06-22T09:03:49.788+0300] {logging_mixin.py:188} INFO - [2026-06-22T09:03:49.786+0300] {dagbag.py:540} INFO - Filling up the DagBag from /media/data/omar/programming course/DEPI/DEPI project/anomx/venv/lib/python3.12/site-packages/airflow/example_dags/example_dynamic_task_mapping.py
[2026-06-22T09:03:49.803+0300] {processor.py:840} INFO - DAG(s) 'example_dynamic_task_mapping' retrieved from /media/data/omar/programming course/DEPI/DEPI project/anomx/venv/lib/python3.12/site-packages/airflow/example_dags/example_dynamic_task_mapping.py
[2026-06-22T09:03:49.821+0300] {logging_mixin.py:188} INFO - [2026-06-22T09:03:49.820+0300] {dag.py:3096} INFO - Sync 1 DAGs
[2026-06-22T09:03:49.836+0300] {logging_mixin.py:188} INFO - [2026-06-22T09:03:49.835+0300] {dag.py:3954} INFO - Setting next_dagrun for example_dynamic_task_mapping to 2022-03-04 00:00:00+00:00, run_after=2022-03-05 00:00:00+00:00
[2026-06-22T09:03:49.861+0300] {processor.py:183} INFO - Processing /media/data/omar/programming course/DEPI/DEPI project/anomx/venv/lib/python3.12/site-packages/airflow/example_dags/example_dynamic_task_mapping.py took 0.101 seconds
[2026-06-22T09:04:45.946+0300] {processor.py:161} INFO - Started process (PID=47065) to work on /media/data/omar/programming course/DEPI/DEPI project/anomx/venv/lib/python3.12/site-packages/airflow/example_dags/example_dynamic_task_mapping.py
[2026-06-22T09:04:45.948+0300] {processor.py:830} INFO - Processing file /media/data/omar/programming course/DEPI/DEPI project/anomx/venv/lib/python3.12/site-packages/airflow/example_dags/example_dynamic_task_mapping.py for tasks to queue
[2026-06-22T09:04:45.950+0300] {logging_mixin.py:188} INFO - [2026-06-22T09:04:45.949+0300] {dagbag.py:540} INFO - Filling up the DagBag from /media/data/omar/programming course/DEPI/DEPI project/anomx/venv/lib/python3.12/site-packages/airflow/example_dags/example_dynamic_task_mapping.py
[2026-06-22T09:04:45.961+0300] {processor.py:840} INFO - DAG(s) 'example_dynamic_task_mapping' retrieved from /media/data/omar/programming course/DEPI/DEPI project/anomx/venv/lib/python3.12/site-packages/airflow/example_dags/example_dynamic_task_mapping.py
[2026-06-22T09:04:45.985+0300] {logging_mixin.py:188} INFO - [2026-06-22T09:04:45.985+0300] {dag.py:3096} INFO - Sync 1 DAGs
[2026-06-22T09:04:46.000+0300] {logging_mixin.py:188} INFO - [2026-06-22T09:04:46.000+0300] {dag.py:3954} INFO - Setting next_dagrun for example_dynamic_task_mapping to 2022-03-04 00:00:00+00:00, run_after=2022-03-05 00:00:00+00:00
[2026-06-22T09:04:46.027+0300] {processor.py:183} INFO - Processing /media/data/omar/programming course/DEPI/DEPI project/anomx/venv/lib/python3.12/site-packages/airflow/example_dags/example_dynamic_task_mapping.py took 0.091 seconds
[2026-06-22T09:05:37.151+0300] {processor.py:161} INFO - Started process (PID=47155) to work on /media/data/omar/programming course/DEPI/DEPI project/anomx/venv/lib/python3.12/site-packages/airflow/example_dags/example_dynamic_task_mapping.py
[2026-06-22T09:05:37.153+0300] {processor.py:830} INFO - Processing file /media/data/omar/programming course/DEPI/DEPI project/anomx/venv/lib/python3.12/site-packages/airflow/example_dags/example_dynamic_task_mapping.py for tasks to queue
[2026-06-22T09:05:37.155+0300] {logging_mixin.py:188} INFO - [2026-06-22T09:05:37.154+0300] {dagbag.py:540} INFO - Filling up the DagBag from /media/data/omar/programming course/DEPI/DEPI project/anomx/venv/lib/python3.12/site-packages/airflow/example_dags/example_dynamic_task_mapping.py
[2026-06-22T09:05:37.166+0300] {processor.py:840} INFO - DAG(s) 'example_dynamic_task_mapping' retrieved from /media/data/omar/programming course/DEPI/DEPI project/anomx/venv/lib/python3.12/site-packages/airflow/example_dags/example_dynamic_task_mapping.py
[2026-06-22T09:05:37.188+0300] {logging_mixin.py:188} INFO - [2026-06-22T09:05:37.188+0300] {dag.py:3096} INFO - Sync 1 DAGs
[2026-06-22T09:05:37.202+0300] {logging_mixin.py:188} INFO - [2026-06-22T09:05:37.202+0300] {dag.py:3954} INFO - Setting next_dagrun for example_dynamic_task_mapping to 2022-03-04 00:00:00+00:00, run_after=2022-03-05 00:00:00+00:00
[2026-06-22T09:05:37.229+0300] {processor.py:183} INFO - Processing /media/data/omar/programming course/DEPI/DEPI project/anomx/venv/lib/python3.12/site-packages/airflow/example_dags/example_dynamic_task_mapping.py took 0.088 seconds
[2026-06-22T09:06:31.475+0300] {processor.py:161} INFO - Started process (PID=47241) to work on /media/data/omar/programming course/DEPI/DEPI project/anomx/venv/lib/python3.12/site-packages/airflow/example_dags/example_dynamic_task_mapping.py
[2026-06-22T09:06:31.477+0300] {processor.py:830} INFO - Processing file /media/data/omar/programming course/DEPI/DEPI project/anomx/venv/lib/python3.12/site-packages/airflow/example_dags/example_dynamic_task_mapping.py for tasks to queue
[2026-06-22T09:06:31.478+0300] {logging_mixin.py:188} INFO - [2026-06-22T09:06:31.478+0300] {dagbag.py:540} INFO - Filling up the DagBag from /media/data/omar/programming course/DEPI/DEPI project/anomx/venv/lib/python3.12/site-packages/airflow/example_dags/example_dynamic_task_mapping.py
[2026-06-22T09:06:31.487+0300] {processor.py:840} INFO - DAG(s) 'example_dynamic_task_mapping' retrieved from /media/data/omar/programming course/DEPI/DEPI project/anomx/venv/lib/python3.12/site-packages/airflow/example_dags/example_dynamic_task_mapping.py
[2026-06-22T09:06:31.507+0300] {logging_mixin.py:188} INFO - [2026-06-22T09:06:31.507+0300] {dag.py:3096} INFO - Sync 1 DAGs
[2026-06-22T09:06:31.526+0300] {logging_mixin.py:188} INFO - [2026-06-22T09:06:31.526+0300] {dag.py:3954} INFO - Setting next_dagrun for example_dynamic_task_mapping to 2022-03-04 00:00:00+00:00, run_after=2022-03-05 00:00:00+00:00
[2026-06-22T09:06:31.555+0300] {processor.py:183} INFO - Processing /media/data/omar/programming course/DEPI/DEPI project/anomx/venv/lib/python3.12/site-packages/airflow/example_dags/example_dynamic_task_mapping.py took 0.097 seconds
[2026-06-22T09:07:23.563+0300] {processor.py:161} INFO - Started process (PID=47327) to work on /media/data/omar/programming course/DEPI/DEPI project/anomx/venv/lib/python3.12/site-packages/airflow/example_dags/example_dynamic_task_mapping.py
[2026-06-22T09:07:23.565+0300] {processor.py:830} INFO - Processing file /media/data/omar/programming course/DEPI/DEPI project/anomx/venv/lib/python3.12/site-packages/airflow/example_dags/example_dynamic_task_mapping.py for tasks to queue
[2026-06-22T09:07:23.568+0300] {logging_mixin.py:188} INFO - [2026-06-22T09:07:23.567+0300] {dagbag.py:540} INFO - Filling up the DagBag from /media/data/omar/programming course/DEPI/DEPI project/anomx/venv/lib/python3.12/site-packages/airflow/example_dags/example_dynamic_task_mapping.py
[2026-06-22T09:07:23.578+0300] {processor.py:840} INFO - DAG(s) 'example_dynamic_task_mapping' retrieved from /media/data/omar/programming course/DEPI/DEPI project/anomx/venv/lib/python3.12/site-packages/airflow/example_dags/example_dynamic_task_mapping.py
[2026-06-22T09:07:23.595+0300] {logging_mixin.py:188} INFO - [2026-06-22T09:07:23.595+0300] {dag.py:3096} INFO - Sync 1 DAGs
[2026-06-22T09:07:23.608+0300] {logging_mixin.py:188} INFO - [2026-06-22T09:07:23.608+0300] {dag.py:3954} INFO - Setting next_dagrun for example_dynamic_task_mapping to 2022-03-04 00:00:00+00:00, run_after=2022-03-05 00:00:00+00:00
[2026-06-22T09:07:23.637+0300] {processor.py:183} INFO - Processing /media/data/omar/programming course/DEPI/DEPI project/anomx/venv/lib/python3.12/site-packages/airflow/example_dags/example_dynamic_task_mapping.py took 0.087 seconds
[2026-06-22T09:08:18.588+0300] {processor.py:161} INFO - Started process (PID=47408) to work on /media/data/omar/programming course/DEPI/DEPI project/anomx/venv/lib/python3.12/site-packages/airflow/example_dags/example_dynamic_task_mapping.py
[2026-06-22T09:08:18.589+0300] {processor.py:830} INFO - Processing file /media/data/omar/programming course/DEPI/DEPI project/anomx/venv/lib/python3.12/site-packages/airflow/example_dags/example_dynamic_task_mapping.py for tasks to queue
[2026-06-22T09:08:18.591+0300] {logging_mixin.py:188} INFO - [2026-06-22T09:08:18.590+0300] {dagbag.py:540} INFO - Filling up the DagBag from /media/data/omar/programming course/DEPI/DEPI project/anomx/venv/lib/python3.12/site-packages/airflow/example_dags/example_dynamic_task_mapping.py
[2026-06-22T09:08:18.600+0300] {processor.py:840} INFO - DAG(s) 'example_dynamic_task_mapping' retrieved from /media/data/omar/programming course/DEPI/DEPI project/anomx/venv/lib/python3.12/site-packages/airflow/example_dags/example_dynamic_task_mapping.py
[2026-06-22T09:08:18.616+0300] {logging_mixin.py:188} INFO - [2026-06-22T09:08:18.616+0300] {dag.py:3096} INFO - Sync 1 DAGs
[2026-06-22T09:08:18.639+0300] {logging_mixin.py:188} INFO - [2026-06-22T09:08:18.638+0300] {dag.py:3954} INFO - Setting next_dagrun for example_dynamic_task_mapping to 2022-03-04 00:00:00+00:00, run_after=2022-03-05 00:00:00+00:00
[2026-06-22T09:08:18.665+0300] {processor.py:183} INFO - Processing /media/data/omar/programming course/DEPI/DEPI project/anomx/venv/lib/python3.12/site-packages/airflow/example_dags/example_dynamic_task_mapping.py took 0.093 seconds
[2026-06-22T09:09:13.595+0300] {processor.py:161} INFO - Started process (PID=47486) to work on /media/data/omar/programming course/DEPI/DEPI project/anomx/venv/lib/python3.12/site-packages/airflow/example_dags/example_dynamic_task_mapping.py
[2026-06-22T09:09:13.596+0300] {processor.py:830} INFO - Processing file /media/data/omar/programming course/DEPI/DEPI project/anomx/venv/lib/python3.12/site-packages/airflow/example_dags/example_dynamic_task_mapping.py for tasks to queue
[2026-06-22T09:09:13.597+0300] {logging_mixin.py:188} INFO - [2026-06-22T09:09:13.597+0300] {dagbag.py:540} INFO - Filling up the DagBag from /media/data/omar/programming course/DEPI/DEPI project/anomx/venv/lib/python3.12/site-packages/airflow/example_dags/example_dynamic_task_mapping.py
[2026-06-22T09:09:13.603+0300] {processor.py:840} INFO - DAG(s) 'example_dynamic_task_mapping' retrieved from /media/data/omar/programming course/DEPI/DEPI project/anomx/venv/lib/python3.12/site-packages/airflow/example_dags/example_dynamic_task_mapping.py
[2026-06-22T09:09:13.619+0300] {logging_mixin.py:188} INFO - [2026-06-22T09:09:13.618+0300] {dag.py:3096} INFO - Sync 1 DAGs
[2026-06-22T09:09:13.632+0300] {logging_mixin.py:188} INFO - [2026-06-22T09:09:13.632+0300] {dag.py:3954} INFO - Setting next_dagrun for example_dynamic_task_mapping to 2022-03-04 00:00:00+00:00, run_after=2022-03-05 00:00:00+00:00
[2026-06-22T09:09:13.657+0300] {processor.py:183} INFO - Processing /media/data/omar/programming course/DEPI/DEPI project/anomx/venv/lib/python3.12/site-packages/airflow/example_dags/example_dynamic_task_mapping.py took 0.069 seconds
[2026-06-22T09:10:29.367+0300] {processor.py:161} INFO - Started process (PID=47623) to work on /media/data/omar/programming course/DEPI/DEPI project/anomx/venv/lib/python3.12/site-packages/airflow/example_dags/example_dynamic_task_mapping.py
[2026-06-22T09:10:29.369+0300] {processor.py:830} INFO - Processing file /media/data/omar/programming course/DEPI/DEPI project/anomx/venv/lib/python3.12/site-packages/airflow/example_dags/example_dynamic_task_mapping.py for tasks to queue
[2026-06-22T09:10:29.372+0300] {logging_mixin.py:188} INFO - [2026-06-22T09:10:29.371+0300] {dagbag.py:540} INFO - Filling up the DagBag from /media/data/omar/programming course/DEPI/DEPI project/anomx/venv/lib/python3.12/site-packages/airflow/example_dags/example_dynamic_task_mapping.py
[2026-06-22T09:10:29.382+0300] {processor.py:840} INFO - DAG(s) 'example_dynamic_task_mapping' retrieved from /media/data/omar/programming course/DEPI/DEPI project/anomx/venv/lib/python3.12/site-packages/airflow/example_dags/example_dynamic_task_mapping.py
[2026-06-22T09:10:29.399+0300] {logging_mixin.py:188} INFO - [2026-06-22T09:10:29.399+0300] {dag.py:3096} INFO - Sync 1 DAGs
[2026-06-22T09:10:29.413+0300] {logging_mixin.py:188} INFO - [2026-06-22T09:10:29.413+0300] {dag.py:3954} INFO - Setting next_dagrun for example_dynamic_task_mapping to 2022-03-04 00:00:00+00:00, run_after=2022-03-05 00:00:00+00:00
[2026-06-22T09:10:29.443+0300] {processor.py:183} INFO - Processing /media/data/omar/programming course/DEPI/DEPI project/anomx/venv/lib/python3.12/site-packages/airflow/example_dags/example_dynamic_task_mapping.py took 0.090 seconds
[2026-06-22T09:11:22.430+0300] {processor.py:161} INFO - Started process (PID=47852) to work on /media/data/omar/programming course/DEPI/DEPI project/anomx/venv/lib/python3.12/site-packages/airflow/example_dags/example_dynamic_task_mapping.py
[2026-06-22T09:11:22.431+0300] {processor.py:830} INFO - Processing file /media/data/omar/programming course/DEPI/DEPI project/anomx/venv/lib/python3.12/site-packages/airflow/example_dags/example_dynamic_task_mapping.py for tasks to queue
[2026-06-22T09:11:22.434+0300] {logging_mixin.py:188} INFO - [2026-06-22T09:11:22.432+0300] {dagbag.py:540} INFO - Filling up the DagBag from /media/data/omar/programming course/DEPI/DEPI project/anomx/venv/lib/python3.12/site-packages/airflow/example_dags/example_dynamic_task_mapping.py
[2026-06-22T09:11:22.442+0300] {processor.py:840} INFO - DAG(s) 'example_dynamic_task_mapping' retrieved from /media/data/omar/programming course/DEPI/DEPI project/anomx/venv/lib/python3.12/site-packages/airflow/example_dags/example_dynamic_task_mapping.py
[2026-06-22T09:11:22.466+0300] {logging_mixin.py:188} INFO - [2026-06-22T09:11:22.465+0300] {dag.py:3096} INFO - Sync 1 DAGs
[2026-06-22T09:11:22.485+0300] {logging_mixin.py:188} INFO - [2026-06-22T09:11:22.485+0300] {dag.py:3954} INFO - Setting next_dagrun for example_dynamic_task_mapping to 2022-03-04 00:00:00+00:00, run_after=2022-03-05 00:00:00+00:00
[2026-06-22T09:11:22.516+0300] {processor.py:183} INFO - Processing /media/data/omar/programming course/DEPI/DEPI project/anomx/venv/lib/python3.12/site-packages/airflow/example_dags/example_dynamic_task_mapping.py took 0.097 seconds
[2026-06-22T09:12:16.268+0300] {processor.py:161} INFO - Started process (PID=47996) to work on /media/data/omar/programming course/DEPI/DEPI project/anomx/venv/lib/python3.12/site-packages/airflow/example_dags/example_dynamic_task_mapping.py
[2026-06-22T09:12:16.269+0300] {processor.py:830} INFO - Processing file /media/data/omar/programming course/DEPI/DEPI project/anomx/venv/lib/python3.12/site-packages/airflow/example_dags/example_dynamic_task_mapping.py for tasks to queue
[2026-06-22T09:12:16.271+0300] {logging_mixin.py:188} INFO - [2026-06-22T09:12:16.270+0300] {dagbag.py:540} INFO - Filling up the DagBag from /media/data/omar/programming course/DEPI/DEPI project/anomx/venv/lib/python3.12/site-packages/airflow/example_dags/example_dynamic_task_mapping.py
[2026-06-22T09:12:16.280+0300] {processor.py:840} INFO - DAG(s) 'example_dynamic_task_mapping' retrieved from /media/data/omar/programming course/DEPI/DEPI project/anomx/venv/lib/python3.12/site-packages/airflow/example_dags/example_dynamic_task_mapping.py
[2026-06-22T09:12:16.303+0300] {logging_mixin.py:188} INFO - [2026-06-22T09:12:16.303+0300] {dag.py:3096} INFO - Sync 1 DAGs
[2026-06-22T09:12:16.321+0300] {logging_mixin.py:188} INFO - [2026-06-22T09:12:16.321+0300] {dag.py:3954} INFO - Setting next_dagrun for example_dynamic_task_mapping to 2022-03-04 00:00:00+00:00, run_after=2022-03-05 00:00:00+00:00
[2026-06-22T09:12:16.351+0300] {processor.py:183} INFO - Processing /media/data/omar/programming course/DEPI/DEPI project/anomx/venv/lib/python3.12/site-packages/airflow/example_dags/example_dynamic_task_mapping.py took 0.096 seconds
[2026-06-22T09:13:09.359+0300] {processor.py:161} INFO - Started process (PID=48076) to work on /media/data/omar/programming course/DEPI/DEPI project/anomx/venv/lib/python3.12/site-packages/airflow/example_dags/example_dynamic_task_mapping.py
[2026-06-22T09:13:09.360+0300] {processor.py:830} INFO - Processing file /media/data/omar/programming course/DEPI/DEPI project/anomx/venv/lib/python3.12/site-packages/airflow/example_dags/example_dynamic_task_mapping.py for tasks to queue
[2026-06-22T09:13:09.361+0300] {logging_mixin.py:188} INFO - [2026-06-22T09:13:09.361+0300] {dagbag.py:540} INFO - Filling up the DagBag from /media/data/omar/programming course/DEPI/DEPI project/anomx/venv/lib/python3.12/site-packages/airflow/example_dags/example_dynamic_task_mapping.py
[2026-06-22T09:13:09.367+0300] {processor.py:840} INFO - DAG(s) 'example_dynamic_task_mapping' retrieved from /media/data/omar/programming course/DEPI/DEPI project/anomx/venv/lib/python3.12/site-packages/airflow/example_dags/example_dynamic_task_mapping.py
[2026-06-22T09:13:09.383+0300] {logging_mixin.py:188} INFO - [2026-06-22T09:13:09.382+0300] {dag.py:3096} INFO - Sync 1 DAGs
[2026-06-22T09:13:09.398+0300] {logging_mixin.py:188} INFO - [2026-06-22T09:13:09.397+0300] {dag.py:3954} INFO - Setting next_dagrun for example_dynamic_task_mapping to 2022-03-04 00:00:00+00:00, run_after=2022-03-05 00:00:00+00:00
[2026-06-22T09:13:09.424+0300] {processor.py:183} INFO - Processing /media/data/omar/programming course/DEPI/DEPI project/anomx/venv/lib/python3.12/site-packages/airflow/example_dags/example_dynamic_task_mapping.py took 0.072 seconds
[2026-06-22T09:14:01.804+0300] {processor.py:161} INFO - Started process (PID=48169) to work on /media/data/omar/programming course/DEPI/DEPI project/anomx/venv/lib/python3.12/site-packages/airflow/example_dags/example_dynamic_task_mapping.py
[2026-06-22T09:14:01.806+0300] {processor.py:830} INFO - Processing file /media/data/omar/programming course/DEPI/DEPI project/anomx/venv/lib/python3.12/site-packages/airflow/example_dags/example_dynamic_task_mapping.py for tasks to queue
[2026-06-22T09:14:01.809+0300] {logging_mixin.py:188} INFO - [2026-06-22T09:14:01.808+0300] {dagbag.py:540} INFO - Filling up the DagBag from /media/data/omar/programming course/DEPI/DEPI project/anomx/venv/lib/python3.12/site-packages/airflow/example_dags/example_dynamic_task_mapping.py
[2026-06-22T09:14:01.819+0300] {processor.py:840} INFO - DAG(s) 'example_dynamic_task_mapping' retrieved from /media/data/omar/programming course/DEPI/DEPI project/anomx/venv/lib/python3.12/site-packages/airflow/example_dags/example_dynamic_task_mapping.py
[2026-06-22T09:14:01.836+0300] {logging_mixin.py:188} INFO - [2026-06-22T09:14:01.836+0300] {dag.py:3096} INFO - Sync 1 DAGs
[2026-06-22T09:14:01.851+0300] {logging_mixin.py:188} INFO - [2026-06-22T09:14:01.851+0300] {dag.py:3954} INFO - Setting next_dagrun for example_dynamic_task_mapping to 2022-03-04 00:00:00+00:00, run_after=2022-03-05 00:00:00+00:00
[2026-06-22T09:14:01.876+0300] {processor.py:183} INFO - Processing /media/data/omar/programming course/DEPI/DEPI project/anomx/venv/lib/python3.12/site-packages/airflow/example_dags/example_dynamic_task_mapping.py took 0.085 seconds
[2026-06-22T09:14:57.463+0300] {processor.py:161} INFO - Started process (PID=48255) to work on /media/data/omar/programming course/DEPI/DEPI project/anomx/venv/lib/python3.12/site-packages/airflow/example_dags/example_dynamic_task_mapping.py
[2026-06-22T09:14:57.464+0300] {processor.py:830} INFO - Processing file /media/data/omar/programming course/DEPI/DEPI project/anomx/venv/lib/python3.12/site-packages/airflow/example_dags/example_dynamic_task_mapping.py for tasks to queue
[2026-06-22T09:14:57.466+0300] {logging_mixin.py:188} INFO - [2026-06-22T09:14:57.466+0300] {dagbag.py:540} INFO - Filling up the DagBag from /media/data/omar/programming course/DEPI/DEPI project/anomx/venv/lib/python3.12/site-packages/airflow/example_dags/example_dynamic_task_mapping.py
[2026-06-22T09:14:57.475+0300] {processor.py:840} INFO - DAG(s) 'example_dynamic_task_mapping' retrieved from /media/data/omar/programming course/DEPI/DEPI project/anomx/venv/lib/python3.12/site-packages/airflow/example_dags/example_dynamic_task_mapping.py
[2026-06-22T09:14:57.490+0300] {logging_mixin.py:188} INFO - [2026-06-22T09:14:57.489+0300] {dag.py:3096} INFO - Sync 1 DAGs
[2026-06-22T09:14:57.503+0300] {logging_mixin.py:188} INFO - [2026-06-22T09:14:57.503+0300] {dag.py:3954} INFO - Setting next_dagrun for example_dynamic_task_mapping to 2022-03-04 00:00:00+00:00, run_after=2022-03-05 00:00:00+00:00
[2026-06-22T09:14:57.528+0300] {processor.py:183} INFO - Processing /media/data/omar/programming course/DEPI/DEPI project/anomx/venv/lib/python3.12/site-packages/airflow/example_dags/example_dynamic_task_mapping.py took 0.081 seconds
[2026-06-22T09:16:19.009+0300] {processor.py:161} INFO - Started process (PID=48397) to work on /media/data/omar/programming course/DEPI/DEPI project/anomx/venv/lib/python3.12/site-packages/airflow/example_dags/example_dynamic_task_mapping.py
[2026-06-22T09:16:19.011+0300] {processor.py:830} INFO - Processing file /media/data/omar/programming course/DEPI/DEPI project/anomx/venv/lib/python3.12/site-packages/airflow/example_dags/example_dynamic_task_mapping.py for tasks to queue
[2026-06-22T09:16:19.013+0300] {logging_mixin.py:188} INFO - [2026-06-22T09:16:19.012+0300] {dagbag.py:540} INFO - Filling up the DagBag from /media/data/omar/programming course/DEPI/DEPI project/anomx/venv/lib/python3.12/site-packages/airflow/example_dags/example_dynamic_task_mapping.py
[2026-06-22T09:16:19.024+0300] {processor.py:840} INFO - DAG(s) 'example_dynamic_task_mapping' retrieved from /media/data/omar/programming course/DEPI/DEPI project/anomx/venv/lib/python3.12/site-packages/airflow/example_dags/example_dynamic_task_mapping.py
[2026-06-22T09:16:19.048+0300] {logging_mixin.py:188} INFO - [2026-06-22T09:16:19.048+0300] {dag.py:3096} INFO - Sync 1 DAGs
[2026-06-22T09:16:19.066+0300] {logging_mixin.py:188} INFO - [2026-06-22T09:16:19.066+0300] {dag.py:3954} INFO - Setting next_dagrun for example_dynamic_task_mapping to 2022-03-04 00:00:00+00:00, run_after=2022-03-05 00:00:00+00:00
[2026-06-22T09:16:19.099+0300] {processor.py:183} INFO - Processing /media/data/omar/programming course/DEPI/DEPI project/anomx/venv/lib/python3.12/site-packages/airflow/example_dags/example_dynamic_task_mapping.py took 0.096 seconds
[2026-06-22T09:17:17.866+0300] {processor.py:161} INFO - Started process (PID=48500) to work on /media/data/omar/programming course/DEPI/DEPI project/anomx/venv/lib/python3.12/site-packages/airflow/example_dags/example_dynamic_task_mapping.py
[2026-06-22T09:17:17.868+0300] {processor.py:830} INFO - Processing file /media/data/omar/programming course/DEPI/DEPI project/anomx/venv/lib/python3.12/site-packages/airflow/example_dags/example_dynamic_task_mapping.py for tasks to queue
[2026-06-22T09:17:17.869+0300] {logging_mixin.py:188} INFO - [2026-06-22T09:17:17.868+0300] {dagbag.py:540} INFO - Filling up the DagBag from /media/data/omar/programming course/DEPI/DEPI project/anomx/venv/lib/python3.12/site-packages/airflow/example_dags/example_dynamic_task_mapping.py
[2026-06-22T09:17:17.877+0300] {processor.py:840} INFO - DAG(s) 'example_dynamic_task_mapping' retrieved from /media/data/omar/programming course/DEPI/DEPI project/anomx/venv/lib/python3.12/site-packages/airflow/example_dags/example_dynamic_task_mapping.py
[2026-06-22T09:17:17.899+0300] {logging_mixin.py:188} INFO - [2026-06-22T09:17:17.899+0300] {dag.py:3096} INFO - Sync 1 DAGs
[2026-06-22T09:17:17.918+0300] {logging_mixin.py:188} INFO - [2026-06-22T09:17:17.917+0300] {dag.py:3954} INFO - Setting next_dagrun for example_dynamic_task_mapping to 2022-03-04 00:00:00+00:00, run_after=2022-03-05 00:00:00+00:00
[2026-06-22T09:17:17.960+0300] {processor.py:183} INFO - Processing /media/data/omar/programming course/DEPI/DEPI project/anomx/venv/lib/python3.12/site-packages/airflow/example_dags/example_dynamic_task_mapping.py took 0.102 seconds
[2026-06-22T09:18:19.893+0300] {processor.py:161} INFO - Started process (PID=48629) to work on /media/data/omar/programming course/DEPI/DEPI project/anomx/venv/lib/python3.12/site-packages/airflow/example_dags/example_dynamic_task_mapping.py
[2026-06-22T09:18:19.894+0300] {processor.py:830} INFO - Processing file /media/data/omar/programming course/DEPI/DEPI project/anomx/venv/lib/python3.12/site-packages/airflow/example_dags/example_dynamic_task_mapping.py for tasks to queue
[2026-06-22T09:18:19.896+0300] {logging_mixin.py:188} INFO - [2026-06-22T09:18:19.895+0300] {dagbag.py:540} INFO - Filling up the DagBag from /media/data/omar/programming course/DEPI/DEPI project/anomx/venv/lib/python3.12/site-packages/airflow/example_dags/example_dynamic_task_mapping.py
[2026-06-22T09:18:19.906+0300] {processor.py:840} INFO - DAG(s) 'example_dynamic_task_mapping' retrieved from /media/data/omar/programming course/DEPI/DEPI project/anomx/venv/lib/python3.12/site-packages/airflow/example_dags/example_dynamic_task_mapping.py
[2026-06-22T09:18:19.926+0300] {logging_mixin.py:188} INFO - [2026-06-22T09:18:19.926+0300] {dag.py:3096} INFO - Sync 1 DAGs
[2026-06-22T09:18:19.941+0300] {logging_mixin.py:188} INFO - [2026-06-22T09:18:19.941+0300] {dag.py:3954} INFO - Setting next_dagrun for example_dynamic_task_mapping to 2022-03-04 00:00:00+00:00, run_after=2022-03-05 00:00:00+00:00
[2026-06-22T09:18:19.972+0300] {processor.py:183} INFO - Processing /media/data/omar/programming course/DEPI/DEPI project/anomx/venv/lib/python3.12/site-packages/airflow/example_dags/example_dynamic_task_mapping.py took 0.090 seconds
[2026-06-22T09:19:26.989+0300] {processor.py:161} INFO - Started process (PID=48797) to work on /media/data/omar/programming course/DEPI/DEPI project/anomx/venv/lib/python3.12/site-packages/airflow/example_dags/example_dynamic_task_mapping.py
[2026-06-22T09:19:26.991+0300] {processor.py:830} INFO - Processing file /media/data/omar/programming course/DEPI/DEPI project/anomx/venv/lib/python3.12/site-packages/airflow/example_dags/example_dynamic_task_mapping.py for tasks to queue
[2026-06-22T09:19:26.992+0300] {logging_mixin.py:188} INFO - [2026-06-22T09:19:26.991+0300] {dagbag.py:540} INFO - Filling up the DagBag from /media/data/omar/programming course/DEPI/DEPI project/anomx/venv/lib/python3.12/site-packages/airflow/example_dags/example_dynamic_task_mapping.py
[2026-06-22T09:19:27.000+0300] {processor.py:840} INFO - DAG(s) 'example_dynamic_task_mapping' retrieved from /media/data/omar/programming course/DEPI/DEPI project/anomx/venv/lib/python3.12/site-packages/airflow/example_dags/example_dynamic_task_mapping.py
[2026-06-22T09:19:27.018+0300] {logging_mixin.py:188} INFO - [2026-06-22T09:19:27.017+0300] {dag.py:3096} INFO - Sync 1 DAGs
[2026-06-22T09:19:27.038+0300] {logging_mixin.py:188} INFO - [2026-06-22T09:19:27.037+0300] {dag.py:3954} INFO - Setting next_dagrun for example_dynamic_task_mapping to 2022-03-04 00:00:00+00:00, run_after=2022-03-05 00:00:00+00:00
[2026-06-22T09:19:27.067+0300] {processor.py:183} INFO - Processing /media/data/omar/programming course/DEPI/DEPI project/anomx/venv/lib/python3.12/site-packages/airflow/example_dags/example_dynamic_task_mapping.py took 0.085 seconds
[2026-06-22T09:20:34.124+0300] {processor.py:161} INFO - Started process (PID=49060) to work on /media/data/omar/programming course/DEPI/DEPI project/anomx/venv/lib/python3.12/site-packages/airflow/example_dags/example_dynamic_task_mapping.py
[2026-06-22T09:20:34.127+0300] {processor.py:830} INFO - Processing file /media/data/omar/programming course/DEPI/DEPI project/anomx/venv/lib/python3.12/site-packages/airflow/example_dags/example_dynamic_task_mapping.py for tasks to queue
[2026-06-22T09:20:34.134+0300] {logging_mixin.py:188} INFO - [2026-06-22T09:20:34.130+0300] {dagbag.py:540} INFO - Filling up the DagBag from /media/data/omar/programming course/DEPI/DEPI project/anomx/venv/lib/python3.12/site-packages/airflow/example_dags/example_dynamic_task_mapping.py
[2026-06-22T09:20:34.162+0300] {processor.py:840} INFO - DAG(s) 'example_dynamic_task_mapping' retrieved from /media/data/omar/programming course/DEPI/DEPI project/anomx/venv/lib/python3.12/site-packages/airflow/example_dags/example_dynamic_task_mapping.py
[2026-06-22T09:20:34.226+0300] {logging_mixin.py:188} INFO - [2026-06-22T09:20:34.225+0300] {dag.py:3096} INFO - Sync 1 DAGs
[2026-06-22T09:20:34.296+0300] {logging_mixin.py:188} INFO - [2026-06-22T09:20:34.295+0300] {dag.py:3954} INFO - Setting next_dagrun for example_dynamic_task_mapping to 2022-03-04 00:00:00+00:00, run_after=2022-03-05 00:00:00+00:00
[2026-06-22T09:20:34.374+0300] {processor.py:183} INFO - Processing /media/data/omar/programming course/DEPI/DEPI project/anomx/venv/lib/python3.12/site-packages/airflow/example_dags/example_dynamic_task_mapping.py took 0.281 seconds
[2026-06-22T09:21:47.812+0300] {processor.py:161} INFO - Started process (PID=49227) to work on /media/data/omar/programming course/DEPI/DEPI project/anomx/venv/lib/python3.12/site-packages/airflow/example_dags/example_dynamic_task_mapping.py
[2026-06-22T09:21:47.813+0300] {processor.py:830} INFO - Processing file /media/data/omar/programming course/DEPI/DEPI project/anomx/venv/lib/python3.12/site-packages/airflow/example_dags/example_dynamic_task_mapping.py for tasks to queue
[2026-06-22T09:21:47.815+0300] {logging_mixin.py:188} INFO - [2026-06-22T09:21:47.814+0300] {dagbag.py:540} INFO - Filling up the DagBag from /media/data/omar/programming course/DEPI/DEPI project/anomx/venv/lib/python3.12/site-packages/airflow/example_dags/example_dynamic_task_mapping.py
[2026-06-22T09:21:47.824+0300] {processor.py:840} INFO - DAG(s) 'example_dynamic_task_mapping' retrieved from /media/data/omar/programming course/DEPI/DEPI project/anomx/venv/lib/python3.12/site-packages/airflow/example_dags/example_dynamic_task_mapping.py
[2026-06-22T09:21:47.849+0300] {logging_mixin.py:188} INFO - [2026-06-22T09:21:47.848+0300] {dag.py:3096} INFO - Sync 1 DAGs
[2026-06-22T09:21:47.871+0300] {logging_mixin.py:188} INFO - [2026-06-22T09:21:47.870+0300] {dag.py:3954} INFO - Setting next_dagrun for example_dynamic_task_mapping to 2022-03-04 00:00:00+00:00, run_after=2022-03-05 00:00:00+00:00
[2026-06-22T09:21:47.915+0300] {processor.py:183} INFO - Processing /media/data/omar/programming course/DEPI/DEPI project/anomx/venv/lib/python3.12/site-packages/airflow/example_dags/example_dynamic_task_mapping.py took 0.115 seconds
[2026-06-22T09:22:52.112+0300] {processor.py:161} INFO - Started process (PID=49407) to work on /media/data/omar/programming course/DEPI/DEPI project/anomx/venv/lib/python3.12/site-packages/airflow/example_dags/example_dynamic_task_mapping.py
[2026-06-22T09:22:52.115+0300] {processor.py:830} INFO - Processing file /media/data/omar/programming course/DEPI/DEPI project/anomx/venv/lib/python3.12/site-packages/airflow/example_dags/example_dynamic_task_mapping.py for tasks to queue
[2026-06-22T09:22:52.118+0300] {logging_mixin.py:188} INFO - [2026-06-22T09:22:52.116+0300] {dagbag.py:540} INFO - Filling up the DagBag from /media/data/omar/programming course/DEPI/DEPI project/anomx/venv/lib/python3.12/site-packages/airflow/example_dags/example_dynamic_task_mapping.py
[2026-06-22T09:22:52.146+0300] {processor.py:840} INFO - DAG(s) 'example_dynamic_task_mapping' retrieved from /media/data/omar/programming course/DEPI/DEPI project/anomx/venv/lib/python3.12/site-packages/airflow/example_dags/example_dynamic_task_mapping.py
[2026-06-22T09:22:52.190+0300] {logging_mixin.py:188} INFO - [2026-06-22T09:22:52.189+0300] {dag.py:3096} INFO - Sync 1 DAGs
[2026-06-22T09:22:52.230+0300] {logging_mixin.py:188} INFO - [2026-06-22T09:22:52.230+0300] {dag.py:3954} INFO - Setting next_dagrun for example_dynamic_task_mapping to 2022-03-04 00:00:00+00:00, run_after=2022-03-05 00:00:00+00:00
[2026-06-22T09:22:52.431+0300] {processor.py:183} INFO - Processing /media/data/omar/programming course/DEPI/DEPI project/anomx/venv/lib/python3.12/site-packages/airflow/example_dags/example_dynamic_task_mapping.py took 0.332 seconds
[2026-06-22T09:24:00.260+0300] {processor.py:161} INFO - Started process (PID=49553) to work on /media/data/omar/programming course/DEPI/DEPI project/anomx/venv/lib/python3.12/site-packages/airflow/example_dags/example_dynamic_task_mapping.py
[2026-06-22T09:24:00.261+0300] {processor.py:830} INFO - Processing file /media/data/omar/programming course/DEPI/DEPI project/anomx/venv/lib/python3.12/site-packages/airflow/example_dags/example_dynamic_task_mapping.py for tasks to queue
[2026-06-22T09:24:00.263+0300] {logging_mixin.py:188} INFO - [2026-06-22T09:24:00.262+0300] {dagbag.py:540} INFO - Filling up the DagBag from /media/data/omar/programming course/DEPI/DEPI project/anomx/venv/lib/python3.12/site-packages/airflow/example_dags/example_dynamic_task_mapping.py
[2026-06-22T09:24:00.273+0300] {processor.py:840} INFO - DAG(s) 'example_dynamic_task_mapping' retrieved from /media/data/omar/programming course/DEPI/DEPI project/anomx/venv/lib/python3.12/site-packages/airflow/example_dags/example_dynamic_task_mapping.py
[2026-06-22T09:24:00.300+0300] {logging_mixin.py:188} INFO - [2026-06-22T09:24:00.299+0300] {dag.py:3096} INFO - Sync 1 DAGs
[2026-06-22T09:24:00.319+0300] {logging_mixin.py:188} INFO - [2026-06-22T09:24:00.318+0300] {dag.py:3954} INFO - Setting next_dagrun for example_dynamic_task_mapping to 2022-03-04 00:00:00+00:00, run_after=2022-03-05 00:00:00+00:00
[2026-06-22T09:24:00.353+0300] {processor.py:183} INFO - Processing /media/data/omar/programming course/DEPI/DEPI project/anomx/venv/lib/python3.12/site-packages/airflow/example_dags/example_dynamic_task_mapping.py took 0.105 seconds
[2026-06-22T09:25:06.844+0300] {processor.py:161} INFO - Started process (PID=49731) to work on /media/data/omar/programming course/DEPI/DEPI project/anomx/venv/lib/python3.12/site-packages/airflow/example_dags/example_dynamic_task_mapping.py
[2026-06-22T09:25:06.845+0300] {processor.py:830} INFO - Processing file /media/data/omar/programming course/DEPI/DEPI project/anomx/venv/lib/python3.12/site-packages/airflow/example_dags/example_dynamic_task_mapping.py for tasks to queue
[2026-06-22T09:25:06.847+0300] {logging_mixin.py:188} INFO - [2026-06-22T09:25:06.846+0300] {dagbag.py:540} INFO - Filling up the DagBag from /media/data/omar/programming course/DEPI/DEPI project/anomx/venv/lib/python3.12/site-packages/airflow/example_dags/example_dynamic_task_mapping.py
[2026-06-22T09:25:06.857+0300] {processor.py:840} INFO - DAG(s) 'example_dynamic_task_mapping' retrieved from /media/data/omar/programming course/DEPI/DEPI project/anomx/venv/lib/python3.12/site-packages/airflow/example_dags/example_dynamic_task_mapping.py
[2026-06-22T09:25:06.877+0300] {logging_mixin.py:188} INFO - [2026-06-22T09:25:06.877+0300] {dag.py:3096} INFO - Sync 1 DAGs
[2026-06-22T09:25:06.907+0300] {logging_mixin.py:188} INFO - [2026-06-22T09:25:06.906+0300] {dag.py:3954} INFO - Setting next_dagrun for example_dynamic_task_mapping to 2022-03-04 00:00:00+00:00, run_after=2022-03-05 00:00:00+00:00
[2026-06-22T09:25:06.943+0300] {processor.py:183} INFO - Processing /media/data/omar/programming course/DEPI/DEPI project/anomx/venv/lib/python3.12/site-packages/airflow/example_dags/example_dynamic_task_mapping.py took 0.106 seconds
[2026-06-22T09:26:20.328+0300] {processor.py:161} INFO - Started process (PID=49951) to work on /media/data/omar/programming course/DEPI/DEPI project/anomx/venv/lib/python3.12/site-packages/airflow/example_dags/example_dynamic_task_mapping.py
[2026-06-22T09:26:20.331+0300] {processor.py:830} INFO - Processing file /media/data/omar/programming course/DEPI/DEPI project/anomx/venv/lib/python3.12/site-packages/airflow/example_dags/example_dynamic_task_mapping.py for tasks to queue
[2026-06-22T09:26:20.332+0300] {logging_mixin.py:188} INFO - [2026-06-22T09:26:20.331+0300] {dagbag.py:540} INFO - Filling up the DagBag from /media/data/omar/programming course/DEPI/DEPI project/anomx/venv/lib/python3.12/site-packages/airflow/example_dags/example_dynamic_task_mapping.py
[2026-06-22T09:26:20.339+0300] {processor.py:840} INFO - DAG(s) 'example_dynamic_task_mapping' retrieved from /media/data/omar/programming course/DEPI/DEPI project/anomx/venv/lib/python3.12/site-packages/airflow/example_dags/example_dynamic_task_mapping.py
[2026-06-22T09:26:20.367+0300] {logging_mixin.py:188} INFO - [2026-06-22T09:26:20.366+0300] {dag.py:3096} INFO - Sync 1 DAGs
[2026-06-22T09:26:20.388+0300] {logging_mixin.py:188} INFO - [2026-06-22T09:26:20.388+0300] {dag.py:3954} INFO - Setting next_dagrun for example_dynamic_task_mapping to 2022-03-04 00:00:00+00:00, run_after=2022-03-05 00:00:00+00:00
[2026-06-22T09:26:20.429+0300] {processor.py:183} INFO - Processing /media/data/omar/programming course/DEPI/DEPI project/anomx/venv/lib/python3.12/site-packages/airflow/example_dags/example_dynamic_task_mapping.py took 0.110 seconds
[2026-06-22T09:27:30.007+0300] {processor.py:161} INFO - Started process (PID=50111) to work on /media/data/omar/programming course/DEPI/DEPI project/anomx/venv/lib/python3.12/site-packages/airflow/example_dags/example_dynamic_task_mapping.py
[2026-06-22T09:27:30.010+0300] {processor.py:830} INFO - Processing file /media/data/omar/programming course/DEPI/DEPI project/anomx/venv/lib/python3.12/site-packages/airflow/example_dags/example_dynamic_task_mapping.py for tasks to queue
[2026-06-22T09:27:30.013+0300] {logging_mixin.py:188} INFO - [2026-06-22T09:27:30.012+0300] {dagbag.py:540} INFO - Filling up the DagBag from /media/data/omar/programming course/DEPI/DEPI project/anomx/venv/lib/python3.12/site-packages/airflow/example_dags/example_dynamic_task_mapping.py
[2026-06-22T09:27:30.025+0300] {processor.py:840} INFO - DAG(s) 'example_dynamic_task_mapping' retrieved from /media/data/omar/programming course/DEPI/DEPI project/anomx/venv/lib/python3.12/site-packages/airflow/example_dags/example_dynamic_task_mapping.py
[2026-06-22T09:27:30.066+0300] {logging_mixin.py:188} INFO - [2026-06-22T09:27:30.065+0300] {dag.py:3096} INFO - Sync 1 DAGs
[2026-06-22T09:27:30.349+0300] {logging_mixin.py:188} INFO - [2026-06-22T09:27:30.349+0300] {dag.py:3954} INFO - Setting next_dagrun for example_dynamic_task_mapping to 2022-03-04 00:00:00+00:00, run_after=2022-03-05 00:00:00+00:00
[2026-06-22T09:27:30.395+0300] {processor.py:183} INFO - Processing /media/data/omar/programming course/DEPI/DEPI project/anomx/venv/lib/python3.12/site-packages/airflow/example_dags/example_dynamic_task_mapping.py took 0.403 seconds
[2026-06-22T09:28:40.810+0300] {processor.py:161} INFO - Started process (PID=50293) to work on /media/data/omar/programming course/DEPI/DEPI project/anomx/venv/lib/python3.12/site-packages/airflow/example_dags/example_dynamic_task_mapping.py
[2026-06-22T09:28:40.812+0300] {processor.py:830} INFO - Processing file /media/data/omar/programming course/DEPI/DEPI project/anomx/venv/lib/python3.12/site-packages/airflow/example_dags/example_dynamic_task_mapping.py for tasks to queue
[2026-06-22T09:28:40.814+0300] {logging_mixin.py:188} INFO - [2026-06-22T09:28:40.813+0300] {dagbag.py:540} INFO - Filling up the DagBag from /media/data/omar/programming course/DEPI/DEPI project/anomx/venv/lib/python3.12/site-packages/airflow/example_dags/example_dynamic_task_mapping.py
[2026-06-22T09:28:40.822+0300] {processor.py:840} INFO - DAG(s) 'example_dynamic_task_mapping' retrieved from /media/data/omar/programming course/DEPI/DEPI project/anomx/venv/lib/python3.12/site-packages/airflow/example_dags/example_dynamic_task_mapping.py
[2026-06-22T09:28:40.852+0300] {logging_mixin.py:188} INFO - [2026-06-22T09:28:40.851+0300] {dag.py:3096} INFO - Sync 1 DAGs
[2026-06-22T09:28:40.883+0300] {logging_mixin.py:188} INFO - [2026-06-22T09:28:40.881+0300] {dag.py:3954} INFO - Setting next_dagrun for example_dynamic_task_mapping to 2022-03-04 00:00:00+00:00, run_after=2022-03-05 00:00:00+00:00
[2026-06-22T09:28:40.938+0300] {processor.py:183} INFO - Processing /media/data/omar/programming course/DEPI/DEPI project/anomx/venv/lib/python3.12/site-packages/airflow/example_dags/example_dynamic_task_mapping.py took 0.156 seconds
[2026-06-22T09:29:50.323+0300] {processor.py:161} INFO - Started process (PID=50469) to work on /media/data/omar/programming course/DEPI/DEPI project/anomx/venv/lib/python3.12/site-packages/airflow/example_dags/example_dynamic_task_mapping.py
[2026-06-22T09:29:50.324+0300] {processor.py:830} INFO - Processing file /media/data/omar/programming course/DEPI/DEPI project/anomx/venv/lib/python3.12/site-packages/airflow/example_dags/example_dynamic_task_mapping.py for tasks to queue
[2026-06-22T09:29:50.327+0300] {logging_mixin.py:188} INFO - [2026-06-22T09:29:50.326+0300] {dagbag.py:540} INFO - Filling up the DagBag from /media/data/omar/programming course/DEPI/DEPI project/anomx/venv/lib/python3.12/site-packages/airflow/example_dags/example_dynamic_task_mapping.py
[2026-06-22T09:29:50.339+0300] {processor.py:840} INFO - DAG(s) 'example_dynamic_task_mapping' retrieved from /media/data/omar/programming course/DEPI/DEPI project/anomx/venv/lib/python3.12/site-packages/airflow/example_dags/example_dynamic_task_mapping.py
[2026-06-22T09:29:50.374+0300] {logging_mixin.py:188} INFO - [2026-06-22T09:29:50.373+0300] {dag.py:3096} INFO - Sync 1 DAGs
[2026-06-22T09:29:50.396+0300] {logging_mixin.py:188} INFO - [2026-06-22T09:29:50.396+0300] {dag.py:3954} INFO - Setting next_dagrun for example_dynamic_task_mapping to 2022-03-04 00:00:00+00:00, run_after=2022-03-05 00:00:00+00:00
[2026-06-22T09:29:50.449+0300] {processor.py:183} INFO - Processing /media/data/omar/programming course/DEPI/DEPI project/anomx/venv/lib/python3.12/site-packages/airflow/example_dags/example_dynamic_task_mapping.py took 0.134 seconds
[2026-06-22T09:31:02.358+0300] {processor.py:161} INFO - Started process (PID=50639) to work on /media/data/omar/programming course/DEPI/DEPI project/anomx/venv/lib/python3.12/site-packages/airflow/example_dags/example_dynamic_task_mapping.py
[2026-06-22T09:31:02.370+0300] {processor.py:830} INFO - Processing file /media/data/omar/programming course/DEPI/DEPI project/anomx/venv/lib/python3.12/site-packages/airflow/example_dags/example_dynamic_task_mapping.py for tasks to queue
[2026-06-22T09:31:02.375+0300] {logging_mixin.py:188} INFO - [2026-06-22T09:31:02.373+0300] {dagbag.py:540} INFO - Filling up the DagBag from /media/data/omar/programming course/DEPI/DEPI project/anomx/venv/lib/python3.12/site-packages/airflow/example_dags/example_dynamic_task_mapping.py
[2026-06-22T09:31:02.405+0300] {processor.py:840} INFO - DAG(s) 'example_dynamic_task_mapping' retrieved from /media/data/omar/programming course/DEPI/DEPI project/anomx/venv/lib/python3.12/site-packages/airflow/example_dags/example_dynamic_task_mapping.py
[2026-06-22T09:31:02.457+0300] {logging_mixin.py:188} INFO - [2026-06-22T09:31:02.457+0300] {dag.py:3096} INFO - Sync 1 DAGs
[2026-06-22T09:31:02.498+0300] {logging_mixin.py:188} INFO - [2026-06-22T09:31:02.497+0300] {dag.py:3954} INFO - Setting next_dagrun for example_dynamic_task_mapping to 2022-03-04 00:00:00+00:00, run_after=2022-03-05 00:00:00+00:00
[2026-06-22T09:31:02.557+0300] {processor.py:183} INFO - Processing /media/data/omar/programming course/DEPI/DEPI project/anomx/venv/lib/python3.12/site-packages/airflow/example_dags/example_dynamic_task_mapping.py took 0.231 seconds
[2026-06-22T09:32:05.952+0300] {processor.py:161} INFO - Started process (PID=50759) to work on /media/data/omar/programming course/DEPI/DEPI project/anomx/venv/lib/python3.12/site-packages/airflow/example_dags/example_dynamic_task_mapping.py
[2026-06-22T09:32:05.955+0300] {processor.py:830} INFO - Processing file /media/data/omar/programming course/DEPI/DEPI project/anomx/venv/lib/python3.12/site-packages/airflow/example_dags/example_dynamic_task_mapping.py for tasks to queue
[2026-06-22T09:32:05.958+0300] {logging_mixin.py:188} INFO - [2026-06-22T09:32:05.956+0300] {dagbag.py:540} INFO - Filling up the DagBag from /media/data/omar/programming course/DEPI/DEPI project/anomx/venv/lib/python3.12/site-packages/airflow/example_dags/example_dynamic_task_mapping.py
[2026-06-22T09:32:05.972+0300] {processor.py:840} INFO - DAG(s) 'example_dynamic_task_mapping' retrieved from /media/data/omar/programming course/DEPI/DEPI project/anomx/venv/lib/python3.12/site-packages/airflow/example_dags/example_dynamic_task_mapping.py
[2026-06-22T09:32:05.998+0300] {logging_mixin.py:188} INFO - [2026-06-22T09:32:05.997+0300] {dag.py:3096} INFO - Sync 1 DAGs
[2026-06-22T09:32:06.012+0300] {logging_mixin.py:188} INFO - [2026-06-22T09:32:06.012+0300] {dag.py:3954} INFO - Setting next_dagrun for example_dynamic_task_mapping to 2022-03-04 00:00:00+00:00, run_after=2022-03-05 00:00:00+00:00
[2026-06-22T09:32:06.038+0300] {processor.py:183} INFO - Processing /media/data/omar/programming course/DEPI/DEPI project/anomx/venv/lib/python3.12/site-packages/airflow/example_dags/example_dynamic_task_mapping.py took 0.100 seconds
[2026-06-22T09:32:59.033+0300] {processor.py:161} INFO - Started process (PID=50849) to work on /media/data/omar/programming course/DEPI/DEPI project/anomx/venv/lib/python3.12/site-packages/airflow/example_dags/example_dynamic_task_mapping.py
[2026-06-22T09:32:59.035+0300] {processor.py:830} INFO - Processing file /media/data/omar/programming course/DEPI/DEPI project/anomx/venv/lib/python3.12/site-packages/airflow/example_dags/example_dynamic_task_mapping.py for tasks to queue
[2026-06-22T09:32:59.037+0300] {logging_mixin.py:188} INFO - [2026-06-22T09:32:59.036+0300] {dagbag.py:540} INFO - Filling up the DagBag from /media/data/omar/programming course/DEPI/DEPI project/anomx/venv/lib/python3.12/site-packages/airflow/example_dags/example_dynamic_task_mapping.py
[2026-06-22T09:32:59.047+0300] {processor.py:840} INFO - DAG(s) 'example_dynamic_task_mapping' retrieved from /media/data/omar/programming course/DEPI/DEPI project/anomx/venv/lib/python3.12/site-packages/airflow/example_dags/example_dynamic_task_mapping.py
[2026-06-22T09:32:59.065+0300] {logging_mixin.py:188} INFO - [2026-06-22T09:32:59.065+0300] {dag.py:3096} INFO - Sync 1 DAGs
[2026-06-22T09:32:59.078+0300] {logging_mixin.py:188} INFO - [2026-06-22T09:32:59.078+0300] {dag.py:3954} INFO - Setting next_dagrun for example_dynamic_task_mapping to 2022-03-04 00:00:00+00:00, run_after=2022-03-05 00:00:00+00:00
[2026-06-22T09:32:59.103+0300] {processor.py:183} INFO - Processing /media/data/omar/programming course/DEPI/DEPI project/anomx/venv/lib/python3.12/site-packages/airflow/example_dags/example_dynamic_task_mapping.py took 0.080 seconds
[2026-06-22T09:33:53.732+0300] {processor.py:161} INFO - Started process (PID=50929) to work on /media/data/omar/programming course/DEPI/DEPI project/anomx/venv/lib/python3.12/site-packages/airflow/example_dags/example_dynamic_task_mapping.py
[2026-06-22T09:33:53.733+0300] {processor.py:830} INFO - Processing file /media/data/omar/programming course/DEPI/DEPI project/anomx/venv/lib/python3.12/site-packages/airflow/example_dags/example_dynamic_task_mapping.py for tasks to queue
[2026-06-22T09:33:53.735+0300] {logging_mixin.py:188} INFO - [2026-06-22T09:33:53.734+0300] {dagbag.py:540} INFO - Filling up the DagBag from /media/data/omar/programming course/DEPI/DEPI project/anomx/venv/lib/python3.12/site-packages/airflow/example_dags/example_dynamic_task_mapping.py
[2026-06-22T09:33:53.742+0300] {processor.py:840} INFO - DAG(s) 'example_dynamic_task_mapping' retrieved from /media/data/omar/programming course/DEPI/DEPI project/anomx/venv/lib/python3.12/site-packages/airflow/example_dags/example_dynamic_task_mapping.py
[2026-06-22T09:33:53.759+0300] {logging_mixin.py:188} INFO - [2026-06-22T09:33:53.759+0300] {dag.py:3096} INFO - Sync 1 DAGs
[2026-06-22T09:33:53.772+0300] {logging_mixin.py:188} INFO - [2026-06-22T09:33:53.772+0300] {dag.py:3954} INFO - Setting next_dagrun for example_dynamic_task_mapping to 2022-03-04 00:00:00+00:00, run_after=2022-03-05 00:00:00+00:00
[2026-06-22T09:33:53.799+0300] {processor.py:183} INFO - Processing /media/data/omar/programming course/DEPI/DEPI project/anomx/venv/lib/python3.12/site-packages/airflow/example_dags/example_dynamic_task_mapping.py took 0.074 seconds
[2026-06-22T09:35:07.486+0300] {processor.py:161} INFO - Started process (PID=51068) to work on /media/data/omar/programming course/DEPI/DEPI project/anomx/venv/lib/python3.12/site-packages/airflow/example_dags/example_dynamic_task_mapping.py
[2026-06-22T09:35:07.489+0300] {processor.py:830} INFO - Processing file /media/data/omar/programming course/DEPI/DEPI project/anomx/venv/lib/python3.12/site-packages/airflow/example_dags/example_dynamic_task_mapping.py for tasks to queue
[2026-06-22T09:35:07.491+0300] {logging_mixin.py:188} INFO - [2026-06-22T09:35:07.490+0300] {dagbag.py:540} INFO - Filling up the DagBag from /media/data/omar/programming course/DEPI/DEPI project/anomx/venv/lib/python3.12/site-packages/airflow/example_dags/example_dynamic_task_mapping.py
[2026-06-22T09:35:07.501+0300] {processor.py:840} INFO - DAG(s) 'example_dynamic_task_mapping' retrieved from /media/data/omar/programming course/DEPI/DEPI project/anomx/venv/lib/python3.12/site-packages/airflow/example_dags/example_dynamic_task_mapping.py
[2026-06-22T09:35:07.517+0300] {logging_mixin.py:188} INFO - [2026-06-22T09:35:07.517+0300] {dag.py:3096} INFO - Sync 1 DAGs
[2026-06-22T09:35:07.531+0300] {logging_mixin.py:188} INFO - [2026-06-22T09:35:07.530+0300] {dag.py:3954} INFO - Setting next_dagrun for example_dynamic_task_mapping to 2022-03-04 00:00:00+00:00, run_after=2022-03-05 00:00:00+00:00
[2026-06-22T09:35:07.556+0300] {processor.py:183} INFO - Processing /media/data/omar/programming course/DEPI/DEPI project/anomx/venv/lib/python3.12/site-packages/airflow/example_dags/example_dynamic_task_mapping.py took 0.087 seconds
[2026-06-22T09:36:02.551+0300] {processor.py:161} INFO - Started process (PID=51144) to work on /media/data/omar/programming course/DEPI/DEPI project/anomx/venv/lib/python3.12/site-packages/airflow/example_dags/example_dynamic_task_mapping.py
[2026-06-22T09:36:02.553+0300] {processor.py:830} INFO - Processing file /media/data/omar/programming course/DEPI/DEPI project/anomx/venv/lib/python3.12/site-packages/airflow/example_dags/example_dynamic_task_mapping.py for tasks to queue
[2026-06-22T09:36:02.555+0300] {logging_mixin.py:188} INFO - [2026-06-22T09:36:02.554+0300] {dagbag.py:540} INFO - Filling up the DagBag from /media/data/omar/programming course/DEPI/DEPI project/anomx/venv/lib/python3.12/site-packages/airflow/example_dags/example_dynamic_task_mapping.py
[2026-06-22T09:36:02.563+0300] {processor.py:840} INFO - DAG(s) 'example_dynamic_task_mapping' retrieved from /media/data/omar/programming course/DEPI/DEPI project/anomx/venv/lib/python3.12/site-packages/airflow/example_dags/example_dynamic_task_mapping.py
[2026-06-22T09:36:02.579+0300] {logging_mixin.py:188} INFO - [2026-06-22T09:36:02.579+0300] {dag.py:3096} INFO - Sync 1 DAGs
[2026-06-22T09:36:02.593+0300] {logging_mixin.py:188} INFO - [2026-06-22T09:36:02.593+0300] {dag.py:3954} INFO - Setting next_dagrun for example_dynamic_task_mapping to 2022-03-04 00:00:00+00:00, run_after=2022-03-05 00:00:00+00:00
[2026-06-22T09:36:02.686+0300] {processor.py:183} INFO - Processing /media/data/omar/programming course/DEPI/DEPI project/anomx/venv/lib/python3.12/site-packages/airflow/example_dags/example_dynamic_task_mapping.py took 0.151 seconds
[2026-06-22T09:36:57.431+0300] {processor.py:161} INFO - Started process (PID=51248) to work on /media/data/omar/programming course/DEPI/DEPI project/anomx/venv/lib/python3.12/site-packages/airflow/example_dags/example_dynamic_task_mapping.py
[2026-06-22T09:36:57.433+0300] {processor.py:830} INFO - Processing file /media/data/omar/programming course/DEPI/DEPI project/anomx/venv/lib/python3.12/site-packages/airflow/example_dags/example_dynamic_task_mapping.py for tasks to queue
[2026-06-22T09:36:57.435+0300] {logging_mixin.py:188} INFO - [2026-06-22T09:36:57.434+0300] {dagbag.py:540} INFO - Filling up the DagBag from /media/data/omar/programming course/DEPI/DEPI project/anomx/venv/lib/python3.12/site-packages/airflow/example_dags/example_dynamic_task_mapping.py
[2026-06-22T09:36:57.445+0300] {processor.py:840} INFO - DAG(s) 'example_dynamic_task_mapping' retrieved from /media/data/omar/programming course/DEPI/DEPI project/anomx/venv/lib/python3.12/site-packages/airflow/example_dags/example_dynamic_task_mapping.py
[2026-06-22T09:36:57.464+0300] {logging_mixin.py:188} INFO - [2026-06-22T09:36:57.464+0300] {dag.py:3096} INFO - Sync 1 DAGs
[2026-06-22T09:36:57.478+0300] {logging_mixin.py:188} INFO - [2026-06-22T09:36:57.478+0300] {dag.py:3954} INFO - Setting next_dagrun for example_dynamic_task_mapping to 2022-03-04 00:00:00+00:00, run_after=2022-03-05 00:00:00+00:00
[2026-06-22T09:36:57.503+0300] {processor.py:183} INFO - Processing /media/data/omar/programming course/DEPI/DEPI project/anomx/venv/lib/python3.12/site-packages/airflow/example_dags/example_dynamic_task_mapping.py took 0.082 seconds
[2026-06-22T09:37:48.332+0300] {processor.py:161} INFO - Started process (PID=51326) to work on /media/data/omar/programming course/DEPI/DEPI project/anomx/venv/lib/python3.12/site-packages/airflow/example_dags/example_dynamic_task_mapping.py
[2026-06-22T09:37:48.334+0300] {processor.py:830} INFO - Processing file /media/data/omar/programming course/DEPI/DEPI project/anomx/venv/lib/python3.12/site-packages/airflow/example_dags/example_dynamic_task_mapping.py for tasks to queue
[2026-06-22T09:37:48.336+0300] {logging_mixin.py:188} INFO - [2026-06-22T09:37:48.335+0300] {dagbag.py:540} INFO - Filling up the DagBag from /media/data/omar/programming course/DEPI/DEPI project/anomx/venv/lib/python3.12/site-packages/airflow/example_dags/example_dynamic_task_mapping.py
[2026-06-22T09:37:48.350+0300] {processor.py:840} INFO - DAG(s) 'example_dynamic_task_mapping' retrieved from /media/data/omar/programming course/DEPI/DEPI project/anomx/venv/lib/python3.12/site-packages/airflow/example_dags/example_dynamic_task_mapping.py
[2026-06-22T09:37:48.369+0300] {logging_mixin.py:188} INFO - [2026-06-22T09:37:48.368+0300] {dag.py:3096} INFO - Sync 1 DAGs
[2026-06-22T09:37:48.382+0300] {logging_mixin.py:188} INFO - [2026-06-22T09:37:48.382+0300] {dag.py:3954} INFO - Setting next_dagrun for example_dynamic_task_mapping to 2022-03-04 00:00:00+00:00, run_after=2022-03-05 00:00:00+00:00
[2026-06-22T09:37:48.407+0300] {processor.py:183} INFO - Processing /media/data/omar/programming course/DEPI/DEPI project/anomx/venv/lib/python3.12/site-packages/airflow/example_dags/example_dynamic_task_mapping.py took 0.088 seconds
[2026-06-22T09:38:42.671+0300] {processor.py:161} INFO - Started process (PID=51407) to work on /media/data/omar/programming course/DEPI/DEPI project/anomx/venv/lib/python3.12/site-packages/airflow/example_dags/example_dynamic_task_mapping.py
[2026-06-22T09:38:42.673+0300] {processor.py:830} INFO - Processing file /media/data/omar/programming course/DEPI/DEPI project/anomx/venv/lib/python3.12/site-packages/airflow/example_dags/example_dynamic_task_mapping.py for tasks to queue
[2026-06-22T09:38:42.676+0300] {logging_mixin.py:188} INFO - [2026-06-22T09:38:42.675+0300] {dagbag.py:540} INFO - Filling up the DagBag from /media/data/omar/programming course/DEPI/DEPI project/anomx/venv/lib/python3.12/site-packages/airflow/example_dags/example_dynamic_task_mapping.py
[2026-06-22T09:38:42.689+0300] {processor.py:840} INFO - DAG(s) 'example_dynamic_task_mapping' retrieved from /media/data/omar/programming course/DEPI/DEPI project/anomx/venv/lib/python3.12/site-packages/airflow/example_dags/example_dynamic_task_mapping.py
[2026-06-22T09:38:42.707+0300] {logging_mixin.py:188} INFO - [2026-06-22T09:38:42.707+0300] {dag.py:3096} INFO - Sync 1 DAGs
[2026-06-22T09:38:42.721+0300] {logging_mixin.py:188} INFO - [2026-06-22T09:38:42.721+0300] {dag.py:3954} INFO - Setting next_dagrun for example_dynamic_task_mapping to 2022-03-04 00:00:00+00:00, run_after=2022-03-05 00:00:00+00:00
[2026-06-22T09:38:42.748+0300] {processor.py:183} INFO - Processing /media/data/omar/programming course/DEPI/DEPI project/anomx/venv/lib/python3.12/site-packages/airflow/example_dags/example_dynamic_task_mapping.py took 0.090 seconds
[2026-06-22T09:39:37.531+0300] {processor.py:161} INFO - Started process (PID=51491) to work on /media/data/omar/programming course/DEPI/DEPI project/anomx/venv/lib/python3.12/site-packages/airflow/example_dags/example_dynamic_task_mapping.py
[2026-06-22T09:39:37.532+0300] {processor.py:830} INFO - Processing file /media/data/omar/programming course/DEPI/DEPI project/anomx/venv/lib/python3.12/site-packages/airflow/example_dags/example_dynamic_task_mapping.py for tasks to queue
[2026-06-22T09:39:37.533+0300] {logging_mixin.py:188} INFO - [2026-06-22T09:39:37.532+0300] {dagbag.py:540} INFO - Filling up the DagBag from /media/data/omar/programming course/DEPI/DEPI project/anomx/venv/lib/python3.12/site-packages/airflow/example_dags/example_dynamic_task_mapping.py
[2026-06-22T09:39:37.540+0300] {processor.py:840} INFO - DAG(s) 'example_dynamic_task_mapping' retrieved from /media/data/omar/programming course/DEPI/DEPI project/anomx/venv/lib/python3.12/site-packages/airflow/example_dags/example_dynamic_task_mapping.py
[2026-06-22T09:39:37.555+0300] {logging_mixin.py:188} INFO - [2026-06-22T09:39:37.554+0300] {dag.py:3096} INFO - Sync 1 DAGs
[2026-06-22T09:39:37.569+0300] {logging_mixin.py:188} INFO - [2026-06-22T09:39:37.569+0300] {dag.py:3954} INFO - Setting next_dagrun for example_dynamic_task_mapping to 2022-03-04 00:00:00+00:00, run_after=2022-03-05 00:00:00+00:00
[2026-06-22T09:39:37.595+0300] {processor.py:183} INFO - Processing /media/data/omar/programming course/DEPI/DEPI project/anomx/venv/lib/python3.12/site-packages/airflow/example_dags/example_dynamic_task_mapping.py took 0.072 seconds
[2026-06-22T09:40:32.252+0300] {processor.py:161} INFO - Started process (PID=51579) to work on /media/data/omar/programming course/DEPI/DEPI project/anomx/venv/lib/python3.12/site-packages/airflow/example_dags/example_dynamic_task_mapping.py
[2026-06-22T09:40:32.253+0300] {processor.py:830} INFO - Processing file /media/data/omar/programming course/DEPI/DEPI project/anomx/venv/lib/python3.12/site-packages/airflow/example_dags/example_dynamic_task_mapping.py for tasks to queue
[2026-06-22T09:40:32.256+0300] {logging_mixin.py:188} INFO - [2026-06-22T09:40:32.255+0300] {dagbag.py:540} INFO - Filling up the DagBag from /media/data/omar/programming course/DEPI/DEPI project/anomx/venv/lib/python3.12/site-packages/airflow/example_dags/example_dynamic_task_mapping.py
[2026-06-22T09:40:32.265+0300] {processor.py:840} INFO - DAG(s) 'example_dynamic_task_mapping' retrieved from /media/data/omar/programming course/DEPI/DEPI project/anomx/venv/lib/python3.12/site-packages/airflow/example_dags/example_dynamic_task_mapping.py
[2026-06-22T09:40:32.287+0300] {logging_mixin.py:188} INFO - [2026-06-22T09:40:32.286+0300] {dag.py:3096} INFO - Sync 1 DAGs
[2026-06-22T09:40:32.302+0300] {logging_mixin.py:188} INFO - [2026-06-22T09:40:32.301+0300] {dag.py:3954} INFO - Setting next_dagrun for example_dynamic_task_mapping to 2022-03-04 00:00:00+00:00, run_after=2022-03-05 00:00:00+00:00
[2026-06-22T09:40:32.387+0300] {processor.py:183} INFO - Processing /media/data/omar/programming course/DEPI/DEPI project/anomx/venv/lib/python3.12/site-packages/airflow/example_dags/example_dynamic_task_mapping.py took 0.155 seconds
[2026-06-22T09:41:27.542+0300] {processor.py:161} INFO - Started process (PID=51658) to work on /media/data/omar/programming course/DEPI/DEPI project/anomx/venv/lib/python3.12/site-packages/airflow/example_dags/example_dynamic_task_mapping.py
[2026-06-22T09:41:27.543+0300] {processor.py:830} INFO - Processing file /media/data/omar/programming course/DEPI/DEPI project/anomx/venv/lib/python3.12/site-packages/airflow/example_dags/example_dynamic_task_mapping.py for tasks to queue
[2026-06-22T09:41:27.543+0300] {logging_mixin.py:188} INFO - [2026-06-22T09:41:27.543+0300] {dagbag.py:540} INFO - Filling up the DagBag from /media/data/omar/programming course/DEPI/DEPI project/anomx/venv/lib/python3.12/site-packages/airflow/example_dags/example_dynamic_task_mapping.py
[2026-06-22T09:41:27.549+0300] {processor.py:840} INFO - DAG(s) 'example_dynamic_task_mapping' retrieved from /media/data/omar/programming course/DEPI/DEPI project/anomx/venv/lib/python3.12/site-packages/airflow/example_dags/example_dynamic_task_mapping.py
[2026-06-22T09:41:27.562+0300] {logging_mixin.py:188} INFO - [2026-06-22T09:41:27.561+0300] {dag.py:3096} INFO - Sync 1 DAGs
[2026-06-22T09:41:27.575+0300] {logging_mixin.py:188} INFO - [2026-06-22T09:41:27.574+0300] {dag.py:3954} INFO - Setting next_dagrun for example_dynamic_task_mapping to 2022-03-04 00:00:00+00:00, run_after=2022-03-05 00:00:00+00:00
[2026-06-22T09:41:27.599+0300] {processor.py:183} INFO - Processing /media/data/omar/programming course/DEPI/DEPI project/anomx/venv/lib/python3.12/site-packages/airflow/example_dags/example_dynamic_task_mapping.py took 0.062 seconds
[2026-06-22T09:42:17.777+0300] {processor.py:161} INFO - Started process (PID=51839) to work on /media/data/omar/programming course/DEPI/DEPI project/anomx/venv/lib/python3.12/site-packages/airflow/example_dags/example_dynamic_task_mapping.py
[2026-06-22T09:42:17.778+0300] {processor.py:830} INFO - Processing file /media/data/omar/programming course/DEPI/DEPI project/anomx/venv/lib/python3.12/site-packages/airflow/example_dags/example_dynamic_task_mapping.py for tasks to queue
[2026-06-22T09:42:17.780+0300] {logging_mixin.py:188} INFO - [2026-06-22T09:42:17.780+0300] {dagbag.py:540} INFO - Filling up the DagBag from /media/data/omar/programming course/DEPI/DEPI project/anomx/venv/lib/python3.12/site-packages/airflow/example_dags/example_dynamic_task_mapping.py
[2026-06-22T09:42:17.791+0300] {processor.py:840} INFO - DAG(s) 'example_dynamic_task_mapping' retrieved from /media/data/omar/programming course/DEPI/DEPI project/anomx/venv/lib/python3.12/site-packages/airflow/example_dags/example_dynamic_task_mapping.py
[2026-06-22T09:42:17.809+0300] {logging_mixin.py:188} INFO - [2026-06-22T09:42:17.809+0300] {dag.py:3096} INFO - Sync 1 DAGs
[2026-06-22T09:42:17.823+0300] {logging_mixin.py:188} INFO - [2026-06-22T09:42:17.822+0300] {dag.py:3954} INFO - Setting next_dagrun for example_dynamic_task_mapping to 2022-03-04 00:00:00+00:00, run_after=2022-03-05 00:00:00+00:00
[2026-06-22T09:42:17.850+0300] {processor.py:183} INFO - Processing /media/data/omar/programming course/DEPI/DEPI project/anomx/venv/lib/python3.12/site-packages/airflow/example_dags/example_dynamic_task_mapping.py took 0.083 seconds
[2026-06-22T09:43:09.590+0300] {processor.py:161} INFO - Started process (PID=51917) to work on /media/data/omar/programming course/DEPI/DEPI project/anomx/venv/lib/python3.12/site-packages/airflow/example_dags/example_dynamic_task_mapping.py
[2026-06-22T09:43:09.592+0300] {processor.py:830} INFO - Processing file /media/data/omar/programming course/DEPI/DEPI project/anomx/venv/lib/python3.12/site-packages/airflow/example_dags/example_dynamic_task_mapping.py for tasks to queue
[2026-06-22T09:43:09.594+0300] {logging_mixin.py:188} INFO - [2026-06-22T09:43:09.593+0300] {dagbag.py:540} INFO - Filling up the DagBag from /media/data/omar/programming course/DEPI/DEPI project/anomx/venv/lib/python3.12/site-packages/airflow/example_dags/example_dynamic_task_mapping.py
[2026-06-22T09:43:09.602+0300] {processor.py:840} INFO - DAG(s) 'example_dynamic_task_mapping' retrieved from /media/data/omar/programming course/DEPI/DEPI project/anomx/venv/lib/python3.12/site-packages/airflow/example_dags/example_dynamic_task_mapping.py
[2026-06-22T09:43:09.619+0300] {logging_mixin.py:188} INFO - [2026-06-22T09:43:09.618+0300] {dag.py:3096} INFO - Sync 1 DAGs
[2026-06-22T09:43:09.631+0300] {logging_mixin.py:188} INFO - [2026-06-22T09:43:09.631+0300] {dag.py:3954} INFO - Setting next_dagrun for example_dynamic_task_mapping to 2022-03-04 00:00:00+00:00, run_after=2022-03-05 00:00:00+00:00
[2026-06-22T09:43:09.655+0300] {processor.py:183} INFO - Processing /media/data/omar/programming course/DEPI/DEPI project/anomx/venv/lib/python3.12/site-packages/airflow/example_dags/example_dynamic_task_mapping.py took 0.082 seconds
[2026-06-22T09:44:02.163+0300] {processor.py:161} INFO - Started process (PID=51991) to work on /media/data/omar/programming course/DEPI/DEPI project/anomx/venv/lib/python3.12/site-packages/airflow/example_dags/example_dynamic_task_mapping.py
[2026-06-22T09:44:02.165+0300] {processor.py:830} INFO - Processing file /media/data/omar/programming course/DEPI/DEPI project/anomx/venv/lib/python3.12/site-packages/airflow/example_dags/example_dynamic_task_mapping.py for tasks to queue
[2026-06-22T09:44:02.167+0300] {logging_mixin.py:188} INFO - [2026-06-22T09:44:02.166+0300] {dagbag.py:540} INFO - Filling up the DagBag from /media/data/omar/programming course/DEPI/DEPI project/anomx/venv/lib/python3.12/site-packages/airflow/example_dags/example_dynamic_task_mapping.py
[2026-06-22T09:44:02.181+0300] {processor.py:840} INFO - DAG(s) 'example_dynamic_task_mapping' retrieved from /media/data/omar/programming course/DEPI/DEPI project/anomx/venv/lib/python3.12/site-packages/airflow/example_dags/example_dynamic_task_mapping.py
[2026-06-22T09:44:02.203+0300] {logging_mixin.py:188} INFO - [2026-06-22T09:44:02.202+0300] {dag.py:3096} INFO - Sync 1 DAGs
[2026-06-22T09:44:02.216+0300] {logging_mixin.py:188} INFO - [2026-06-22T09:44:02.216+0300] {dag.py:3954} INFO - Setting next_dagrun for example_dynamic_task_mapping to 2022-03-04 00:00:00+00:00, run_after=2022-03-05 00:00:00+00:00
[2026-06-22T09:44:02.293+0300] {processor.py:183} INFO - Processing /media/data/omar/programming course/DEPI/DEPI project/anomx/venv/lib/python3.12/site-packages/airflow/example_dags/example_dynamic_task_mapping.py took 0.148 seconds
[2026-06-22T09:45:18.318+0300] {processor.py:161} INFO - Started process (PID=52116) to work on /media/data/omar/programming course/DEPI/DEPI project/anomx/venv/lib/python3.12/site-packages/airflow/example_dags/example_dynamic_task_mapping.py
[2026-06-22T09:45:18.320+0300] {processor.py:830} INFO - Processing file /media/data/omar/programming course/DEPI/DEPI project/anomx/venv/lib/python3.12/site-packages/airflow/example_dags/example_dynamic_task_mapping.py for tasks to queue
[2026-06-22T09:45:18.323+0300] {logging_mixin.py:188} INFO - [2026-06-22T09:45:18.322+0300] {dagbag.py:540} INFO - Filling up the DagBag from /media/data/omar/programming course/DEPI/DEPI project/anomx/venv/lib/python3.12/site-packages/airflow/example_dags/example_dynamic_task_mapping.py
[2026-06-22T09:45:18.337+0300] {processor.py:840} INFO - DAG(s) 'example_dynamic_task_mapping' retrieved from /media/data/omar/programming course/DEPI/DEPI project/anomx/venv/lib/python3.12/site-packages/airflow/example_dags/example_dynamic_task_mapping.py
[2026-06-22T09:45:18.364+0300] {logging_mixin.py:188} INFO - [2026-06-22T09:45:18.364+0300] {dag.py:3096} INFO - Sync 1 DAGs
[2026-06-22T09:45:18.379+0300] {logging_mixin.py:188} INFO - [2026-06-22T09:45:18.379+0300] {dag.py:3954} INFO - Setting next_dagrun for example_dynamic_task_mapping to 2022-03-04 00:00:00+00:00, run_after=2022-03-05 00:00:00+00:00
[2026-06-22T09:45:18.405+0300] {processor.py:183} INFO - Processing /media/data/omar/programming course/DEPI/DEPI project/anomx/venv/lib/python3.12/site-packages/airflow/example_dags/example_dynamic_task_mapping.py took 0.099 seconds
[2026-06-22T09:46:12.636+0300] {processor.py:161} INFO - Started process (PID=52197) to work on /media/data/omar/programming course/DEPI/DEPI project/anomx/venv/lib/python3.12/site-packages/airflow/example_dags/example_dynamic_task_mapping.py
[2026-06-22T09:46:12.636+0300] {processor.py:830} INFO - Processing file /media/data/omar/programming course/DEPI/DEPI project/anomx/venv/lib/python3.12/site-packages/airflow/example_dags/example_dynamic_task_mapping.py for tasks to queue
[2026-06-22T09:46:12.637+0300] {logging_mixin.py:188} INFO - [2026-06-22T09:46:12.637+0300] {dagbag.py:540} INFO - Filling up the DagBag from /media/data/omar/programming course/DEPI/DEPI project/anomx/venv/lib/python3.12/site-packages/airflow/example_dags/example_dynamic_task_mapping.py
[2026-06-22T09:46:12.642+0300] {processor.py:840} INFO - DAG(s) 'example_dynamic_task_mapping' retrieved from /media/data/omar/programming course/DEPI/DEPI project/anomx/venv/lib/python3.12/site-packages/airflow/example_dags/example_dynamic_task_mapping.py
[2026-06-22T09:46:12.655+0300] {logging_mixin.py:188} INFO - [2026-06-22T09:46:12.655+0300] {dag.py:3096} INFO - Sync 1 DAGs
[2026-06-22T09:46:12.668+0300] {logging_mixin.py:188} INFO - [2026-06-22T09:46:12.668+0300] {dag.py:3954} INFO - Setting next_dagrun for example_dynamic_task_mapping to 2022-03-04 00:00:00+00:00, run_after=2022-03-05 00:00:00+00:00
[2026-06-22T09:46:12.695+0300] {processor.py:183} INFO - Processing /media/data/omar/programming course/DEPI/DEPI project/anomx/venv/lib/python3.12/site-packages/airflow/example_dags/example_dynamic_task_mapping.py took 0.064 seconds
[2026-06-22T09:47:28.853+0300] {processor.py:161} INFO - Started process (PID=52326) to work on /media/data/omar/programming course/DEPI/DEPI project/anomx/venv/lib/python3.12/site-packages/airflow/example_dags/example_dynamic_task_mapping.py
[2026-06-22T09:47:28.856+0300] {processor.py:830} INFO - Processing file /media/data/omar/programming course/DEPI/DEPI project/anomx/venv/lib/python3.12/site-packages/airflow/example_dags/example_dynamic_task_mapping.py for tasks to queue
[2026-06-22T09:47:28.859+0300] {logging_mixin.py:188} INFO - [2026-06-22T09:47:28.857+0300] {dagbag.py:540} INFO - Filling up the DagBag from /media/data/omar/programming course/DEPI/DEPI project/anomx/venv/lib/python3.12/site-packages/airflow/example_dags/example_dynamic_task_mapping.py
[2026-06-22T09:47:28.869+0300] {processor.py:840} INFO - DAG(s) 'example_dynamic_task_mapping' retrieved from /media/data/omar/programming course/DEPI/DEPI project/anomx/venv/lib/python3.12/site-packages/airflow/example_dags/example_dynamic_task_mapping.py
[2026-06-22T09:47:28.886+0300] {logging_mixin.py:188} INFO - [2026-06-22T09:47:28.886+0300] {dag.py:3096} INFO - Sync 1 DAGs
[2026-06-22T09:47:28.900+0300] {logging_mixin.py:188} INFO - [2026-06-22T09:47:28.900+0300] {dag.py:3954} INFO - Setting next_dagrun for example_dynamic_task_mapping to 2022-03-04 00:00:00+00:00, run_after=2022-03-05 00:00:00+00:00
[2026-06-22T09:47:28.925+0300] {processor.py:183} INFO - Processing /media/data/omar/programming course/DEPI/DEPI project/anomx/venv/lib/python3.12/site-packages/airflow/example_dags/example_dynamic_task_mapping.py took 0.093 seconds
[2026-06-22T09:48:24.761+0300] {processor.py:161} INFO - Started process (PID=52407) to work on /media/data/omar/programming course/DEPI/DEPI project/anomx/venv/lib/python3.12/site-packages/airflow/example_dags/example_dynamic_task_mapping.py
[2026-06-22T09:48:24.762+0300] {processor.py:830} INFO - Processing file /media/data/omar/programming course/DEPI/DEPI project/anomx/venv/lib/python3.12/site-packages/airflow/example_dags/example_dynamic_task_mapping.py for tasks to queue
[2026-06-22T09:48:24.763+0300] {logging_mixin.py:188} INFO - [2026-06-22T09:48:24.762+0300] {dagbag.py:540} INFO - Filling up the DagBag from /media/data/omar/programming course/DEPI/DEPI project/anomx/venv/lib/python3.12/site-packages/airflow/example_dags/example_dynamic_task_mapping.py
[2026-06-22T09:48:24.769+0300] {processor.py:840} INFO - DAG(s) 'example_dynamic_task_mapping' retrieved from /media/data/omar/programming course/DEPI/DEPI project/anomx/venv/lib/python3.12/site-packages/airflow/example_dags/example_dynamic_task_mapping.py
[2026-06-22T09:48:24.783+0300] {logging_mixin.py:188} INFO - [2026-06-22T09:48:24.783+0300] {dag.py:3096} INFO - Sync 1 DAGs
[2026-06-22T09:48:24.796+0300] {logging_mixin.py:188} INFO - [2026-06-22T09:48:24.796+0300] {dag.py:3954} INFO - Setting next_dagrun for example_dynamic_task_mapping to 2022-03-04 00:00:00+00:00, run_after=2022-03-05 00:00:00+00:00
[2026-06-22T09:48:24.824+0300] {processor.py:183} INFO - Processing /media/data/omar/programming course/DEPI/DEPI project/anomx/venv/lib/python3.12/site-packages/airflow/example_dags/example_dynamic_task_mapping.py took 0.072 seconds
[2026-06-22T09:49:18.865+0300] {processor.py:161} INFO - Started process (PID=52495) to work on /media/data/omar/programming course/DEPI/DEPI project/anomx/venv/lib/python3.12/site-packages/airflow/example_dags/example_dynamic_task_mapping.py
[2026-06-22T09:49:18.867+0300] {processor.py:830} INFO - Processing file /media/data/omar/programming course/DEPI/DEPI project/anomx/venv/lib/python3.12/site-packages/airflow/example_dags/example_dynamic_task_mapping.py for tasks to queue
[2026-06-22T09:49:18.869+0300] {logging_mixin.py:188} INFO - [2026-06-22T09:49:18.868+0300] {dagbag.py:540} INFO - Filling up the DagBag from /media/data/omar/programming course/DEPI/DEPI project/anomx/venv/lib/python3.12/site-packages/airflow/example_dags/example_dynamic_task_mapping.py
[2026-06-22T09:49:18.882+0300] {processor.py:840} INFO - DAG(s) 'example_dynamic_task_mapping' retrieved from /media/data/omar/programming course/DEPI/DEPI project/anomx/venv/lib/python3.12/site-packages/airflow/example_dags/example_dynamic_task_mapping.py
[2026-06-22T09:49:18.903+0300] {logging_mixin.py:188} INFO - [2026-06-22T09:49:18.903+0300] {dag.py:3096} INFO - Sync 1 DAGs
[2026-06-22T09:49:18.920+0300] {logging_mixin.py:188} INFO - [2026-06-22T09:49:18.920+0300] {dag.py:3954} INFO - Setting next_dagrun for example_dynamic_task_mapping to 2022-03-04 00:00:00+00:00, run_after=2022-03-05 00:00:00+00:00
[2026-06-22T09:49:18.949+0300] {processor.py:183} INFO - Processing /media/data/omar/programming course/DEPI/DEPI project/anomx/venv/lib/python3.12/site-packages/airflow/example_dags/example_dynamic_task_mapping.py took 0.098 seconds
[2026-06-22T09:50:10.977+0300] {processor.py:161} INFO - Started process (PID=52570) to work on /media/data/omar/programming course/DEPI/DEPI project/anomx/venv/lib/python3.12/site-packages/airflow/example_dags/example_dynamic_task_mapping.py
[2026-06-22T09:50:10.978+0300] {processor.py:830} INFO - Processing file /media/data/omar/programming course/DEPI/DEPI project/anomx/venv/lib/python3.12/site-packages/airflow/example_dags/example_dynamic_task_mapping.py for tasks to queue
[2026-06-22T09:50:10.979+0300] {logging_mixin.py:188} INFO - [2026-06-22T09:50:10.978+0300] {dagbag.py:540} INFO - Filling up the DagBag from /media/data/omar/programming course/DEPI/DEPI project/anomx/venv/lib/python3.12/site-packages/airflow/example_dags/example_dynamic_task_mapping.py
[2026-06-22T09:50:10.986+0300] {processor.py:840} INFO - DAG(s) 'example_dynamic_task_mapping' retrieved from /media/data/omar/programming course/DEPI/DEPI project/anomx/venv/lib/python3.12/site-packages/airflow/example_dags/example_dynamic_task_mapping.py
[2026-06-22T09:50:11.003+0300] {logging_mixin.py:188} INFO - [2026-06-22T09:50:11.002+0300] {dag.py:3096} INFO - Sync 1 DAGs
[2026-06-22T09:50:11.016+0300] {logging_mixin.py:188} INFO - [2026-06-22T09:50:11.016+0300] {dag.py:3954} INFO - Setting next_dagrun for example_dynamic_task_mapping to 2022-03-04 00:00:00+00:00, run_after=2022-03-05 00:00:00+00:00
[2026-06-22T09:50:11.041+0300] {processor.py:183} INFO - Processing /media/data/omar/programming course/DEPI/DEPI project/anomx/venv/lib/python3.12/site-packages/airflow/example_dags/example_dynamic_task_mapping.py took 0.071 seconds
[2026-06-22T09:51:06.094+0300] {processor.py:161} INFO - Started process (PID=52654) to work on /media/data/omar/programming course/DEPI/DEPI project/anomx/venv/lib/python3.12/site-packages/airflow/example_dags/example_dynamic_task_mapping.py
[2026-06-22T09:51:06.096+0300] {processor.py:830} INFO - Processing file /media/data/omar/programming course/DEPI/DEPI project/anomx/venv/lib/python3.12/site-packages/airflow/example_dags/example_dynamic_task_mapping.py for tasks to queue
[2026-06-22T09:51:06.098+0300] {logging_mixin.py:188} INFO - [2026-06-22T09:51:06.097+0300] {dagbag.py:540} INFO - Filling up the DagBag from /media/data/omar/programming course/DEPI/DEPI project/anomx/venv/lib/python3.12/site-packages/airflow/example_dags/example_dynamic_task_mapping.py
[2026-06-22T09:51:06.106+0300] {processor.py:840} INFO - DAG(s) 'example_dynamic_task_mapping' retrieved from /media/data/omar/programming course/DEPI/DEPI project/anomx/venv/lib/python3.12/site-packages/airflow/example_dags/example_dynamic_task_mapping.py
[2026-06-22T09:51:06.123+0300] {logging_mixin.py:188} INFO - [2026-06-22T09:51:06.123+0300] {dag.py:3096} INFO - Sync 1 DAGs
[2026-06-22T09:51:06.136+0300] {logging_mixin.py:188} INFO - [2026-06-22T09:51:06.136+0300] {dag.py:3954} INFO - Setting next_dagrun for example_dynamic_task_mapping to 2022-03-04 00:00:00+00:00, run_after=2022-03-05 00:00:00+00:00
[2026-06-22T09:51:06.163+0300] {processor.py:183} INFO - Processing /media/data/omar/programming course/DEPI/DEPI project/anomx/venv/lib/python3.12/site-packages/airflow/example_dags/example_dynamic_task_mapping.py took 0.087 seconds
[2026-06-22T09:51:59.218+0300] {processor.py:161} INFO - Started process (PID=52734) to work on /media/data/omar/programming course/DEPI/DEPI project/anomx/venv/lib/python3.12/site-packages/airflow/example_dags/example_dynamic_task_mapping.py
[2026-06-22T09:51:59.219+0300] {processor.py:830} INFO - Processing file /media/data/omar/programming course/DEPI/DEPI project/anomx/venv/lib/python3.12/site-packages/airflow/example_dags/example_dynamic_task_mapping.py for tasks to queue
[2026-06-22T09:51:59.220+0300] {logging_mixin.py:188} INFO - [2026-06-22T09:51:59.220+0300] {dagbag.py:540} INFO - Filling up the DagBag from /media/data/omar/programming course/DEPI/DEPI project/anomx/venv/lib/python3.12/site-packages/airflow/example_dags/example_dynamic_task_mapping.py
[2026-06-22T09:51:59.228+0300] {processor.py:840} INFO - DAG(s) 'example_dynamic_task_mapping' retrieved from /media/data/omar/programming course/DEPI/DEPI project/anomx/venv/lib/python3.12/site-packages/airflow/example_dags/example_dynamic_task_mapping.py
[2026-06-22T09:51:59.245+0300] {logging_mixin.py:188} INFO - [2026-06-22T09:51:59.244+0300] {dag.py:3096} INFO - Sync 1 DAGs
[2026-06-22T09:51:59.258+0300] {logging_mixin.py:188} INFO - [2026-06-22T09:51:59.258+0300] {dag.py:3954} INFO - Setting next_dagrun for example_dynamic_task_mapping to 2022-03-04 00:00:00+00:00, run_after=2022-03-05 00:00:00+00:00
[2026-06-22T09:51:59.283+0300] {processor.py:183} INFO - Processing /media/data/omar/programming course/DEPI/DEPI project/anomx/venv/lib/python3.12/site-packages/airflow/example_dags/example_dynamic_task_mapping.py took 0.071 seconds
[2026-06-22T09:52:50.249+0300] {processor.py:161} INFO - Started process (PID=52814) to work on /media/data/omar/programming course/DEPI/DEPI project/anomx/venv/lib/python3.12/site-packages/airflow/example_dags/example_dynamic_task_mapping.py
[2026-06-22T09:52:50.250+0300] {processor.py:830} INFO - Processing file /media/data/omar/programming course/DEPI/DEPI project/anomx/venv/lib/python3.12/site-packages/airflow/example_dags/example_dynamic_task_mapping.py for tasks to queue
[2026-06-22T09:52:50.252+0300] {logging_mixin.py:188} INFO - [2026-06-22T09:52:50.251+0300] {dagbag.py:540} INFO - Filling up the DagBag from /media/data/omar/programming course/DEPI/DEPI project/anomx/venv/lib/python3.12/site-packages/airflow/example_dags/example_dynamic_task_mapping.py
[2026-06-22T09:52:50.260+0300] {processor.py:840} INFO - DAG(s) 'example_dynamic_task_mapping' retrieved from /media/data/omar/programming course/DEPI/DEPI project/anomx/venv/lib/python3.12/site-packages/airflow/example_dags/example_dynamic_task_mapping.py
[2026-06-22T09:52:50.277+0300] {logging_mixin.py:188} INFO - [2026-06-22T09:52:50.277+0300] {dag.py:3096} INFO - Sync 1 DAGs
[2026-06-22T09:52:50.290+0300] {logging_mixin.py:188} INFO - [2026-06-22T09:52:50.290+0300] {dag.py:3954} INFO - Setting next_dagrun for example_dynamic_task_mapping to 2022-03-04 00:00:00+00:00, run_after=2022-03-05 00:00:00+00:00
[2026-06-22T09:52:50.318+0300] {processor.py:183} INFO - Processing /media/data/omar/programming course/DEPI/DEPI project/anomx/venv/lib/python3.12/site-packages/airflow/example_dags/example_dynamic_task_mapping.py took 0.077 seconds
[2026-06-22T09:54:06.504+0300] {processor.py:161} INFO - Started process (PID=52931) to work on /media/data/omar/programming course/DEPI/DEPI project/anomx/venv/lib/python3.12/site-packages/airflow/example_dags/example_dynamic_task_mapping.py
[2026-06-22T09:54:06.505+0300] {processor.py:830} INFO - Processing file /media/data/omar/programming course/DEPI/DEPI project/anomx/venv/lib/python3.12/site-packages/airflow/example_dags/example_dynamic_task_mapping.py for tasks to queue
[2026-06-22T09:54:06.506+0300] {logging_mixin.py:188} INFO - [2026-06-22T09:54:06.505+0300] {dagbag.py:540} INFO - Filling up the DagBag from /media/data/omar/programming course/DEPI/DEPI project/anomx/venv/lib/python3.12/site-packages/airflow/example_dags/example_dynamic_task_mapping.py
[2026-06-22T09:54:06.511+0300] {processor.py:840} INFO - DAG(s) 'example_dynamic_task_mapping' retrieved from /media/data/omar/programming course/DEPI/DEPI project/anomx/venv/lib/python3.12/site-packages/airflow/example_dags/example_dynamic_task_mapping.py
[2026-06-22T09:54:06.525+0300] {logging_mixin.py:188} INFO - [2026-06-22T09:54:06.524+0300] {dag.py:3096} INFO - Sync 1 DAGs
[2026-06-22T09:54:06.538+0300] {logging_mixin.py:188} INFO - [2026-06-22T09:54:06.538+0300] {dag.py:3954} INFO - Setting next_dagrun for example_dynamic_task_mapping to 2022-03-04 00:00:00+00:00, run_after=2022-03-05 00:00:00+00:00
[2026-06-22T09:54:06.563+0300] {processor.py:183} INFO - Processing /media/data/omar/programming course/DEPI/DEPI project/anomx/venv/lib/python3.12/site-packages/airflow/example_dags/example_dynamic_task_mapping.py took 0.064 seconds
[2026-06-22T09:55:00.317+0300] {processor.py:161} INFO - Started process (PID=53011) to work on /media/data/omar/programming course/DEPI/DEPI project/anomx/venv/lib/python3.12/site-packages/airflow/example_dags/example_dynamic_task_mapping.py
[2026-06-22T09:55:00.319+0300] {processor.py:830} INFO - Processing file /media/data/omar/programming course/DEPI/DEPI project/anomx/venv/lib/python3.12/site-packages/airflow/example_dags/example_dynamic_task_mapping.py for tasks to queue
[2026-06-22T09:55:00.323+0300] {logging_mixin.py:188} INFO - [2026-06-22T09:55:00.321+0300] {dagbag.py:540} INFO - Filling up the DagBag from /media/data/omar/programming course/DEPI/DEPI project/anomx/venv/lib/python3.12/site-packages/airflow/example_dags/example_dynamic_task_mapping.py
[2026-06-22T09:55:00.340+0300] {processor.py:840} INFO - DAG(s) 'example_dynamic_task_mapping' retrieved from /media/data/omar/programming course/DEPI/DEPI project/anomx/venv/lib/python3.12/site-packages/airflow/example_dags/example_dynamic_task_mapping.py
[2026-06-22T09:55:00.361+0300] {logging_mixin.py:188} INFO - [2026-06-22T09:55:00.360+0300] {dag.py:3096} INFO - Sync 1 DAGs
[2026-06-22T09:55:00.376+0300] {logging_mixin.py:188} INFO - [2026-06-22T09:55:00.376+0300] {dag.py:3954} INFO - Setting next_dagrun for example_dynamic_task_mapping to 2022-03-04 00:00:00+00:00, run_after=2022-03-05 00:00:00+00:00
[2026-06-22T09:55:00.412+0300] {processor.py:183} INFO - Processing /media/data/omar/programming course/DEPI/DEPI project/anomx/venv/lib/python3.12/site-packages/airflow/example_dags/example_dynamic_task_mapping.py took 0.112 seconds
[2026-06-22T09:55:52.486+0300] {processor.py:161} INFO - Started process (PID=53106) to work on /media/data/omar/programming course/DEPI/DEPI project/anomx/venv/lib/python3.12/site-packages/airflow/example_dags/example_dynamic_task_mapping.py
[2026-06-22T09:55:52.487+0300] {processor.py:830} INFO - Processing file /media/data/omar/programming course/DEPI/DEPI project/anomx/venv/lib/python3.12/site-packages/airflow/example_dags/example_dynamic_task_mapping.py for tasks to queue
[2026-06-22T09:55:52.488+0300] {logging_mixin.py:188} INFO - [2026-06-22T09:55:52.487+0300] {dagbag.py:540} INFO - Filling up the DagBag from /media/data/omar/programming course/DEPI/DEPI project/anomx/venv/lib/python3.12/site-packages/airflow/example_dags/example_dynamic_task_mapping.py
[2026-06-22T09:55:52.494+0300] {processor.py:840} INFO - DAG(s) 'example_dynamic_task_mapping' retrieved from /media/data/omar/programming course/DEPI/DEPI project/anomx/venv/lib/python3.12/site-packages/airflow/example_dags/example_dynamic_task_mapping.py
[2026-06-22T09:55:52.508+0300] {logging_mixin.py:188} INFO - [2026-06-22T09:55:52.507+0300] {dag.py:3096} INFO - Sync 1 DAGs
[2026-06-22T09:55:52.521+0300] {logging_mixin.py:188} INFO - [2026-06-22T09:55:52.521+0300] {dag.py:3954} INFO - Setting next_dagrun for example_dynamic_task_mapping to 2022-03-04 00:00:00+00:00, run_after=2022-03-05 00:00:00+00:00
[2026-06-22T09:55:52.548+0300] {processor.py:183} INFO - Processing /media/data/omar/programming course/DEPI/DEPI project/anomx/venv/lib/python3.12/site-packages/airflow/example_dags/example_dynamic_task_mapping.py took 0.067 seconds
[2026-06-22T09:57:07.591+0300] {processor.py:161} INFO - Started process (PID=53228) to work on /media/data/omar/programming course/DEPI/DEPI project/anomx/venv/lib/python3.12/site-packages/airflow/example_dags/example_dynamic_task_mapping.py
[2026-06-22T09:57:07.594+0300] {processor.py:830} INFO - Processing file /media/data/omar/programming course/DEPI/DEPI project/anomx/venv/lib/python3.12/site-packages/airflow/example_dags/example_dynamic_task_mapping.py for tasks to queue
[2026-06-22T09:57:07.596+0300] {logging_mixin.py:188} INFO - [2026-06-22T09:57:07.595+0300] {dagbag.py:540} INFO - Filling up the DagBag from /media/data/omar/programming course/DEPI/DEPI project/anomx/venv/lib/python3.12/site-packages/airflow/example_dags/example_dynamic_task_mapping.py
[2026-06-22T09:57:07.607+0300] {processor.py:840} INFO - DAG(s) 'example_dynamic_task_mapping' retrieved from /media/data/omar/programming course/DEPI/DEPI project/anomx/venv/lib/python3.12/site-packages/airflow/example_dags/example_dynamic_task_mapping.py
[2026-06-22T09:57:07.624+0300] {logging_mixin.py:188} INFO - [2026-06-22T09:57:07.624+0300] {dag.py:3096} INFO - Sync 1 DAGs
[2026-06-22T09:57:07.638+0300] {logging_mixin.py:188} INFO - [2026-06-22T09:57:07.638+0300] {dag.py:3954} INFO - Setting next_dagrun for example_dynamic_task_mapping to 2022-03-04 00:00:00+00:00, run_after=2022-03-05 00:00:00+00:00
[2026-06-22T09:57:07.664+0300] {processor.py:183} INFO - Processing /media/data/omar/programming course/DEPI/DEPI project/anomx/venv/lib/python3.12/site-packages/airflow/example_dags/example_dynamic_task_mapping.py took 0.092 seconds
[2026-06-22T09:57:59.572+0300] {processor.py:161} INFO - Started process (PID=53312) to work on /media/data/omar/programming course/DEPI/DEPI project/anomx/venv/lib/python3.12/site-packages/airflow/example_dags/example_dynamic_task_mapping.py
[2026-06-22T09:57:59.574+0300] {processor.py:830} INFO - Processing file /media/data/omar/programming course/DEPI/DEPI project/anomx/venv/lib/python3.12/site-packages/airflow/example_dags/example_dynamic_task_mapping.py for tasks to queue
[2026-06-22T09:57:59.576+0300] {logging_mixin.py:188} INFO - [2026-06-22T09:57:59.575+0300] {dagbag.py:540} INFO - Filling up the DagBag from /media/data/omar/programming course/DEPI/DEPI project/anomx/venv/lib/python3.12/site-packages/airflow/example_dags/example_dynamic_task_mapping.py
[2026-06-22T09:57:59.586+0300] {processor.py:840} INFO - DAG(s) 'example_dynamic_task_mapping' retrieved from /media/data/omar/programming course/DEPI/DEPI project/anomx/venv/lib/python3.12/site-packages/airflow/example_dags/example_dynamic_task_mapping.py
[2026-06-22T09:57:59.602+0300] {logging_mixin.py:188} INFO - [2026-06-22T09:57:59.601+0300] {dag.py:3096} INFO - Sync 1 DAGs
[2026-06-22T09:57:59.616+0300] {logging_mixin.py:188} INFO - [2026-06-22T09:57:59.616+0300] {dag.py:3954} INFO - Setting next_dagrun for example_dynamic_task_mapping to 2022-03-04 00:00:00+00:00, run_after=2022-03-05 00:00:00+00:00
[2026-06-22T09:57:59.643+0300] {processor.py:183} INFO - Processing /media/data/omar/programming course/DEPI/DEPI project/anomx/venv/lib/python3.12/site-packages/airflow/example_dags/example_dynamic_task_mapping.py took 0.089 seconds
[2026-06-22T09:59:11.493+0300] {processor.py:161} INFO - Started process (PID=53436) to work on /media/data/omar/programming course/DEPI/DEPI project/anomx/venv/lib/python3.12/site-packages/airflow/example_dags/example_dynamic_task_mapping.py
[2026-06-22T09:59:11.496+0300] {processor.py:830} INFO - Processing file /media/data/omar/programming course/DEPI/DEPI project/anomx/venv/lib/python3.12/site-packages/airflow/example_dags/example_dynamic_task_mapping.py for tasks to queue
[2026-06-22T09:59:11.499+0300] {logging_mixin.py:188} INFO - [2026-06-22T09:59:11.498+0300] {dagbag.py:540} INFO - Filling up the DagBag from /media/data/omar/programming course/DEPI/DEPI project/anomx/venv/lib/python3.12/site-packages/airflow/example_dags/example_dynamic_task_mapping.py
[2026-06-22T09:59:11.518+0300] {processor.py:840} INFO - DAG(s) 'example_dynamic_task_mapping' retrieved from /media/data/omar/programming course/DEPI/DEPI project/anomx/venv/lib/python3.12/site-packages/airflow/example_dags/example_dynamic_task_mapping.py
[2026-06-22T09:59:11.540+0300] {logging_mixin.py:188} INFO - [2026-06-22T09:59:11.540+0300] {dag.py:3096} INFO - Sync 1 DAGs
[2026-06-22T09:59:11.554+0300] {logging_mixin.py:188} INFO - [2026-06-22T09:59:11.553+0300] {dag.py:3954} INFO - Setting next_dagrun for example_dynamic_task_mapping to 2022-03-04 00:00:00+00:00, run_after=2022-03-05 00:00:00+00:00
[2026-06-22T09:59:11.579+0300] {processor.py:183} INFO - Processing /media/data/omar/programming course/DEPI/DEPI project/anomx/venv/lib/python3.12/site-packages/airflow/example_dags/example_dynamic_task_mapping.py took 0.105 seconds
[2026-06-22T10:00:04.053+0300] {processor.py:161} INFO - Started process (PID=53528) to work on /media/data/omar/programming course/DEPI/DEPI project/anomx/venv/lib/python3.12/site-packages/airflow/example_dags/example_dynamic_task_mapping.py
[2026-06-22T10:00:04.054+0300] {processor.py:830} INFO - Processing file /media/data/omar/programming course/DEPI/DEPI project/anomx/venv/lib/python3.12/site-packages/airflow/example_dags/example_dynamic_task_mapping.py for tasks to queue
[2026-06-22T10:00:04.056+0300] {logging_mixin.py:188} INFO - [2026-06-22T10:00:04.055+0300] {dagbag.py:540} INFO - Filling up the DagBag from /media/data/omar/programming course/DEPI/DEPI project/anomx/venv/lib/python3.12/site-packages/airflow/example_dags/example_dynamic_task_mapping.py
[2026-06-22T10:00:04.067+0300] {processor.py:840} INFO - DAG(s) 'example_dynamic_task_mapping' retrieved from /media/data/omar/programming course/DEPI/DEPI project/anomx/venv/lib/python3.12/site-packages/airflow/example_dags/example_dynamic_task_mapping.py
[2026-06-22T10:00:04.085+0300] {logging_mixin.py:188} INFO - [2026-06-22T10:00:04.085+0300] {dag.py:3096} INFO - Sync 1 DAGs
[2026-06-22T10:00:04.099+0300] {logging_mixin.py:188} INFO - [2026-06-22T10:00:04.099+0300] {dag.py:3954} INFO - Setting next_dagrun for example_dynamic_task_mapping to 2022-03-04 00:00:00+00:00, run_after=2022-03-05 00:00:00+00:00
[2026-06-22T10:00:04.125+0300] {processor.py:183} INFO - Processing /media/data/omar/programming course/DEPI/DEPI project/anomx/venv/lib/python3.12/site-packages/airflow/example_dags/example_dynamic_task_mapping.py took 0.083 seconds
[2026-06-22T10:00:57.116+0300] {processor.py:161} INFO - Started process (PID=53610) to work on /media/data/omar/programming course/DEPI/DEPI project/anomx/venv/lib/python3.12/site-packages/airflow/example_dags/example_dynamic_task_mapping.py
[2026-06-22T10:00:57.117+0300] {processor.py:830} INFO - Processing file /media/data/omar/programming course/DEPI/DEPI project/anomx/venv/lib/python3.12/site-packages/airflow/example_dags/example_dynamic_task_mapping.py for tasks to queue
[2026-06-22T10:00:57.118+0300] {logging_mixin.py:188} INFO - [2026-06-22T10:00:57.117+0300] {dagbag.py:540} INFO - Filling up the DagBag from /media/data/omar/programming course/DEPI/DEPI project/anomx/venv/lib/python3.12/site-packages/airflow/example_dags/example_dynamic_task_mapping.py
[2026-06-22T10:00:57.123+0300] {processor.py:840} INFO - DAG(s) 'example_dynamic_task_mapping' retrieved from /media/data/omar/programming course/DEPI/DEPI project/anomx/venv/lib/python3.12/site-packages/airflow/example_dags/example_dynamic_task_mapping.py
[2026-06-22T10:00:57.137+0300] {logging_mixin.py:188} INFO - [2026-06-22T10:00:57.136+0300] {dag.py:3096} INFO - Sync 1 DAGs
[2026-06-22T10:00:57.149+0300] {logging_mixin.py:188} INFO - [2026-06-22T10:00:57.149+0300] {dag.py:3954} INFO - Setting next_dagrun for example_dynamic_task_mapping to 2022-03-04 00:00:00+00:00, run_after=2022-03-05 00:00:00+00:00
[2026-06-22T10:00:57.175+0300] {processor.py:183} INFO - Processing /media/data/omar/programming course/DEPI/DEPI project/anomx/venv/lib/python3.12/site-packages/airflow/example_dags/example_dynamic_task_mapping.py took 0.065 seconds
[2026-06-22T10:01:49.633+0300] {processor.py:161} INFO - Started process (PID=53699) to work on /media/data/omar/programming course/DEPI/DEPI project/anomx/venv/lib/python3.12/site-packages/airflow/example_dags/example_dynamic_task_mapping.py
[2026-06-22T10:01:49.634+0300] {processor.py:830} INFO - Processing file /media/data/omar/programming course/DEPI/DEPI project/anomx/venv/lib/python3.12/site-packages/airflow/example_dags/example_dynamic_task_mapping.py for tasks to queue
[2026-06-22T10:01:49.635+0300] {logging_mixin.py:188} INFO - [2026-06-22T10:01:49.635+0300] {dagbag.py:540} INFO - Filling up the DagBag from /media/data/omar/programming course/DEPI/DEPI project/anomx/venv/lib/python3.12/site-packages/airflow/example_dags/example_dynamic_task_mapping.py
[2026-06-22T10:01:49.641+0300] {processor.py:840} INFO - DAG(s) 'example_dynamic_task_mapping' retrieved from /media/data/omar/programming course/DEPI/DEPI project/anomx/venv/lib/python3.12/site-packages/airflow/example_dags/example_dynamic_task_mapping.py
[2026-06-22T10:01:49.654+0300] {logging_mixin.py:188} INFO - [2026-06-22T10:01:49.654+0300] {dag.py:3096} INFO - Sync 1 DAGs
[2026-06-22T10:01:49.668+0300] {logging_mixin.py:188} INFO - [2026-06-22T10:01:49.667+0300] {dag.py:3954} INFO - Setting next_dagrun for example_dynamic_task_mapping to 2022-03-04 00:00:00+00:00, run_after=2022-03-05 00:00:00+00:00
[2026-06-22T10:01:49.693+0300] {processor.py:183} INFO - Processing /media/data/omar/programming course/DEPI/DEPI project/anomx/venv/lib/python3.12/site-packages/airflow/example_dags/example_dynamic_task_mapping.py took 0.065 seconds
[2026-06-22T10:02:43.014+0300] {processor.py:161} INFO - Started process (PID=53862) to work on /media/data/omar/programming course/DEPI/DEPI project/anomx/venv/lib/python3.12/site-packages/airflow/example_dags/example_dynamic_task_mapping.py
[2026-06-22T10:02:43.016+0300] {processor.py:830} INFO - Processing file /media/data/omar/programming course/DEPI/DEPI project/anomx/venv/lib/python3.12/site-packages/airflow/example_dags/example_dynamic_task_mapping.py for tasks to queue
[2026-06-22T10:02:43.019+0300] {logging_mixin.py:188} INFO - [2026-06-22T10:02:43.017+0300] {dagbag.py:540} INFO - Filling up the DagBag from /media/data/omar/programming course/DEPI/DEPI project/anomx/venv/lib/python3.12/site-packages/airflow/example_dags/example_dynamic_task_mapping.py
[2026-06-22T10:02:43.032+0300] {processor.py:840} INFO - DAG(s) 'example_dynamic_task_mapping' retrieved from /media/data/omar/programming course/DEPI/DEPI project/anomx/venv/lib/python3.12/site-packages/airflow/example_dags/example_dynamic_task_mapping.py
[2026-06-22T10:02:43.052+0300] {logging_mixin.py:188} INFO - [2026-06-22T10:02:43.051+0300] {dag.py:3096} INFO - Sync 1 DAGs
[2026-06-22T10:02:43.065+0300] {logging_mixin.py:188} INFO - [2026-06-22T10:02:43.065+0300] {dag.py:3954} INFO - Setting next_dagrun for example_dynamic_task_mapping to 2022-03-04 00:00:00+00:00, run_after=2022-03-05 00:00:00+00:00
[2026-06-22T10:02:43.090+0300] {processor.py:183} INFO - Processing /media/data/omar/programming course/DEPI/DEPI project/anomx/venv/lib/python3.12/site-packages/airflow/example_dags/example_dynamic_task_mapping.py took 0.089 seconds
[2026-06-22T10:03:35.814+0300] {processor.py:161} INFO - Started process (PID=53940) to work on /media/data/omar/programming course/DEPI/DEPI project/anomx/venv/lib/python3.12/site-packages/airflow/example_dags/example_dynamic_task_mapping.py
[2026-06-22T10:03:35.816+0300] {processor.py:830} INFO - Processing file /media/data/omar/programming course/DEPI/DEPI project/anomx/venv/lib/python3.12/site-packages/airflow/example_dags/example_dynamic_task_mapping.py for tasks to queue
[2026-06-22T10:03:35.817+0300] {logging_mixin.py:188} INFO - [2026-06-22T10:03:35.817+0300] {dagbag.py:540} INFO - Filling up the DagBag from /media/data/omar/programming course/DEPI/DEPI project/anomx/venv/lib/python3.12/site-packages/airflow/example_dags/example_dynamic_task_mapping.py
[2026-06-22T10:03:35.826+0300] {processor.py:840} INFO - DAG(s) 'example_dynamic_task_mapping' retrieved from /media/data/omar/programming course/DEPI/DEPI project/anomx/venv/lib/python3.12/site-packages/airflow/example_dags/example_dynamic_task_mapping.py
[2026-06-22T10:03:35.841+0300] {logging_mixin.py:188} INFO - [2026-06-22T10:03:35.841+0300] {dag.py:3096} INFO - Sync 1 DAGs
[2026-06-22T10:03:35.854+0300] {logging_mixin.py:188} INFO - [2026-06-22T10:03:35.854+0300] {dag.py:3954} INFO - Setting next_dagrun for example_dynamic_task_mapping to 2022-03-04 00:00:00+00:00, run_after=2022-03-05 00:00:00+00:00
[2026-06-22T10:03:35.880+0300] {processor.py:183} INFO - Processing /media/data/omar/programming course/DEPI/DEPI project/anomx/venv/lib/python3.12/site-packages/airflow/example_dags/example_dynamic_task_mapping.py took 0.082 seconds
[2026-06-22T10:04:26.914+0300] {processor.py:161} INFO - Started process (PID=54019) to work on /media/data/omar/programming course/DEPI/DEPI project/anomx/venv/lib/python3.12/site-packages/airflow/example_dags/example_dynamic_task_mapping.py
[2026-06-22T10:04:26.916+0300] {processor.py:830} INFO - Processing file /media/data/omar/programming course/DEPI/DEPI project/anomx/venv/lib/python3.12/site-packages/airflow/example_dags/example_dynamic_task_mapping.py for tasks to queue
[2026-06-22T10:04:26.918+0300] {logging_mixin.py:188} INFO - [2026-06-22T10:04:26.917+0300] {dagbag.py:540} INFO - Filling up the DagBag from /media/data/omar/programming course/DEPI/DEPI project/anomx/venv/lib/python3.12/site-packages/airflow/example_dags/example_dynamic_task_mapping.py
[2026-06-22T10:04:26.928+0300] {processor.py:840} INFO - DAG(s) 'example_dynamic_task_mapping' retrieved from /media/data/omar/programming course/DEPI/DEPI project/anomx/venv/lib/python3.12/site-packages/airflow/example_dags/example_dynamic_task_mapping.py
[2026-06-22T10:04:26.944+0300] {logging_mixin.py:188} INFO - [2026-06-22T10:04:26.943+0300] {dag.py:3096} INFO - Sync 1 DAGs
[2026-06-22T10:04:26.957+0300] {logging_mixin.py:188} INFO - [2026-06-22T10:04:26.957+0300] {dag.py:3954} INFO - Setting next_dagrun for example_dynamic_task_mapping to 2022-03-04 00:00:00+00:00, run_after=2022-03-05 00:00:00+00:00
[2026-06-22T10:04:26.983+0300] {processor.py:183} INFO - Processing /media/data/omar/programming course/DEPI/DEPI project/anomx/venv/lib/python3.12/site-packages/airflow/example_dags/example_dynamic_task_mapping.py took 0.087 seconds
[2026-06-22T10:05:21.382+0300] {processor.py:161} INFO - Started process (PID=54114) to work on /media/data/omar/programming course/DEPI/DEPI project/anomx/venv/lib/python3.12/site-packages/airflow/example_dags/example_dynamic_task_mapping.py
[2026-06-22T10:05:21.383+0300] {processor.py:830} INFO - Processing file /media/data/omar/programming course/DEPI/DEPI project/anomx/venv/lib/python3.12/site-packages/airflow/example_dags/example_dynamic_task_mapping.py for tasks to queue
[2026-06-22T10:05:21.384+0300] {logging_mixin.py:188} INFO - [2026-06-22T10:05:21.384+0300] {dagbag.py:540} INFO - Filling up the DagBag from /media/data/omar/programming course/DEPI/DEPI project/anomx/venv/lib/python3.12/site-packages/airflow/example_dags/example_dynamic_task_mapping.py
[2026-06-22T10:05:21.389+0300] {processor.py:840} INFO - DAG(s) 'example_dynamic_task_mapping' retrieved from /media/data/omar/programming course/DEPI/DEPI project/anomx/venv/lib/python3.12/site-packages/airflow/example_dags/example_dynamic_task_mapping.py
[2026-06-22T10:05:21.402+0300] {logging_mixin.py:188} INFO - [2026-06-22T10:05:21.402+0300] {dag.py:3096} INFO - Sync 1 DAGs
[2026-06-22T10:05:21.415+0300] {logging_mixin.py:188} INFO - [2026-06-22T10:05:21.415+0300] {dag.py:3954} INFO - Setting next_dagrun for example_dynamic_task_mapping to 2022-03-04 00:00:00+00:00, run_after=2022-03-05 00:00:00+00:00
[2026-06-22T10:05:21.440+0300] {processor.py:183} INFO - Processing /media/data/omar/programming course/DEPI/DEPI project/anomx/venv/lib/python3.12/site-packages/airflow/example_dags/example_dynamic_task_mapping.py took 0.063 seconds
[2026-06-22T10:06:10.023+0300] {processor.py:161} INFO - Started process (PID=54192) to work on /media/data/omar/programming course/DEPI/DEPI project/anomx/venv/lib/python3.12/site-packages/airflow/example_dags/example_dynamic_task_mapping.py
[2026-06-22T10:06:10.024+0300] {processor.py:830} INFO - Processing file /media/data/omar/programming course/DEPI/DEPI project/anomx/venv/lib/python3.12/site-packages/airflow/example_dags/example_dynamic_task_mapping.py for tasks to queue
[2026-06-22T10:06:10.025+0300] {logging_mixin.py:188} INFO - [2026-06-22T10:06:10.025+0300] {dagbag.py:540} INFO - Filling up the DagBag from /media/data/omar/programming course/DEPI/DEPI project/anomx/venv/lib/python3.12/site-packages/airflow/example_dags/example_dynamic_task_mapping.py
[2026-06-22T10:06:10.032+0300] {processor.py:840} INFO - DAG(s) 'example_dynamic_task_mapping' retrieved from /media/data/omar/programming course/DEPI/DEPI project/anomx/venv/lib/python3.12/site-packages/airflow/example_dags/example_dynamic_task_mapping.py
[2026-06-22T10:06:10.046+0300] {logging_mixin.py:188} INFO - [2026-06-22T10:06:10.046+0300] {dag.py:3096} INFO - Sync 1 DAGs
[2026-06-22T10:06:10.060+0300] {logging_mixin.py:188} INFO - [2026-06-22T10:06:10.060+0300] {dag.py:3954} INFO - Setting next_dagrun for example_dynamic_task_mapping to 2022-03-04 00:00:00+00:00, run_after=2022-03-05 00:00:00+00:00
[2026-06-22T10:06:10.087+0300] {processor.py:183} INFO - Processing /media/data/omar/programming course/DEPI/DEPI project/anomx/venv/lib/python3.12/site-packages/airflow/example_dags/example_dynamic_task_mapping.py took 0.069 seconds
[2026-06-22T10:07:26.554+0300] {processor.py:161} INFO - Started process (PID=54311) to work on /media/data/omar/programming course/DEPI/DEPI project/anomx/venv/lib/python3.12/site-packages/airflow/example_dags/example_dynamic_task_mapping.py
[2026-06-22T10:07:26.556+0300] {processor.py:830} INFO - Processing file /media/data/omar/programming course/DEPI/DEPI project/anomx/venv/lib/python3.12/site-packages/airflow/example_dags/example_dynamic_task_mapping.py for tasks to queue
[2026-06-22T10:07:26.558+0300] {logging_mixin.py:188} INFO - [2026-06-22T10:07:26.557+0300] {dagbag.py:540} INFO - Filling up the DagBag from /media/data/omar/programming course/DEPI/DEPI project/anomx/venv/lib/python3.12/site-packages/airflow/example_dags/example_dynamic_task_mapping.py
[2026-06-22T10:07:26.572+0300] {processor.py:840} INFO - DAG(s) 'example_dynamic_task_mapping' retrieved from /media/data/omar/programming course/DEPI/DEPI project/anomx/venv/lib/python3.12/site-packages/airflow/example_dags/example_dynamic_task_mapping.py
[2026-06-22T10:07:26.592+0300] {logging_mixin.py:188} INFO - [2026-06-22T10:07:26.592+0300] {dag.py:3096} INFO - Sync 1 DAGs
[2026-06-22T10:07:26.606+0300] {logging_mixin.py:188} INFO - [2026-06-22T10:07:26.606+0300] {dag.py:3954} INFO - Setting next_dagrun for example_dynamic_task_mapping to 2022-03-04 00:00:00+00:00, run_after=2022-03-05 00:00:00+00:00
[2026-06-22T10:07:26.632+0300] {processor.py:183} INFO - Processing /media/data/omar/programming course/DEPI/DEPI project/anomx/venv/lib/python3.12/site-packages/airflow/example_dags/example_dynamic_task_mapping.py took 0.091 seconds
[2026-06-22T10:08:19.462+0300] {processor.py:161} INFO - Started process (PID=54390) to work on /media/data/omar/programming course/DEPI/DEPI project/anomx/venv/lib/python3.12/site-packages/airflow/example_dags/example_dynamic_task_mapping.py
[2026-06-22T10:08:19.465+0300] {processor.py:830} INFO - Processing file /media/data/omar/programming course/DEPI/DEPI project/anomx/venv/lib/python3.12/site-packages/airflow/example_dags/example_dynamic_task_mapping.py for tasks to queue
[2026-06-22T10:08:19.469+0300] {logging_mixin.py:188} INFO - [2026-06-22T10:08:19.468+0300] {dagbag.py:540} INFO - Filling up the DagBag from /media/data/omar/programming course/DEPI/DEPI project/anomx/venv/lib/python3.12/site-packages/airflow/example_dags/example_dynamic_task_mapping.py
[2026-06-22T10:08:19.480+0300] {processor.py:840} INFO - DAG(s) 'example_dynamic_task_mapping' retrieved from /media/data/omar/programming course/DEPI/DEPI project/anomx/venv/lib/python3.12/site-packages/airflow/example_dags/example_dynamic_task_mapping.py
[2026-06-22T10:08:19.502+0300] {logging_mixin.py:188} INFO - [2026-06-22T10:08:19.501+0300] {dag.py:3096} INFO - Sync 1 DAGs
[2026-06-22T10:08:19.519+0300] {logging_mixin.py:188} INFO - [2026-06-22T10:08:19.519+0300] {dag.py:3954} INFO - Setting next_dagrun for example_dynamic_task_mapping to 2022-03-04 00:00:00+00:00, run_after=2022-03-05 00:00:00+00:00
[2026-06-22T10:08:19.545+0300] {processor.py:183} INFO - Processing /media/data/omar/programming course/DEPI/DEPI project/anomx/venv/lib/python3.12/site-packages/airflow/example_dags/example_dynamic_task_mapping.py took 0.100 seconds
[2026-06-22T10:09:10.111+0300] {processor.py:161} INFO - Started process (PID=54467) to work on /media/data/omar/programming course/DEPI/DEPI project/anomx/venv/lib/python3.12/site-packages/airflow/example_dags/example_dynamic_task_mapping.py
[2026-06-22T10:09:10.112+0300] {processor.py:830} INFO - Processing file /media/data/omar/programming course/DEPI/DEPI project/anomx/venv/lib/python3.12/site-packages/airflow/example_dags/example_dynamic_task_mapping.py for tasks to queue
[2026-06-22T10:09:10.113+0300] {logging_mixin.py:188} INFO - [2026-06-22T10:09:10.113+0300] {dagbag.py:540} INFO - Filling up the DagBag from /media/data/omar/programming course/DEPI/DEPI project/anomx/venv/lib/python3.12/site-packages/airflow/example_dags/example_dynamic_task_mapping.py
[2026-06-22T10:09:10.120+0300] {processor.py:840} INFO - DAG(s) 'example_dynamic_task_mapping' retrieved from /media/data/omar/programming course/DEPI/DEPI project/anomx/venv/lib/python3.12/site-packages/airflow/example_dags/example_dynamic_task_mapping.py
[2026-06-22T10:09:10.133+0300] {logging_mixin.py:188} INFO - [2026-06-22T10:09:10.133+0300] {dag.py:3096} INFO - Sync 1 DAGs
[2026-06-22T10:09:10.146+0300] {logging_mixin.py:188} INFO - [2026-06-22T10:09:10.146+0300] {dag.py:3954} INFO - Setting next_dagrun for example_dynamic_task_mapping to 2022-03-04 00:00:00+00:00, run_after=2022-03-05 00:00:00+00:00
[2026-06-22T10:09:10.172+0300] {processor.py:183} INFO - Processing /media/data/omar/programming course/DEPI/DEPI project/anomx/venv/lib/python3.12/site-packages/airflow/example_dags/example_dynamic_task_mapping.py took 0.071 seconds
[2026-06-22T10:10:04.016+0300] {processor.py:161} INFO - Started process (PID=54544) to work on /media/data/omar/programming course/DEPI/DEPI project/anomx/venv/lib/python3.12/site-packages/airflow/example_dags/example_dynamic_task_mapping.py
[2026-06-22T10:10:04.017+0300] {processor.py:830} INFO - Processing file /media/data/omar/programming course/DEPI/DEPI project/anomx/venv/lib/python3.12/site-packages/airflow/example_dags/example_dynamic_task_mapping.py for tasks to queue
[2026-06-22T10:10:04.020+0300] {logging_mixin.py:188} INFO - [2026-06-22T10:10:04.019+0300] {dagbag.py:540} INFO - Filling up the DagBag from /media/data/omar/programming course/DEPI/DEPI project/anomx/venv/lib/python3.12/site-packages/airflow/example_dags/example_dynamic_task_mapping.py
[2026-06-22T10:10:04.032+0300] {processor.py:840} INFO - DAG(s) 'example_dynamic_task_mapping' retrieved from /media/data/omar/programming course/DEPI/DEPI project/anomx/venv/lib/python3.12/site-packages/airflow/example_dags/example_dynamic_task_mapping.py
[2026-06-22T10:10:04.051+0300] {logging_mixin.py:188} INFO - [2026-06-22T10:10:04.050+0300] {dag.py:3096} INFO - Sync 1 DAGs
[2026-06-22T10:10:04.064+0300] {logging_mixin.py:188} INFO - [2026-06-22T10:10:04.064+0300] {dag.py:3954} INFO - Setting next_dagrun for example_dynamic_task_mapping to 2022-03-04 00:00:00+00:00, run_after=2022-03-05 00:00:00+00:00
[2026-06-22T10:10:04.090+0300] {processor.py:183} INFO - Processing /media/data/omar/programming course/DEPI/DEPI project/anomx/venv/lib/python3.12/site-packages/airflow/example_dags/example_dynamic_task_mapping.py took 0.088 seconds
[2026-06-22T10:10:55.304+0300] {processor.py:161} INFO - Started process (PID=54626) to work on /media/data/omar/programming course/DEPI/DEPI project/anomx/venv/lib/python3.12/site-packages/airflow/example_dags/example_dynamic_task_mapping.py
[2026-06-22T10:10:55.305+0300] {processor.py:830} INFO - Processing file /media/data/omar/programming course/DEPI/DEPI project/anomx/venv/lib/python3.12/site-packages/airflow/example_dags/example_dynamic_task_mapping.py for tasks to queue
[2026-06-22T10:10:55.307+0300] {logging_mixin.py:188} INFO - [2026-06-22T10:10:55.306+0300] {dagbag.py:540} INFO - Filling up the DagBag from /media/data/omar/programming course/DEPI/DEPI project/anomx/venv/lib/python3.12/site-packages/airflow/example_dags/example_dynamic_task_mapping.py
[2026-06-22T10:10:55.313+0300] {processor.py:840} INFO - DAG(s) 'example_dynamic_task_mapping' retrieved from /media/data/omar/programming course/DEPI/DEPI project/anomx/venv/lib/python3.12/site-packages/airflow/example_dags/example_dynamic_task_mapping.py
[2026-06-22T10:10:55.327+0300] {logging_mixin.py:188} INFO - [2026-06-22T10:10:55.326+0300] {dag.py:3096} INFO - Sync 1 DAGs
[2026-06-22T10:10:55.340+0300] {logging_mixin.py:188} INFO - [2026-06-22T10:10:55.340+0300] {dag.py:3954} INFO - Setting next_dagrun for example_dynamic_task_mapping to 2022-03-04 00:00:00+00:00, run_after=2022-03-05 00:00:00+00:00
[2026-06-22T10:10:55.366+0300] {processor.py:183} INFO - Processing /media/data/omar/programming course/DEPI/DEPI project/anomx/venv/lib/python3.12/site-packages/airflow/example_dags/example_dynamic_task_mapping.py took 0.070 seconds
[2026-06-22T10:12:11.565+0300] {processor.py:161} INFO - Started process (PID=54744) to work on /media/data/omar/programming course/DEPI/DEPI project/anomx/venv/lib/python3.12/site-packages/airflow/example_dags/example_dynamic_task_mapping.py
[2026-06-22T10:12:11.567+0300] {processor.py:830} INFO - Processing file /media/data/omar/programming course/DEPI/DEPI project/anomx/venv/lib/python3.12/site-packages/airflow/example_dags/example_dynamic_task_mapping.py for tasks to queue
[2026-06-22T10:12:11.570+0300] {logging_mixin.py:188} INFO - [2026-06-22T10:12:11.569+0300] {dagbag.py:540} INFO - Filling up the DagBag from /media/data/omar/programming course/DEPI/DEPI project/anomx/venv/lib/python3.12/site-packages/airflow/example_dags/example_dynamic_task_mapping.py
[2026-06-22T10:12:11.581+0300] {processor.py:840} INFO - DAG(s) 'example_dynamic_task_mapping' retrieved from /media/data/omar/programming course/DEPI/DEPI project/anomx/venv/lib/python3.12/site-packages/airflow/example_dags/example_dynamic_task_mapping.py
[2026-06-22T10:12:11.598+0300] {logging_mixin.py:188} INFO - [2026-06-22T10:12:11.597+0300] {dag.py:3096} INFO - Sync 1 DAGs
[2026-06-22T10:12:11.611+0300] {logging_mixin.py:188} INFO - [2026-06-22T10:12:11.611+0300] {dag.py:3954} INFO - Setting next_dagrun for example_dynamic_task_mapping to 2022-03-04 00:00:00+00:00, run_after=2022-03-05 00:00:00+00:00
[2026-06-22T10:12:11.638+0300] {processor.py:183} INFO - Processing /media/data/omar/programming course/DEPI/DEPI project/anomx/venv/lib/python3.12/site-packages/airflow/example_dags/example_dynamic_task_mapping.py took 0.088 seconds
[2026-06-22T10:13:08.461+0300] {processor.py:161} INFO - Started process (PID=54837) to work on /media/data/omar/programming course/DEPI/DEPI project/anomx/venv/lib/python3.12/site-packages/airflow/example_dags/example_dynamic_task_mapping.py
[2026-06-22T10:13:08.462+0300] {processor.py:830} INFO - Processing file /media/data/omar/programming course/DEPI/DEPI project/anomx/venv/lib/python3.12/site-packages/airflow/example_dags/example_dynamic_task_mapping.py for tasks to queue
[2026-06-22T10:13:08.463+0300] {logging_mixin.py:188} INFO - [2026-06-22T10:13:08.462+0300] {dagbag.py:540} INFO - Filling up the DagBag from /media/data/omar/programming course/DEPI/DEPI project/anomx/venv/lib/python3.12/site-packages/airflow/example_dags/example_dynamic_task_mapping.py
[2026-06-22T10:13:08.468+0300] {processor.py:840} INFO - DAG(s) 'example_dynamic_task_mapping' retrieved from /media/data/omar/programming course/DEPI/DEPI project/anomx/venv/lib/python3.12/site-packages/airflow/example_dags/example_dynamic_task_mapping.py
[2026-06-22T10:13:08.481+0300] {logging_mixin.py:188} INFO - [2026-06-22T10:13:08.481+0300] {dag.py:3096} INFO - Sync 1 DAGs
[2026-06-22T10:13:08.495+0300] {logging_mixin.py:188} INFO - [2026-06-22T10:13:08.495+0300] {dag.py:3954} INFO - Setting next_dagrun for example_dynamic_task_mapping to 2022-03-04 00:00:00+00:00, run_after=2022-03-05 00:00:00+00:00
[2026-06-22T10:13:08.522+0300] {processor.py:183} INFO - Processing /media/data/omar/programming course/DEPI/DEPI project/anomx/venv/lib/python3.12/site-packages/airflow/example_dags/example_dynamic_task_mapping.py took 0.065 seconds
[2026-06-22T10:14:02.611+0300] {processor.py:161} INFO - Started process (PID=54913) to work on /media/data/omar/programming course/DEPI/DEPI project/anomx/venv/lib/python3.12/site-packages/airflow/example_dags/example_dynamic_task_mapping.py
[2026-06-22T10:14:02.613+0300] {processor.py:830} INFO - Processing file /media/data/omar/programming course/DEPI/DEPI project/anomx/venv/lib/python3.12/site-packages/airflow/example_dags/example_dynamic_task_mapping.py for tasks to queue
[2026-06-22T10:14:02.618+0300] {logging_mixin.py:188} INFO - [2026-06-22T10:14:02.616+0300] {dagbag.py:540} INFO - Filling up the DagBag from /media/data/omar/programming course/DEPI/DEPI project/anomx/venv/lib/python3.12/site-packages/airflow/example_dags/example_dynamic_task_mapping.py
[2026-06-22T10:14:02.631+0300] {processor.py:840} INFO - DAG(s) 'example_dynamic_task_mapping' retrieved from /media/data/omar/programming course/DEPI/DEPI project/anomx/venv/lib/python3.12/site-packages/airflow/example_dags/example_dynamic_task_mapping.py
[2026-06-22T10:14:02.648+0300] {logging_mixin.py:188} INFO - [2026-06-22T10:14:02.648+0300] {dag.py:3096} INFO - Sync 1 DAGs
[2026-06-22T10:14:02.662+0300] {logging_mixin.py:188} INFO - [2026-06-22T10:14:02.662+0300] {dag.py:3954} INFO - Setting next_dagrun for example_dynamic_task_mapping to 2022-03-04 00:00:00+00:00, run_after=2022-03-05 00:00:00+00:00
[2026-06-22T10:14:02.689+0300] {processor.py:183} INFO - Processing /media/data/omar/programming course/DEPI/DEPI project/anomx/venv/lib/python3.12/site-packages/airflow/example_dags/example_dynamic_task_mapping.py took 0.098 seconds
[2026-06-22T10:14:56.389+0300] {processor.py:161} INFO - Started process (PID=54993) to work on /media/data/omar/programming course/DEPI/DEPI project/anomx/venv/lib/python3.12/site-packages/airflow/example_dags/example_dynamic_task_mapping.py
[2026-06-22T10:14:56.391+0300] {processor.py:830} INFO - Processing file /media/data/omar/programming course/DEPI/DEPI project/anomx/venv/lib/python3.12/site-packages/airflow/example_dags/example_dynamic_task_mapping.py for tasks to queue
[2026-06-22T10:14:56.394+0300] {logging_mixin.py:188} INFO - [2026-06-22T10:14:56.393+0300] {dagbag.py:540} INFO - Filling up the DagBag from /media/data/omar/programming course/DEPI/DEPI project/anomx/venv/lib/python3.12/site-packages/airflow/example_dags/example_dynamic_task_mapping.py
[2026-06-22T10:14:56.405+0300] {processor.py:840} INFO - DAG(s) 'example_dynamic_task_mapping' retrieved from /media/data/omar/programming course/DEPI/DEPI project/anomx/venv/lib/python3.12/site-packages/airflow/example_dags/example_dynamic_task_mapping.py
[2026-06-22T10:14:56.434+0300] {logging_mixin.py:188} INFO - [2026-06-22T10:14:56.434+0300] {dag.py:3096} INFO - Sync 1 DAGs
[2026-06-22T10:14:56.452+0300] {logging_mixin.py:188} INFO - [2026-06-22T10:14:56.452+0300] {dag.py:3954} INFO - Setting next_dagrun for example_dynamic_task_mapping to 2022-03-04 00:00:00+00:00, run_after=2022-03-05 00:00:00+00:00
[2026-06-22T10:14:56.490+0300] {processor.py:183} INFO - Processing /media/data/omar/programming course/DEPI/DEPI project/anomx/venv/lib/python3.12/site-packages/airflow/example_dags/example_dynamic_task_mapping.py took 0.119 seconds
[2026-06-22T10:15:52.599+0300] {processor.py:161} INFO - Started process (PID=55082) to work on /media/data/omar/programming course/DEPI/DEPI project/anomx/venv/lib/python3.12/site-packages/airflow/example_dags/example_dynamic_task_mapping.py
[2026-06-22T10:15:52.600+0300] {processor.py:830} INFO - Processing file /media/data/omar/programming course/DEPI/DEPI project/anomx/venv/lib/python3.12/site-packages/airflow/example_dags/example_dynamic_task_mapping.py for tasks to queue
[2026-06-22T10:15:52.602+0300] {logging_mixin.py:188} INFO - [2026-06-22T10:15:52.601+0300] {dagbag.py:540} INFO - Filling up the DagBag from /media/data/omar/programming course/DEPI/DEPI project/anomx/venv/lib/python3.12/site-packages/airflow/example_dags/example_dynamic_task_mapping.py
[2026-06-22T10:15:52.613+0300] {processor.py:840} INFO - DAG(s) 'example_dynamic_task_mapping' retrieved from /media/data/omar/programming course/DEPI/DEPI project/anomx/venv/lib/python3.12/site-packages/airflow/example_dags/example_dynamic_task_mapping.py
[2026-06-22T10:15:52.630+0300] {logging_mixin.py:188} INFO - [2026-06-22T10:15:52.630+0300] {dag.py:3096} INFO - Sync 1 DAGs
[2026-06-22T10:15:52.644+0300] {logging_mixin.py:188} INFO - [2026-06-22T10:15:52.643+0300] {dag.py:3954} INFO - Setting next_dagrun for example_dynamic_task_mapping to 2022-03-04 00:00:00+00:00, run_after=2022-03-05 00:00:00+00:00
[2026-06-22T10:15:52.669+0300] {processor.py:183} INFO - Processing /media/data/omar/programming course/DEPI/DEPI project/anomx/venv/lib/python3.12/site-packages/airflow/example_dags/example_dynamic_task_mapping.py took 0.081 seconds
[2026-06-22T10:16:47.489+0300] {processor.py:161} INFO - Started process (PID=55176) to work on /media/data/omar/programming course/DEPI/DEPI project/anomx/venv/lib/python3.12/site-packages/airflow/example_dags/example_dynamic_task_mapping.py
[2026-06-22T10:16:47.491+0300] {processor.py:830} INFO - Processing file /media/data/omar/programming course/DEPI/DEPI project/anomx/venv/lib/python3.12/site-packages/airflow/example_dags/example_dynamic_task_mapping.py for tasks to queue
[2026-06-22T10:16:47.493+0300] {logging_mixin.py:188} INFO - [2026-06-22T10:16:47.492+0300] {dagbag.py:540} INFO - Filling up the DagBag from /media/data/omar/programming course/DEPI/DEPI project/anomx/venv/lib/python3.12/site-packages/airflow/example_dags/example_dynamic_task_mapping.py
[2026-06-22T10:16:47.506+0300] {processor.py:840} INFO - DAG(s) 'example_dynamic_task_mapping' retrieved from /media/data/omar/programming course/DEPI/DEPI project/anomx/venv/lib/python3.12/site-packages/airflow/example_dags/example_dynamic_task_mapping.py
[2026-06-22T10:16:47.523+0300] {logging_mixin.py:188} INFO - [2026-06-22T10:16:47.523+0300] {dag.py:3096} INFO - Sync 1 DAGs
[2026-06-22T10:16:47.536+0300] {logging_mixin.py:188} INFO - [2026-06-22T10:16:47.536+0300] {dag.py:3954} INFO - Setting next_dagrun for example_dynamic_task_mapping to 2022-03-04 00:00:00+00:00, run_after=2022-03-05 00:00:00+00:00
[2026-06-22T10:16:47.562+0300] {processor.py:183} INFO - Processing /media/data/omar/programming course/DEPI/DEPI project/anomx/venv/lib/python3.12/site-packages/airflow/example_dags/example_dynamic_task_mapping.py took 0.086 seconds
[2026-06-22T10:17:38.477+0300] {processor.py:161} INFO - Started process (PID=55255) to work on /media/data/omar/programming course/DEPI/DEPI project/anomx/venv/lib/python3.12/site-packages/airflow/example_dags/example_dynamic_task_mapping.py
[2026-06-22T10:17:38.477+0300] {processor.py:830} INFO - Processing file /media/data/omar/programming course/DEPI/DEPI project/anomx/venv/lib/python3.12/site-packages/airflow/example_dags/example_dynamic_task_mapping.py for tasks to queue
[2026-06-22T10:17:38.478+0300] {logging_mixin.py:188} INFO - [2026-06-22T10:17:38.478+0300] {dagbag.py:540} INFO - Filling up the DagBag from /media/data/omar/programming course/DEPI/DEPI project/anomx/venv/lib/python3.12/site-packages/airflow/example_dags/example_dynamic_task_mapping.py
[2026-06-22T10:17:38.484+0300] {processor.py:840} INFO - DAG(s) 'example_dynamic_task_mapping' retrieved from /media/data/omar/programming course/DEPI/DEPI project/anomx/venv/lib/python3.12/site-packages/airflow/example_dags/example_dynamic_task_mapping.py
[2026-06-22T10:17:38.497+0300] {logging_mixin.py:188} INFO - [2026-06-22T10:17:38.496+0300] {dag.py:3096} INFO - Sync 1 DAGs
[2026-06-22T10:17:38.510+0300] {logging_mixin.py:188} INFO - [2026-06-22T10:17:38.509+0300] {dag.py:3954} INFO - Setting next_dagrun for example_dynamic_task_mapping to 2022-03-04 00:00:00+00:00, run_after=2022-03-05 00:00:00+00:00
[2026-06-22T10:17:38.534+0300] {processor.py:183} INFO - Processing /media/data/omar/programming course/DEPI/DEPI project/anomx/venv/lib/python3.12/site-packages/airflow/example_dags/example_dynamic_task_mapping.py took 0.063 seconds
[2026-06-22T10:18:28.966+0300] {processor.py:161} INFO - Started process (PID=55334) to work on /media/data/omar/programming course/DEPI/DEPI project/anomx/venv/lib/python3.12/site-packages/airflow/example_dags/example_dynamic_task_mapping.py
[2026-06-22T10:18:28.968+0300] {processor.py:830} INFO - Processing file /media/data/omar/programming course/DEPI/DEPI project/anomx/venv/lib/python3.12/site-packages/airflow/example_dags/example_dynamic_task_mapping.py for tasks to queue
[2026-06-22T10:18:28.969+0300] {logging_mixin.py:188} INFO - [2026-06-22T10:18:28.969+0300] {dagbag.py:540} INFO - Filling up the DagBag from /media/data/omar/programming course/DEPI/DEPI project/anomx/venv/lib/python3.12/site-packages/airflow/example_dags/example_dynamic_task_mapping.py
[2026-06-22T10:18:28.978+0300] {processor.py:840} INFO - DAG(s) 'example_dynamic_task_mapping' retrieved from /media/data/omar/programming course/DEPI/DEPI project/anomx/venv/lib/python3.12/site-packages/airflow/example_dags/example_dynamic_task_mapping.py
[2026-06-22T10:18:28.994+0300] {logging_mixin.py:188} INFO - [2026-06-22T10:18:28.993+0300] {dag.py:3096} INFO - Sync 1 DAGs
[2026-06-22T10:18:29.009+0300] {logging_mixin.py:188} INFO - [2026-06-22T10:18:29.008+0300] {dag.py:3954} INFO - Setting next_dagrun for example_dynamic_task_mapping to 2022-03-04 00:00:00+00:00, run_after=2022-03-05 00:00:00+00:00
[2026-06-22T10:18:29.037+0300] {processor.py:183} INFO - Processing /media/data/omar/programming course/DEPI/DEPI project/anomx/venv/lib/python3.12/site-packages/airflow/example_dags/example_dynamic_task_mapping.py took 0.083 seconds
[2026-06-22T10:19:20.902+0300] {processor.py:161} INFO - Started process (PID=55409) to work on /media/data/omar/programming course/DEPI/DEPI project/anomx/venv/lib/python3.12/site-packages/airflow/example_dags/example_dynamic_task_mapping.py
[2026-06-22T10:19:20.904+0300] {processor.py:830} INFO - Processing file /media/data/omar/programming course/DEPI/DEPI project/anomx/venv/lib/python3.12/site-packages/airflow/example_dags/example_dynamic_task_mapping.py for tasks to queue
[2026-06-22T10:19:20.905+0300] {logging_mixin.py:188} INFO - [2026-06-22T10:19:20.905+0300] {dagbag.py:540} INFO - Filling up the DagBag from /media/data/omar/programming course/DEPI/DEPI project/anomx/venv/lib/python3.12/site-packages/airflow/example_dags/example_dynamic_task_mapping.py
[2026-06-22T10:19:20.914+0300] {processor.py:840} INFO - DAG(s) 'example_dynamic_task_mapping' retrieved from /media/data/omar/programming course/DEPI/DEPI project/anomx/venv/lib/python3.12/site-packages/airflow/example_dags/example_dynamic_task_mapping.py
[2026-06-22T10:19:20.930+0300] {logging_mixin.py:188} INFO - [2026-06-22T10:19:20.929+0300] {dag.py:3096} INFO - Sync 1 DAGs
[2026-06-22T10:19:20.943+0300] {logging_mixin.py:188} INFO - [2026-06-22T10:19:20.943+0300] {dag.py:3954} INFO - Setting next_dagrun for example_dynamic_task_mapping to 2022-03-04 00:00:00+00:00, run_after=2022-03-05 00:00:00+00:00
[2026-06-22T10:19:20.969+0300] {processor.py:183} INFO - Processing /media/data/omar/programming course/DEPI/DEPI project/anomx/venv/lib/python3.12/site-packages/airflow/example_dags/example_dynamic_task_mapping.py took 0.082 seconds
[2026-06-22T10:20:14.092+0300] {processor.py:161} INFO - Started process (PID=55504) to work on /media/data/omar/programming course/DEPI/DEPI project/anomx/venv/lib/python3.12/site-packages/airflow/example_dags/example_dynamic_task_mapping.py
[2026-06-22T10:20:14.093+0300] {processor.py:830} INFO - Processing file /media/data/omar/programming course/DEPI/DEPI project/anomx/venv/lib/python3.12/site-packages/airflow/example_dags/example_dynamic_task_mapping.py for tasks to queue
[2026-06-22T10:20:14.095+0300] {logging_mixin.py:188} INFO - [2026-06-22T10:20:14.094+0300] {dagbag.py:540} INFO - Filling up the DagBag from /media/data/omar/programming course/DEPI/DEPI project/anomx/venv/lib/python3.12/site-packages/airflow/example_dags/example_dynamic_task_mapping.py
[2026-06-22T10:20:14.102+0300] {processor.py:840} INFO - DAG(s) 'example_dynamic_task_mapping' retrieved from /media/data/omar/programming course/DEPI/DEPI project/anomx/venv/lib/python3.12/site-packages/airflow/example_dags/example_dynamic_task_mapping.py
[2026-06-22T10:20:14.121+0300] {logging_mixin.py:188} INFO - [2026-06-22T10:20:14.120+0300] {dag.py:3096} INFO - Sync 1 DAGs
[2026-06-22T10:20:14.135+0300] {logging_mixin.py:188} INFO - [2026-06-22T10:20:14.135+0300] {dag.py:3954} INFO - Setting next_dagrun for example_dynamic_task_mapping to 2022-03-04 00:00:00+00:00, run_after=2022-03-05 00:00:00+00:00
[2026-06-22T10:20:14.161+0300] {processor.py:183} INFO - Processing /media/data/omar/programming course/DEPI/DEPI project/anomx/venv/lib/python3.12/site-packages/airflow/example_dags/example_dynamic_task_mapping.py took 0.076 seconds
[2026-06-22T10:21:08.293+0300] {processor.py:161} INFO - Started process (PID=55593) to work on /media/data/omar/programming course/DEPI/DEPI project/anomx/venv/lib/python3.12/site-packages/airflow/example_dags/example_dynamic_task_mapping.py
[2026-06-22T10:21:08.296+0300] {processor.py:830} INFO - Processing file /media/data/omar/programming course/DEPI/DEPI project/anomx/venv/lib/python3.12/site-packages/airflow/example_dags/example_dynamic_task_mapping.py for tasks to queue
[2026-06-22T10:21:08.300+0300] {logging_mixin.py:188} INFO - [2026-06-22T10:21:08.298+0300] {dagbag.py:540} INFO - Filling up the DagBag from /media/data/omar/programming course/DEPI/DEPI project/anomx/venv/lib/python3.12/site-packages/airflow/example_dags/example_dynamic_task_mapping.py
[2026-06-22T10:21:08.321+0300] {processor.py:840} INFO - DAG(s) 'example_dynamic_task_mapping' retrieved from /media/data/omar/programming course/DEPI/DEPI project/anomx/venv/lib/python3.12/site-packages/airflow/example_dags/example_dynamic_task_mapping.py
[2026-06-22T10:21:08.341+0300] {logging_mixin.py:188} INFO - [2026-06-22T10:21:08.341+0300] {dag.py:3096} INFO - Sync 1 DAGs
[2026-06-22T10:21:08.355+0300] {logging_mixin.py:188} INFO - [2026-06-22T10:21:08.355+0300] {dag.py:3954} INFO - Setting next_dagrun for example_dynamic_task_mapping to 2022-03-04 00:00:00+00:00, run_after=2022-03-05 00:00:00+00:00
[2026-06-22T10:21:08.381+0300] {processor.py:183} INFO - Processing /media/data/omar/programming course/DEPI/DEPI project/anomx/venv/lib/python3.12/site-packages/airflow/example_dags/example_dynamic_task_mapping.py took 0.107 seconds
[2026-06-22T10:22:02.680+0300] {processor.py:161} INFO - Started process (PID=55672) to work on /media/data/omar/programming course/DEPI/DEPI project/anomx/venv/lib/python3.12/site-packages/airflow/example_dags/example_dynamic_task_mapping.py
[2026-06-22T10:22:02.682+0300] {processor.py:830} INFO - Processing file /media/data/omar/programming course/DEPI/DEPI project/anomx/venv/lib/python3.12/site-packages/airflow/example_dags/example_dynamic_task_mapping.py for tasks to queue
[2026-06-22T10:22:02.684+0300] {logging_mixin.py:188} INFO - [2026-06-22T10:22:02.683+0300] {dagbag.py:540} INFO - Filling up the DagBag from /media/data/omar/programming course/DEPI/DEPI project/anomx/venv/lib/python3.12/site-packages/airflow/example_dags/example_dynamic_task_mapping.py
[2026-06-22T10:22:02.695+0300] {processor.py:840} INFO - DAG(s) 'example_dynamic_task_mapping' retrieved from /media/data/omar/programming course/DEPI/DEPI project/anomx/venv/lib/python3.12/site-packages/airflow/example_dags/example_dynamic_task_mapping.py
[2026-06-22T10:22:02.724+0300] {logging_mixin.py:188} INFO - [2026-06-22T10:22:02.724+0300] {dag.py:3096} INFO - Sync 1 DAGs
[2026-06-22T10:22:02.740+0300] {logging_mixin.py:188} INFO - [2026-06-22T10:22:02.740+0300] {dag.py:3954} INFO - Setting next_dagrun for example_dynamic_task_mapping to 2022-03-04 00:00:00+00:00, run_after=2022-03-05 00:00:00+00:00
[2026-06-22T10:22:02.769+0300] {processor.py:183} INFO - Processing /media/data/omar/programming course/DEPI/DEPI project/anomx/venv/lib/python3.12/site-packages/airflow/example_dags/example_dynamic_task_mapping.py took 0.098 seconds
[2026-06-22T10:22:57.230+0300] {processor.py:161} INFO - Started process (PID=55765) to work on /media/data/omar/programming course/DEPI/DEPI project/anomx/venv/lib/python3.12/site-packages/airflow/example_dags/example_dynamic_task_mapping.py
[2026-06-22T10:22:57.231+0300] {processor.py:830} INFO - Processing file /media/data/omar/programming course/DEPI/DEPI project/anomx/venv/lib/python3.12/site-packages/airflow/example_dags/example_dynamic_task_mapping.py for tasks to queue
[2026-06-22T10:22:57.232+0300] {logging_mixin.py:188} INFO - [2026-06-22T10:22:57.232+0300] {dagbag.py:540} INFO - Filling up the DagBag from /media/data/omar/programming course/DEPI/DEPI project/anomx/venv/lib/python3.12/site-packages/airflow/example_dags/example_dynamic_task_mapping.py
[2026-06-22T10:22:57.239+0300] {processor.py:840} INFO - DAG(s) 'example_dynamic_task_mapping' retrieved from /media/data/omar/programming course/DEPI/DEPI project/anomx/venv/lib/python3.12/site-packages/airflow/example_dags/example_dynamic_task_mapping.py
[2026-06-22T10:22:57.255+0300] {logging_mixin.py:188} INFO - [2026-06-22T10:22:57.255+0300] {dag.py:3096} INFO - Sync 1 DAGs
[2026-06-22T10:22:57.270+0300] {logging_mixin.py:188} INFO - [2026-06-22T10:22:57.269+0300] {dag.py:3954} INFO - Setting next_dagrun for example_dynamic_task_mapping to 2022-03-04 00:00:00+00:00, run_after=2022-03-05 00:00:00+00:00
[2026-06-22T10:22:57.296+0300] {processor.py:183} INFO - Processing /media/data/omar/programming course/DEPI/DEPI project/anomx/venv/lib/python3.12/site-packages/airflow/example_dags/example_dynamic_task_mapping.py took 0.073 seconds
[2026-06-22T10:23:48.884+0300] {processor.py:161} INFO - Started process (PID=55842) to work on /media/data/omar/programming course/DEPI/DEPI project/anomx/venv/lib/python3.12/site-packages/airflow/example_dags/example_dynamic_task_mapping.py
[2026-06-22T10:23:48.885+0300] {processor.py:830} INFO - Processing file /media/data/omar/programming course/DEPI/DEPI project/anomx/venv/lib/python3.12/site-packages/airflow/example_dags/example_dynamic_task_mapping.py for tasks to queue
[2026-06-22T10:23:48.887+0300] {logging_mixin.py:188} INFO - [2026-06-22T10:23:48.886+0300] {dagbag.py:540} INFO - Filling up the DagBag from /media/data/omar/programming course/DEPI/DEPI project/anomx/venv/lib/python3.12/site-packages/airflow/example_dags/example_dynamic_task_mapping.py
[2026-06-22T10:23:48.895+0300] {processor.py:840} INFO - DAG(s) 'example_dynamic_task_mapping' retrieved from /media/data/omar/programming course/DEPI/DEPI project/anomx/venv/lib/python3.12/site-packages/airflow/example_dags/example_dynamic_task_mapping.py
[2026-06-22T10:23:48.914+0300] {logging_mixin.py:188} INFO - [2026-06-22T10:23:48.914+0300] {dag.py:3096} INFO - Sync 1 DAGs
[2026-06-22T10:23:48.928+0300] {logging_mixin.py:188} INFO - [2026-06-22T10:23:48.927+0300] {dag.py:3954} INFO - Setting next_dagrun for example_dynamic_task_mapping to 2022-03-04 00:00:00+00:00, run_after=2022-03-05 00:00:00+00:00
[2026-06-22T10:23:48.973+0300] {processor.py:183} INFO - Processing /media/data/omar/programming course/DEPI/DEPI project/anomx/venv/lib/python3.12/site-packages/airflow/example_dags/example_dynamic_task_mapping.py took 0.097 seconds
[2026-06-22T10:24:43.746+0300] {processor.py:161} INFO - Started process (PID=55931) to work on /media/data/omar/programming course/DEPI/DEPI project/anomx/venv/lib/python3.12/site-packages/airflow/example_dags/example_dynamic_task_mapping.py
[2026-06-22T10:24:43.749+0300] {processor.py:830} INFO - Processing file /media/data/omar/programming course/DEPI/DEPI project/anomx/venv/lib/python3.12/site-packages/airflow/example_dags/example_dynamic_task_mapping.py for tasks to queue
[2026-06-22T10:24:43.752+0300] {logging_mixin.py:188} INFO - [2026-06-22T10:24:43.750+0300] {dagbag.py:540} INFO - Filling up the DagBag from /media/data/omar/programming course/DEPI/DEPI project/anomx/venv/lib/python3.12/site-packages/airflow/example_dags/example_dynamic_task_mapping.py
[2026-06-22T10:24:43.763+0300] {processor.py:840} INFO - DAG(s) 'example_dynamic_task_mapping' retrieved from /media/data/omar/programming course/DEPI/DEPI project/anomx/venv/lib/python3.12/site-packages/airflow/example_dags/example_dynamic_task_mapping.py
[2026-06-22T10:24:43.787+0300] {logging_mixin.py:188} INFO - [2026-06-22T10:24:43.786+0300] {dag.py:3096} INFO - Sync 1 DAGs
[2026-06-22T10:24:43.801+0300] {logging_mixin.py:188} INFO - [2026-06-22T10:24:43.801+0300] {dag.py:3954} INFO - Setting next_dagrun for example_dynamic_task_mapping to 2022-03-04 00:00:00+00:00, run_after=2022-03-05 00:00:00+00:00
[2026-06-22T10:24:43.828+0300] {processor.py:183} INFO - Processing /media/data/omar/programming course/DEPI/DEPI project/anomx/venv/lib/python3.12/site-packages/airflow/example_dags/example_dynamic_task_mapping.py took 0.101 seconds
[2026-06-22T10:25:40.246+0300] {processor.py:161} INFO - Started process (PID=56014) to work on /media/data/omar/programming course/DEPI/DEPI project/anomx/venv/lib/python3.12/site-packages/airflow/example_dags/example_dynamic_task_mapping.py
[2026-06-22T10:25:40.247+0300] {processor.py:830} INFO - Processing file /media/data/omar/programming course/DEPI/DEPI project/anomx/venv/lib/python3.12/site-packages/airflow/example_dags/example_dynamic_task_mapping.py for tasks to queue
[2026-06-22T10:25:40.248+0300] {logging_mixin.py:188} INFO - [2026-06-22T10:25:40.247+0300] {dagbag.py:540} INFO - Filling up the DagBag from /media/data/omar/programming course/DEPI/DEPI project/anomx/venv/lib/python3.12/site-packages/airflow/example_dags/example_dynamic_task_mapping.py
[2026-06-22T10:25:40.253+0300] {processor.py:840} INFO - DAG(s) 'example_dynamic_task_mapping' retrieved from /media/data/omar/programming course/DEPI/DEPI project/anomx/venv/lib/python3.12/site-packages/airflow/example_dags/example_dynamic_task_mapping.py
[2026-06-22T10:25:40.266+0300] {logging_mixin.py:188} INFO - [2026-06-22T10:25:40.266+0300] {dag.py:3096} INFO - Sync 1 DAGs
[2026-06-22T10:25:40.279+0300] {logging_mixin.py:188} INFO - [2026-06-22T10:25:40.279+0300] {dag.py:3954} INFO - Setting next_dagrun for example_dynamic_task_mapping to 2022-03-04 00:00:00+00:00, run_after=2022-03-05 00:00:00+00:00
[2026-06-22T10:25:40.305+0300] {processor.py:183} INFO - Processing /media/data/omar/programming course/DEPI/DEPI project/anomx/venv/lib/python3.12/site-packages/airflow/example_dags/example_dynamic_task_mapping.py took 0.063 seconds
[2026-06-22T10:26:32.733+0300] {processor.py:161} INFO - Started process (PID=56097) to work on /media/data/omar/programming course/DEPI/DEPI project/anomx/venv/lib/python3.12/site-packages/airflow/example_dags/example_dynamic_task_mapping.py
[2026-06-22T10:26:32.734+0300] {processor.py:830} INFO - Processing file /media/data/omar/programming course/DEPI/DEPI project/anomx/venv/lib/python3.12/site-packages/airflow/example_dags/example_dynamic_task_mapping.py for tasks to queue
[2026-06-22T10:26:32.736+0300] {logging_mixin.py:188} INFO - [2026-06-22T10:26:32.735+0300] {dagbag.py:540} INFO - Filling up the DagBag from /media/data/omar/programming course/DEPI/DEPI project/anomx/venv/lib/python3.12/site-packages/airflow/example_dags/example_dynamic_task_mapping.py
[2026-06-22T10:26:32.745+0300] {processor.py:840} INFO - DAG(s) 'example_dynamic_task_mapping' retrieved from /media/data/omar/programming course/DEPI/DEPI project/anomx/venv/lib/python3.12/site-packages/airflow/example_dags/example_dynamic_task_mapping.py
[2026-06-22T10:26:32.761+0300] {logging_mixin.py:188} INFO - [2026-06-22T10:26:32.760+0300] {dag.py:3096} INFO - Sync 1 DAGs
[2026-06-22T10:26:32.775+0300] {logging_mixin.py:188} INFO - [2026-06-22T10:26:32.775+0300] {dag.py:3954} INFO - Setting next_dagrun for example_dynamic_task_mapping to 2022-03-04 00:00:00+00:00, run_after=2022-03-05 00:00:00+00:00
[2026-06-22T10:26:32.800+0300] {processor.py:183} INFO - Processing /media/data/omar/programming course/DEPI/DEPI project/anomx/venv/lib/python3.12/site-packages/airflow/example_dags/example_dynamic_task_mapping.py took 0.081 seconds
[2026-06-22T10:27:22.255+0300] {processor.py:161} INFO - Started process (PID=56182) to work on /media/data/omar/programming course/DEPI/DEPI project/anomx/venv/lib/python3.12/site-packages/airflow/example_dags/example_dynamic_task_mapping.py
[2026-06-22T10:27:22.257+0300] {processor.py:830} INFO - Processing file /media/data/omar/programming course/DEPI/DEPI project/anomx/venv/lib/python3.12/site-packages/airflow/example_dags/example_dynamic_task_mapping.py for tasks to queue
[2026-06-22T10:27:22.259+0300] {logging_mixin.py:188} INFO - [2026-06-22T10:27:22.258+0300] {dagbag.py:540} INFO - Filling up the DagBag from /media/data/omar/programming course/DEPI/DEPI project/anomx/venv/lib/python3.12/site-packages/airflow/example_dags/example_dynamic_task_mapping.py
[2026-06-22T10:27:22.268+0300] {processor.py:840} INFO - DAG(s) 'example_dynamic_task_mapping' retrieved from /media/data/omar/programming course/DEPI/DEPI project/anomx/venv/lib/python3.12/site-packages/airflow/example_dags/example_dynamic_task_mapping.py
[2026-06-22T10:27:22.282+0300] {logging_mixin.py:188} INFO - [2026-06-22T10:27:22.282+0300] {dag.py:3096} INFO - Sync 1 DAGs
[2026-06-22T10:27:22.296+0300] {logging_mixin.py:188} INFO - [2026-06-22T10:27:22.295+0300] {dag.py:3954} INFO - Setting next_dagrun for example_dynamic_task_mapping to 2022-03-04 00:00:00+00:00, run_after=2022-03-05 00:00:00+00:00
[2026-06-22T10:27:22.322+0300] {processor.py:183} INFO - Processing /media/data/omar/programming course/DEPI/DEPI project/anomx/venv/lib/python3.12/site-packages/airflow/example_dags/example_dynamic_task_mapping.py took 0.083 seconds
[2026-06-22T10:28:40.451+0300] {processor.py:161} INFO - Started process (PID=56304) to work on /media/data/omar/programming course/DEPI/DEPI project/anomx/venv/lib/python3.12/site-packages/airflow/example_dags/example_dynamic_task_mapping.py
[2026-06-22T10:28:40.452+0300] {processor.py:830} INFO - Processing file /media/data/omar/programming course/DEPI/DEPI project/anomx/venv/lib/python3.12/site-packages/airflow/example_dags/example_dynamic_task_mapping.py for tasks to queue
[2026-06-22T10:28:40.454+0300] {logging_mixin.py:188} INFO - [2026-06-22T10:28:40.453+0300] {dagbag.py:540} INFO - Filling up the DagBag from /media/data/omar/programming course/DEPI/DEPI project/anomx/venv/lib/python3.12/site-packages/airflow/example_dags/example_dynamic_task_mapping.py
[2026-06-22T10:28:40.461+0300] {processor.py:840} INFO - DAG(s) 'example_dynamic_task_mapping' retrieved from /media/data/omar/programming course/DEPI/DEPI project/anomx/venv/lib/python3.12/site-packages/airflow/example_dags/example_dynamic_task_mapping.py
[2026-06-22T10:28:40.480+0300] {logging_mixin.py:188} INFO - [2026-06-22T10:28:40.479+0300] {dag.py:3096} INFO - Sync 1 DAGs
[2026-06-22T10:28:40.494+0300] {logging_mixin.py:188} INFO - [2026-06-22T10:28:40.493+0300] {dag.py:3954} INFO - Setting next_dagrun for example_dynamic_task_mapping to 2022-03-04 00:00:00+00:00, run_after=2022-03-05 00:00:00+00:00
[2026-06-22T10:28:40.520+0300] {processor.py:183} INFO - Processing /media/data/omar/programming course/DEPI/DEPI project/anomx/venv/lib/python3.12/site-packages/airflow/example_dags/example_dynamic_task_mapping.py took 0.076 seconds
[2026-06-22T10:29:32.318+0300] {processor.py:161} INFO - Started process (PID=56381) to work on /media/data/omar/programming course/DEPI/DEPI project/anomx/venv/lib/python3.12/site-packages/airflow/example_dags/example_dynamic_task_mapping.py
[2026-06-22T10:29:32.320+0300] {processor.py:830} INFO - Processing file /media/data/omar/programming course/DEPI/DEPI project/anomx/venv/lib/python3.12/site-packages/airflow/example_dags/example_dynamic_task_mapping.py for tasks to queue
[2026-06-22T10:29:32.323+0300] {logging_mixin.py:188} INFO - [2026-06-22T10:29:32.321+0300] {dagbag.py:540} INFO - Filling up the DagBag from /media/data/omar/programming course/DEPI/DEPI project/anomx/venv/lib/python3.12/site-packages/airflow/example_dags/example_dynamic_task_mapping.py
[2026-06-22T10:29:32.332+0300] {processor.py:840} INFO - DAG(s) 'example_dynamic_task_mapping' retrieved from /media/data/omar/programming course/DEPI/DEPI project/anomx/venv/lib/python3.12/site-packages/airflow/example_dags/example_dynamic_task_mapping.py
[2026-06-22T10:29:32.348+0300] {logging_mixin.py:188} INFO - [2026-06-22T10:29:32.348+0300] {dag.py:3096} INFO - Sync 1 DAGs
[2026-06-22T10:29:32.361+0300] {logging_mixin.py:188} INFO - [2026-06-22T10:29:32.361+0300] {dag.py:3954} INFO - Setting next_dagrun for example_dynamic_task_mapping to 2022-03-04 00:00:00+00:00, run_after=2022-03-05 00:00:00+00:00
[2026-06-22T10:29:32.493+0300] {processor.py:183} INFO - Processing /media/data/omar/programming course/DEPI/DEPI project/anomx/venv/lib/python3.12/site-packages/airflow/example_dags/example_dynamic_task_mapping.py took 0.193 seconds
[2026-06-22T10:30:25.780+0300] {processor.py:161} INFO - Started process (PID=56474) to work on /media/data/omar/programming course/DEPI/DEPI project/anomx/venv/lib/python3.12/site-packages/airflow/example_dags/example_dynamic_task_mapping.py
[2026-06-22T10:30:25.781+0300] {processor.py:830} INFO - Processing file /media/data/omar/programming course/DEPI/DEPI project/anomx/venv/lib/python3.12/site-packages/airflow/example_dags/example_dynamic_task_mapping.py for tasks to queue
[2026-06-22T10:30:25.783+0300] {logging_mixin.py:188} INFO - [2026-06-22T10:30:25.782+0300] {dagbag.py:540} INFO - Filling up the DagBag from /media/data/omar/programming course/DEPI/DEPI project/anomx/venv/lib/python3.12/site-packages/airflow/example_dags/example_dynamic_task_mapping.py
[2026-06-22T10:30:25.794+0300] {processor.py:840} INFO - DAG(s) 'example_dynamic_task_mapping' retrieved from /media/data/omar/programming course/DEPI/DEPI project/anomx/venv/lib/python3.12/site-packages/airflow/example_dags/example_dynamic_task_mapping.py
[2026-06-22T10:30:25.814+0300] {logging_mixin.py:188} INFO - [2026-06-22T10:30:25.813+0300] {dag.py:3096} INFO - Sync 1 DAGs
[2026-06-22T10:30:25.831+0300] {logging_mixin.py:188} INFO - [2026-06-22T10:30:25.831+0300] {dag.py:3954} INFO - Setting next_dagrun for example_dynamic_task_mapping to 2022-03-04 00:00:00+00:00, run_after=2022-03-05 00:00:00+00:00
[2026-06-22T10:30:25.860+0300] {processor.py:183} INFO - Processing /media/data/omar/programming course/DEPI/DEPI project/anomx/venv/lib/python3.12/site-packages/airflow/example_dags/example_dynamic_task_mapping.py took 0.090 seconds
[2026-06-22T10:31:22.928+0300] {processor.py:161} INFO - Started process (PID=56555) to work on /media/data/omar/programming course/DEPI/DEPI project/anomx/venv/lib/python3.12/site-packages/airflow/example_dags/example_dynamic_task_mapping.py
[2026-06-22T10:31:22.930+0300] {processor.py:830} INFO - Processing file /media/data/omar/programming course/DEPI/DEPI project/anomx/venv/lib/python3.12/site-packages/airflow/example_dags/example_dynamic_task_mapping.py for tasks to queue
[2026-06-22T10:31:22.932+0300] {logging_mixin.py:188} INFO - [2026-06-22T10:31:22.931+0300] {dagbag.py:540} INFO - Filling up the DagBag from /media/data/omar/programming course/DEPI/DEPI project/anomx/venv/lib/python3.12/site-packages/airflow/example_dags/example_dynamic_task_mapping.py
[2026-06-22T10:31:22.944+0300] {processor.py:840} INFO - DAG(s) 'example_dynamic_task_mapping' retrieved from /media/data/omar/programming course/DEPI/DEPI project/anomx/venv/lib/python3.12/site-packages/airflow/example_dags/example_dynamic_task_mapping.py
[2026-06-22T10:31:22.962+0300] {logging_mixin.py:188} INFO - [2026-06-22T10:31:22.961+0300] {dag.py:3096} INFO - Sync 1 DAGs
[2026-06-22T10:31:22.977+0300] {logging_mixin.py:188} INFO - [2026-06-22T10:31:22.977+0300] {dag.py:3954} INFO - Setting next_dagrun for example_dynamic_task_mapping to 2022-03-04 00:00:00+00:00, run_after=2022-03-05 00:00:00+00:00
[2026-06-22T10:31:23.073+0300] {processor.py:183} INFO - Processing /media/data/omar/programming course/DEPI/DEPI project/anomx/venv/lib/python3.12/site-packages/airflow/example_dags/example_dynamic_task_mapping.py took 0.158 seconds
[2026-06-22T10:32:14.579+0300] {processor.py:161} INFO - Started process (PID=56636) to work on /media/data/omar/programming course/DEPI/DEPI project/anomx/venv/lib/python3.12/site-packages/airflow/example_dags/example_dynamic_task_mapping.py
[2026-06-22T10:32:14.581+0300] {processor.py:830} INFO - Processing file /media/data/omar/programming course/DEPI/DEPI project/anomx/venv/lib/python3.12/site-packages/airflow/example_dags/example_dynamic_task_mapping.py for tasks to queue
[2026-06-22T10:32:14.583+0300] {logging_mixin.py:188} INFO - [2026-06-22T10:32:14.582+0300] {dagbag.py:540} INFO - Filling up the DagBag from /media/data/omar/programming course/DEPI/DEPI project/anomx/venv/lib/python3.12/site-packages/airflow/example_dags/example_dynamic_task_mapping.py
[2026-06-22T10:32:14.597+0300] {processor.py:840} INFO - DAG(s) 'example_dynamic_task_mapping' retrieved from /media/data/omar/programming course/DEPI/DEPI project/anomx/venv/lib/python3.12/site-packages/airflow/example_dags/example_dynamic_task_mapping.py
[2026-06-22T10:32:14.617+0300] {logging_mixin.py:188} INFO - [2026-06-22T10:32:14.617+0300] {dag.py:3096} INFO - Sync 1 DAGs
[2026-06-22T10:32:14.632+0300] {logging_mixin.py:188} INFO - [2026-06-22T10:32:14.632+0300] {dag.py:3954} INFO - Setting next_dagrun for example_dynamic_task_mapping to 2022-03-04 00:00:00+00:00, run_after=2022-03-05 00:00:00+00:00
[2026-06-22T10:32:14.659+0300] {processor.py:183} INFO - Processing /media/data/omar/programming course/DEPI/DEPI project/anomx/venv/lib/python3.12/site-packages/airflow/example_dags/example_dynamic_task_mapping.py took 0.093 seconds
[2026-06-22T10:33:06.076+0300] {processor.py:161} INFO - Started process (PID=56711) to work on /media/data/omar/programming course/DEPI/DEPI project/anomx/venv/lib/python3.12/site-packages/airflow/example_dags/example_dynamic_task_mapping.py
[2026-06-22T10:33:06.077+0300] {processor.py:830} INFO - Processing file /media/data/omar/programming course/DEPI/DEPI project/anomx/venv/lib/python3.12/site-packages/airflow/example_dags/example_dynamic_task_mapping.py for tasks to queue
[2026-06-22T10:33:06.078+0300] {logging_mixin.py:188} INFO - [2026-06-22T10:33:06.078+0300] {dagbag.py:540} INFO - Filling up the DagBag from /media/data/omar/programming course/DEPI/DEPI project/anomx/venv/lib/python3.12/site-packages/airflow/example_dags/example_dynamic_task_mapping.py
[2026-06-22T10:33:06.085+0300] {processor.py:840} INFO - DAG(s) 'example_dynamic_task_mapping' retrieved from /media/data/omar/programming course/DEPI/DEPI project/anomx/venv/lib/python3.12/site-packages/airflow/example_dags/example_dynamic_task_mapping.py
[2026-06-22T10:33:06.103+0300] {logging_mixin.py:188} INFO - [2026-06-22T10:33:06.102+0300] {dag.py:3096} INFO - Sync 1 DAGs
[2026-06-22T10:33:06.119+0300] {logging_mixin.py:188} INFO - [2026-06-22T10:33:06.118+0300] {dag.py:3954} INFO - Setting next_dagrun for example_dynamic_task_mapping to 2022-03-04 00:00:00+00:00, run_after=2022-03-05 00:00:00+00:00
[2026-06-22T10:33:06.144+0300] {processor.py:183} INFO - Processing /media/data/omar/programming course/DEPI/DEPI project/anomx/venv/lib/python3.12/site-packages/airflow/example_dags/example_dynamic_task_mapping.py took 0.074 seconds
[2026-06-22T10:33:59.268+0300] {processor.py:161} INFO - Started process (PID=56801) to work on /media/data/omar/programming course/DEPI/DEPI project/anomx/venv/lib/python3.12/site-packages/airflow/example_dags/example_dynamic_task_mapping.py
[2026-06-22T10:33:59.270+0300] {processor.py:830} INFO - Processing file /media/data/omar/programming course/DEPI/DEPI project/anomx/venv/lib/python3.12/site-packages/airflow/example_dags/example_dynamic_task_mapping.py for tasks to queue
[2026-06-22T10:33:59.273+0300] {logging_mixin.py:188} INFO - [2026-06-22T10:33:59.272+0300] {dagbag.py:540} INFO - Filling up the DagBag from /media/data/omar/programming course/DEPI/DEPI project/anomx/venv/lib/python3.12/site-packages/airflow/example_dags/example_dynamic_task_mapping.py
[2026-06-22T10:33:59.285+0300] {processor.py:840} INFO - DAG(s) 'example_dynamic_task_mapping' retrieved from /media/data/omar/programming course/DEPI/DEPI project/anomx/venv/lib/python3.12/site-packages/airflow/example_dags/example_dynamic_task_mapping.py
[2026-06-22T10:33:59.303+0300] {logging_mixin.py:188} INFO - [2026-06-22T10:33:59.302+0300] {dag.py:3096} INFO - Sync 1 DAGs
[2026-06-22T10:33:59.316+0300] {logging_mixin.py:188} INFO - [2026-06-22T10:33:59.316+0300] {dag.py:3954} INFO - Setting next_dagrun for example_dynamic_task_mapping to 2022-03-04 00:00:00+00:00, run_after=2022-03-05 00:00:00+00:00
[2026-06-22T10:33:59.341+0300] {processor.py:183} INFO - Processing /media/data/omar/programming course/DEPI/DEPI project/anomx/venv/lib/python3.12/site-packages/airflow/example_dags/example_dynamic_task_mapping.py took 0.085 seconds
[2026-06-22T10:34:54.290+0300] {processor.py:161} INFO - Started process (PID=56884) to work on /media/data/omar/programming course/DEPI/DEPI project/anomx/venv/lib/python3.12/site-packages/airflow/example_dags/example_dynamic_task_mapping.py
[2026-06-22T10:34:54.293+0300] {processor.py:830} INFO - Processing file /media/data/omar/programming course/DEPI/DEPI project/anomx/venv/lib/python3.12/site-packages/airflow/example_dags/example_dynamic_task_mapping.py for tasks to queue
[2026-06-22T10:34:54.297+0300] {logging_mixin.py:188} INFO - [2026-06-22T10:34:54.295+0300] {dagbag.py:540} INFO - Filling up the DagBag from /media/data/omar/programming course/DEPI/DEPI project/anomx/venv/lib/python3.12/site-packages/airflow/example_dags/example_dynamic_task_mapping.py
[2026-06-22T10:34:54.312+0300] {processor.py:840} INFO - DAG(s) 'example_dynamic_task_mapping' retrieved from /media/data/omar/programming course/DEPI/DEPI project/anomx/venv/lib/python3.12/site-packages/airflow/example_dags/example_dynamic_task_mapping.py
[2026-06-22T10:34:54.330+0300] {logging_mixin.py:188} INFO - [2026-06-22T10:34:54.329+0300] {dag.py:3096} INFO - Sync 1 DAGs
[2026-06-22T10:34:54.344+0300] {logging_mixin.py:188} INFO - [2026-06-22T10:34:54.343+0300] {dag.py:3954} INFO - Setting next_dagrun for example_dynamic_task_mapping to 2022-03-04 00:00:00+00:00, run_after=2022-03-05 00:00:00+00:00
[2026-06-22T10:34:54.369+0300] {processor.py:183} INFO - Processing /media/data/omar/programming course/DEPI/DEPI project/anomx/venv/lib/python3.12/site-packages/airflow/example_dags/example_dynamic_task_mapping.py took 0.100 seconds
[2026-06-22T10:35:48.094+0300] {processor.py:161} INFO - Started process (PID=56974) to work on /media/data/omar/programming course/DEPI/DEPI project/anomx/venv/lib/python3.12/site-packages/airflow/example_dags/example_dynamic_task_mapping.py
[2026-06-22T10:35:48.097+0300] {processor.py:830} INFO - Processing file /media/data/omar/programming course/DEPI/DEPI project/anomx/venv/lib/python3.12/site-packages/airflow/example_dags/example_dynamic_task_mapping.py for tasks to queue
[2026-06-22T10:35:48.101+0300] {logging_mixin.py:188} INFO - [2026-06-22T10:35:48.099+0300] {dagbag.py:540} INFO - Filling up the DagBag from /media/data/omar/programming course/DEPI/DEPI project/anomx/venv/lib/python3.12/site-packages/airflow/example_dags/example_dynamic_task_mapping.py
[2026-06-22T10:35:48.113+0300] {processor.py:840} INFO - DAG(s) 'example_dynamic_task_mapping' retrieved from /media/data/omar/programming course/DEPI/DEPI project/anomx/venv/lib/python3.12/site-packages/airflow/example_dags/example_dynamic_task_mapping.py
[2026-06-22T10:35:48.131+0300] {logging_mixin.py:188} INFO - [2026-06-22T10:35:48.130+0300] {dag.py:3096} INFO - Sync 1 DAGs
[2026-06-22T10:35:48.145+0300] {logging_mixin.py:188} INFO - [2026-06-22T10:35:48.144+0300] {dag.py:3954} INFO - Setting next_dagrun for example_dynamic_task_mapping to 2022-03-04 00:00:00+00:00, run_after=2022-03-05 00:00:00+00:00
[2026-06-22T10:35:48.171+0300] {processor.py:183} INFO - Processing /media/data/omar/programming course/DEPI/DEPI project/anomx/venv/lib/python3.12/site-packages/airflow/example_dags/example_dynamic_task_mapping.py took 0.096 seconds
[2026-06-22T10:36:43.636+0300] {processor.py:161} INFO - Started process (PID=57057) to work on /media/data/omar/programming course/DEPI/DEPI project/anomx/venv/lib/python3.12/site-packages/airflow/example_dags/example_dynamic_task_mapping.py
[2026-06-22T10:36:43.637+0300] {processor.py:830} INFO - Processing file /media/data/omar/programming course/DEPI/DEPI project/anomx/venv/lib/python3.12/site-packages/airflow/example_dags/example_dynamic_task_mapping.py for tasks to queue
[2026-06-22T10:36:43.639+0300] {logging_mixin.py:188} INFO - [2026-06-22T10:36:43.638+0300] {dagbag.py:540} INFO - Filling up the DagBag from /media/data/omar/programming course/DEPI/DEPI project/anomx/venv/lib/python3.12/site-packages/airflow/example_dags/example_dynamic_task_mapping.py
[2026-06-22T10:36:43.646+0300] {processor.py:840} INFO - DAG(s) 'example_dynamic_task_mapping' retrieved from /media/data/omar/programming course/DEPI/DEPI project/anomx/venv/lib/python3.12/site-packages/airflow/example_dags/example_dynamic_task_mapping.py
[2026-06-22T10:36:43.661+0300] {logging_mixin.py:188} INFO - [2026-06-22T10:36:43.661+0300] {dag.py:3096} INFO - Sync 1 DAGs
[2026-06-22T10:36:43.674+0300] {logging_mixin.py:188} INFO - [2026-06-22T10:36:43.674+0300] {dag.py:3954} INFO - Setting next_dagrun for example_dynamic_task_mapping to 2022-03-04 00:00:00+00:00, run_after=2022-03-05 00:00:00+00:00
[2026-06-22T10:36:43.700+0300] {processor.py:183} INFO - Processing /media/data/omar/programming course/DEPI/DEPI project/anomx/venv/lib/python3.12/site-packages/airflow/example_dags/example_dynamic_task_mapping.py took 0.077 seconds
[2026-06-22T10:37:35.378+0300] {processor.py:161} INFO - Started process (PID=57132) to work on /media/data/omar/programming course/DEPI/DEPI project/anomx/venv/lib/python3.12/site-packages/airflow/example_dags/example_dynamic_task_mapping.py
[2026-06-22T10:37:35.380+0300] {processor.py:830} INFO - Processing file /media/data/omar/programming course/DEPI/DEPI project/anomx/venv/lib/python3.12/site-packages/airflow/example_dags/example_dynamic_task_mapping.py for tasks to queue
[2026-06-22T10:37:35.382+0300] {logging_mixin.py:188} INFO - [2026-06-22T10:37:35.381+0300] {dagbag.py:540} INFO - Filling up the DagBag from /media/data/omar/programming course/DEPI/DEPI project/anomx/venv/lib/python3.12/site-packages/airflow/example_dags/example_dynamic_task_mapping.py
[2026-06-22T10:37:35.391+0300] {processor.py:840} INFO - DAG(s) 'example_dynamic_task_mapping' retrieved from /media/data/omar/programming course/DEPI/DEPI project/anomx/venv/lib/python3.12/site-packages/airflow/example_dags/example_dynamic_task_mapping.py
[2026-06-22T10:37:35.407+0300] {logging_mixin.py:188} INFO - [2026-06-22T10:37:35.407+0300] {dag.py:3096} INFO - Sync 1 DAGs
[2026-06-22T10:37:35.421+0300] {logging_mixin.py:188} INFO - [2026-06-22T10:37:35.420+0300] {dag.py:3954} INFO - Setting next_dagrun for example_dynamic_task_mapping to 2022-03-04 00:00:00+00:00, run_after=2022-03-05 00:00:00+00:00
[2026-06-22T10:37:35.448+0300] {processor.py:183} INFO - Processing /media/data/omar/programming course/DEPI/DEPI project/anomx/venv/lib/python3.12/site-packages/airflow/example_dags/example_dynamic_task_mapping.py took 0.087 seconds
[2026-06-22T10:38:27.464+0300] {processor.py:161} INFO - Started process (PID=57221) to work on /media/data/omar/programming course/DEPI/DEPI project/anomx/venv/lib/python3.12/site-packages/airflow/example_dags/example_dynamic_task_mapping.py
[2026-06-22T10:38:27.466+0300] {processor.py:830} INFO - Processing file /media/data/omar/programming course/DEPI/DEPI project/anomx/venv/lib/python3.12/site-packages/airflow/example_dags/example_dynamic_task_mapping.py for tasks to queue
[2026-06-22T10:38:27.468+0300] {logging_mixin.py:188} INFO - [2026-06-22T10:38:27.467+0300] {dagbag.py:540} INFO - Filling up the DagBag from /media/data/omar/programming course/DEPI/DEPI project/anomx/venv/lib/python3.12/site-packages/airflow/example_dags/example_dynamic_task_mapping.py
[2026-06-22T10:38:27.476+0300] {processor.py:840} INFO - DAG(s) 'example_dynamic_task_mapping' retrieved from /media/data/omar/programming course/DEPI/DEPI project/anomx/venv/lib/python3.12/site-packages/airflow/example_dags/example_dynamic_task_mapping.py
[2026-06-22T10:38:27.492+0300] {logging_mixin.py:188} INFO - [2026-06-22T10:38:27.492+0300] {dag.py:3096} INFO - Sync 1 DAGs
[2026-06-22T10:38:27.507+0300] {logging_mixin.py:188} INFO - [2026-06-22T10:38:27.506+0300] {dag.py:3954} INFO - Setting next_dagrun for example_dynamic_task_mapping to 2022-03-04 00:00:00+00:00, run_after=2022-03-05 00:00:00+00:00
[2026-06-22T10:38:27.613+0300] {processor.py:183} INFO - Processing /media/data/omar/programming course/DEPI/DEPI project/anomx/venv/lib/python3.12/site-packages/airflow/example_dags/example_dynamic_task_mapping.py took 0.166 seconds
[2026-06-22T10:39:21.287+0300] {processor.py:161} INFO - Started process (PID=57297) to work on /media/data/omar/programming course/DEPI/DEPI project/anomx/venv/lib/python3.12/site-packages/airflow/example_dags/example_dynamic_task_mapping.py
[2026-06-22T10:39:21.287+0300] {processor.py:830} INFO - Processing file /media/data/omar/programming course/DEPI/DEPI project/anomx/venv/lib/python3.12/site-packages/airflow/example_dags/example_dynamic_task_mapping.py for tasks to queue
[2026-06-22T10:39:21.288+0300] {logging_mixin.py:188} INFO - [2026-06-22T10:39:21.288+0300] {dagbag.py:540} INFO - Filling up the DagBag from /media/data/omar/programming course/DEPI/DEPI project/anomx/venv/lib/python3.12/site-packages/airflow/example_dags/example_dynamic_task_mapping.py
[2026-06-22T10:39:21.294+0300] {processor.py:840} INFO - DAG(s) 'example_dynamic_task_mapping' retrieved from /media/data/omar/programming course/DEPI/DEPI project/anomx/venv/lib/python3.12/site-packages/airflow/example_dags/example_dynamic_task_mapping.py
[2026-06-22T10:39:21.308+0300] {logging_mixin.py:188} INFO - [2026-06-22T10:39:21.307+0300] {dag.py:3096} INFO - Sync 1 DAGs
[2026-06-22T10:39:21.320+0300] {logging_mixin.py:188} INFO - [2026-06-22T10:39:21.320+0300] {dag.py:3954} INFO - Setting next_dagrun for example_dynamic_task_mapping to 2022-03-04 00:00:00+00:00, run_after=2022-03-05 00:00:00+00:00
[2026-06-22T10:39:21.345+0300] {processor.py:183} INFO - Processing /media/data/omar/programming course/DEPI/DEPI project/anomx/venv/lib/python3.12/site-packages/airflow/example_dags/example_dynamic_task_mapping.py took 0.063 seconds
[2026-06-22T10:40:16.655+0300] {processor.py:161} INFO - Started process (PID=57382) to work on /media/data/omar/programming course/DEPI/DEPI project/anomx/venv/lib/python3.12/site-packages/airflow/example_dags/example_dynamic_task_mapping.py
[2026-06-22T10:40:16.657+0300] {processor.py:830} INFO - Processing file /media/data/omar/programming course/DEPI/DEPI project/anomx/venv/lib/python3.12/site-packages/airflow/example_dags/example_dynamic_task_mapping.py for tasks to queue
[2026-06-22T10:40:16.659+0300] {logging_mixin.py:188} INFO - [2026-06-22T10:40:16.658+0300] {dagbag.py:540} INFO - Filling up the DagBag from /media/data/omar/programming course/DEPI/DEPI project/anomx/venv/lib/python3.12/site-packages/airflow/example_dags/example_dynamic_task_mapping.py
[2026-06-22T10:40:16.669+0300] {processor.py:840} INFO - DAG(s) 'example_dynamic_task_mapping' retrieved from /media/data/omar/programming course/DEPI/DEPI project/anomx/venv/lib/python3.12/site-packages/airflow/example_dags/example_dynamic_task_mapping.py
[2026-06-22T10:40:16.687+0300] {logging_mixin.py:188} INFO - [2026-06-22T10:40:16.687+0300] {dag.py:3096} INFO - Sync 1 DAGs
[2026-06-22T10:40:16.702+0300] {logging_mixin.py:188} INFO - [2026-06-22T10:40:16.701+0300] {dag.py:3954} INFO - Setting next_dagrun for example_dynamic_task_mapping to 2022-03-04 00:00:00+00:00, run_after=2022-03-05 00:00:00+00:00
[2026-06-22T10:40:16.728+0300] {processor.py:183} INFO - Processing /media/data/omar/programming course/DEPI/DEPI project/anomx/venv/lib/python3.12/site-packages/airflow/example_dags/example_dynamic_task_mapping.py took 0.082 seconds
[2026-06-22T10:41:08.031+0300] {processor.py:161} INFO - Started process (PID=57462) to work on /media/data/omar/programming course/DEPI/DEPI project/anomx/venv/lib/python3.12/site-packages/airflow/example_dags/example_dynamic_task_mapping.py
[2026-06-22T10:41:08.033+0300] {processor.py:830} INFO - Processing file /media/data/omar/programming course/DEPI/DEPI project/anomx/venv/lib/python3.12/site-packages/airflow/example_dags/example_dynamic_task_mapping.py for tasks to queue
[2026-06-22T10:41:08.035+0300] {logging_mixin.py:188} INFO - [2026-06-22T10:41:08.034+0300] {dagbag.py:540} INFO - Filling up the DagBag from /media/data/omar/programming course/DEPI/DEPI project/anomx/venv/lib/python3.12/site-packages/airflow/example_dags/example_dynamic_task_mapping.py
[2026-06-22T10:41:08.045+0300] {processor.py:840} INFO - DAG(s) 'example_dynamic_task_mapping' retrieved from /media/data/omar/programming course/DEPI/DEPI project/anomx/venv/lib/python3.12/site-packages/airflow/example_dags/example_dynamic_task_mapping.py
[2026-06-22T10:41:08.060+0300] {logging_mixin.py:188} INFO - [2026-06-22T10:41:08.060+0300] {dag.py:3096} INFO - Sync 1 DAGs
[2026-06-22T10:41:08.074+0300] {logging_mixin.py:188} INFO - [2026-06-22T10:41:08.074+0300] {dag.py:3954} INFO - Setting next_dagrun for example_dynamic_task_mapping to 2022-03-04 00:00:00+00:00, run_after=2022-03-05 00:00:00+00:00
[2026-06-22T10:41:08.182+0300] {processor.py:183} INFO - Processing /media/data/omar/programming course/DEPI/DEPI project/anomx/venv/lib/python3.12/site-packages/airflow/example_dags/example_dynamic_task_mapping.py took 0.168 seconds
[2026-06-22T10:42:03.824+0300] {processor.py:161} INFO - Started process (PID=57540) to work on /media/data/omar/programming course/DEPI/DEPI project/anomx/venv/lib/python3.12/site-packages/airflow/example_dags/example_dynamic_task_mapping.py
[2026-06-22T10:42:03.825+0300] {processor.py:830} INFO - Processing file /media/data/omar/programming course/DEPI/DEPI project/anomx/venv/lib/python3.12/site-packages/airflow/example_dags/example_dynamic_task_mapping.py for tasks to queue
[2026-06-22T10:42:03.827+0300] {logging_mixin.py:188} INFO - [2026-06-22T10:42:03.826+0300] {dagbag.py:540} INFO - Filling up the DagBag from /media/data/omar/programming course/DEPI/DEPI project/anomx/venv/lib/python3.12/site-packages/airflow/example_dags/example_dynamic_task_mapping.py
[2026-06-22T10:42:03.836+0300] {processor.py:840} INFO - DAG(s) 'example_dynamic_task_mapping' retrieved from /media/data/omar/programming course/DEPI/DEPI project/anomx/venv/lib/python3.12/site-packages/airflow/example_dags/example_dynamic_task_mapping.py
[2026-06-22T10:42:03.856+0300] {logging_mixin.py:188} INFO - [2026-06-22T10:42:03.856+0300] {dag.py:3096} INFO - Sync 1 DAGs
[2026-06-22T10:42:03.870+0300] {logging_mixin.py:188} INFO - [2026-06-22T10:42:03.870+0300] {dag.py:3954} INFO - Setting next_dagrun for example_dynamic_task_mapping to 2022-03-04 00:00:00+00:00, run_after=2022-03-05 00:00:00+00:00
[2026-06-22T10:42:03.898+0300] {processor.py:183} INFO - Processing /media/data/omar/programming course/DEPI/DEPI project/anomx/venv/lib/python3.12/site-packages/airflow/example_dags/example_dynamic_task_mapping.py took 0.082 seconds
[2026-06-22T10:42:59.164+0300] {processor.py:161} INFO - Started process (PID=57632) to work on /media/data/omar/programming course/DEPI/DEPI project/anomx/venv/lib/python3.12/site-packages/airflow/example_dags/example_dynamic_task_mapping.py
[2026-06-22T10:42:59.165+0300] {processor.py:830} INFO - Processing file /media/data/omar/programming course/DEPI/DEPI project/anomx/venv/lib/python3.12/site-packages/airflow/example_dags/example_dynamic_task_mapping.py for tasks to queue
[2026-06-22T10:42:59.167+0300] {logging_mixin.py:188} INFO - [2026-06-22T10:42:59.166+0300] {dagbag.py:540} INFO - Filling up the DagBag from /media/data/omar/programming course/DEPI/DEPI project/anomx/venv/lib/python3.12/site-packages/airflow/example_dags/example_dynamic_task_mapping.py
[2026-06-22T10:42:59.178+0300] {processor.py:840} INFO - DAG(s) 'example_dynamic_task_mapping' retrieved from /media/data/omar/programming course/DEPI/DEPI project/anomx/venv/lib/python3.12/site-packages/airflow/example_dags/example_dynamic_task_mapping.py
[2026-06-22T10:42:59.195+0300] {logging_mixin.py:188} INFO - [2026-06-22T10:42:59.195+0300] {dag.py:3096} INFO - Sync 1 DAGs
[2026-06-22T10:42:59.209+0300] {logging_mixin.py:188} INFO - [2026-06-22T10:42:59.208+0300] {dag.py:3954} INFO - Setting next_dagrun for example_dynamic_task_mapping to 2022-03-04 00:00:00+00:00, run_after=2022-03-05 00:00:00+00:00
[2026-06-22T10:42:59.235+0300] {processor.py:183} INFO - Processing /media/data/omar/programming course/DEPI/DEPI project/anomx/venv/lib/python3.12/site-packages/airflow/example_dags/example_dynamic_task_mapping.py took 0.081 seconds
[2026-06-22T10:44:15.039+0300] {processor.py:161} INFO - Started process (PID=57753) to work on /media/data/omar/programming course/DEPI/DEPI project/anomx/venv/lib/python3.12/site-packages/airflow/example_dags/example_dynamic_task_mapping.py
[2026-06-22T10:44:15.040+0300] {processor.py:830} INFO - Processing file /media/data/omar/programming course/DEPI/DEPI project/anomx/venv/lib/python3.12/site-packages/airflow/example_dags/example_dynamic_task_mapping.py for tasks to queue
[2026-06-22T10:44:15.041+0300] {logging_mixin.py:188} INFO - [2026-06-22T10:44:15.040+0300] {dagbag.py:540} INFO - Filling up the DagBag from /media/data/omar/programming course/DEPI/DEPI project/anomx/venv/lib/python3.12/site-packages/airflow/example_dags/example_dynamic_task_mapping.py
[2026-06-22T10:44:15.048+0300] {processor.py:840} INFO - DAG(s) 'example_dynamic_task_mapping' retrieved from /media/data/omar/programming course/DEPI/DEPI project/anomx/venv/lib/python3.12/site-packages/airflow/example_dags/example_dynamic_task_mapping.py
[2026-06-22T10:44:15.062+0300] {logging_mixin.py:188} INFO - [2026-06-22T10:44:15.062+0300] {dag.py:3096} INFO - Sync 1 DAGs
[2026-06-22T10:44:15.076+0300] {logging_mixin.py:188} INFO - [2026-06-22T10:44:15.076+0300] {dag.py:3954} INFO - Setting next_dagrun for example_dynamic_task_mapping to 2022-03-04 00:00:00+00:00, run_after=2022-03-05 00:00:00+00:00
[2026-06-22T10:44:15.101+0300] {processor.py:183} INFO - Processing /media/data/omar/programming course/DEPI/DEPI project/anomx/venv/lib/python3.12/site-packages/airflow/example_dags/example_dynamic_task_mapping.py took 0.068 seconds
[2026-06-22T10:45:09.298+0300] {processor.py:161} INFO - Started process (PID=57841) to work on /media/data/omar/programming course/DEPI/DEPI project/anomx/venv/lib/python3.12/site-packages/airflow/example_dags/example_dynamic_task_mapping.py
[2026-06-22T10:45:09.299+0300] {processor.py:830} INFO - Processing file /media/data/omar/programming course/DEPI/DEPI project/anomx/venv/lib/python3.12/site-packages/airflow/example_dags/example_dynamic_task_mapping.py for tasks to queue
[2026-06-22T10:45:09.301+0300] {logging_mixin.py:188} INFO - [2026-06-22T10:45:09.300+0300] {dagbag.py:540} INFO - Filling up the DagBag from /media/data/omar/programming course/DEPI/DEPI project/anomx/venv/lib/python3.12/site-packages/airflow/example_dags/example_dynamic_task_mapping.py
[2026-06-22T10:45:09.309+0300] {processor.py:840} INFO - DAG(s) 'example_dynamic_task_mapping' retrieved from /media/data/omar/programming course/DEPI/DEPI project/anomx/venv/lib/python3.12/site-packages/airflow/example_dags/example_dynamic_task_mapping.py
[2026-06-22T10:45:09.323+0300] {logging_mixin.py:188} INFO - [2026-06-22T10:45:09.322+0300] {dag.py:3096} INFO - Sync 1 DAGs
[2026-06-22T10:45:09.337+0300] {logging_mixin.py:188} INFO - [2026-06-22T10:45:09.336+0300] {dag.py:3954} INFO - Setting next_dagrun for example_dynamic_task_mapping to 2022-03-04 00:00:00+00:00, run_after=2022-03-05 00:00:00+00:00
[2026-06-22T10:45:09.362+0300] {processor.py:183} INFO - Processing /media/data/omar/programming course/DEPI/DEPI project/anomx/venv/lib/python3.12/site-packages/airflow/example_dags/example_dynamic_task_mapping.py took 0.075 seconds
[2026-06-22T10:46:03.305+0300] {processor.py:161} INFO - Started process (PID=57925) to work on /media/data/omar/programming course/DEPI/DEPI project/anomx/venv/lib/python3.12/site-packages/airflow/example_dags/example_dynamic_task_mapping.py
[2026-06-22T10:46:03.308+0300] {processor.py:830} INFO - Processing file /media/data/omar/programming course/DEPI/DEPI project/anomx/venv/lib/python3.12/site-packages/airflow/example_dags/example_dynamic_task_mapping.py for tasks to queue
[2026-06-22T10:46:03.310+0300] {logging_mixin.py:188} INFO - [2026-06-22T10:46:03.309+0300] {dagbag.py:540} INFO - Filling up the DagBag from /media/data/omar/programming course/DEPI/DEPI project/anomx/venv/lib/python3.12/site-packages/airflow/example_dags/example_dynamic_task_mapping.py
[2026-06-22T10:46:03.324+0300] {processor.py:840} INFO - DAG(s) 'example_dynamic_task_mapping' retrieved from /media/data/omar/programming course/DEPI/DEPI project/anomx/venv/lib/python3.12/site-packages/airflow/example_dags/example_dynamic_task_mapping.py
[2026-06-22T10:46:03.342+0300] {logging_mixin.py:188} INFO - [2026-06-22T10:46:03.341+0300] {dag.py:3096} INFO - Sync 1 DAGs
[2026-06-22T10:46:03.355+0300] {logging_mixin.py:188} INFO - [2026-06-22T10:46:03.355+0300] {dag.py:3954} INFO - Setting next_dagrun for example_dynamic_task_mapping to 2022-03-04 00:00:00+00:00, run_after=2022-03-05 00:00:00+00:00
[2026-06-22T10:46:03.379+0300] {processor.py:183} INFO - Processing /media/data/omar/programming course/DEPI/DEPI project/anomx/venv/lib/python3.12/site-packages/airflow/example_dags/example_dynamic_task_mapping.py took 0.087 seconds
[2026-06-22T10:46:59.026+0300] {processor.py:161} INFO - Started process (PID=58018) to work on /media/data/omar/programming course/DEPI/DEPI project/anomx/venv/lib/python3.12/site-packages/airflow/example_dags/example_dynamic_task_mapping.py
[2026-06-22T10:46:59.028+0300] {processor.py:830} INFO - Processing file /media/data/omar/programming course/DEPI/DEPI project/anomx/venv/lib/python3.12/site-packages/airflow/example_dags/example_dynamic_task_mapping.py for tasks to queue
[2026-06-22T10:46:59.030+0300] {logging_mixin.py:188} INFO - [2026-06-22T10:46:59.029+0300] {dagbag.py:540} INFO - Filling up the DagBag from /media/data/omar/programming course/DEPI/DEPI project/anomx/venv/lib/python3.12/site-packages/airflow/example_dags/example_dynamic_task_mapping.py
[2026-06-22T10:46:59.040+0300] {processor.py:840} INFO - DAG(s) 'example_dynamic_task_mapping' retrieved from /media/data/omar/programming course/DEPI/DEPI project/anomx/venv/lib/python3.12/site-packages/airflow/example_dags/example_dynamic_task_mapping.py
[2026-06-22T10:46:59.055+0300] {logging_mixin.py:188} INFO - [2026-06-22T10:46:59.055+0300] {dag.py:3096} INFO - Sync 1 DAGs
[2026-06-22T10:46:59.068+0300] {logging_mixin.py:188} INFO - [2026-06-22T10:46:59.067+0300] {dag.py:3954} INFO - Setting next_dagrun for example_dynamic_task_mapping to 2022-03-04 00:00:00+00:00, run_after=2022-03-05 00:00:00+00:00
[2026-06-22T10:46:59.093+0300] {processor.py:183} INFO - Processing /media/data/omar/programming course/DEPI/DEPI project/anomx/venv/lib/python3.12/site-packages/airflow/example_dags/example_dynamic_task_mapping.py took 0.084 seconds
[2026-06-22T10:47:52.423+0300] {processor.py:161} INFO - Started process (PID=58120) to work on /media/data/omar/programming course/DEPI/DEPI project/anomx/venv/lib/python3.12/site-packages/airflow/example_dags/example_dynamic_task_mapping.py
[2026-06-22T10:47:52.425+0300] {processor.py:830} INFO - Processing file /media/data/omar/programming course/DEPI/DEPI project/anomx/venv/lib/python3.12/site-packages/airflow/example_dags/example_dynamic_task_mapping.py for tasks to queue
[2026-06-22T10:47:52.427+0300] {logging_mixin.py:188} INFO - [2026-06-22T10:47:52.426+0300] {dagbag.py:540} INFO - Filling up the DagBag from /media/data/omar/programming course/DEPI/DEPI project/anomx/venv/lib/python3.12/site-packages/airflow/example_dags/example_dynamic_task_mapping.py
[2026-06-22T10:47:52.439+0300] {processor.py:840} INFO - DAG(s) 'example_dynamic_task_mapping' retrieved from /media/data/omar/programming course/DEPI/DEPI project/anomx/venv/lib/python3.12/site-packages/airflow/example_dags/example_dynamic_task_mapping.py
[2026-06-22T10:47:52.456+0300] {logging_mixin.py:188} INFO - [2026-06-22T10:47:52.455+0300] {dag.py:3096} INFO - Sync 1 DAGs
[2026-06-22T10:47:52.469+0300] {logging_mixin.py:188} INFO - [2026-06-22T10:47:52.469+0300] {dag.py:3954} INFO - Setting next_dagrun for example_dynamic_task_mapping to 2022-03-04 00:00:00+00:00, run_after=2022-03-05 00:00:00+00:00
[2026-06-22T10:47:52.493+0300] {processor.py:183} INFO - Processing /media/data/omar/programming course/DEPI/DEPI project/anomx/venv/lib/python3.12/site-packages/airflow/example_dags/example_dynamic_task_mapping.py took 0.084 seconds
[2026-06-22T10:49:04.993+0300] {processor.py:161} INFO - Started process (PID=58238) to work on /media/data/omar/programming course/DEPI/DEPI project/anomx/venv/lib/python3.12/site-packages/airflow/example_dags/example_dynamic_task_mapping.py
[2026-06-22T10:49:04.994+0300] {processor.py:830} INFO - Processing file /media/data/omar/programming course/DEPI/DEPI project/anomx/venv/lib/python3.12/site-packages/airflow/example_dags/example_dynamic_task_mapping.py for tasks to queue
[2026-06-22T10:49:04.995+0300] {logging_mixin.py:188} INFO - [2026-06-22T10:49:04.995+0300] {dagbag.py:540} INFO - Filling up the DagBag from /media/data/omar/programming course/DEPI/DEPI project/anomx/venv/lib/python3.12/site-packages/airflow/example_dags/example_dynamic_task_mapping.py
[2026-06-22T10:49:05.001+0300] {processor.py:840} INFO - DAG(s) 'example_dynamic_task_mapping' retrieved from /media/data/omar/programming course/DEPI/DEPI project/anomx/venv/lib/python3.12/site-packages/airflow/example_dags/example_dynamic_task_mapping.py
[2026-06-22T10:49:05.015+0300] {logging_mixin.py:188} INFO - [2026-06-22T10:49:05.014+0300] {dag.py:3096} INFO - Sync 1 DAGs
[2026-06-22T10:49:05.029+0300] {logging_mixin.py:188} INFO - [2026-06-22T10:49:05.028+0300] {dag.py:3954} INFO - Setting next_dagrun for example_dynamic_task_mapping to 2022-03-04 00:00:00+00:00, run_after=2022-03-05 00:00:00+00:00
[2026-06-22T10:49:05.057+0300] {processor.py:183} INFO - Processing /media/data/omar/programming course/DEPI/DEPI project/anomx/venv/lib/python3.12/site-packages/airflow/example_dags/example_dynamic_task_mapping.py took 0.069 seconds
[2026-06-22T10:49:58.329+0300] {processor.py:161} INFO - Started process (PID=58315) to work on /media/data/omar/programming course/DEPI/DEPI project/anomx/venv/lib/python3.12/site-packages/airflow/example_dags/example_dynamic_task_mapping.py
[2026-06-22T10:49:58.330+0300] {processor.py:830} INFO - Processing file /media/data/omar/programming course/DEPI/DEPI project/anomx/venv/lib/python3.12/site-packages/airflow/example_dags/example_dynamic_task_mapping.py for tasks to queue
[2026-06-22T10:49:58.332+0300] {logging_mixin.py:188} INFO - [2026-06-22T10:49:58.331+0300] {dagbag.py:540} INFO - Filling up the DagBag from /media/data/omar/programming course/DEPI/DEPI project/anomx/venv/lib/python3.12/site-packages/airflow/example_dags/example_dynamic_task_mapping.py
[2026-06-22T10:49:58.342+0300] {processor.py:840} INFO - DAG(s) 'example_dynamic_task_mapping' retrieved from /media/data/omar/programming course/DEPI/DEPI project/anomx/venv/lib/python3.12/site-packages/airflow/example_dags/example_dynamic_task_mapping.py
[2026-06-22T10:49:58.362+0300] {logging_mixin.py:188} INFO - [2026-06-22T10:49:58.361+0300] {dag.py:3096} INFO - Sync 1 DAGs
[2026-06-22T10:49:58.375+0300] {logging_mixin.py:188} INFO - [2026-06-22T10:49:58.375+0300] {dag.py:3954} INFO - Setting next_dagrun for example_dynamic_task_mapping to 2022-03-04 00:00:00+00:00, run_after=2022-03-05 00:00:00+00:00
[2026-06-22T10:49:58.402+0300] {processor.py:183} INFO - Processing /media/data/omar/programming course/DEPI/DEPI project/anomx/venv/lib/python3.12/site-packages/airflow/example_dags/example_dynamic_task_mapping.py took 0.081 seconds
[2026-06-22T10:50:55.409+0300] {processor.py:161} INFO - Started process (PID=58554) to work on /media/data/omar/programming course/DEPI/DEPI project/anomx/venv/lib/python3.12/site-packages/airflow/example_dags/example_dynamic_task_mapping.py
[2026-06-22T10:50:55.409+0300] {processor.py:830} INFO - Processing file /media/data/omar/programming course/DEPI/DEPI project/anomx/venv/lib/python3.12/site-packages/airflow/example_dags/example_dynamic_task_mapping.py for tasks to queue
[2026-06-22T10:50:55.410+0300] {logging_mixin.py:188} INFO - [2026-06-22T10:50:55.410+0300] {dagbag.py:540} INFO - Filling up the DagBag from /media/data/omar/programming course/DEPI/DEPI project/anomx/venv/lib/python3.12/site-packages/airflow/example_dags/example_dynamic_task_mapping.py
[2026-06-22T10:50:55.416+0300] {processor.py:840} INFO - DAG(s) 'example_dynamic_task_mapping' retrieved from /media/data/omar/programming course/DEPI/DEPI project/anomx/venv/lib/python3.12/site-packages/airflow/example_dags/example_dynamic_task_mapping.py
[2026-06-22T10:50:55.433+0300] {logging_mixin.py:188} INFO - [2026-06-22T10:50:55.432+0300] {dag.py:3096} INFO - Sync 1 DAGs
[2026-06-22T10:50:55.450+0300] {logging_mixin.py:188} INFO - [2026-06-22T10:50:55.449+0300] {dag.py:3954} INFO - Setting next_dagrun for example_dynamic_task_mapping to 2022-03-04 00:00:00+00:00, run_after=2022-03-05 00:00:00+00:00
[2026-06-22T10:50:55.481+0300] {processor.py:183} INFO - Processing /media/data/omar/programming course/DEPI/DEPI project/anomx/venv/lib/python3.12/site-packages/airflow/example_dags/example_dynamic_task_mapping.py took 0.078 seconds
[2026-06-22T10:51:53.743+0300] {processor.py:161} INFO - Started process (PID=58648) to work on /media/data/omar/programming course/DEPI/DEPI project/anomx/venv/lib/python3.12/site-packages/airflow/example_dags/example_dynamic_task_mapping.py
[2026-06-22T10:51:53.744+0300] {processor.py:830} INFO - Processing file /media/data/omar/programming course/DEPI/DEPI project/anomx/venv/lib/python3.12/site-packages/airflow/example_dags/example_dynamic_task_mapping.py for tasks to queue
[2026-06-22T10:51:53.746+0300] {logging_mixin.py:188} INFO - [2026-06-22T10:51:53.745+0300] {dagbag.py:540} INFO - Filling up the DagBag from /media/data/omar/programming course/DEPI/DEPI project/anomx/venv/lib/python3.12/site-packages/airflow/example_dags/example_dynamic_task_mapping.py
[2026-06-22T10:51:53.755+0300] {processor.py:840} INFO - DAG(s) 'example_dynamic_task_mapping' retrieved from /media/data/omar/programming course/DEPI/DEPI project/anomx/venv/lib/python3.12/site-packages/airflow/example_dags/example_dynamic_task_mapping.py
[2026-06-22T10:51:53.794+0300] {logging_mixin.py:188} INFO - [2026-06-22T10:51:53.794+0300] {dag.py:3096} INFO - Sync 1 DAGs
[2026-06-22T10:51:53.839+0300] {logging_mixin.py:188} INFO - [2026-06-22T10:51:53.837+0300] {dag.py:3954} INFO - Setting next_dagrun for example_dynamic_task_mapping to 2022-03-04 00:00:00+00:00, run_after=2022-03-05 00:00:00+00:00
[2026-06-22T10:51:53.890+0300] {processor.py:183} INFO - Processing /media/data/omar/programming course/DEPI/DEPI project/anomx/venv/lib/python3.12/site-packages/airflow/example_dags/example_dynamic_task_mapping.py took 0.159 seconds
[2026-06-22T10:52:51.143+0300] {processor.py:161} INFO - Started process (PID=58820) to work on /media/data/omar/programming course/DEPI/DEPI project/anomx/venv/lib/python3.12/site-packages/airflow/example_dags/example_dynamic_task_mapping.py
[2026-06-22T10:52:51.144+0300] {processor.py:830} INFO - Processing file /media/data/omar/programming course/DEPI/DEPI project/anomx/venv/lib/python3.12/site-packages/airflow/example_dags/example_dynamic_task_mapping.py for tasks to queue
[2026-06-22T10:52:51.147+0300] {logging_mixin.py:188} INFO - [2026-06-22T10:52:51.146+0300] {dagbag.py:540} INFO - Filling up the DagBag from /media/data/omar/programming course/DEPI/DEPI project/anomx/venv/lib/python3.12/site-packages/airflow/example_dags/example_dynamic_task_mapping.py
[2026-06-22T10:52:51.156+0300] {processor.py:840} INFO - DAG(s) 'example_dynamic_task_mapping' retrieved from /media/data/omar/programming course/DEPI/DEPI project/anomx/venv/lib/python3.12/site-packages/airflow/example_dags/example_dynamic_task_mapping.py
[2026-06-22T10:52:51.174+0300] {logging_mixin.py:188} INFO - [2026-06-22T10:52:51.173+0300] {dag.py:3096} INFO - Sync 1 DAGs
[2026-06-22T10:52:51.192+0300] {logging_mixin.py:188} INFO - [2026-06-22T10:52:51.192+0300] {dag.py:3954} INFO - Setting next_dagrun for example_dynamic_task_mapping to 2022-03-04 00:00:00+00:00, run_after=2022-03-05 00:00:00+00:00
[2026-06-22T10:52:51.220+0300] {processor.py:183} INFO - Processing /media/data/omar/programming course/DEPI/DEPI project/anomx/venv/lib/python3.12/site-packages/airflow/example_dags/example_dynamic_task_mapping.py took 0.087 seconds
[2026-06-22T10:53:47.893+0300] {processor.py:161} INFO - Started process (PID=59033) to work on /media/data/omar/programming course/DEPI/DEPI project/anomx/venv/lib/python3.12/site-packages/airflow/example_dags/example_dynamic_task_mapping.py
[2026-06-22T10:53:47.895+0300] {processor.py:830} INFO - Processing file /media/data/omar/programming course/DEPI/DEPI project/anomx/venv/lib/python3.12/site-packages/airflow/example_dags/example_dynamic_task_mapping.py for tasks to queue
[2026-06-22T10:53:47.899+0300] {logging_mixin.py:188} INFO - [2026-06-22T10:53:47.896+0300] {dagbag.py:540} INFO - Filling up the DagBag from /media/data/omar/programming course/DEPI/DEPI project/anomx/venv/lib/python3.12/site-packages/airflow/example_dags/example_dynamic_task_mapping.py
[2026-06-22T10:53:47.927+0300] {processor.py:840} INFO - DAG(s) 'example_dynamic_task_mapping' retrieved from /media/data/omar/programming course/DEPI/DEPI project/anomx/venv/lib/python3.12/site-packages/airflow/example_dags/example_dynamic_task_mapping.py
[2026-06-22T10:53:47.977+0300] {logging_mixin.py:188} INFO - [2026-06-22T10:53:47.977+0300] {dag.py:3096} INFO - Sync 1 DAGs
[2026-06-22T10:53:48.007+0300] {logging_mixin.py:188} INFO - [2026-06-22T10:53:48.005+0300] {dag.py:3954} INFO - Setting next_dagrun for example_dynamic_task_mapping to 2022-03-04 00:00:00+00:00, run_after=2022-03-05 00:00:00+00:00
[2026-06-22T10:53:48.044+0300] {processor.py:183} INFO - Processing /media/data/omar/programming course/DEPI/DEPI project/anomx/venv/lib/python3.12/site-packages/airflow/example_dags/example_dynamic_task_mapping.py took 0.170 seconds
[2026-06-22T10:54:43.771+0300] {processor.py:161} INFO - Started process (PID=59185) to work on /media/data/omar/programming course/DEPI/DEPI project/anomx/venv/lib/python3.12/site-packages/airflow/example_dags/example_dynamic_task_mapping.py
[2026-06-22T10:54:43.773+0300] {processor.py:830} INFO - Processing file /media/data/omar/programming course/DEPI/DEPI project/anomx/venv/lib/python3.12/site-packages/airflow/example_dags/example_dynamic_task_mapping.py for tasks to queue
[2026-06-22T10:54:43.775+0300] {logging_mixin.py:188} INFO - [2026-06-22T10:54:43.774+0300] {dagbag.py:540} INFO - Filling up the DagBag from /media/data/omar/programming course/DEPI/DEPI project/anomx/venv/lib/python3.12/site-packages/airflow/example_dags/example_dynamic_task_mapping.py
[2026-06-22T10:54:43.783+0300] {processor.py:840} INFO - DAG(s) 'example_dynamic_task_mapping' retrieved from /media/data/omar/programming course/DEPI/DEPI project/anomx/venv/lib/python3.12/site-packages/airflow/example_dags/example_dynamic_task_mapping.py
[2026-06-22T10:54:43.804+0300] {logging_mixin.py:188} INFO - [2026-06-22T10:54:43.804+0300] {dag.py:3096} INFO - Sync 1 DAGs
[2026-06-22T10:54:43.821+0300] {logging_mixin.py:188} INFO - [2026-06-22T10:54:43.821+0300] {dag.py:3954} INFO - Setting next_dagrun for example_dynamic_task_mapping to 2022-03-04 00:00:00+00:00, run_after=2022-03-05 00:00:00+00:00
[2026-06-22T10:54:43.851+0300] {processor.py:183} INFO - Processing /media/data/omar/programming course/DEPI/DEPI project/anomx/venv/lib/python3.12/site-packages/airflow/example_dags/example_dynamic_task_mapping.py took 0.095 seconds
[2026-06-22T10:56:00.627+0300] {processor.py:161} INFO - Started process (PID=59401) to work on /media/data/omar/programming course/DEPI/DEPI project/anomx/venv/lib/python3.12/site-packages/airflow/example_dags/example_dynamic_task_mapping.py
[2026-06-22T10:56:00.628+0300] {processor.py:830} INFO - Processing file /media/data/omar/programming course/DEPI/DEPI project/anomx/venv/lib/python3.12/site-packages/airflow/example_dags/example_dynamic_task_mapping.py for tasks to queue
[2026-06-22T10:56:00.629+0300] {logging_mixin.py:188} INFO - [2026-06-22T10:56:00.629+0300] {dagbag.py:540} INFO - Filling up the DagBag from /media/data/omar/programming course/DEPI/DEPI project/anomx/venv/lib/python3.12/site-packages/airflow/example_dags/example_dynamic_task_mapping.py
[2026-06-22T10:56:00.635+0300] {processor.py:840} INFO - DAG(s) 'example_dynamic_task_mapping' retrieved from /media/data/omar/programming course/DEPI/DEPI project/anomx/venv/lib/python3.12/site-packages/airflow/example_dags/example_dynamic_task_mapping.py
[2026-06-22T10:56:00.651+0300] {logging_mixin.py:188} INFO - [2026-06-22T10:56:00.651+0300] {dag.py:3096} INFO - Sync 1 DAGs
[2026-06-22T10:56:00.668+0300] {logging_mixin.py:188} INFO - [2026-06-22T10:56:00.667+0300] {dag.py:3954} INFO - Setting next_dagrun for example_dynamic_task_mapping to 2022-03-04 00:00:00+00:00, run_after=2022-03-05 00:00:00+00:00
[2026-06-22T10:56:00.700+0300] {processor.py:183} INFO - Processing /media/data/omar/programming course/DEPI/DEPI project/anomx/venv/lib/python3.12/site-packages/airflow/example_dags/example_dynamic_task_mapping.py took 0.081 seconds
[2026-06-22T10:56:57.426+0300] {processor.py:161} INFO - Started process (PID=59543) to work on /media/data/omar/programming course/DEPI/DEPI project/anomx/venv/lib/python3.12/site-packages/airflow/example_dags/example_dynamic_task_mapping.py
[2026-06-22T10:56:57.427+0300] {processor.py:830} INFO - Processing file /media/data/omar/programming course/DEPI/DEPI project/anomx/venv/lib/python3.12/site-packages/airflow/example_dags/example_dynamic_task_mapping.py for tasks to queue
[2026-06-22T10:56:57.428+0300] {logging_mixin.py:188} INFO - [2026-06-22T10:56:57.427+0300] {dagbag.py:540} INFO - Filling up the DagBag from /media/data/omar/programming course/DEPI/DEPI project/anomx/venv/lib/python3.12/site-packages/airflow/example_dags/example_dynamic_task_mapping.py
[2026-06-22T10:56:57.435+0300] {processor.py:840} INFO - DAG(s) 'example_dynamic_task_mapping' retrieved from /media/data/omar/programming course/DEPI/DEPI project/anomx/venv/lib/python3.12/site-packages/airflow/example_dags/example_dynamic_task_mapping.py
[2026-06-22T10:56:57.458+0300] {logging_mixin.py:188} INFO - [2026-06-22T10:56:57.458+0300] {dag.py:3096} INFO - Sync 1 DAGs
[2026-06-22T10:56:57.478+0300] {logging_mixin.py:188} INFO - [2026-06-22T10:56:57.477+0300] {dag.py:3954} INFO - Setting next_dagrun for example_dynamic_task_mapping to 2022-03-04 00:00:00+00:00, run_after=2022-03-05 00:00:00+00:00
[2026-06-22T10:56:57.509+0300] {processor.py:183} INFO - Processing /media/data/omar/programming course/DEPI/DEPI project/anomx/venv/lib/python3.12/site-packages/airflow/example_dags/example_dynamic_task_mapping.py took 0.092 seconds
[2026-06-22T10:57:53.890+0300] {processor.py:161} INFO - Started process (PID=59636) to work on /media/data/omar/programming course/DEPI/DEPI project/anomx/venv/lib/python3.12/site-packages/airflow/example_dags/example_dynamic_task_mapping.py
[2026-06-22T10:57:53.893+0300] {processor.py:830} INFO - Processing file /media/data/omar/programming course/DEPI/DEPI project/anomx/venv/lib/python3.12/site-packages/airflow/example_dags/example_dynamic_task_mapping.py for tasks to queue
[2026-06-22T10:57:53.896+0300] {logging_mixin.py:188} INFO - [2026-06-22T10:57:53.894+0300] {dagbag.py:540} INFO - Filling up the DagBag from /media/data/omar/programming course/DEPI/DEPI project/anomx/venv/lib/python3.12/site-packages/airflow/example_dags/example_dynamic_task_mapping.py
[2026-06-22T10:57:53.911+0300] {processor.py:840} INFO - DAG(s) 'example_dynamic_task_mapping' retrieved from /media/data/omar/programming course/DEPI/DEPI project/anomx/venv/lib/python3.12/site-packages/airflow/example_dags/example_dynamic_task_mapping.py
[2026-06-22T10:57:53.936+0300] {logging_mixin.py:188} INFO - [2026-06-22T10:57:53.935+0300] {dag.py:3096} INFO - Sync 1 DAGs
[2026-06-22T10:57:53.953+0300] {logging_mixin.py:188} INFO - [2026-06-22T10:57:53.953+0300] {dag.py:3954} INFO - Setting next_dagrun for example_dynamic_task_mapping to 2022-03-04 00:00:00+00:00, run_after=2022-03-05 00:00:00+00:00
[2026-06-22T10:57:53.981+0300] {processor.py:183} INFO - Processing /media/data/omar/programming course/DEPI/DEPI project/anomx/venv/lib/python3.12/site-packages/airflow/example_dags/example_dynamic_task_mapping.py took 0.110 seconds
[2026-06-22T10:58:53.933+0300] {processor.py:161} INFO - Started process (PID=59754) to work on /media/data/omar/programming course/DEPI/DEPI project/anomx/venv/lib/python3.12/site-packages/airflow/example_dags/example_dynamic_task_mapping.py
[2026-06-22T10:58:53.935+0300] {processor.py:830} INFO - Processing file /media/data/omar/programming course/DEPI/DEPI project/anomx/venv/lib/python3.12/site-packages/airflow/example_dags/example_dynamic_task_mapping.py for tasks to queue
[2026-06-22T10:58:53.936+0300] {logging_mixin.py:188} INFO - [2026-06-22T10:58:53.936+0300] {dagbag.py:540} INFO - Filling up the DagBag from /media/data/omar/programming course/DEPI/DEPI project/anomx/venv/lib/python3.12/site-packages/airflow/example_dags/example_dynamic_task_mapping.py
[2026-06-22T10:58:53.944+0300] {processor.py:840} INFO - DAG(s) 'example_dynamic_task_mapping' retrieved from /media/data/omar/programming course/DEPI/DEPI project/anomx/venv/lib/python3.12/site-packages/airflow/example_dags/example_dynamic_task_mapping.py
[2026-06-22T10:58:53.963+0300] {logging_mixin.py:188} INFO - [2026-06-22T10:58:53.963+0300] {dag.py:3096} INFO - Sync 1 DAGs
[2026-06-22T10:58:53.982+0300] {logging_mixin.py:188} INFO - [2026-06-22T10:58:53.981+0300] {dag.py:3954} INFO - Setting next_dagrun for example_dynamic_task_mapping to 2022-03-04 00:00:00+00:00, run_after=2022-03-05 00:00:00+00:00
[2026-06-22T10:58:54.011+0300] {processor.py:183} INFO - Processing /media/data/omar/programming course/DEPI/DEPI project/anomx/venv/lib/python3.12/site-packages/airflow/example_dags/example_dynamic_task_mapping.py took 0.085 seconds
[2026-06-22T10:59:48.731+0300] {processor.py:161} INFO - Started process (PID=59851) to work on /media/data/omar/programming course/DEPI/DEPI project/anomx/venv/lib/python3.12/site-packages/airflow/example_dags/example_dynamic_task_mapping.py
[2026-06-22T10:59:48.732+0300] {processor.py:830} INFO - Processing file /media/data/omar/programming course/DEPI/DEPI project/anomx/venv/lib/python3.12/site-packages/airflow/example_dags/example_dynamic_task_mapping.py for tasks to queue
[2026-06-22T10:59:48.734+0300] {logging_mixin.py:188} INFO - [2026-06-22T10:59:48.733+0300] {dagbag.py:540} INFO - Filling up the DagBag from /media/data/omar/programming course/DEPI/DEPI project/anomx/venv/lib/python3.12/site-packages/airflow/example_dags/example_dynamic_task_mapping.py
[2026-06-22T10:59:48.741+0300] {processor.py:840} INFO - DAG(s) 'example_dynamic_task_mapping' retrieved from /media/data/omar/programming course/DEPI/DEPI project/anomx/venv/lib/python3.12/site-packages/airflow/example_dags/example_dynamic_task_mapping.py
[2026-06-22T10:59:48.757+0300] {logging_mixin.py:188} INFO - [2026-06-22T10:59:48.757+0300] {dag.py:3096} INFO - Sync 1 DAGs
[2026-06-22T10:59:48.774+0300] {logging_mixin.py:188} INFO - [2026-06-22T10:59:48.774+0300] {dag.py:3954} INFO - Setting next_dagrun for example_dynamic_task_mapping to 2022-03-04 00:00:00+00:00, run_after=2022-03-05 00:00:00+00:00
[2026-06-22T10:59:48.805+0300] {processor.py:183} INFO - Processing /media/data/omar/programming course/DEPI/DEPI project/anomx/venv/lib/python3.12/site-packages/airflow/example_dags/example_dynamic_task_mapping.py took 0.083 seconds
[2026-06-22T11:00:40.647+0300] {processor.py:161} INFO - Started process (PID=59932) to work on /media/data/omar/programming course/DEPI/DEPI project/anomx/venv/lib/python3.12/site-packages/airflow/example_dags/example_dynamic_task_mapping.py
[2026-06-22T11:00:40.648+0300] {processor.py:830} INFO - Processing file /media/data/omar/programming course/DEPI/DEPI project/anomx/venv/lib/python3.12/site-packages/airflow/example_dags/example_dynamic_task_mapping.py for tasks to queue
[2026-06-22T11:00:40.649+0300] {logging_mixin.py:188} INFO - [2026-06-22T11:00:40.649+0300] {dagbag.py:540} INFO - Filling up the DagBag from /media/data/omar/programming course/DEPI/DEPI project/anomx/venv/lib/python3.12/site-packages/airflow/example_dags/example_dynamic_task_mapping.py
[2026-06-22T11:00:40.656+0300] {processor.py:840} INFO - DAG(s) 'example_dynamic_task_mapping' retrieved from /media/data/omar/programming course/DEPI/DEPI project/anomx/venv/lib/python3.12/site-packages/airflow/example_dags/example_dynamic_task_mapping.py
[2026-06-22T11:00:40.675+0300] {logging_mixin.py:188} INFO - [2026-06-22T11:00:40.674+0300] {dag.py:3096} INFO - Sync 1 DAGs
[2026-06-22T11:00:40.691+0300] {logging_mixin.py:188} INFO - [2026-06-22T11:00:40.690+0300] {dag.py:3954} INFO - Setting next_dagrun for example_dynamic_task_mapping to 2022-03-04 00:00:00+00:00, run_after=2022-03-05 00:00:00+00:00
[2026-06-22T11:00:40.720+0300] {processor.py:183} INFO - Processing /media/data/omar/programming course/DEPI/DEPI project/anomx/venv/lib/python3.12/site-packages/airflow/example_dags/example_dynamic_task_mapping.py took 0.080 seconds
[2026-06-22T11:01:37.210+0300] {processor.py:161} INFO - Started process (PID=60028) to work on /media/data/omar/programming course/DEPI/DEPI project/anomx/venv/lib/python3.12/site-packages/airflow/example_dags/example_dynamic_task_mapping.py
[2026-06-22T11:01:37.213+0300] {processor.py:830} INFO - Processing file /media/data/omar/programming course/DEPI/DEPI project/anomx/venv/lib/python3.12/site-packages/airflow/example_dags/example_dynamic_task_mapping.py for tasks to queue
[2026-06-22T11:01:37.214+0300] {logging_mixin.py:188} INFO - [2026-06-22T11:01:37.214+0300] {dagbag.py:540} INFO - Filling up the DagBag from /media/data/omar/programming course/DEPI/DEPI project/anomx/venv/lib/python3.12/site-packages/airflow/example_dags/example_dynamic_task_mapping.py
[2026-06-22T11:01:37.220+0300] {processor.py:840} INFO - DAG(s) 'example_dynamic_task_mapping' retrieved from /media/data/omar/programming course/DEPI/DEPI project/anomx/venv/lib/python3.12/site-packages/airflow/example_dags/example_dynamic_task_mapping.py
[2026-06-22T11:01:37.236+0300] {logging_mixin.py:188} INFO - [2026-06-22T11:01:37.236+0300] {dag.py:3096} INFO - Sync 1 DAGs
[2026-06-22T11:01:37.250+0300] {logging_mixin.py:188} INFO - [2026-06-22T11:01:37.250+0300] {dag.py:3954} INFO - Setting next_dagrun for example_dynamic_task_mapping to 2022-03-04 00:00:00+00:00, run_after=2022-03-05 00:00:00+00:00
[2026-06-22T11:01:37.277+0300] {processor.py:183} INFO - Processing /media/data/omar/programming course/DEPI/DEPI project/anomx/venv/lib/python3.12/site-packages/airflow/example_dags/example_dynamic_task_mapping.py took 0.075 seconds
[2026-06-22T11:02:34.887+0300] {processor.py:161} INFO - Started process (PID=60137) to work on /media/data/omar/programming course/DEPI/DEPI project/anomx/venv/lib/python3.12/site-packages/airflow/example_dags/example_dynamic_task_mapping.py
[2026-06-22T11:02:34.889+0300] {processor.py:830} INFO - Processing file /media/data/omar/programming course/DEPI/DEPI project/anomx/venv/lib/python3.12/site-packages/airflow/example_dags/example_dynamic_task_mapping.py for tasks to queue
[2026-06-22T11:02:34.894+0300] {logging_mixin.py:188} INFO - [2026-06-22T11:02:34.891+0300] {dagbag.py:540} INFO - Filling up the DagBag from /media/data/omar/programming course/DEPI/DEPI project/anomx/venv/lib/python3.12/site-packages/airflow/example_dags/example_dynamic_task_mapping.py
[2026-06-22T11:02:34.912+0300] {processor.py:840} INFO - DAG(s) 'example_dynamic_task_mapping' retrieved from /media/data/omar/programming course/DEPI/DEPI project/anomx/venv/lib/python3.12/site-packages/airflow/example_dags/example_dynamic_task_mapping.py
[2026-06-22T11:02:34.965+0300] {logging_mixin.py:188} INFO - [2026-06-22T11:02:34.961+0300] {dag.py:3096} INFO - Sync 1 DAGs
[2026-06-22T11:02:34.996+0300] {logging_mixin.py:188} INFO - [2026-06-22T11:02:34.994+0300] {dag.py:3954} INFO - Setting next_dagrun for example_dynamic_task_mapping to 2022-03-04 00:00:00+00:00, run_after=2022-03-05 00:00:00+00:00
[2026-06-22T11:02:35.067+0300] {processor.py:183} INFO - Processing /media/data/omar/programming course/DEPI/DEPI project/anomx/venv/lib/python3.12/site-packages/airflow/example_dags/example_dynamic_task_mapping.py took 0.189 seconds
[2026-06-22T11:13:54.012+0300] {processor.py:161} INFO - Started process (PID=61093) to work on /media/data/omar/programming course/DEPI/DEPI project/anomx/venv/lib/python3.12/site-packages/airflow/example_dags/example_dynamic_task_mapping.py
[2026-06-22T11:13:54.014+0300] {processor.py:830} INFO - Processing file /media/data/omar/programming course/DEPI/DEPI project/anomx/venv/lib/python3.12/site-packages/airflow/example_dags/example_dynamic_task_mapping.py for tasks to queue
[2026-06-22T11:13:54.016+0300] {logging_mixin.py:188} INFO - [2026-06-22T11:13:54.016+0300] {dagbag.py:540} INFO - Filling up the DagBag from /media/data/omar/programming course/DEPI/DEPI project/anomx/venv/lib/python3.12/site-packages/airflow/example_dags/example_dynamic_task_mapping.py
[2026-06-22T11:13:54.025+0300] {processor.py:840} INFO - DAG(s) 'example_dynamic_task_mapping' retrieved from /media/data/omar/programming course/DEPI/DEPI project/anomx/venv/lib/python3.12/site-packages/airflow/example_dags/example_dynamic_task_mapping.py
[2026-06-22T11:13:54.044+0300] {logging_mixin.py:188} INFO - [2026-06-22T11:13:54.043+0300] {dag.py:3096} INFO - Sync 1 DAGs
[2026-06-22T11:13:54.063+0300] {logging_mixin.py:188} INFO - [2026-06-22T11:13:54.063+0300] {dag.py:3954} INFO - Setting next_dagrun for example_dynamic_task_mapping to 2022-03-04 00:00:00+00:00, run_after=2022-03-05 00:00:00+00:00
[2026-06-22T11:13:54.096+0300] {processor.py:183} INFO - Processing /media/data/omar/programming course/DEPI/DEPI project/anomx/venv/lib/python3.12/site-packages/airflow/example_dags/example_dynamic_task_mapping.py took 0.096 seconds
[2026-06-22T11:14:50.338+0300] {processor.py:161} INFO - Started process (PID=61185) to work on /media/data/omar/programming course/DEPI/DEPI project/anomx/venv/lib/python3.12/site-packages/airflow/example_dags/example_dynamic_task_mapping.py
[2026-06-22T11:14:50.339+0300] {processor.py:830} INFO - Processing file /media/data/omar/programming course/DEPI/DEPI project/anomx/venv/lib/python3.12/site-packages/airflow/example_dags/example_dynamic_task_mapping.py for tasks to queue
[2026-06-22T11:14:50.341+0300] {logging_mixin.py:188} INFO - [2026-06-22T11:14:50.341+0300] {dagbag.py:540} INFO - Filling up the DagBag from /media/data/omar/programming course/DEPI/DEPI project/anomx/venv/lib/python3.12/site-packages/airflow/example_dags/example_dynamic_task_mapping.py
[2026-06-22T11:14:50.349+0300] {processor.py:840} INFO - DAG(s) 'example_dynamic_task_mapping' retrieved from /media/data/omar/programming course/DEPI/DEPI project/anomx/venv/lib/python3.12/site-packages/airflow/example_dags/example_dynamic_task_mapping.py
[2026-06-22T11:14:50.365+0300] {logging_mixin.py:188} INFO - [2026-06-22T11:14:50.365+0300] {dag.py:3096} INFO - Sync 1 DAGs
[2026-06-22T11:14:50.384+0300] {logging_mixin.py:188} INFO - [2026-06-22T11:14:50.384+0300] {dag.py:3954} INFO - Setting next_dagrun for example_dynamic_task_mapping to 2022-03-04 00:00:00+00:00, run_after=2022-03-05 00:00:00+00:00
[2026-06-22T11:14:50.416+0300] {processor.py:183} INFO - Processing /media/data/omar/programming course/DEPI/DEPI project/anomx/venv/lib/python3.12/site-packages/airflow/example_dags/example_dynamic_task_mapping.py took 0.085 seconds
[2026-06-22T11:15:47.305+0300] {processor.py:161} INFO - Started process (PID=61267) to work on /media/data/omar/programming course/DEPI/DEPI project/anomx/venv/lib/python3.12/site-packages/airflow/example_dags/example_dynamic_task_mapping.py
[2026-06-22T11:15:47.307+0300] {processor.py:830} INFO - Processing file /media/data/omar/programming course/DEPI/DEPI project/anomx/venv/lib/python3.12/site-packages/airflow/example_dags/example_dynamic_task_mapping.py for tasks to queue
[2026-06-22T11:15:47.310+0300] {logging_mixin.py:188} INFO - [2026-06-22T11:15:47.310+0300] {dagbag.py:540} INFO - Filling up the DagBag from /media/data/omar/programming course/DEPI/DEPI project/anomx/venv/lib/python3.12/site-packages/airflow/example_dags/example_dynamic_task_mapping.py
[2026-06-22T11:15:47.321+0300] {processor.py:840} INFO - DAG(s) 'example_dynamic_task_mapping' retrieved from /media/data/omar/programming course/DEPI/DEPI project/anomx/venv/lib/python3.12/site-packages/airflow/example_dags/example_dynamic_task_mapping.py
[2026-06-22T11:15:47.339+0300] {logging_mixin.py:188} INFO - [2026-06-22T11:15:47.338+0300] {dag.py:3096} INFO - Sync 1 DAGs
[2026-06-22T11:15:47.360+0300] {logging_mixin.py:188} INFO - [2026-06-22T11:15:47.359+0300] {dag.py:3954} INFO - Setting next_dagrun for example_dynamic_task_mapping to 2022-03-04 00:00:00+00:00, run_after=2022-03-05 00:00:00+00:00
[2026-06-22T11:15:47.393+0300] {processor.py:183} INFO - Processing /media/data/omar/programming course/DEPI/DEPI project/anomx/venv/lib/python3.12/site-packages/airflow/example_dags/example_dynamic_task_mapping.py took 0.097 seconds
[2026-06-22T11:16:45.458+0300] {processor.py:161} INFO - Started process (PID=61398) to work on /media/data/omar/programming course/DEPI/DEPI project/anomx/venv/lib/python3.12/site-packages/airflow/example_dags/example_dynamic_task_mapping.py
[2026-06-22T11:16:45.460+0300] {processor.py:830} INFO - Processing file /media/data/omar/programming course/DEPI/DEPI project/anomx/venv/lib/python3.12/site-packages/airflow/example_dags/example_dynamic_task_mapping.py for tasks to queue
[2026-06-22T11:16:45.463+0300] {logging_mixin.py:188} INFO - [2026-06-22T11:16:45.462+0300] {dagbag.py:540} INFO - Filling up the DagBag from /media/data/omar/programming course/DEPI/DEPI project/anomx/venv/lib/python3.12/site-packages/airflow/example_dags/example_dynamic_task_mapping.py
[2026-06-22T11:16:45.474+0300] {processor.py:840} INFO - DAG(s) 'example_dynamic_task_mapping' retrieved from /media/data/omar/programming course/DEPI/DEPI project/anomx/venv/lib/python3.12/site-packages/airflow/example_dags/example_dynamic_task_mapping.py
[2026-06-22T11:16:45.494+0300] {logging_mixin.py:188} INFO - [2026-06-22T11:16:45.494+0300] {dag.py:3096} INFO - Sync 1 DAGs
[2026-06-22T11:16:45.518+0300] {logging_mixin.py:188} INFO - [2026-06-22T11:16:45.518+0300] {dag.py:3954} INFO - Setting next_dagrun for example_dynamic_task_mapping to 2022-03-04 00:00:00+00:00, run_after=2022-03-05 00:00:00+00:00
[2026-06-22T11:16:45.556+0300] {processor.py:183} INFO - Processing /media/data/omar/programming course/DEPI/DEPI project/anomx/venv/lib/python3.12/site-packages/airflow/example_dags/example_dynamic_task_mapping.py took 0.105 seconds
[2026-06-22T11:17:42.102+0300] {processor.py:161} INFO - Started process (PID=61484) to work on /media/data/omar/programming course/DEPI/DEPI project/anomx/venv/lib/python3.12/site-packages/airflow/example_dags/example_dynamic_task_mapping.py
[2026-06-22T11:17:42.103+0300] {processor.py:830} INFO - Processing file /media/data/omar/programming course/DEPI/DEPI project/anomx/venv/lib/python3.12/site-packages/airflow/example_dags/example_dynamic_task_mapping.py for tasks to queue
[2026-06-22T11:17:42.106+0300] {logging_mixin.py:188} INFO - [2026-06-22T11:17:42.105+0300] {dagbag.py:540} INFO - Filling up the DagBag from /media/data/omar/programming course/DEPI/DEPI project/anomx/venv/lib/python3.12/site-packages/airflow/example_dags/example_dynamic_task_mapping.py
[2026-06-22T11:17:42.115+0300] {processor.py:840} INFO - DAG(s) 'example_dynamic_task_mapping' retrieved from /media/data/omar/programming course/DEPI/DEPI project/anomx/venv/lib/python3.12/site-packages/airflow/example_dags/example_dynamic_task_mapping.py
[2026-06-22T11:17:42.129+0300] {logging_mixin.py:188} INFO - [2026-06-22T11:17:42.129+0300] {dag.py:3096} INFO - Sync 1 DAGs
[2026-06-22T11:17:42.146+0300] {logging_mixin.py:188} INFO - [2026-06-22T11:17:42.146+0300] {dag.py:3954} INFO - Setting next_dagrun for example_dynamic_task_mapping to 2022-03-04 00:00:00+00:00, run_after=2022-03-05 00:00:00+00:00
[2026-06-22T11:17:42.174+0300] {processor.py:183} INFO - Processing /media/data/omar/programming course/DEPI/DEPI project/anomx/venv/lib/python3.12/site-packages/airflow/example_dags/example_dynamic_task_mapping.py took 0.083 seconds
[2026-06-22T11:18:39.298+0300] {processor.py:161} INFO - Started process (PID=61579) to work on /media/data/omar/programming course/DEPI/DEPI project/anomx/venv/lib/python3.12/site-packages/airflow/example_dags/example_dynamic_task_mapping.py
[2026-06-22T11:18:39.299+0300] {processor.py:830} INFO - Processing file /media/data/omar/programming course/DEPI/DEPI project/anomx/venv/lib/python3.12/site-packages/airflow/example_dags/example_dynamic_task_mapping.py for tasks to queue
[2026-06-22T11:18:39.301+0300] {logging_mixin.py:188} INFO - [2026-06-22T11:18:39.300+0300] {dagbag.py:540} INFO - Filling up the DagBag from /media/data/omar/programming course/DEPI/DEPI project/anomx/venv/lib/python3.12/site-packages/airflow/example_dags/example_dynamic_task_mapping.py
[2026-06-22T11:18:39.309+0300] {processor.py:840} INFO - DAG(s) 'example_dynamic_task_mapping' retrieved from /media/data/omar/programming course/DEPI/DEPI project/anomx/venv/lib/python3.12/site-packages/airflow/example_dags/example_dynamic_task_mapping.py
[2026-06-22T11:18:39.327+0300] {logging_mixin.py:188} INFO - [2026-06-22T11:18:39.326+0300] {dag.py:3096} INFO - Sync 1 DAGs
[2026-06-22T11:18:39.346+0300] {logging_mixin.py:188} INFO - [2026-06-22T11:18:39.346+0300] {dag.py:3954} INFO - Setting next_dagrun for example_dynamic_task_mapping to 2022-03-04 00:00:00+00:00, run_after=2022-03-05 00:00:00+00:00
[2026-06-22T11:18:39.377+0300] {processor.py:183} INFO - Processing /media/data/omar/programming course/DEPI/DEPI project/anomx/venv/lib/python3.12/site-packages/airflow/example_dags/example_dynamic_task_mapping.py took 0.087 seconds
[2026-06-22T11:19:36.821+0300] {processor.py:161} INFO - Started process (PID=61667) to work on /media/data/omar/programming course/DEPI/DEPI project/anomx/venv/lib/python3.12/site-packages/airflow/example_dags/example_dynamic_task_mapping.py
[2026-06-22T11:19:36.823+0300] {processor.py:830} INFO - Processing file /media/data/omar/programming course/DEPI/DEPI project/anomx/venv/lib/python3.12/site-packages/airflow/example_dags/example_dynamic_task_mapping.py for tasks to queue
[2026-06-22T11:19:36.827+0300] {logging_mixin.py:188} INFO - [2026-06-22T11:19:36.826+0300] {dagbag.py:540} INFO - Filling up the DagBag from /media/data/omar/programming course/DEPI/DEPI project/anomx/venv/lib/python3.12/site-packages/airflow/example_dags/example_dynamic_task_mapping.py
[2026-06-22T11:19:36.844+0300] {processor.py:840} INFO - DAG(s) 'example_dynamic_task_mapping' retrieved from /media/data/omar/programming course/DEPI/DEPI project/anomx/venv/lib/python3.12/site-packages/airflow/example_dags/example_dynamic_task_mapping.py
[2026-06-22T11:19:36.876+0300] {logging_mixin.py:188} INFO - [2026-06-22T11:19:36.876+0300] {dag.py:3096} INFO - Sync 1 DAGs
[2026-06-22T11:19:36.900+0300] {logging_mixin.py:188} INFO - [2026-06-22T11:19:36.900+0300] {dag.py:3954} INFO - Setting next_dagrun for example_dynamic_task_mapping to 2022-03-04 00:00:00+00:00, run_after=2022-03-05 00:00:00+00:00
[2026-06-22T11:19:36.938+0300] {processor.py:183} INFO - Processing /media/data/omar/programming course/DEPI/DEPI project/anomx/venv/lib/python3.12/site-packages/airflow/example_dags/example_dynamic_task_mapping.py took 0.129 seconds
[2026-06-22T11:20:32.028+0300] {processor.py:161} INFO - Started process (PID=61769) to work on /media/data/omar/programming course/DEPI/DEPI project/anomx/venv/lib/python3.12/site-packages/airflow/example_dags/example_dynamic_task_mapping.py
[2026-06-22T11:20:32.029+0300] {processor.py:830} INFO - Processing file /media/data/omar/programming course/DEPI/DEPI project/anomx/venv/lib/python3.12/site-packages/airflow/example_dags/example_dynamic_task_mapping.py for tasks to queue
[2026-06-22T11:20:32.032+0300] {logging_mixin.py:188} INFO - [2026-06-22T11:20:32.032+0300] {dagbag.py:540} INFO - Filling up the DagBag from /media/data/omar/programming course/DEPI/DEPI project/anomx/venv/lib/python3.12/site-packages/airflow/example_dags/example_dynamic_task_mapping.py
[2026-06-22T11:20:32.042+0300] {processor.py:840} INFO - DAG(s) 'example_dynamic_task_mapping' retrieved from /media/data/omar/programming course/DEPI/DEPI project/anomx/venv/lib/python3.12/site-packages/airflow/example_dags/example_dynamic_task_mapping.py
[2026-06-22T11:20:32.059+0300] {logging_mixin.py:188} INFO - [2026-06-22T11:20:32.058+0300] {dag.py:3096} INFO - Sync 1 DAGs
[2026-06-22T11:20:32.080+0300] {logging_mixin.py:188} INFO - [2026-06-22T11:20:32.080+0300] {dag.py:3954} INFO - Setting next_dagrun for example_dynamic_task_mapping to 2022-03-04 00:00:00+00:00, run_after=2022-03-05 00:00:00+00:00
[2026-06-22T11:20:32.113+0300] {processor.py:183} INFO - Processing /media/data/omar/programming course/DEPI/DEPI project/anomx/venv/lib/python3.12/site-packages/airflow/example_dags/example_dynamic_task_mapping.py took 0.095 seconds
[2026-06-22T11:21:28.663+0300] {processor.py:161} INFO - Started process (PID=61857) to work on /media/data/omar/programming course/DEPI/DEPI project/anomx/venv/lib/python3.12/site-packages/airflow/example_dags/example_dynamic_task_mapping.py
[2026-06-22T11:21:28.664+0300] {processor.py:830} INFO - Processing file /media/data/omar/programming course/DEPI/DEPI project/anomx/venv/lib/python3.12/site-packages/airflow/example_dags/example_dynamic_task_mapping.py for tasks to queue
[2026-06-22T11:21:28.665+0300] {logging_mixin.py:188} INFO - [2026-06-22T11:21:28.665+0300] {dagbag.py:540} INFO - Filling up the DagBag from /media/data/omar/programming course/DEPI/DEPI project/anomx/venv/lib/python3.12/site-packages/airflow/example_dags/example_dynamic_task_mapping.py
[2026-06-22T11:21:28.672+0300] {processor.py:840} INFO - DAG(s) 'example_dynamic_task_mapping' retrieved from /media/data/omar/programming course/DEPI/DEPI project/anomx/venv/lib/python3.12/site-packages/airflow/example_dags/example_dynamic_task_mapping.py
[2026-06-22T11:21:28.691+0300] {logging_mixin.py:188} INFO - [2026-06-22T11:21:28.690+0300] {dag.py:3096} INFO - Sync 1 DAGs
[2026-06-22T11:21:28.710+0300] {logging_mixin.py:188} INFO - [2026-06-22T11:21:28.710+0300] {dag.py:3954} INFO - Setting next_dagrun for example_dynamic_task_mapping to 2022-03-04 00:00:00+00:00, run_after=2022-03-05 00:00:00+00:00
[2026-06-22T11:21:28.744+0300] {processor.py:183} INFO - Processing /media/data/omar/programming course/DEPI/DEPI project/anomx/venv/lib/python3.12/site-packages/airflow/example_dags/example_dynamic_task_mapping.py took 0.088 seconds
[2026-06-22T11:22:22.994+0300] {processor.py:161} INFO - Started process (PID=61951) to work on /media/data/omar/programming course/DEPI/DEPI project/anomx/venv/lib/python3.12/site-packages/airflow/example_dags/example_dynamic_task_mapping.py
[2026-06-22T11:22:22.995+0300] {processor.py:830} INFO - Processing file /media/data/omar/programming course/DEPI/DEPI project/anomx/venv/lib/python3.12/site-packages/airflow/example_dags/example_dynamic_task_mapping.py for tasks to queue
[2026-06-22T11:22:22.997+0300] {logging_mixin.py:188} INFO - [2026-06-22T11:22:22.996+0300] {dagbag.py:540} INFO - Filling up the DagBag from /media/data/omar/programming course/DEPI/DEPI project/anomx/venv/lib/python3.12/site-packages/airflow/example_dags/example_dynamic_task_mapping.py
[2026-06-22T11:22:23.003+0300] {processor.py:840} INFO - DAG(s) 'example_dynamic_task_mapping' retrieved from /media/data/omar/programming course/DEPI/DEPI project/anomx/venv/lib/python3.12/site-packages/airflow/example_dags/example_dynamic_task_mapping.py
[2026-06-22T11:22:23.020+0300] {logging_mixin.py:188} INFO - [2026-06-22T11:22:23.019+0300] {dag.py:3096} INFO - Sync 1 DAGs
[2026-06-22T11:22:23.040+0300] {logging_mixin.py:188} INFO - [2026-06-22T11:22:23.040+0300] {dag.py:3954} INFO - Setting next_dagrun for example_dynamic_task_mapping to 2022-03-04 00:00:00+00:00, run_after=2022-03-05 00:00:00+00:00
[2026-06-22T11:22:23.069+0300] {processor.py:183} INFO - Processing /media/data/omar/programming course/DEPI/DEPI project/anomx/venv/lib/python3.12/site-packages/airflow/example_dags/example_dynamic_task_mapping.py took 0.080 seconds
