[2026-06-22T08:15:41.176+0300] {processor.py:161} INFO - Started process (PID=42113) to work on /media/data/omar/programming course/DEPI/DEPI project/anomx/venv/lib/python3.12/site-packages/airflow/example_dags/example_bash_decorator.py
[2026-06-22T08:15:41.177+0300] {processor.py:830} INFO - Processing file /media/data/omar/programming course/DEPI/DEPI project/anomx/venv/lib/python3.12/site-packages/airflow/example_dags/example_bash_decorator.py for tasks to queue
[2026-06-22T08:15:41.178+0300] {logging_mixin.py:188} INFO - [2026-06-22T08:15:41.177+0300] {dagbag.py:540} INFO - Filling up the DagBag from /media/data/omar/programming course/DEPI/DEPI project/anomx/venv/lib/python3.12/site-packages/airflow/example_dags/example_bash_decorator.py
[2026-06-22T08:15:41.191+0300] {processor.py:840} INFO - DAG(s) 'example_bash_decorator' retrieved from /media/data/omar/programming course/DEPI/DEPI project/anomx/venv/lib/python3.12/site-packages/airflow/example_dags/example_bash_decorator.py
[2026-06-22T08:15:41.209+0300] {logging_mixin.py:188} INFO - [2026-06-22T08:15:41.208+0300] {dag.py:3096} INFO - Sync 1 DAGs
[2026-06-22T08:15:41.218+0300] {logging_mixin.py:188} INFO - [2026-06-22T08:15:41.217+0300] {dag.py:3954} INFO - Setting next_dagrun for example_bash_decorator to None, run_after=None
[2026-06-22T08:15:41.245+0300] {processor.py:183} INFO - Processing /media/data/omar/programming course/DEPI/DEPI project/anomx/venv/lib/python3.12/site-packages/airflow/example_dags/example_bash_decorator.py took 0.075 seconds
[2026-06-22T08:17:02.444+0300] {processor.py:161} INFO - Started process (PID=42246) to work on /media/data/omar/programming course/DEPI/DEPI project/anomx/venv/lib/python3.12/site-packages/airflow/example_dags/example_bash_decorator.py
[2026-06-22T08:17:02.446+0300] {processor.py:830} INFO - Processing file /media/data/omar/programming course/DEPI/DEPI project/anomx/venv/lib/python3.12/site-packages/airflow/example_dags/example_bash_decorator.py for tasks to queue
[2026-06-22T08:17:02.448+0300] {logging_mixin.py:188} INFO - [2026-06-22T08:17:02.447+0300] {dagbag.py:540} INFO - Filling up the DagBag from /media/data/omar/programming course/DEPI/DEPI project/anomx/venv/lib/python3.12/site-packages/airflow/example_dags/example_bash_decorator.py
[2026-06-22T08:17:02.467+0300] {processor.py:840} INFO - DAG(s) 'example_bash_decorator' retrieved from /media/data/omar/programming course/DEPI/DEPI project/anomx/venv/lib/python3.12/site-packages/airflow/example_dags/example_bash_decorator.py
[2026-06-22T08:17:02.496+0300] {logging_mixin.py:188} INFO - [2026-06-22T08:17:02.496+0300] {dag.py:3096} INFO - Sync 1 DAGs
[2026-06-22T08:17:02.506+0300] {logging_mixin.py:188} INFO - [2026-06-22T08:17:02.506+0300] {dag.py:3954} INFO - Setting next_dagrun for example_bash_decorator to None, run_after=None
[2026-06-22T08:17:02.545+0300] {processor.py:183} INFO - Processing /media/data/omar/programming course/DEPI/DEPI project/anomx/venv/lib/python3.12/site-packages/airflow/example_dags/example_bash_decorator.py took 0.111 seconds
[2026-06-22T08:18:23.684+0300] {processor.py:161} INFO - Started process (PID=42371) to work on /media/data/omar/programming course/DEPI/DEPI project/anomx/venv/lib/python3.12/site-packages/airflow/example_dags/example_bash_decorator.py
[2026-06-22T08:18:23.686+0300] {processor.py:830} INFO - Processing file /media/data/omar/programming course/DEPI/DEPI project/anomx/venv/lib/python3.12/site-packages/airflow/example_dags/example_bash_decorator.py for tasks to queue
[2026-06-22T08:18:23.688+0300] {logging_mixin.py:188} INFO - [2026-06-22T08:18:23.687+0300] {dagbag.py:540} INFO - Filling up the DagBag from /media/data/omar/programming course/DEPI/DEPI project/anomx/venv/lib/python3.12/site-packages/airflow/example_dags/example_bash_decorator.py
[2026-06-22T08:18:23.719+0300] {processor.py:840} INFO - DAG(s) 'example_bash_decorator' retrieved from /media/data/omar/programming course/DEPI/DEPI project/anomx/venv/lib/python3.12/site-packages/airflow/example_dags/example_bash_decorator.py
[2026-06-22T08:18:23.748+0300] {logging_mixin.py:188} INFO - [2026-06-22T08:18:23.747+0300] {dag.py:3096} INFO - Sync 1 DAGs
[2026-06-22T08:18:23.756+0300] {logging_mixin.py:188} INFO - [2026-06-22T08:18:23.756+0300] {dag.py:3954} INFO - Setting next_dagrun for example_bash_decorator to None, run_after=None
[2026-06-22T08:18:23.782+0300] {processor.py:183} INFO - Processing /media/data/omar/programming course/DEPI/DEPI project/anomx/venv/lib/python3.12/site-packages/airflow/example_dags/example_bash_decorator.py took 0.111 seconds
[2026-06-22T08:19:49.195+0300] {processor.py:161} INFO - Started process (PID=42519) to work on /media/data/omar/programming course/DEPI/DEPI project/anomx/venv/lib/python3.12/site-packages/airflow/example_dags/example_bash_decorator.py
[2026-06-22T08:19:49.197+0300] {processor.py:830} INFO - Processing file /media/data/omar/programming course/DEPI/DEPI project/anomx/venv/lib/python3.12/site-packages/airflow/example_dags/example_bash_decorator.py for tasks to queue
[2026-06-22T08:19:49.199+0300] {logging_mixin.py:188} INFO - [2026-06-22T08:19:49.198+0300] {dagbag.py:540} INFO - Filling up the DagBag from /media/data/omar/programming course/DEPI/DEPI project/anomx/venv/lib/python3.12/site-packages/airflow/example_dags/example_bash_decorator.py
[2026-06-22T08:19:49.222+0300] {processor.py:840} INFO - DAG(s) 'example_bash_decorator' retrieved from /media/data/omar/programming course/DEPI/DEPI project/anomx/venv/lib/python3.12/site-packages/airflow/example_dags/example_bash_decorator.py
[2026-06-22T08:19:49.239+0300] {logging_mixin.py:188} INFO - [2026-06-22T08:19:49.239+0300] {dag.py:3096} INFO - Sync 1 DAGs
[2026-06-22T08:19:49.247+0300] {logging_mixin.py:188} INFO - [2026-06-22T08:19:49.247+0300] {dag.py:3954} INFO - Setting next_dagrun for example_bash_decorator to None, run_after=None
[2026-06-22T08:19:49.273+0300] {processor.py:183} INFO - Processing /media/data/omar/programming course/DEPI/DEPI project/anomx/venv/lib/python3.12/site-packages/airflow/example_dags/example_bash_decorator.py took 0.091 seconds
[2026-06-22T08:21:11.028+0300] {processor.py:161} INFO - Started process (PID=42667) to work on /media/data/omar/programming course/DEPI/DEPI project/anomx/venv/lib/python3.12/site-packages/airflow/example_dags/example_bash_decorator.py
[2026-06-22T08:21:11.031+0300] {processor.py:830} INFO - Processing file /media/data/omar/programming course/DEPI/DEPI project/anomx/venv/lib/python3.12/site-packages/airflow/example_dags/example_bash_decorator.py for tasks to queue
[2026-06-22T08:21:11.033+0300] {logging_mixin.py:188} INFO - [2026-06-22T08:21:11.032+0300] {dagbag.py:540} INFO - Filling up the DagBag from /media/data/omar/programming course/DEPI/DEPI project/anomx/venv/lib/python3.12/site-packages/airflow/example_dags/example_bash_decorator.py
[2026-06-22T08:21:11.063+0300] {processor.py:840} INFO - DAG(s) 'example_bash_decorator' retrieved from /media/data/omar/programming course/DEPI/DEPI project/anomx/venv/lib/python3.12/site-packages/airflow/example_dags/example_bash_decorator.py
[2026-06-22T08:21:11.086+0300] {logging_mixin.py:188} INFO - [2026-06-22T08:21:11.085+0300] {dag.py:3096} INFO - Sync 1 DAGs
[2026-06-22T08:21:11.095+0300] {logging_mixin.py:188} INFO - [2026-06-22T08:21:11.095+0300] {dag.py:3954} INFO - Setting next_dagrun for example_bash_decorator to None, run_after=None
[2026-06-22T08:21:11.122+0300] {processor.py:183} INFO - Processing /media/data/omar/programming course/DEPI/DEPI project/anomx/venv/lib/python3.12/site-packages/airflow/example_dags/example_bash_decorator.py took 0.107 seconds
[2026-06-22T08:22:33.672+0300] {processor.py:161} INFO - Started process (PID=42865) to work on /media/data/omar/programming course/DEPI/DEPI project/anomx/venv/lib/python3.12/site-packages/airflow/example_dags/example_bash_decorator.py
[2026-06-22T08:22:33.673+0300] {processor.py:830} INFO - Processing file /media/data/omar/programming course/DEPI/DEPI project/anomx/venv/lib/python3.12/site-packages/airflow/example_dags/example_bash_decorator.py for tasks to queue
[2026-06-22T08:22:33.674+0300] {logging_mixin.py:188} INFO - [2026-06-22T08:22:33.674+0300] {dagbag.py:540} INFO - Filling up the DagBag from /media/data/omar/programming course/DEPI/DEPI project/anomx/venv/lib/python3.12/site-packages/airflow/example_dags/example_bash_decorator.py
[2026-06-22T08:22:33.687+0300] {processor.py:840} INFO - DAG(s) 'example_bash_decorator' retrieved from /media/data/omar/programming course/DEPI/DEPI project/anomx/venv/lib/python3.12/site-packages/airflow/example_dags/example_bash_decorator.py
[2026-06-22T08:22:33.704+0300] {logging_mixin.py:188} INFO - [2026-06-22T08:22:33.704+0300] {dag.py:3096} INFO - Sync 1 DAGs
[2026-06-22T08:22:33.713+0300] {logging_mixin.py:188} INFO - [2026-06-22T08:22:33.712+0300] {dag.py:3954} INFO - Setting next_dagrun for example_bash_decorator to None, run_after=None
[2026-06-22T08:22:33.739+0300] {processor.py:183} INFO - Processing /media/data/omar/programming course/DEPI/DEPI project/anomx/venv/lib/python3.12/site-packages/airflow/example_dags/example_bash_decorator.py took 0.072 seconds
[2026-06-22T08:23:56.023+0300] {processor.py:161} INFO - Started process (PID=42993) to work on /media/data/omar/programming course/DEPI/DEPI project/anomx/venv/lib/python3.12/site-packages/airflow/example_dags/example_bash_decorator.py
[2026-06-22T08:23:56.023+0300] {processor.py:830} INFO - Processing file /media/data/omar/programming course/DEPI/DEPI project/anomx/venv/lib/python3.12/site-packages/airflow/example_dags/example_bash_decorator.py for tasks to queue
[2026-06-22T08:23:56.024+0300] {logging_mixin.py:188} INFO - [2026-06-22T08:23:56.024+0300] {dagbag.py:540} INFO - Filling up the DagBag from /media/data/omar/programming course/DEPI/DEPI project/anomx/venv/lib/python3.12/site-packages/airflow/example_dags/example_bash_decorator.py
[2026-06-22T08:23:56.035+0300] {processor.py:840} INFO - DAG(s) 'example_bash_decorator' retrieved from /media/data/omar/programming course/DEPI/DEPI project/anomx/venv/lib/python3.12/site-packages/airflow/example_dags/example_bash_decorator.py
[2026-06-22T08:23:56.051+0300] {logging_mixin.py:188} INFO - [2026-06-22T08:23:56.051+0300] {dag.py:3096} INFO - Sync 1 DAGs
[2026-06-22T08:23:56.060+0300] {logging_mixin.py:188} INFO - [2026-06-22T08:23:56.059+0300] {dag.py:3954} INFO - Setting next_dagrun for example_bash_decorator to None, run_after=None
[2026-06-22T08:23:56.101+0300] {processor.py:183} INFO - Processing /media/data/omar/programming course/DEPI/DEPI project/anomx/venv/lib/python3.12/site-packages/airflow/example_dags/example_bash_decorator.py took 0.084 seconds
[2026-06-22T08:25:13.956+0300] {processor.py:161} INFO - Started process (PID=43138) to work on /media/data/omar/programming course/DEPI/DEPI project/anomx/venv/lib/python3.12/site-packages/airflow/example_dags/example_bash_decorator.py
[2026-06-22T08:25:13.957+0300] {processor.py:830} INFO - Processing file /media/data/omar/programming course/DEPI/DEPI project/anomx/venv/lib/python3.12/site-packages/airflow/example_dags/example_bash_decorator.py for tasks to queue
[2026-06-22T08:25:13.958+0300] {logging_mixin.py:188} INFO - [2026-06-22T08:25:13.957+0300] {dagbag.py:540} INFO - Filling up the DagBag from /media/data/omar/programming course/DEPI/DEPI project/anomx/venv/lib/python3.12/site-packages/airflow/example_dags/example_bash_decorator.py
[2026-06-22T08:25:13.971+0300] {processor.py:840} INFO - DAG(s) 'example_bash_decorator' retrieved from /media/data/omar/programming course/DEPI/DEPI project/anomx/venv/lib/python3.12/site-packages/airflow/example_dags/example_bash_decorator.py
[2026-06-22T08:25:13.990+0300] {logging_mixin.py:188} INFO - [2026-06-22T08:25:13.990+0300] {dag.py:3096} INFO - Sync 1 DAGs
[2026-06-22T08:25:13.999+0300] {logging_mixin.py:188} INFO - [2026-06-22T08:25:13.999+0300] {dag.py:3954} INFO - Setting next_dagrun for example_bash_decorator to None, run_after=None
[2026-06-22T08:25:14.025+0300] {processor.py:183} INFO - Processing /media/data/omar/programming course/DEPI/DEPI project/anomx/venv/lib/python3.12/site-packages/airflow/example_dags/example_bash_decorator.py took 0.077 seconds
[2026-06-22T08:26:38.004+0300] {processor.py:161} INFO - Started process (PID=43264) to work on /media/data/omar/programming course/DEPI/DEPI project/anomx/venv/lib/python3.12/site-packages/airflow/example_dags/example_bash_decorator.py
[2026-06-22T08:26:38.004+0300] {processor.py:830} INFO - Processing file /media/data/omar/programming course/DEPI/DEPI project/anomx/venv/lib/python3.12/site-packages/airflow/example_dags/example_bash_decorator.py for tasks to queue
[2026-06-22T08:26:38.005+0300] {logging_mixin.py:188} INFO - [2026-06-22T08:26:38.005+0300] {dagbag.py:540} INFO - Filling up the DagBag from /media/data/omar/programming course/DEPI/DEPI project/anomx/venv/lib/python3.12/site-packages/airflow/example_dags/example_bash_decorator.py
[2026-06-22T08:26:38.017+0300] {processor.py:840} INFO - DAG(s) 'example_bash_decorator' retrieved from /media/data/omar/programming course/DEPI/DEPI project/anomx/venv/lib/python3.12/site-packages/airflow/example_dags/example_bash_decorator.py
[2026-06-22T08:26:38.032+0300] {logging_mixin.py:188} INFO - [2026-06-22T08:26:38.032+0300] {dag.py:3096} INFO - Sync 1 DAGs
[2026-06-22T08:26:38.041+0300] {logging_mixin.py:188} INFO - [2026-06-22T08:26:38.040+0300] {dag.py:3954} INFO - Setting next_dagrun for example_bash_decorator to None, run_after=None
[2026-06-22T08:26:38.066+0300] {processor.py:183} INFO - Processing /media/data/omar/programming course/DEPI/DEPI project/anomx/venv/lib/python3.12/site-packages/airflow/example_dags/example_bash_decorator.py took 0.067 seconds
[2026-06-22T08:27:51.535+0300] {processor.py:161} INFO - Started process (PID=43389) to work on /media/data/omar/programming course/DEPI/DEPI project/anomx/venv/lib/python3.12/site-packages/airflow/example_dags/example_bash_decorator.py
[2026-06-22T08:27:51.536+0300] {processor.py:830} INFO - Processing file /media/data/omar/programming course/DEPI/DEPI project/anomx/venv/lib/python3.12/site-packages/airflow/example_dags/example_bash_decorator.py for tasks to queue
[2026-06-22T08:27:51.537+0300] {logging_mixin.py:188} INFO - [2026-06-22T08:27:51.536+0300] {dagbag.py:540} INFO - Filling up the DagBag from /media/data/omar/programming course/DEPI/DEPI project/anomx/venv/lib/python3.12/site-packages/airflow/example_dags/example_bash_decorator.py
[2026-06-22T08:27:51.548+0300] {processor.py:840} INFO - DAG(s) 'example_bash_decorator' retrieved from /media/data/omar/programming course/DEPI/DEPI project/anomx/venv/lib/python3.12/site-packages/airflow/example_dags/example_bash_decorator.py
[2026-06-22T08:27:51.564+0300] {logging_mixin.py:188} INFO - [2026-06-22T08:27:51.563+0300] {dag.py:3096} INFO - Sync 1 DAGs
[2026-06-22T08:27:51.572+0300] {logging_mixin.py:188} INFO - [2026-06-22T08:27:51.572+0300] {dag.py:3954} INFO - Setting next_dagrun for example_bash_decorator to None, run_after=None
[2026-06-22T08:27:51.629+0300] {processor.py:183} INFO - Processing /media/data/omar/programming course/DEPI/DEPI project/anomx/venv/lib/python3.12/site-packages/airflow/example_dags/example_bash_decorator.py took 0.098 seconds
[2026-06-22T08:29:12.502+0300] {processor.py:161} INFO - Started process (PID=43517) to work on /media/data/omar/programming course/DEPI/DEPI project/anomx/venv/lib/python3.12/site-packages/airflow/example_dags/example_bash_decorator.py
[2026-06-22T08:29:12.503+0300] {processor.py:830} INFO - Processing file /media/data/omar/programming course/DEPI/DEPI project/anomx/venv/lib/python3.12/site-packages/airflow/example_dags/example_bash_decorator.py for tasks to queue
[2026-06-22T08:29:12.504+0300] {logging_mixin.py:188} INFO - [2026-06-22T08:29:12.503+0300] {dagbag.py:540} INFO - Filling up the DagBag from /media/data/omar/programming course/DEPI/DEPI project/anomx/venv/lib/python3.12/site-packages/airflow/example_dags/example_bash_decorator.py
[2026-06-22T08:29:12.515+0300] {processor.py:840} INFO - DAG(s) 'example_bash_decorator' retrieved from /media/data/omar/programming course/DEPI/DEPI project/anomx/venv/lib/python3.12/site-packages/airflow/example_dags/example_bash_decorator.py
[2026-06-22T08:29:12.531+0300] {logging_mixin.py:188} INFO - [2026-06-22T08:29:12.530+0300] {dag.py:3096} INFO - Sync 1 DAGs
[2026-06-22T08:29:12.538+0300] {logging_mixin.py:188} INFO - [2026-06-22T08:29:12.538+0300] {dag.py:3954} INFO - Setting next_dagrun for example_bash_decorator to None, run_after=None
[2026-06-22T08:29:12.563+0300] {processor.py:183} INFO - Processing /media/data/omar/programming course/DEPI/DEPI project/anomx/venv/lib/python3.12/site-packages/airflow/example_dags/example_bash_decorator.py took 0.066 seconds
[2026-06-22T08:30:29.351+0300] {processor.py:161} INFO - Started process (PID=43656) to work on /media/data/omar/programming course/DEPI/DEPI project/anomx/venv/lib/python3.12/site-packages/airflow/example_dags/example_bash_decorator.py
[2026-06-22T08:30:29.354+0300] {processor.py:830} INFO - Processing file /media/data/omar/programming course/DEPI/DEPI project/anomx/venv/lib/python3.12/site-packages/airflow/example_dags/example_bash_decorator.py for tasks to queue
[2026-06-22T08:30:29.356+0300] {logging_mixin.py:188} INFO - [2026-06-22T08:30:29.355+0300] {dagbag.py:540} INFO - Filling up the DagBag from /media/data/omar/programming course/DEPI/DEPI project/anomx/venv/lib/python3.12/site-packages/airflow/example_dags/example_bash_decorator.py
[2026-06-22T08:30:29.385+0300] {processor.py:840} INFO - DAG(s) 'example_bash_decorator' retrieved from /media/data/omar/programming course/DEPI/DEPI project/anomx/venv/lib/python3.12/site-packages/airflow/example_dags/example_bash_decorator.py
[2026-06-22T08:30:29.405+0300] {logging_mixin.py:188} INFO - [2026-06-22T08:30:29.404+0300] {dag.py:3096} INFO - Sync 1 DAGs
[2026-06-22T08:30:29.413+0300] {logging_mixin.py:188} INFO - [2026-06-22T08:30:29.412+0300] {dag.py:3954} INFO - Setting next_dagrun for example_bash_decorator to None, run_after=None
[2026-06-22T08:30:29.438+0300] {processor.py:183} INFO - Processing /media/data/omar/programming course/DEPI/DEPI project/anomx/venv/lib/python3.12/site-packages/airflow/example_dags/example_bash_decorator.py took 0.099 seconds
[2026-06-22T08:31:51.333+0300] {processor.py:161} INFO - Started process (PID=43795) to work on /media/data/omar/programming course/DEPI/DEPI project/anomx/venv/lib/python3.12/site-packages/airflow/example_dags/example_bash_decorator.py
[2026-06-22T08:31:51.334+0300] {processor.py:830} INFO - Processing file /media/data/omar/programming course/DEPI/DEPI project/anomx/venv/lib/python3.12/site-packages/airflow/example_dags/example_bash_decorator.py for tasks to queue
[2026-06-22T08:31:51.335+0300] {logging_mixin.py:188} INFO - [2026-06-22T08:31:51.335+0300] {dagbag.py:540} INFO - Filling up the DagBag from /media/data/omar/programming course/DEPI/DEPI project/anomx/venv/lib/python3.12/site-packages/airflow/example_dags/example_bash_decorator.py
[2026-06-22T08:31:51.349+0300] {processor.py:840} INFO - DAG(s) 'example_bash_decorator' retrieved from /media/data/omar/programming course/DEPI/DEPI project/anomx/venv/lib/python3.12/site-packages/airflow/example_dags/example_bash_decorator.py
[2026-06-22T08:31:51.366+0300] {logging_mixin.py:188} INFO - [2026-06-22T08:31:51.365+0300] {dag.py:3096} INFO - Sync 1 DAGs
[2026-06-22T08:31:51.374+0300] {logging_mixin.py:188} INFO - [2026-06-22T08:31:51.374+0300] {dag.py:3954} INFO - Setting next_dagrun for example_bash_decorator to None, run_after=None
[2026-06-22T08:31:51.400+0300] {processor.py:183} INFO - Processing /media/data/omar/programming course/DEPI/DEPI project/anomx/venv/lib/python3.12/site-packages/airflow/example_dags/example_bash_decorator.py took 0.073 seconds
[2026-06-22T08:33:04.200+0300] {processor.py:161} INFO - Started process (PID=43920) to work on /media/data/omar/programming course/DEPI/DEPI project/anomx/venv/lib/python3.12/site-packages/airflow/example_dags/example_bash_decorator.py
[2026-06-22T08:33:04.201+0300] {processor.py:830} INFO - Processing file /media/data/omar/programming course/DEPI/DEPI project/anomx/venv/lib/python3.12/site-packages/airflow/example_dags/example_bash_decorator.py for tasks to queue
[2026-06-22T08:33:04.202+0300] {logging_mixin.py:188} INFO - [2026-06-22T08:33:04.201+0300] {dagbag.py:540} INFO - Filling up the DagBag from /media/data/omar/programming course/DEPI/DEPI project/anomx/venv/lib/python3.12/site-packages/airflow/example_dags/example_bash_decorator.py
[2026-06-22T08:33:04.213+0300] {processor.py:840} INFO - DAG(s) 'example_bash_decorator' retrieved from /media/data/omar/programming course/DEPI/DEPI project/anomx/venv/lib/python3.12/site-packages/airflow/example_dags/example_bash_decorator.py
[2026-06-22T08:33:04.229+0300] {logging_mixin.py:188} INFO - [2026-06-22T08:33:04.228+0300] {dag.py:3096} INFO - Sync 1 DAGs
[2026-06-22T08:33:04.236+0300] {logging_mixin.py:188} INFO - [2026-06-22T08:33:04.236+0300] {dag.py:3954} INFO - Setting next_dagrun for example_bash_decorator to None, run_after=None
[2026-06-22T08:33:04.262+0300] {processor.py:183} INFO - Processing /media/data/omar/programming course/DEPI/DEPI project/anomx/venv/lib/python3.12/site-packages/airflow/example_dags/example_bash_decorator.py took 0.066 seconds
[2026-06-22T08:34:22.769+0300] {processor.py:161} INFO - Started process (PID=44033) to work on /media/data/omar/programming course/DEPI/DEPI project/anomx/venv/lib/python3.12/site-packages/airflow/example_dags/example_bash_decorator.py
[2026-06-22T08:34:22.770+0300] {processor.py:830} INFO - Processing file /media/data/omar/programming course/DEPI/DEPI project/anomx/venv/lib/python3.12/site-packages/airflow/example_dags/example_bash_decorator.py for tasks to queue
[2026-06-22T08:34:22.771+0300] {logging_mixin.py:188} INFO - [2026-06-22T08:34:22.771+0300] {dagbag.py:540} INFO - Filling up the DagBag from /media/data/omar/programming course/DEPI/DEPI project/anomx/venv/lib/python3.12/site-packages/airflow/example_dags/example_bash_decorator.py
[2026-06-22T08:34:22.786+0300] {processor.py:840} INFO - DAG(s) 'example_bash_decorator' retrieved from /media/data/omar/programming course/DEPI/DEPI project/anomx/venv/lib/python3.12/site-packages/airflow/example_dags/example_bash_decorator.py
[2026-06-22T08:34:22.802+0300] {logging_mixin.py:188} INFO - [2026-06-22T08:34:22.801+0300] {dag.py:3096} INFO - Sync 1 DAGs
[2026-06-22T08:34:22.810+0300] {logging_mixin.py:188} INFO - [2026-06-22T08:34:22.809+0300] {dag.py:3954} INFO - Setting next_dagrun for example_bash_decorator to None, run_after=None
[2026-06-22T08:34:22.857+0300] {processor.py:183} INFO - Processing /media/data/omar/programming course/DEPI/DEPI project/anomx/venv/lib/python3.12/site-packages/airflow/example_dags/example_bash_decorator.py took 0.100 seconds
[2026-06-22T08:35:34.903+0300] {processor.py:161} INFO - Started process (PID=44162) to work on /media/data/omar/programming course/DEPI/DEPI project/anomx/venv/lib/python3.12/site-packages/airflow/example_dags/example_bash_decorator.py
[2026-06-22T08:35:34.904+0300] {processor.py:830} INFO - Processing file /media/data/omar/programming course/DEPI/DEPI project/anomx/venv/lib/python3.12/site-packages/airflow/example_dags/example_bash_decorator.py for tasks to queue
[2026-06-22T08:35:34.905+0300] {logging_mixin.py:188} INFO - [2026-06-22T08:35:34.904+0300] {dagbag.py:540} INFO - Filling up the DagBag from /media/data/omar/programming course/DEPI/DEPI project/anomx/venv/lib/python3.12/site-packages/airflow/example_dags/example_bash_decorator.py
[2026-06-22T08:35:34.919+0300] {processor.py:840} INFO - DAG(s) 'example_bash_decorator' retrieved from /media/data/omar/programming course/DEPI/DEPI project/anomx/venv/lib/python3.12/site-packages/airflow/example_dags/example_bash_decorator.py
[2026-06-22T08:35:34.937+0300] {logging_mixin.py:188} INFO - [2026-06-22T08:35:34.936+0300] {dag.py:3096} INFO - Sync 1 DAGs
[2026-06-22T08:35:34.945+0300] {logging_mixin.py:188} INFO - [2026-06-22T08:35:34.944+0300] {dag.py:3954} INFO - Setting next_dagrun for example_bash_decorator to None, run_after=None
[2026-06-22T08:35:34.969+0300] {processor.py:183} INFO - Processing /media/data/omar/programming course/DEPI/DEPI project/anomx/venv/lib/python3.12/site-packages/airflow/example_dags/example_bash_decorator.py took 0.072 seconds
[2026-06-22T08:36:48.258+0300] {processor.py:161} INFO - Started process (PID=44260) to work on /media/data/omar/programming course/DEPI/DEPI project/anomx/venv/lib/python3.12/site-packages/airflow/example_dags/example_bash_decorator.py
[2026-06-22T08:36:48.260+0300] {processor.py:830} INFO - Processing file /media/data/omar/programming course/DEPI/DEPI project/anomx/venv/lib/python3.12/site-packages/airflow/example_dags/example_bash_decorator.py for tasks to queue
[2026-06-22T08:36:48.263+0300] {logging_mixin.py:188} INFO - [2026-06-22T08:36:48.262+0300] {dagbag.py:540} INFO - Filling up the DagBag from /media/data/omar/programming course/DEPI/DEPI project/anomx/venv/lib/python3.12/site-packages/airflow/example_dags/example_bash_decorator.py
[2026-06-22T08:36:48.289+0300] {processor.py:840} INFO - DAG(s) 'example_bash_decorator' retrieved from /media/data/omar/programming course/DEPI/DEPI project/anomx/venv/lib/python3.12/site-packages/airflow/example_dags/example_bash_decorator.py
[2026-06-22T08:36:48.307+0300] {logging_mixin.py:188} INFO - [2026-06-22T08:36:48.307+0300] {dag.py:3096} INFO - Sync 1 DAGs
[2026-06-22T08:36:48.315+0300] {logging_mixin.py:188} INFO - [2026-06-22T08:36:48.315+0300] {dag.py:3954} INFO - Setting next_dagrun for example_bash_decorator to None, run_after=None
[2026-06-22T08:36:48.339+0300] {processor.py:183} INFO - Processing /media/data/omar/programming course/DEPI/DEPI project/anomx/venv/lib/python3.12/site-packages/airflow/example_dags/example_bash_decorator.py took 0.094 seconds
[2026-06-22T08:38:03.873+0300] {processor.py:161} INFO - Started process (PID=44385) to work on /media/data/omar/programming course/DEPI/DEPI project/anomx/venv/lib/python3.12/site-packages/airflow/example_dags/example_bash_decorator.py
[2026-06-22T08:38:03.874+0300] {processor.py:830} INFO - Processing file /media/data/omar/programming course/DEPI/DEPI project/anomx/venv/lib/python3.12/site-packages/airflow/example_dags/example_bash_decorator.py for tasks to queue
[2026-06-22T08:38:03.875+0300] {logging_mixin.py:188} INFO - [2026-06-22T08:38:03.875+0300] {dagbag.py:540} INFO - Filling up the DagBag from /media/data/omar/programming course/DEPI/DEPI project/anomx/venv/lib/python3.12/site-packages/airflow/example_dags/example_bash_decorator.py
[2026-06-22T08:38:03.889+0300] {processor.py:840} INFO - DAG(s) 'example_bash_decorator' retrieved from /media/data/omar/programming course/DEPI/DEPI project/anomx/venv/lib/python3.12/site-packages/airflow/example_dags/example_bash_decorator.py
[2026-06-22T08:38:03.908+0300] {logging_mixin.py:188} INFO - [2026-06-22T08:38:03.907+0300] {dag.py:3096} INFO - Sync 1 DAGs
[2026-06-22T08:38:03.916+0300] {logging_mixin.py:188} INFO - [2026-06-22T08:38:03.916+0300] {dag.py:3954} INFO - Setting next_dagrun for example_bash_decorator to None, run_after=None
[2026-06-22T08:38:03.942+0300] {processor.py:183} INFO - Processing /media/data/omar/programming course/DEPI/DEPI project/anomx/venv/lib/python3.12/site-packages/airflow/example_dags/example_bash_decorator.py took 0.074 seconds
[2026-06-22T08:39:21.407+0300] {processor.py:161} INFO - Started process (PID=44509) to work on /media/data/omar/programming course/DEPI/DEPI project/anomx/venv/lib/python3.12/site-packages/airflow/example_dags/example_bash_decorator.py
[2026-06-22T08:39:21.408+0300] {processor.py:830} INFO - Processing file /media/data/omar/programming course/DEPI/DEPI project/anomx/venv/lib/python3.12/site-packages/airflow/example_dags/example_bash_decorator.py for tasks to queue
[2026-06-22T08:39:21.409+0300] {logging_mixin.py:188} INFO - [2026-06-22T08:39:21.409+0300] {dagbag.py:540} INFO - Filling up the DagBag from /media/data/omar/programming course/DEPI/DEPI project/anomx/venv/lib/python3.12/site-packages/airflow/example_dags/example_bash_decorator.py
[2026-06-22T08:39:21.423+0300] {processor.py:840} INFO - DAG(s) 'example_bash_decorator' retrieved from /media/data/omar/programming course/DEPI/DEPI project/anomx/venv/lib/python3.12/site-packages/airflow/example_dags/example_bash_decorator.py
[2026-06-22T08:39:21.442+0300] {logging_mixin.py:188} INFO - [2026-06-22T08:39:21.442+0300] {dag.py:3096} INFO - Sync 1 DAGs
[2026-06-22T08:39:21.453+0300] {logging_mixin.py:188} INFO - [2026-06-22T08:39:21.453+0300] {dag.py:3954} INFO - Setting next_dagrun for example_bash_decorator to None, run_after=None
[2026-06-22T08:39:21.481+0300] {processor.py:183} INFO - Processing /media/data/omar/programming course/DEPI/DEPI project/anomx/venv/lib/python3.12/site-packages/airflow/example_dags/example_bash_decorator.py took 0.080 seconds
[2026-06-22T08:40:41.168+0300] {processor.py:161} INFO - Started process (PID=44649) to work on /media/data/omar/programming course/DEPI/DEPI project/anomx/venv/lib/python3.12/site-packages/airflow/example_dags/example_bash_decorator.py
[2026-06-22T08:40:41.169+0300] {processor.py:830} INFO - Processing file /media/data/omar/programming course/DEPI/DEPI project/anomx/venv/lib/python3.12/site-packages/airflow/example_dags/example_bash_decorator.py for tasks to queue
[2026-06-22T08:40:41.170+0300] {logging_mixin.py:188} INFO - [2026-06-22T08:40:41.169+0300] {dagbag.py:540} INFO - Filling up the DagBag from /media/data/omar/programming course/DEPI/DEPI project/anomx/venv/lib/python3.12/site-packages/airflow/example_dags/example_bash_decorator.py
[2026-06-22T08:40:41.185+0300] {processor.py:840} INFO - DAG(s) 'example_bash_decorator' retrieved from /media/data/omar/programming course/DEPI/DEPI project/anomx/venv/lib/python3.12/site-packages/airflow/example_dags/example_bash_decorator.py
[2026-06-22T08:40:41.207+0300] {logging_mixin.py:188} INFO - [2026-06-22T08:40:41.206+0300] {dag.py:3096} INFO - Sync 1 DAGs
[2026-06-22T08:40:41.218+0300] {logging_mixin.py:188} INFO - [2026-06-22T08:40:41.217+0300] {dag.py:3954} INFO - Setting next_dagrun for example_bash_decorator to None, run_after=None
[2026-06-22T08:40:41.251+0300] {processor.py:183} INFO - Processing /media/data/omar/programming course/DEPI/DEPI project/anomx/venv/lib/python3.12/site-packages/airflow/example_dags/example_bash_decorator.py took 0.089 seconds
[2026-06-22T08:41:39.760+0300] {processor.py:161} INFO - Started process (PID=44746) to work on /media/data/omar/programming course/DEPI/DEPI project/anomx/venv/lib/python3.12/site-packages/airflow/example_dags/example_bash_decorator.py
[2026-06-22T08:41:39.761+0300] {processor.py:830} INFO - Processing file /media/data/omar/programming course/DEPI/DEPI project/anomx/venv/lib/python3.12/site-packages/airflow/example_dags/example_bash_decorator.py for tasks to queue
[2026-06-22T08:41:39.763+0300] {logging_mixin.py:188} INFO - [2026-06-22T08:41:39.762+0300] {dagbag.py:540} INFO - Filling up the DagBag from /media/data/omar/programming course/DEPI/DEPI project/anomx/venv/lib/python3.12/site-packages/airflow/example_dags/example_bash_decorator.py
[2026-06-22T08:41:39.780+0300] {processor.py:840} INFO - DAG(s) 'example_bash_decorator' retrieved from /media/data/omar/programming course/DEPI/DEPI project/anomx/venv/lib/python3.12/site-packages/airflow/example_dags/example_bash_decorator.py
[2026-06-22T08:41:39.800+0300] {logging_mixin.py:188} INFO - [2026-06-22T08:41:39.800+0300] {dag.py:3096} INFO - Sync 1 DAGs
[2026-06-22T08:41:39.809+0300] {logging_mixin.py:188} INFO - [2026-06-22T08:41:39.809+0300] {dag.py:3954} INFO - Setting next_dagrun for example_bash_decorator to None, run_after=None
[2026-06-22T08:41:39.842+0300] {processor.py:183} INFO - Processing /media/data/omar/programming course/DEPI/DEPI project/anomx/venv/lib/python3.12/site-packages/airflow/example_dags/example_bash_decorator.py took 0.095 seconds
[2026-06-22T08:42:57.382+0300] {processor.py:161} INFO - Started process (PID=44857) to work on /media/data/omar/programming course/DEPI/DEPI project/anomx/venv/lib/python3.12/site-packages/airflow/example_dags/example_bash_decorator.py
[2026-06-22T08:42:57.383+0300] {processor.py:830} INFO - Processing file /media/data/omar/programming course/DEPI/DEPI project/anomx/venv/lib/python3.12/site-packages/airflow/example_dags/example_bash_decorator.py for tasks to queue
[2026-06-22T08:42:57.384+0300] {logging_mixin.py:188} INFO - [2026-06-22T08:42:57.384+0300] {dagbag.py:540} INFO - Filling up the DagBag from /media/data/omar/programming course/DEPI/DEPI project/anomx/venv/lib/python3.12/site-packages/airflow/example_dags/example_bash_decorator.py
[2026-06-22T08:42:57.398+0300] {processor.py:840} INFO - DAG(s) 'example_bash_decorator' retrieved from /media/data/omar/programming course/DEPI/DEPI project/anomx/venv/lib/python3.12/site-packages/airflow/example_dags/example_bash_decorator.py
[2026-06-22T08:42:57.417+0300] {logging_mixin.py:188} INFO - [2026-06-22T08:42:57.416+0300] {dag.py:3096} INFO - Sync 1 DAGs
[2026-06-22T08:42:57.426+0300] {logging_mixin.py:188} INFO - [2026-06-22T08:42:57.426+0300] {dag.py:3954} INFO - Setting next_dagrun for example_bash_decorator to None, run_after=None
[2026-06-22T08:42:57.457+0300] {processor.py:183} INFO - Processing /media/data/omar/programming course/DEPI/DEPI project/anomx/venv/lib/python3.12/site-packages/airflow/example_dags/example_bash_decorator.py took 0.081 seconds
[2026-06-22T08:44:15.463+0300] {processor.py:161} INFO - Started process (PID=44990) to work on /media/data/omar/programming course/DEPI/DEPI project/anomx/venv/lib/python3.12/site-packages/airflow/example_dags/example_bash_decorator.py
[2026-06-22T08:44:15.465+0300] {processor.py:830} INFO - Processing file /media/data/omar/programming course/DEPI/DEPI project/anomx/venv/lib/python3.12/site-packages/airflow/example_dags/example_bash_decorator.py for tasks to queue
[2026-06-22T08:44:15.466+0300] {logging_mixin.py:188} INFO - [2026-06-22T08:44:15.465+0300] {dagbag.py:540} INFO - Filling up the DagBag from /media/data/omar/programming course/DEPI/DEPI project/anomx/venv/lib/python3.12/site-packages/airflow/example_dags/example_bash_decorator.py
[2026-06-22T08:44:15.483+0300] {processor.py:840} INFO - DAG(s) 'example_bash_decorator' retrieved from /media/data/omar/programming course/DEPI/DEPI project/anomx/venv/lib/python3.12/site-packages/airflow/example_dags/example_bash_decorator.py
[2026-06-22T08:44:15.502+0300] {logging_mixin.py:188} INFO - [2026-06-22T08:44:15.502+0300] {dag.py:3096} INFO - Sync 1 DAGs
[2026-06-22T08:44:15.517+0300] {logging_mixin.py:188} INFO - [2026-06-22T08:44:15.516+0300] {dag.py:3954} INFO - Setting next_dagrun for example_bash_decorator to None, run_after=None
[2026-06-22T08:44:15.549+0300] {processor.py:183} INFO - Processing /media/data/omar/programming course/DEPI/DEPI project/anomx/venv/lib/python3.12/site-packages/airflow/example_dags/example_bash_decorator.py took 0.095 seconds
[2026-06-22T08:45:30.169+0300] {processor.py:161} INFO - Started process (PID=45104) to work on /media/data/omar/programming course/DEPI/DEPI project/anomx/venv/lib/python3.12/site-packages/airflow/example_dags/example_bash_decorator.py
[2026-06-22T08:45:30.170+0300] {processor.py:830} INFO - Processing file /media/data/omar/programming course/DEPI/DEPI project/anomx/venv/lib/python3.12/site-packages/airflow/example_dags/example_bash_decorator.py for tasks to queue
[2026-06-22T08:45:30.170+0300] {logging_mixin.py:188} INFO - [2026-06-22T08:45:30.170+0300] {dagbag.py:540} INFO - Filling up the DagBag from /media/data/omar/programming course/DEPI/DEPI project/anomx/venv/lib/python3.12/site-packages/airflow/example_dags/example_bash_decorator.py
[2026-06-22T08:45:30.185+0300] {processor.py:840} INFO - DAG(s) 'example_bash_decorator' retrieved from /media/data/omar/programming course/DEPI/DEPI project/anomx/venv/lib/python3.12/site-packages/airflow/example_dags/example_bash_decorator.py
[2026-06-22T08:45:30.205+0300] {logging_mixin.py:188} INFO - [2026-06-22T08:45:30.204+0300] {dag.py:3096} INFO - Sync 1 DAGs
[2026-06-22T08:45:30.213+0300] {logging_mixin.py:188} INFO - [2026-06-22T08:45:30.212+0300] {dag.py:3954} INFO - Setting next_dagrun for example_bash_decorator to None, run_after=None
[2026-06-22T08:45:30.242+0300] {processor.py:183} INFO - Processing /media/data/omar/programming course/DEPI/DEPI project/anomx/venv/lib/python3.12/site-packages/airflow/example_dags/example_bash_decorator.py took 0.079 seconds
[2026-06-22T08:46:48.199+0300] {processor.py:161} INFO - Started process (PID=45240) to work on /media/data/omar/programming course/DEPI/DEPI project/anomx/venv/lib/python3.12/site-packages/airflow/example_dags/example_bash_decorator.py
[2026-06-22T08:46:48.201+0300] {processor.py:830} INFO - Processing file /media/data/omar/programming course/DEPI/DEPI project/anomx/venv/lib/python3.12/site-packages/airflow/example_dags/example_bash_decorator.py for tasks to queue
[2026-06-22T08:46:48.203+0300] {logging_mixin.py:188} INFO - [2026-06-22T08:46:48.202+0300] {dagbag.py:540} INFO - Filling up the DagBag from /media/data/omar/programming course/DEPI/DEPI project/anomx/venv/lib/python3.12/site-packages/airflow/example_dags/example_bash_decorator.py
[2026-06-22T08:46:48.220+0300] {processor.py:840} INFO - DAG(s) 'example_bash_decorator' retrieved from /media/data/omar/programming course/DEPI/DEPI project/anomx/venv/lib/python3.12/site-packages/airflow/example_dags/example_bash_decorator.py
[2026-06-22T08:46:48.238+0300] {logging_mixin.py:188} INFO - [2026-06-22T08:46:48.238+0300] {dag.py:3096} INFO - Sync 1 DAGs
[2026-06-22T08:46:48.248+0300] {logging_mixin.py:188} INFO - [2026-06-22T08:46:48.248+0300] {dag.py:3954} INFO - Setting next_dagrun for example_bash_decorator to None, run_after=None
[2026-06-22T08:46:48.276+0300] {processor.py:183} INFO - Processing /media/data/omar/programming course/DEPI/DEPI project/anomx/venv/lib/python3.12/site-packages/airflow/example_dags/example_bash_decorator.py took 0.096 seconds
[2026-06-22T08:48:03.110+0300] {processor.py:161} INFO - Started process (PID=45351) to work on /media/data/omar/programming course/DEPI/DEPI project/anomx/venv/lib/python3.12/site-packages/airflow/example_dags/example_bash_decorator.py
[2026-06-22T08:48:03.112+0300] {processor.py:830} INFO - Processing file /media/data/omar/programming course/DEPI/DEPI project/anomx/venv/lib/python3.12/site-packages/airflow/example_dags/example_bash_decorator.py for tasks to queue
[2026-06-22T08:48:03.115+0300] {logging_mixin.py:188} INFO - [2026-06-22T08:48:03.113+0300] {dagbag.py:540} INFO - Filling up the DagBag from /media/data/omar/programming course/DEPI/DEPI project/anomx/venv/lib/python3.12/site-packages/airflow/example_dags/example_bash_decorator.py
[2026-06-22T08:48:03.132+0300] {processor.py:840} INFO - DAG(s) 'example_bash_decorator' retrieved from /media/data/omar/programming course/DEPI/DEPI project/anomx/venv/lib/python3.12/site-packages/airflow/example_dags/example_bash_decorator.py
[2026-06-22T08:48:03.149+0300] {logging_mixin.py:188} INFO - [2026-06-22T08:48:03.149+0300] {dag.py:3096} INFO - Sync 1 DAGs
[2026-06-22T08:48:03.157+0300] {logging_mixin.py:188} INFO - [2026-06-22T08:48:03.157+0300] {dag.py:3954} INFO - Setting next_dagrun for example_bash_decorator to None, run_after=None
[2026-06-22T08:48:03.185+0300] {processor.py:183} INFO - Processing /media/data/omar/programming course/DEPI/DEPI project/anomx/venv/lib/python3.12/site-packages/airflow/example_dags/example_bash_decorator.py took 0.096 seconds
[2026-06-22T08:49:20.570+0300] {processor.py:161} INFO - Started process (PID=45490) to work on /media/data/omar/programming course/DEPI/DEPI project/anomx/venv/lib/python3.12/site-packages/airflow/example_dags/example_bash_decorator.py
[2026-06-22T08:49:20.571+0300] {processor.py:830} INFO - Processing file /media/data/omar/programming course/DEPI/DEPI project/anomx/venv/lib/python3.12/site-packages/airflow/example_dags/example_bash_decorator.py for tasks to queue
[2026-06-22T08:49:20.575+0300] {logging_mixin.py:188} INFO - [2026-06-22T08:49:20.573+0300] {dagbag.py:540} INFO - Filling up the DagBag from /media/data/omar/programming course/DEPI/DEPI project/anomx/venv/lib/python3.12/site-packages/airflow/example_dags/example_bash_decorator.py
[2026-06-22T08:49:20.603+0300] {processor.py:840} INFO - DAG(s) 'example_bash_decorator' retrieved from /media/data/omar/programming course/DEPI/DEPI project/anomx/venv/lib/python3.12/site-packages/airflow/example_dags/example_bash_decorator.py
[2026-06-22T08:49:20.624+0300] {logging_mixin.py:188} INFO - [2026-06-22T08:49:20.623+0300] {dag.py:3096} INFO - Sync 1 DAGs
[2026-06-22T08:49:20.632+0300] {logging_mixin.py:188} INFO - [2026-06-22T08:49:20.632+0300] {dag.py:3954} INFO - Setting next_dagrun for example_bash_decorator to None, run_after=None
[2026-06-22T08:49:20.658+0300] {processor.py:183} INFO - Processing /media/data/omar/programming course/DEPI/DEPI project/anomx/venv/lib/python3.12/site-packages/airflow/example_dags/example_bash_decorator.py took 0.102 seconds
[2026-06-22T08:50:41.147+0300] {processor.py:161} INFO - Started process (PID=45609) to work on /media/data/omar/programming course/DEPI/DEPI project/anomx/venv/lib/python3.12/site-packages/airflow/example_dags/example_bash_decorator.py
[2026-06-22T08:50:41.148+0300] {processor.py:830} INFO - Processing file /media/data/omar/programming course/DEPI/DEPI project/anomx/venv/lib/python3.12/site-packages/airflow/example_dags/example_bash_decorator.py for tasks to queue
[2026-06-22T08:50:41.150+0300] {logging_mixin.py:188} INFO - [2026-06-22T08:50:41.149+0300] {dagbag.py:540} INFO - Filling up the DagBag from /media/data/omar/programming course/DEPI/DEPI project/anomx/venv/lib/python3.12/site-packages/airflow/example_dags/example_bash_decorator.py
[2026-06-22T08:50:41.165+0300] {processor.py:840} INFO - DAG(s) 'example_bash_decorator' retrieved from /media/data/omar/programming course/DEPI/DEPI project/anomx/venv/lib/python3.12/site-packages/airflow/example_dags/example_bash_decorator.py
[2026-06-22T08:50:41.182+0300] {logging_mixin.py:188} INFO - [2026-06-22T08:50:41.182+0300] {dag.py:3096} INFO - Sync 1 DAGs
[2026-06-22T08:50:41.190+0300] {logging_mixin.py:188} INFO - [2026-06-22T08:50:41.190+0300] {dag.py:3954} INFO - Setting next_dagrun for example_bash_decorator to None, run_after=None
[2026-06-22T08:50:41.215+0300] {processor.py:183} INFO - Processing /media/data/omar/programming course/DEPI/DEPI project/anomx/venv/lib/python3.12/site-packages/airflow/example_dags/example_bash_decorator.py took 0.079 seconds
[2026-06-22T08:52:02.831+0300] {processor.py:161} INFO - Started process (PID=45906) to work on /media/data/omar/programming course/DEPI/DEPI project/anomx/venv/lib/python3.12/site-packages/airflow/example_dags/example_bash_decorator.py
[2026-06-22T08:52:02.832+0300] {processor.py:830} INFO - Processing file /media/data/omar/programming course/DEPI/DEPI project/anomx/venv/lib/python3.12/site-packages/airflow/example_dags/example_bash_decorator.py for tasks to queue
[2026-06-22T08:52:02.833+0300] {logging_mixin.py:188} INFO - [2026-06-22T08:52:02.833+0300] {dagbag.py:540} INFO - Filling up the DagBag from /media/data/omar/programming course/DEPI/DEPI project/anomx/venv/lib/python3.12/site-packages/airflow/example_dags/example_bash_decorator.py
[2026-06-22T08:52:02.847+0300] {processor.py:840} INFO - DAG(s) 'example_bash_decorator' retrieved from /media/data/omar/programming course/DEPI/DEPI project/anomx/venv/lib/python3.12/site-packages/airflow/example_dags/example_bash_decorator.py
[2026-06-22T08:52:02.866+0300] {logging_mixin.py:188} INFO - [2026-06-22T08:52:02.866+0300] {dag.py:3096} INFO - Sync 1 DAGs
[2026-06-22T08:52:02.877+0300] {logging_mixin.py:188} INFO - [2026-06-22T08:52:02.876+0300] {dag.py:3954} INFO - Setting next_dagrun for example_bash_decorator to None, run_after=None
[2026-06-22T08:52:02.904+0300] {processor.py:183} INFO - Processing /media/data/omar/programming course/DEPI/DEPI project/anomx/venv/lib/python3.12/site-packages/airflow/example_dags/example_bash_decorator.py took 0.081 seconds
[2026-06-22T08:53:21.286+0300] {processor.py:161} INFO - Started process (PID=46026) to work on /media/data/omar/programming course/DEPI/DEPI project/anomx/venv/lib/python3.12/site-packages/airflow/example_dags/example_bash_decorator.py
[2026-06-22T08:53:21.287+0300] {processor.py:830} INFO - Processing file /media/data/omar/programming course/DEPI/DEPI project/anomx/venv/lib/python3.12/site-packages/airflow/example_dags/example_bash_decorator.py for tasks to queue
[2026-06-22T08:53:21.288+0300] {logging_mixin.py:188} INFO - [2026-06-22T08:53:21.288+0300] {dagbag.py:540} INFO - Filling up the DagBag from /media/data/omar/programming course/DEPI/DEPI project/anomx/venv/lib/python3.12/site-packages/airflow/example_dags/example_bash_decorator.py
[2026-06-22T08:53:21.303+0300] {processor.py:840} INFO - DAG(s) 'example_bash_decorator' retrieved from /media/data/omar/programming course/DEPI/DEPI project/anomx/venv/lib/python3.12/site-packages/airflow/example_dags/example_bash_decorator.py
[2026-06-22T08:53:21.323+0300] {logging_mixin.py:188} INFO - [2026-06-22T08:53:21.323+0300] {dag.py:3096} INFO - Sync 1 DAGs
[2026-06-22T08:53:21.332+0300] {logging_mixin.py:188} INFO - [2026-06-22T08:53:21.332+0300] {dag.py:3954} INFO - Setting next_dagrun for example_bash_decorator to None, run_after=None
[2026-06-22T08:53:21.362+0300] {processor.py:183} INFO - Processing /media/data/omar/programming course/DEPI/DEPI project/anomx/venv/lib/python3.12/site-packages/airflow/example_dags/example_bash_decorator.py took 0.083 seconds
[2026-06-22T08:54:42.726+0300] {processor.py:161} INFO - Started process (PID=46147) to work on /media/data/omar/programming course/DEPI/DEPI project/anomx/venv/lib/python3.12/site-packages/airflow/example_dags/example_bash_decorator.py
[2026-06-22T08:54:42.728+0300] {processor.py:830} INFO - Processing file /media/data/omar/programming course/DEPI/DEPI project/anomx/venv/lib/python3.12/site-packages/airflow/example_dags/example_bash_decorator.py for tasks to queue
[2026-06-22T08:54:42.731+0300] {logging_mixin.py:188} INFO - [2026-06-22T08:54:42.729+0300] {dagbag.py:540} INFO - Filling up the DagBag from /media/data/omar/programming course/DEPI/DEPI project/anomx/venv/lib/python3.12/site-packages/airflow/example_dags/example_bash_decorator.py
[2026-06-22T08:54:42.755+0300] {processor.py:840} INFO - DAG(s) 'example_bash_decorator' retrieved from /media/data/omar/programming course/DEPI/DEPI project/anomx/venv/lib/python3.12/site-packages/airflow/example_dags/example_bash_decorator.py
[2026-06-22T08:54:42.773+0300] {logging_mixin.py:188} INFO - [2026-06-22T08:54:42.773+0300] {dag.py:3096} INFO - Sync 1 DAGs
[2026-06-22T08:54:42.783+0300] {logging_mixin.py:188} INFO - [2026-06-22T08:54:42.783+0300] {dag.py:3954} INFO - Setting next_dagrun for example_bash_decorator to None, run_after=None
[2026-06-22T08:54:42.812+0300] {processor.py:183} INFO - Processing /media/data/omar/programming course/DEPI/DEPI project/anomx/venv/lib/python3.12/site-packages/airflow/example_dags/example_bash_decorator.py took 0.100 seconds
[2026-06-22T08:56:03.381+0300] {processor.py:161} INFO - Started process (PID=46265) to work on /media/data/omar/programming course/DEPI/DEPI project/anomx/venv/lib/python3.12/site-packages/airflow/example_dags/example_bash_decorator.py
[2026-06-22T08:56:03.382+0300] {processor.py:830} INFO - Processing file /media/data/omar/programming course/DEPI/DEPI project/anomx/venv/lib/python3.12/site-packages/airflow/example_dags/example_bash_decorator.py for tasks to queue
[2026-06-22T08:56:03.384+0300] {logging_mixin.py:188} INFO - [2026-06-22T08:56:03.383+0300] {dagbag.py:540} INFO - Filling up the DagBag from /media/data/omar/programming course/DEPI/DEPI project/anomx/venv/lib/python3.12/site-packages/airflow/example_dags/example_bash_decorator.py
[2026-06-22T08:56:03.398+0300] {processor.py:840} INFO - DAG(s) 'example_bash_decorator' retrieved from /media/data/omar/programming course/DEPI/DEPI project/anomx/venv/lib/python3.12/site-packages/airflow/example_dags/example_bash_decorator.py
[2026-06-22T08:56:03.416+0300] {logging_mixin.py:188} INFO - [2026-06-22T08:56:03.416+0300] {dag.py:3096} INFO - Sync 1 DAGs
[2026-06-22T08:56:03.426+0300] {logging_mixin.py:188} INFO - [2026-06-22T08:56:03.426+0300] {dag.py:3954} INFO - Setting next_dagrun for example_bash_decorator to None, run_after=None
[2026-06-22T08:56:03.456+0300] {processor.py:183} INFO - Processing /media/data/omar/programming course/DEPI/DEPI project/anomx/venv/lib/python3.12/site-packages/airflow/example_dags/example_bash_decorator.py took 0.084 seconds
[2026-06-22T08:57:25.398+0300] {processor.py:161} INFO - Started process (PID=46411) to work on /media/data/omar/programming course/DEPI/DEPI project/anomx/venv/lib/python3.12/site-packages/airflow/example_dags/example_bash_decorator.py
[2026-06-22T08:57:25.400+0300] {processor.py:830} INFO - Processing file /media/data/omar/programming course/DEPI/DEPI project/anomx/venv/lib/python3.12/site-packages/airflow/example_dags/example_bash_decorator.py for tasks to queue
[2026-06-22T08:57:25.401+0300] {logging_mixin.py:188} INFO - [2026-06-22T08:57:25.400+0300] {dagbag.py:540} INFO - Filling up the DagBag from /media/data/omar/programming course/DEPI/DEPI project/anomx/venv/lib/python3.12/site-packages/airflow/example_dags/example_bash_decorator.py
[2026-06-22T08:57:25.417+0300] {processor.py:840} INFO - DAG(s) 'example_bash_decorator' retrieved from /media/data/omar/programming course/DEPI/DEPI project/anomx/venv/lib/python3.12/site-packages/airflow/example_dags/example_bash_decorator.py
[2026-06-22T08:57:25.435+0300] {logging_mixin.py:188} INFO - [2026-06-22T08:57:25.434+0300] {dag.py:3096} INFO - Sync 1 DAGs
[2026-06-22T08:57:25.444+0300] {logging_mixin.py:188} INFO - [2026-06-22T08:57:25.443+0300] {dag.py:3954} INFO - Setting next_dagrun for example_bash_decorator to None, run_after=None
[2026-06-22T08:57:25.472+0300] {processor.py:183} INFO - Processing /media/data/omar/programming course/DEPI/DEPI project/anomx/venv/lib/python3.12/site-packages/airflow/example_dags/example_bash_decorator.py took 0.081 seconds
[2026-06-22T08:58:42.788+0300] {processor.py:161} INFO - Started process (PID=46515) to work on /media/data/omar/programming course/DEPI/DEPI project/anomx/venv/lib/python3.12/site-packages/airflow/example_dags/example_bash_decorator.py
[2026-06-22T08:58:42.789+0300] {processor.py:830} INFO - Processing file /media/data/omar/programming course/DEPI/DEPI project/anomx/venv/lib/python3.12/site-packages/airflow/example_dags/example_bash_decorator.py for tasks to queue
[2026-06-22T08:58:42.791+0300] {logging_mixin.py:188} INFO - [2026-06-22T08:58:42.790+0300] {dagbag.py:540} INFO - Filling up the DagBag from /media/data/omar/programming course/DEPI/DEPI project/anomx/venv/lib/python3.12/site-packages/airflow/example_dags/example_bash_decorator.py
[2026-06-22T08:58:42.806+0300] {processor.py:840} INFO - DAG(s) 'example_bash_decorator' retrieved from /media/data/omar/programming course/DEPI/DEPI project/anomx/venv/lib/python3.12/site-packages/airflow/example_dags/example_bash_decorator.py
[2026-06-22T08:58:42.825+0300] {logging_mixin.py:188} INFO - [2026-06-22T08:58:42.825+0300] {dag.py:3096} INFO - Sync 1 DAGs
[2026-06-22T08:58:42.834+0300] {logging_mixin.py:188} INFO - [2026-06-22T08:58:42.834+0300] {dag.py:3954} INFO - Setting next_dagrun for example_bash_decorator to None, run_after=None
[2026-06-22T08:58:42.863+0300] {processor.py:183} INFO - Processing /media/data/omar/programming course/DEPI/DEPI project/anomx/venv/lib/python3.12/site-packages/airflow/example_dags/example_bash_decorator.py took 0.091 seconds
[2026-06-22T09:00:00.003+0300] {processor.py:161} INFO - Started process (PID=46639) to work on /media/data/omar/programming course/DEPI/DEPI project/anomx/venv/lib/python3.12/site-packages/airflow/example_dags/example_bash_decorator.py
[2026-06-22T09:00:00.004+0300] {processor.py:830} INFO - Processing file /media/data/omar/programming course/DEPI/DEPI project/anomx/venv/lib/python3.12/site-packages/airflow/example_dags/example_bash_decorator.py for tasks to queue
[2026-06-22T09:00:00.006+0300] {logging_mixin.py:188} INFO - [2026-06-22T09:00:00.005+0300] {dagbag.py:540} INFO - Filling up the DagBag from /media/data/omar/programming course/DEPI/DEPI project/anomx/venv/lib/python3.12/site-packages/airflow/example_dags/example_bash_decorator.py
[2026-06-22T09:00:00.023+0300] {processor.py:840} INFO - DAG(s) 'example_bash_decorator' retrieved from /media/data/omar/programming course/DEPI/DEPI project/anomx/venv/lib/python3.12/site-packages/airflow/example_dags/example_bash_decorator.py
[2026-06-22T09:00:00.042+0300] {logging_mixin.py:188} INFO - [2026-06-22T09:00:00.041+0300] {dag.py:3096} INFO - Sync 1 DAGs
[2026-06-22T09:00:00.051+0300] {logging_mixin.py:188} INFO - [2026-06-22T09:00:00.051+0300] {dag.py:3954} INFO - Setting next_dagrun for example_bash_decorator to None, run_after=None
[2026-06-22T09:00:00.079+0300] {processor.py:183} INFO - Processing /media/data/omar/programming course/DEPI/DEPI project/anomx/venv/lib/python3.12/site-packages/airflow/example_dags/example_bash_decorator.py took 0.083 seconds
[2026-06-22T09:01:21.836+0300] {processor.py:161} INFO - Started process (PID=46758) to work on /media/data/omar/programming course/DEPI/DEPI project/anomx/venv/lib/python3.12/site-packages/airflow/example_dags/example_bash_decorator.py
[2026-06-22T09:01:21.837+0300] {processor.py:830} INFO - Processing file /media/data/omar/programming course/DEPI/DEPI project/anomx/venv/lib/python3.12/site-packages/airflow/example_dags/example_bash_decorator.py for tasks to queue
[2026-06-22T09:01:21.839+0300] {logging_mixin.py:188} INFO - [2026-06-22T09:01:21.838+0300] {dagbag.py:540} INFO - Filling up the DagBag from /media/data/omar/programming course/DEPI/DEPI project/anomx/venv/lib/python3.12/site-packages/airflow/example_dags/example_bash_decorator.py
[2026-06-22T09:01:21.855+0300] {processor.py:840} INFO - DAG(s) 'example_bash_decorator' retrieved from /media/data/omar/programming course/DEPI/DEPI project/anomx/venv/lib/python3.12/site-packages/airflow/example_dags/example_bash_decorator.py
[2026-06-22T09:01:21.872+0300] {logging_mixin.py:188} INFO - [2026-06-22T09:01:21.871+0300] {dag.py:3096} INFO - Sync 1 DAGs
[2026-06-22T09:01:21.880+0300] {logging_mixin.py:188} INFO - [2026-06-22T09:01:21.880+0300] {dag.py:3954} INFO - Setting next_dagrun for example_bash_decorator to None, run_after=None
[2026-06-22T09:01:21.907+0300] {processor.py:183} INFO - Processing /media/data/omar/programming course/DEPI/DEPI project/anomx/venv/lib/python3.12/site-packages/airflow/example_dags/example_bash_decorator.py took 0.087 seconds
[2026-06-22T09:02:35.132+0300] {processor.py:161} INFO - Started process (PID=46878) to work on /media/data/omar/programming course/DEPI/DEPI project/anomx/venv/lib/python3.12/site-packages/airflow/example_dags/example_bash_decorator.py
[2026-06-22T09:02:35.134+0300] {processor.py:830} INFO - Processing file /media/data/omar/programming course/DEPI/DEPI project/anomx/venv/lib/python3.12/site-packages/airflow/example_dags/example_bash_decorator.py for tasks to queue
[2026-06-22T09:02:35.135+0300] {logging_mixin.py:188} INFO - [2026-06-22T09:02:35.134+0300] {dagbag.py:540} INFO - Filling up the DagBag from /media/data/omar/programming course/DEPI/DEPI project/anomx/venv/lib/python3.12/site-packages/airflow/example_dags/example_bash_decorator.py
[2026-06-22T09:02:35.150+0300] {processor.py:840} INFO - DAG(s) 'example_bash_decorator' retrieved from /media/data/omar/programming course/DEPI/DEPI project/anomx/venv/lib/python3.12/site-packages/airflow/example_dags/example_bash_decorator.py
[2026-06-22T09:02:35.168+0300] {logging_mixin.py:188} INFO - [2026-06-22T09:02:35.168+0300] {dag.py:3096} INFO - Sync 1 DAGs
[2026-06-22T09:02:35.177+0300] {logging_mixin.py:188} INFO - [2026-06-22T09:02:35.176+0300] {dag.py:3954} INFO - Setting next_dagrun for example_bash_decorator to None, run_after=None
[2026-06-22T09:02:35.207+0300] {processor.py:183} INFO - Processing /media/data/omar/programming course/DEPI/DEPI project/anomx/venv/lib/python3.12/site-packages/airflow/example_dags/example_bash_decorator.py took 0.085 seconds
[2026-06-22T09:03:58.794+0300] {processor.py:161} INFO - Started process (PID=46993) to work on /media/data/omar/programming course/DEPI/DEPI project/anomx/venv/lib/python3.12/site-packages/airflow/example_dags/example_bash_decorator.py
[2026-06-22T09:03:58.794+0300] {processor.py:830} INFO - Processing file /media/data/omar/programming course/DEPI/DEPI project/anomx/venv/lib/python3.12/site-packages/airflow/example_dags/example_bash_decorator.py for tasks to queue
[2026-06-22T09:03:58.796+0300] {logging_mixin.py:188} INFO - [2026-06-22T09:03:58.795+0300] {dagbag.py:540} INFO - Filling up the DagBag from /media/data/omar/programming course/DEPI/DEPI project/anomx/venv/lib/python3.12/site-packages/airflow/example_dags/example_bash_decorator.py
[2026-06-22T09:03:58.809+0300] {processor.py:840} INFO - DAG(s) 'example_bash_decorator' retrieved from /media/data/omar/programming course/DEPI/DEPI project/anomx/venv/lib/python3.12/site-packages/airflow/example_dags/example_bash_decorator.py
[2026-06-22T09:03:58.826+0300] {logging_mixin.py:188} INFO - [2026-06-22T09:03:58.826+0300] {dag.py:3096} INFO - Sync 1 DAGs
[2026-06-22T09:03:58.836+0300] {logging_mixin.py:188} INFO - [2026-06-22T09:03:58.835+0300] {dag.py:3954} INFO - Setting next_dagrun for example_bash_decorator to None, run_after=None
[2026-06-22T09:03:58.862+0300] {processor.py:183} INFO - Processing /media/data/omar/programming course/DEPI/DEPI project/anomx/venv/lib/python3.12/site-packages/airflow/example_dags/example_bash_decorator.py took 0.076 seconds
[2026-06-22T09:05:16.656+0300] {processor.py:161} INFO - Started process (PID=47124) to work on /media/data/omar/programming course/DEPI/DEPI project/anomx/venv/lib/python3.12/site-packages/airflow/example_dags/example_bash_decorator.py
[2026-06-22T09:05:16.657+0300] {processor.py:830} INFO - Processing file /media/data/omar/programming course/DEPI/DEPI project/anomx/venv/lib/python3.12/site-packages/airflow/example_dags/example_bash_decorator.py for tasks to queue
[2026-06-22T09:05:16.658+0300] {logging_mixin.py:188} INFO - [2026-06-22T09:05:16.658+0300] {dagbag.py:540} INFO - Filling up the DagBag from /media/data/omar/programming course/DEPI/DEPI project/anomx/venv/lib/python3.12/site-packages/airflow/example_dags/example_bash_decorator.py
[2026-06-22T09:05:16.672+0300] {processor.py:840} INFO - DAG(s) 'example_bash_decorator' retrieved from /media/data/omar/programming course/DEPI/DEPI project/anomx/venv/lib/python3.12/site-packages/airflow/example_dags/example_bash_decorator.py
[2026-06-22T09:05:16.691+0300] {logging_mixin.py:188} INFO - [2026-06-22T09:05:16.691+0300] {dag.py:3096} INFO - Sync 1 DAGs
[2026-06-22T09:05:16.700+0300] {logging_mixin.py:188} INFO - [2026-06-22T09:05:16.700+0300] {dag.py:3954} INFO - Setting next_dagrun for example_bash_decorator to None, run_after=None
[2026-06-22T09:05:16.730+0300] {processor.py:183} INFO - Processing /media/data/omar/programming course/DEPI/DEPI project/anomx/venv/lib/python3.12/site-packages/airflow/example_dags/example_bash_decorator.py took 0.082 seconds
[2026-06-22T09:06:35.261+0300] {processor.py:161} INFO - Started process (PID=47244) to work on /media/data/omar/programming course/DEPI/DEPI project/anomx/venv/lib/python3.12/site-packages/airflow/example_dags/example_bash_decorator.py
[2026-06-22T09:06:35.262+0300] {processor.py:830} INFO - Processing file /media/data/omar/programming course/DEPI/DEPI project/anomx/venv/lib/python3.12/site-packages/airflow/example_dags/example_bash_decorator.py for tasks to queue
[2026-06-22T09:06:35.264+0300] {logging_mixin.py:188} INFO - [2026-06-22T09:06:35.263+0300] {dagbag.py:540} INFO - Filling up the DagBag from /media/data/omar/programming course/DEPI/DEPI project/anomx/venv/lib/python3.12/site-packages/airflow/example_dags/example_bash_decorator.py
[2026-06-22T09:06:35.277+0300] {processor.py:840} INFO - DAG(s) 'example_bash_decorator' retrieved from /media/data/omar/programming course/DEPI/DEPI project/anomx/venv/lib/python3.12/site-packages/airflow/example_dags/example_bash_decorator.py
[2026-06-22T09:06:35.303+0300] {logging_mixin.py:188} INFO - [2026-06-22T09:06:35.303+0300] {dag.py:3096} INFO - Sync 1 DAGs
[2026-06-22T09:06:35.312+0300] {logging_mixin.py:188} INFO - [2026-06-22T09:06:35.312+0300] {dag.py:3954} INFO - Setting next_dagrun for example_bash_decorator to None, run_after=None
[2026-06-22T09:06:35.339+0300] {processor.py:183} INFO - Processing /media/data/omar/programming course/DEPI/DEPI project/anomx/venv/lib/python3.12/site-packages/airflow/example_dags/example_bash_decorator.py took 0.086 seconds
[2026-06-22T09:07:55.363+0300] {processor.py:161} INFO - Started process (PID=47370) to work on /media/data/omar/programming course/DEPI/DEPI project/anomx/venv/lib/python3.12/site-packages/airflow/example_dags/example_bash_decorator.py
[2026-06-22T09:07:55.365+0300] {processor.py:830} INFO - Processing file /media/data/omar/programming course/DEPI/DEPI project/anomx/venv/lib/python3.12/site-packages/airflow/example_dags/example_bash_decorator.py for tasks to queue
[2026-06-22T09:07:55.367+0300] {logging_mixin.py:188} INFO - [2026-06-22T09:07:55.366+0300] {dagbag.py:540} INFO - Filling up the DagBag from /media/data/omar/programming course/DEPI/DEPI project/anomx/venv/lib/python3.12/site-packages/airflow/example_dags/example_bash_decorator.py
[2026-06-22T09:07:55.383+0300] {processor.py:840} INFO - DAG(s) 'example_bash_decorator' retrieved from /media/data/omar/programming course/DEPI/DEPI project/anomx/venv/lib/python3.12/site-packages/airflow/example_dags/example_bash_decorator.py
[2026-06-22T09:07:55.400+0300] {logging_mixin.py:188} INFO - [2026-06-22T09:07:55.400+0300] {dag.py:3096} INFO - Sync 1 DAGs
[2026-06-22T09:07:55.409+0300] {logging_mixin.py:188} INFO - [2026-06-22T09:07:55.409+0300] {dag.py:3954} INFO - Setting next_dagrun for example_bash_decorator to None, run_after=None
[2026-06-22T09:07:55.435+0300] {processor.py:183} INFO - Processing /media/data/omar/programming course/DEPI/DEPI project/anomx/venv/lib/python3.12/site-packages/airflow/example_dags/example_bash_decorator.py took 0.089 seconds
[2026-06-22T09:09:16.379+0300] {processor.py:161} INFO - Started process (PID=47489) to work on /media/data/omar/programming course/DEPI/DEPI project/anomx/venv/lib/python3.12/site-packages/airflow/example_dags/example_bash_decorator.py
[2026-06-22T09:09:16.381+0300] {processor.py:830} INFO - Processing file /media/data/omar/programming course/DEPI/DEPI project/anomx/venv/lib/python3.12/site-packages/airflow/example_dags/example_bash_decorator.py for tasks to queue
[2026-06-22T09:09:16.384+0300] {logging_mixin.py:188} INFO - [2026-06-22T09:09:16.383+0300] {dagbag.py:540} INFO - Filling up the DagBag from /media/data/omar/programming course/DEPI/DEPI project/anomx/venv/lib/python3.12/site-packages/airflow/example_dags/example_bash_decorator.py
[2026-06-22T09:09:16.405+0300] {processor.py:840} INFO - DAG(s) 'example_bash_decorator' retrieved from /media/data/omar/programming course/DEPI/DEPI project/anomx/venv/lib/python3.12/site-packages/airflow/example_dags/example_bash_decorator.py
[2026-06-22T09:09:16.423+0300] {logging_mixin.py:188} INFO - [2026-06-22T09:09:16.423+0300] {dag.py:3096} INFO - Sync 1 DAGs
[2026-06-22T09:09:16.432+0300] {logging_mixin.py:188} INFO - [2026-06-22T09:09:16.432+0300] {dag.py:3954} INFO - Setting next_dagrun for example_bash_decorator to None, run_after=None
[2026-06-22T09:09:16.459+0300] {processor.py:183} INFO - Processing /media/data/omar/programming course/DEPI/DEPI project/anomx/venv/lib/python3.12/site-packages/airflow/example_dags/example_bash_decorator.py took 0.099 seconds
[2026-06-22T09:10:32.225+0300] {processor.py:161} INFO - Started process (PID=47642) to work on /media/data/omar/programming course/DEPI/DEPI project/anomx/venv/lib/python3.12/site-packages/airflow/example_dags/example_bash_decorator.py
[2026-06-22T09:10:32.226+0300] {processor.py:830} INFO - Processing file /media/data/omar/programming course/DEPI/DEPI project/anomx/venv/lib/python3.12/site-packages/airflow/example_dags/example_bash_decorator.py for tasks to queue
[2026-06-22T09:10:32.228+0300] {logging_mixin.py:188} INFO - [2026-06-22T09:10:32.227+0300] {dagbag.py:540} INFO - Filling up the DagBag from /media/data/omar/programming course/DEPI/DEPI project/anomx/venv/lib/python3.12/site-packages/airflow/example_dags/example_bash_decorator.py
[2026-06-22T09:10:32.242+0300] {processor.py:840} INFO - DAG(s) 'example_bash_decorator' retrieved from /media/data/omar/programming course/DEPI/DEPI project/anomx/venv/lib/python3.12/site-packages/airflow/example_dags/example_bash_decorator.py
[2026-06-22T09:10:32.260+0300] {logging_mixin.py:188} INFO - [2026-06-22T09:10:32.260+0300] {dag.py:3096} INFO - Sync 1 DAGs
[2026-06-22T09:10:32.269+0300] {logging_mixin.py:188} INFO - [2026-06-22T09:10:32.269+0300] {dag.py:3954} INFO - Setting next_dagrun for example_bash_decorator to None, run_after=None
[2026-06-22T09:10:32.296+0300] {processor.py:183} INFO - Processing /media/data/omar/programming course/DEPI/DEPI project/anomx/venv/lib/python3.12/site-packages/airflow/example_dags/example_bash_decorator.py took 0.084 seconds
[2026-06-22T09:11:54.250+0300] {processor.py:161} INFO - Started process (PID=47956) to work on /media/data/omar/programming course/DEPI/DEPI project/anomx/venv/lib/python3.12/site-packages/airflow/example_dags/example_bash_decorator.py
[2026-06-22T09:11:54.251+0300] {processor.py:830} INFO - Processing file /media/data/omar/programming course/DEPI/DEPI project/anomx/venv/lib/python3.12/site-packages/airflow/example_dags/example_bash_decorator.py for tasks to queue
[2026-06-22T09:11:54.252+0300] {logging_mixin.py:188} INFO - [2026-06-22T09:11:54.251+0300] {dagbag.py:540} INFO - Filling up the DagBag from /media/data/omar/programming course/DEPI/DEPI project/anomx/venv/lib/python3.12/site-packages/airflow/example_dags/example_bash_decorator.py
[2026-06-22T09:11:54.268+0300] {processor.py:840} INFO - DAG(s) 'example_bash_decorator' retrieved from /media/data/omar/programming course/DEPI/DEPI project/anomx/venv/lib/python3.12/site-packages/airflow/example_dags/example_bash_decorator.py
[2026-06-22T09:11:54.294+0300] {logging_mixin.py:188} INFO - [2026-06-22T09:11:54.293+0300] {dag.py:3096} INFO - Sync 1 DAGs
[2026-06-22T09:11:54.307+0300] {logging_mixin.py:188} INFO - [2026-06-22T09:11:54.307+0300] {dag.py:3954} INFO - Setting next_dagrun for example_bash_decorator to None, run_after=None
[2026-06-22T09:11:54.340+0300] {processor.py:183} INFO - Processing /media/data/omar/programming course/DEPI/DEPI project/anomx/venv/lib/python3.12/site-packages/airflow/example_dags/example_bash_decorator.py took 0.096 seconds
[2026-06-22T09:13:14.073+0300] {processor.py:161} INFO - Started process (PID=48080) to work on /media/data/omar/programming course/DEPI/DEPI project/anomx/venv/lib/python3.12/site-packages/airflow/example_dags/example_bash_decorator.py
[2026-06-22T09:13:14.074+0300] {processor.py:830} INFO - Processing file /media/data/omar/programming course/DEPI/DEPI project/anomx/venv/lib/python3.12/site-packages/airflow/example_dags/example_bash_decorator.py for tasks to queue
[2026-06-22T09:13:14.076+0300] {logging_mixin.py:188} INFO - [2026-06-22T09:13:14.075+0300] {dagbag.py:540} INFO - Filling up the DagBag from /media/data/omar/programming course/DEPI/DEPI project/anomx/venv/lib/python3.12/site-packages/airflow/example_dags/example_bash_decorator.py
[2026-06-22T09:13:14.089+0300] {processor.py:840} INFO - DAG(s) 'example_bash_decorator' retrieved from /media/data/omar/programming course/DEPI/DEPI project/anomx/venv/lib/python3.12/site-packages/airflow/example_dags/example_bash_decorator.py
[2026-06-22T09:13:14.108+0300] {logging_mixin.py:188} INFO - [2026-06-22T09:13:14.108+0300] {dag.py:3096} INFO - Sync 1 DAGs
[2026-06-22T09:13:14.119+0300] {logging_mixin.py:188} INFO - [2026-06-22T09:13:14.119+0300] {dag.py:3954} INFO - Setting next_dagrun for example_bash_decorator to None, run_after=None
[2026-06-22T09:13:14.149+0300] {processor.py:183} INFO - Processing /media/data/omar/programming course/DEPI/DEPI project/anomx/venv/lib/python3.12/site-packages/airflow/example_dags/example_bash_decorator.py took 0.085 seconds
[2026-06-22T09:14:35.446+0300] {processor.py:161} INFO - Started process (PID=48216) to work on /media/data/omar/programming course/DEPI/DEPI project/anomx/venv/lib/python3.12/site-packages/airflow/example_dags/example_bash_decorator.py
[2026-06-22T09:14:35.448+0300] {processor.py:830} INFO - Processing file /media/data/omar/programming course/DEPI/DEPI project/anomx/venv/lib/python3.12/site-packages/airflow/example_dags/example_bash_decorator.py for tasks to queue
[2026-06-22T09:14:35.449+0300] {logging_mixin.py:188} INFO - [2026-06-22T09:14:35.449+0300] {dagbag.py:540} INFO - Filling up the DagBag from /media/data/omar/programming course/DEPI/DEPI project/anomx/venv/lib/python3.12/site-packages/airflow/example_dags/example_bash_decorator.py
[2026-06-22T09:14:35.465+0300] {processor.py:840} INFO - DAG(s) 'example_bash_decorator' retrieved from /media/data/omar/programming course/DEPI/DEPI project/anomx/venv/lib/python3.12/site-packages/airflow/example_dags/example_bash_decorator.py
[2026-06-22T09:14:35.482+0300] {logging_mixin.py:188} INFO - [2026-06-22T09:14:35.481+0300] {dag.py:3096} INFO - Sync 1 DAGs
[2026-06-22T09:14:35.491+0300] {logging_mixin.py:188} INFO - [2026-06-22T09:14:35.490+0300] {dag.py:3954} INFO - Setting next_dagrun for example_bash_decorator to None, run_after=None
[2026-06-22T09:14:35.517+0300] {processor.py:183} INFO - Processing /media/data/omar/programming course/DEPI/DEPI project/anomx/venv/lib/python3.12/site-packages/airflow/example_dags/example_bash_decorator.py took 0.084 seconds
[2026-06-22T09:15:53.845+0300] {processor.py:161} INFO - Started process (PID=48361) to work on /media/data/omar/programming course/DEPI/DEPI project/anomx/venv/lib/python3.12/site-packages/airflow/example_dags/example_bash_decorator.py
[2026-06-22T09:15:53.847+0300] {processor.py:830} INFO - Processing file /media/data/omar/programming course/DEPI/DEPI project/anomx/venv/lib/python3.12/site-packages/airflow/example_dags/example_bash_decorator.py for tasks to queue
[2026-06-22T09:15:53.849+0300] {logging_mixin.py:188} INFO - [2026-06-22T09:15:53.848+0300] {dagbag.py:540} INFO - Filling up the DagBag from /media/data/omar/programming course/DEPI/DEPI project/anomx/venv/lib/python3.12/site-packages/airflow/example_dags/example_bash_decorator.py
[2026-06-22T09:15:53.867+0300] {processor.py:840} INFO - DAG(s) 'example_bash_decorator' retrieved from /media/data/omar/programming course/DEPI/DEPI project/anomx/venv/lib/python3.12/site-packages/airflow/example_dags/example_bash_decorator.py
[2026-06-22T09:15:53.886+0300] {logging_mixin.py:188} INFO - [2026-06-22T09:15:53.884+0300] {dag.py:3096} INFO - Sync 1 DAGs
[2026-06-22T09:15:53.896+0300] {logging_mixin.py:188} INFO - [2026-06-22T09:15:53.896+0300] {dag.py:3954} INFO - Setting next_dagrun for example_bash_decorator to None, run_after=None
[2026-06-22T09:15:53.924+0300] {processor.py:183} INFO - Processing /media/data/omar/programming course/DEPI/DEPI project/anomx/venv/lib/python3.12/site-packages/airflow/example_dags/example_bash_decorator.py took 0.089 seconds
[2026-06-22T09:16:56.175+0300] {processor.py:161} INFO - Started process (PID=48466) to work on /media/data/omar/programming course/DEPI/DEPI project/anomx/venv/lib/python3.12/site-packages/airflow/example_dags/example_bash_decorator.py
[2026-06-22T09:16:56.176+0300] {processor.py:830} INFO - Processing file /media/data/omar/programming course/DEPI/DEPI project/anomx/venv/lib/python3.12/site-packages/airflow/example_dags/example_bash_decorator.py for tasks to queue
[2026-06-22T09:16:56.177+0300] {logging_mixin.py:188} INFO - [2026-06-22T09:16:56.177+0300] {dagbag.py:540} INFO - Filling up the DagBag from /media/data/omar/programming course/DEPI/DEPI project/anomx/venv/lib/python3.12/site-packages/airflow/example_dags/example_bash_decorator.py
[2026-06-22T09:16:56.193+0300] {processor.py:840} INFO - DAG(s) 'example_bash_decorator' retrieved from /media/data/omar/programming course/DEPI/DEPI project/anomx/venv/lib/python3.12/site-packages/airflow/example_dags/example_bash_decorator.py
[2026-06-22T09:16:56.216+0300] {logging_mixin.py:188} INFO - [2026-06-22T09:16:56.215+0300] {dag.py:3096} INFO - Sync 1 DAGs
[2026-06-22T09:16:56.227+0300] {logging_mixin.py:188} INFO - [2026-06-22T09:16:56.226+0300] {dag.py:3954} INFO - Setting next_dagrun for example_bash_decorator to None, run_after=None
[2026-06-22T09:16:56.266+0300] {processor.py:183} INFO - Processing /media/data/omar/programming course/DEPI/DEPI project/anomx/venv/lib/python3.12/site-packages/airflow/example_dags/example_bash_decorator.py took 0.099 seconds
[2026-06-22T09:17:56.045+0300] {processor.py:161} INFO - Started process (PID=48577) to work on /media/data/omar/programming course/DEPI/DEPI project/anomx/venv/lib/python3.12/site-packages/airflow/example_dags/example_bash_decorator.py
[2026-06-22T09:17:56.047+0300] {processor.py:830} INFO - Processing file /media/data/omar/programming course/DEPI/DEPI project/anomx/venv/lib/python3.12/site-packages/airflow/example_dags/example_bash_decorator.py for tasks to queue
[2026-06-22T09:17:56.050+0300] {logging_mixin.py:188} INFO - [2026-06-22T09:17:56.049+0300] {dagbag.py:540} INFO - Filling up the DagBag from /media/data/omar/programming course/DEPI/DEPI project/anomx/venv/lib/python3.12/site-packages/airflow/example_dags/example_bash_decorator.py
[2026-06-22T09:17:56.078+0300] {processor.py:840} INFO - DAG(s) 'example_bash_decorator' retrieved from /media/data/omar/programming course/DEPI/DEPI project/anomx/venv/lib/python3.12/site-packages/airflow/example_dags/example_bash_decorator.py
[2026-06-22T09:17:56.101+0300] {logging_mixin.py:188} INFO - [2026-06-22T09:17:56.100+0300] {dag.py:3096} INFO - Sync 1 DAGs
[2026-06-22T09:17:56.111+0300] {logging_mixin.py:188} INFO - [2026-06-22T09:17:56.110+0300] {dag.py:3954} INFO - Setting next_dagrun for example_bash_decorator to None, run_after=None
[2026-06-22T09:17:56.142+0300] {processor.py:183} INFO - Processing /media/data/omar/programming course/DEPI/DEPI project/anomx/venv/lib/python3.12/site-packages/airflow/example_dags/example_bash_decorator.py took 0.116 seconds
[2026-06-22T09:18:58.540+0300] {processor.py:161} INFO - Started process (PID=48726) to work on /media/data/omar/programming course/DEPI/DEPI project/anomx/venv/lib/python3.12/site-packages/airflow/example_dags/example_bash_decorator.py
[2026-06-22T09:18:58.545+0300] {processor.py:830} INFO - Processing file /media/data/omar/programming course/DEPI/DEPI project/anomx/venv/lib/python3.12/site-packages/airflow/example_dags/example_bash_decorator.py for tasks to queue
[2026-06-22T09:18:58.553+0300] {logging_mixin.py:188} INFO - [2026-06-22T09:18:58.550+0300] {dagbag.py:540} INFO - Filling up the DagBag from /media/data/omar/programming course/DEPI/DEPI project/anomx/venv/lib/python3.12/site-packages/airflow/example_dags/example_bash_decorator.py
[2026-06-22T09:18:58.608+0300] {processor.py:840} INFO - DAG(s) 'example_bash_decorator' retrieved from /media/data/omar/programming course/DEPI/DEPI project/anomx/venv/lib/python3.12/site-packages/airflow/example_dags/example_bash_decorator.py
[2026-06-22T09:18:58.654+0300] {logging_mixin.py:188} INFO - [2026-06-22T09:18:58.654+0300] {dag.py:3096} INFO - Sync 1 DAGs
[2026-06-22T09:18:58.665+0300] {logging_mixin.py:188} INFO - [2026-06-22T09:18:58.665+0300] {dag.py:3954} INFO - Setting next_dagrun for example_bash_decorator to None, run_after=None
[2026-06-22T09:18:58.696+0300] {processor.py:183} INFO - Processing /media/data/omar/programming course/DEPI/DEPI project/anomx/venv/lib/python3.12/site-packages/airflow/example_dags/example_bash_decorator.py took 0.178 seconds
[2026-06-22T09:20:09.626+0300] {processor.py:161} INFO - Started process (PID=48983) to work on /media/data/omar/programming course/DEPI/DEPI project/anomx/venv/lib/python3.12/site-packages/airflow/example_dags/example_bash_decorator.py
[2026-06-22T09:20:09.628+0300] {processor.py:830} INFO - Processing file /media/data/omar/programming course/DEPI/DEPI project/anomx/venv/lib/python3.12/site-packages/airflow/example_dags/example_bash_decorator.py for tasks to queue
[2026-06-22T09:20:09.630+0300] {logging_mixin.py:188} INFO - [2026-06-22T09:20:09.629+0300] {dagbag.py:540} INFO - Filling up the DagBag from /media/data/omar/programming course/DEPI/DEPI project/anomx/venv/lib/python3.12/site-packages/airflow/example_dags/example_bash_decorator.py
[2026-06-22T09:20:09.648+0300] {processor.py:840} INFO - DAG(s) 'example_bash_decorator' retrieved from /media/data/omar/programming course/DEPI/DEPI project/anomx/venv/lib/python3.12/site-packages/airflow/example_dags/example_bash_decorator.py
[2026-06-22T09:20:09.686+0300] {logging_mixin.py:188} INFO - [2026-06-22T09:20:09.685+0300] {dag.py:3096} INFO - Sync 1 DAGs
[2026-06-22T09:20:09.701+0300] {logging_mixin.py:188} INFO - [2026-06-22T09:20:09.700+0300] {dag.py:3954} INFO - Setting next_dagrun for example_bash_decorator to None, run_after=None
[2026-06-22T09:20:09.751+0300] {processor.py:183} INFO - Processing /media/data/omar/programming course/DEPI/DEPI project/anomx/venv/lib/python3.12/site-packages/airflow/example_dags/example_bash_decorator.py took 0.135 seconds
[2026-06-22T09:21:19.201+0300] {processor.py:161} INFO - Started process (PID=49165) to work on /media/data/omar/programming course/DEPI/DEPI project/anomx/venv/lib/python3.12/site-packages/airflow/example_dags/example_bash_decorator.py
[2026-06-22T09:21:19.205+0300] {processor.py:830} INFO - Processing file /media/data/omar/programming course/DEPI/DEPI project/anomx/venv/lib/python3.12/site-packages/airflow/example_dags/example_bash_decorator.py for tasks to queue
[2026-06-22T09:21:19.211+0300] {logging_mixin.py:188} INFO - [2026-06-22T09:21:19.208+0300] {dagbag.py:540} INFO - Filling up the DagBag from /media/data/omar/programming course/DEPI/DEPI project/anomx/venv/lib/python3.12/site-packages/airflow/example_dags/example_bash_decorator.py
[2026-06-22T09:21:19.281+0300] {processor.py:840} INFO - DAG(s) 'example_bash_decorator' retrieved from /media/data/omar/programming course/DEPI/DEPI project/anomx/venv/lib/python3.12/site-packages/airflow/example_dags/example_bash_decorator.py
[2026-06-22T09:21:19.320+0300] {logging_mixin.py:188} INFO - [2026-06-22T09:21:19.319+0300] {dag.py:3096} INFO - Sync 1 DAGs
[2026-06-22T09:21:19.332+0300] {logging_mixin.py:188} INFO - [2026-06-22T09:21:19.332+0300] {dag.py:3954} INFO - Setting next_dagrun for example_bash_decorator to None, run_after=None
[2026-06-22T09:21:19.368+0300] {processor.py:183} INFO - Processing /media/data/omar/programming course/DEPI/DEPI project/anomx/venv/lib/python3.12/site-packages/airflow/example_dags/example_bash_decorator.py took 0.190 seconds
[2026-06-22T09:22:29.858+0300] {processor.py:161} INFO - Started process (PID=49353) to work on /media/data/omar/programming course/DEPI/DEPI project/anomx/venv/lib/python3.12/site-packages/airflow/example_dags/example_bash_decorator.py
[2026-06-22T09:22:29.859+0300] {processor.py:830} INFO - Processing file /media/data/omar/programming course/DEPI/DEPI project/anomx/venv/lib/python3.12/site-packages/airflow/example_dags/example_bash_decorator.py for tasks to queue
[2026-06-22T09:22:29.862+0300] {logging_mixin.py:188} INFO - [2026-06-22T09:22:29.861+0300] {dagbag.py:540} INFO - Filling up the DagBag from /media/data/omar/programming course/DEPI/DEPI project/anomx/venv/lib/python3.12/site-packages/airflow/example_dags/example_bash_decorator.py
[2026-06-22T09:22:29.907+0300] {processor.py:840} INFO - DAG(s) 'example_bash_decorator' retrieved from /media/data/omar/programming course/DEPI/DEPI project/anomx/venv/lib/python3.12/site-packages/airflow/example_dags/example_bash_decorator.py
[2026-06-22T09:22:29.952+0300] {logging_mixin.py:188} INFO - [2026-06-22T09:22:29.951+0300] {dag.py:3096} INFO - Sync 1 DAGs
[2026-06-22T09:22:29.978+0300] {logging_mixin.py:188} INFO - [2026-06-22T09:22:29.977+0300] {dag.py:3954} INFO - Setting next_dagrun for example_bash_decorator to None, run_after=None
[2026-06-22T09:22:30.052+0300] {processor.py:183} INFO - Processing /media/data/omar/programming course/DEPI/DEPI project/anomx/venv/lib/python3.12/site-packages/airflow/example_dags/example_bash_decorator.py took 0.225 seconds
[2026-06-22T09:23:34.876+0300] {processor.py:161} INFO - Started process (PID=49489) to work on /media/data/omar/programming course/DEPI/DEPI project/anomx/venv/lib/python3.12/site-packages/airflow/example_dags/example_bash_decorator.py
[2026-06-22T09:23:34.880+0300] {processor.py:830} INFO - Processing file /media/data/omar/programming course/DEPI/DEPI project/anomx/venv/lib/python3.12/site-packages/airflow/example_dags/example_bash_decorator.py for tasks to queue
[2026-06-22T09:23:34.894+0300] {logging_mixin.py:188} INFO - [2026-06-22T09:23:34.886+0300] {dagbag.py:540} INFO - Filling up the DagBag from /media/data/omar/programming course/DEPI/DEPI project/anomx/venv/lib/python3.12/site-packages/airflow/example_dags/example_bash_decorator.py
[2026-06-22T09:23:34.931+0300] {processor.py:840} INFO - DAG(s) 'example_bash_decorator' retrieved from /media/data/omar/programming course/DEPI/DEPI project/anomx/venv/lib/python3.12/site-packages/airflow/example_dags/example_bash_decorator.py
[2026-06-22T09:23:34.982+0300] {logging_mixin.py:188} INFO - [2026-06-22T09:23:34.980+0300] {dag.py:3096} INFO - Sync 1 DAGs
[2026-06-22T09:23:34.999+0300] {logging_mixin.py:188} INFO - [2026-06-22T09:23:34.998+0300] {dag.py:3954} INFO - Setting next_dagrun for example_bash_decorator to None, run_after=None
[2026-06-22T09:23:35.062+0300] {processor.py:183} INFO - Processing /media/data/omar/programming course/DEPI/DEPI project/anomx/venv/lib/python3.12/site-packages/airflow/example_dags/example_bash_decorator.py took 0.199 seconds
[2026-06-22T09:24:40.548+0300] {processor.py:161} INFO - Started process (PID=49665) to work on /media/data/omar/programming course/DEPI/DEPI project/anomx/venv/lib/python3.12/site-packages/airflow/example_dags/example_bash_decorator.py
[2026-06-22T09:24:40.552+0300] {processor.py:830} INFO - Processing file /media/data/omar/programming course/DEPI/DEPI project/anomx/venv/lib/python3.12/site-packages/airflow/example_dags/example_bash_decorator.py for tasks to queue
[2026-06-22T09:24:40.554+0300] {logging_mixin.py:188} INFO - [2026-06-22T09:24:40.553+0300] {dagbag.py:540} INFO - Filling up the DagBag from /media/data/omar/programming course/DEPI/DEPI project/anomx/venv/lib/python3.12/site-packages/airflow/example_dags/example_bash_decorator.py
[2026-06-22T09:24:40.585+0300] {processor.py:840} INFO - DAG(s) 'example_bash_decorator' retrieved from /media/data/omar/programming course/DEPI/DEPI project/anomx/venv/lib/python3.12/site-packages/airflow/example_dags/example_bash_decorator.py
[2026-06-22T09:24:40.621+0300] {logging_mixin.py:188} INFO - [2026-06-22T09:24:40.620+0300] {dag.py:3096} INFO - Sync 1 DAGs
[2026-06-22T09:24:40.635+0300] {logging_mixin.py:188} INFO - [2026-06-22T09:24:40.634+0300] {dag.py:3954} INFO - Setting next_dagrun for example_bash_decorator to None, run_after=None
[2026-06-22T09:24:40.675+0300] {processor.py:183} INFO - Processing /media/data/omar/programming course/DEPI/DEPI project/anomx/venv/lib/python3.12/site-packages/airflow/example_dags/example_bash_decorator.py took 0.148 seconds
[2026-06-22T09:25:51.765+0300] {processor.py:161} INFO - Started process (PID=49841) to work on /media/data/omar/programming course/DEPI/DEPI project/anomx/venv/lib/python3.12/site-packages/airflow/example_dags/example_bash_decorator.py
[2026-06-22T09:25:51.767+0300] {processor.py:830} INFO - Processing file /media/data/omar/programming course/DEPI/DEPI project/anomx/venv/lib/python3.12/site-packages/airflow/example_dags/example_bash_decorator.py for tasks to queue
[2026-06-22T09:25:51.769+0300] {logging_mixin.py:188} INFO - [2026-06-22T09:25:51.768+0300] {dagbag.py:540} INFO - Filling up the DagBag from /media/data/omar/programming course/DEPI/DEPI project/anomx/venv/lib/python3.12/site-packages/airflow/example_dags/example_bash_decorator.py
[2026-06-22T09:25:51.787+0300] {processor.py:840} INFO - DAG(s) 'example_bash_decorator' retrieved from /media/data/omar/programming course/DEPI/DEPI project/anomx/venv/lib/python3.12/site-packages/airflow/example_dags/example_bash_decorator.py
[2026-06-22T09:25:51.818+0300] {logging_mixin.py:188} INFO - [2026-06-22T09:25:51.817+0300] {dag.py:3096} INFO - Sync 1 DAGs
[2026-06-22T09:25:51.837+0300] {logging_mixin.py:188} INFO - [2026-06-22T09:25:51.836+0300] {dag.py:3954} INFO - Setting next_dagrun for example_bash_decorator to None, run_after=None
[2026-06-22T09:25:52.046+0300] {processor.py:183} INFO - Processing /media/data/omar/programming course/DEPI/DEPI project/anomx/venv/lib/python3.12/site-packages/airflow/example_dags/example_bash_decorator.py took 0.299 seconds
[2026-06-22T09:27:03.177+0300] {processor.py:161} INFO - Started process (PID=50052) to work on /media/data/omar/programming course/DEPI/DEPI project/anomx/venv/lib/python3.12/site-packages/airflow/example_dags/example_bash_decorator.py
[2026-06-22T09:27:03.179+0300] {processor.py:830} INFO - Processing file /media/data/omar/programming course/DEPI/DEPI project/anomx/venv/lib/python3.12/site-packages/airflow/example_dags/example_bash_decorator.py for tasks to queue
[2026-06-22T09:27:03.184+0300] {logging_mixin.py:188} INFO - [2026-06-22T09:27:03.180+0300] {dagbag.py:540} INFO - Filling up the DagBag from /media/data/omar/programming course/DEPI/DEPI project/anomx/venv/lib/python3.12/site-packages/airflow/example_dags/example_bash_decorator.py
[2026-06-22T09:27:03.210+0300] {processor.py:840} INFO - DAG(s) 'example_bash_decorator' retrieved from /media/data/omar/programming course/DEPI/DEPI project/anomx/venv/lib/python3.12/site-packages/airflow/example_dags/example_bash_decorator.py
[2026-06-22T09:27:03.248+0300] {logging_mixin.py:188} INFO - [2026-06-22T09:27:03.247+0300] {dag.py:3096} INFO - Sync 1 DAGs
[2026-06-22T09:27:03.264+0300] {logging_mixin.py:188} INFO - [2026-06-22T09:27:03.264+0300] {dag.py:3954} INFO - Setting next_dagrun for example_bash_decorator to None, run_after=None
[2026-06-22T09:27:03.309+0300] {processor.py:183} INFO - Processing /media/data/omar/programming course/DEPI/DEPI project/anomx/venv/lib/python3.12/site-packages/airflow/example_dags/example_bash_decorator.py took 0.143 seconds
[2026-06-22T09:28:15.251+0300] {processor.py:161} INFO - Started process (PID=50246) to work on /media/data/omar/programming course/DEPI/DEPI project/anomx/venv/lib/python3.12/site-packages/airflow/example_dags/example_bash_decorator.py
[2026-06-22T09:28:15.253+0300] {processor.py:830} INFO - Processing file /media/data/omar/programming course/DEPI/DEPI project/anomx/venv/lib/python3.12/site-packages/airflow/example_dags/example_bash_decorator.py for tasks to queue
[2026-06-22T09:28:15.254+0300] {logging_mixin.py:188} INFO - [2026-06-22T09:28:15.253+0300] {dagbag.py:540} INFO - Filling up the DagBag from /media/data/omar/programming course/DEPI/DEPI project/anomx/venv/lib/python3.12/site-packages/airflow/example_dags/example_bash_decorator.py
[2026-06-22T09:28:15.268+0300] {processor.py:840} INFO - DAG(s) 'example_bash_decorator' retrieved from /media/data/omar/programming course/DEPI/DEPI project/anomx/venv/lib/python3.12/site-packages/airflow/example_dags/example_bash_decorator.py
[2026-06-22T09:28:15.290+0300] {logging_mixin.py:188} INFO - [2026-06-22T09:28:15.290+0300] {dag.py:3096} INFO - Sync 1 DAGs
[2026-06-22T09:28:15.300+0300] {logging_mixin.py:188} INFO - [2026-06-22T09:28:15.299+0300] {dag.py:3954} INFO - Setting next_dagrun for example_bash_decorator to None, run_after=None
[2026-06-22T09:28:15.333+0300] {processor.py:183} INFO - Processing /media/data/omar/programming course/DEPI/DEPI project/anomx/venv/lib/python3.12/site-packages/airflow/example_dags/example_bash_decorator.py took 0.088 seconds
[2026-06-22T09:29:24.969+0300] {processor.py:161} INFO - Started process (PID=50376) to work on /media/data/omar/programming course/DEPI/DEPI project/anomx/venv/lib/python3.12/site-packages/airflow/example_dags/example_bash_decorator.py
[2026-06-22T09:29:24.971+0300] {processor.py:830} INFO - Processing file /media/data/omar/programming course/DEPI/DEPI project/anomx/venv/lib/python3.12/site-packages/airflow/example_dags/example_bash_decorator.py for tasks to queue
[2026-06-22T09:29:24.973+0300] {logging_mixin.py:188} INFO - [2026-06-22T09:29:24.972+0300] {dagbag.py:540} INFO - Filling up the DagBag from /media/data/omar/programming course/DEPI/DEPI project/anomx/venv/lib/python3.12/site-packages/airflow/example_dags/example_bash_decorator.py
[2026-06-22T09:29:24.993+0300] {processor.py:840} INFO - DAG(s) 'example_bash_decorator' retrieved from /media/data/omar/programming course/DEPI/DEPI project/anomx/venv/lib/python3.12/site-packages/airflow/example_dags/example_bash_decorator.py
[2026-06-22T09:29:25.017+0300] {logging_mixin.py:188} INFO - [2026-06-22T09:29:25.017+0300] {dag.py:3096} INFO - Sync 1 DAGs
[2026-06-22T09:29:25.030+0300] {logging_mixin.py:188} INFO - [2026-06-22T09:29:25.030+0300] {dag.py:3954} INFO - Setting next_dagrun for example_bash_decorator to None, run_after=None
[2026-06-22T09:29:25.070+0300] {processor.py:183} INFO - Processing /media/data/omar/programming course/DEPI/DEPI project/anomx/venv/lib/python3.12/site-packages/airflow/example_dags/example_bash_decorator.py took 0.116 seconds
[2026-06-22T09:30:32.464+0300] {processor.py:161} INFO - Started process (PID=50543) to work on /media/data/omar/programming course/DEPI/DEPI project/anomx/venv/lib/python3.12/site-packages/airflow/example_dags/example_bash_decorator.py
[2026-06-22T09:30:32.468+0300] {processor.py:830} INFO - Processing file /media/data/omar/programming course/DEPI/DEPI project/anomx/venv/lib/python3.12/site-packages/airflow/example_dags/example_bash_decorator.py for tasks to queue
[2026-06-22T09:30:32.473+0300] {logging_mixin.py:188} INFO - [2026-06-22T09:30:32.471+0300] {dagbag.py:540} INFO - Filling up the DagBag from /media/data/omar/programming course/DEPI/DEPI project/anomx/venv/lib/python3.12/site-packages/airflow/example_dags/example_bash_decorator.py
[2026-06-22T09:30:32.525+0300] {processor.py:840} INFO - DAG(s) 'example_bash_decorator' retrieved from /media/data/omar/programming course/DEPI/DEPI project/anomx/venv/lib/python3.12/site-packages/airflow/example_dags/example_bash_decorator.py
[2026-06-22T09:30:32.555+0300] {logging_mixin.py:188} INFO - [2026-06-22T09:30:32.554+0300] {dag.py:3096} INFO - Sync 1 DAGs
[2026-06-22T09:30:32.572+0300] {logging_mixin.py:188} INFO - [2026-06-22T09:30:32.571+0300] {dag.py:3954} INFO - Setting next_dagrun for example_bash_decorator to None, run_after=None
[2026-06-22T09:30:32.611+0300] {processor.py:183} INFO - Processing /media/data/omar/programming course/DEPI/DEPI project/anomx/venv/lib/python3.12/site-packages/airflow/example_dags/example_bash_decorator.py took 0.178 seconds
[2026-06-22T09:31:44.223+0300] {processor.py:161} INFO - Started process (PID=50731) to work on /media/data/omar/programming course/DEPI/DEPI project/anomx/venv/lib/python3.12/site-packages/airflow/example_dags/example_bash_decorator.py
[2026-06-22T09:31:44.224+0300] {processor.py:830} INFO - Processing file /media/data/omar/programming course/DEPI/DEPI project/anomx/venv/lib/python3.12/site-packages/airflow/example_dags/example_bash_decorator.py for tasks to queue
[2026-06-22T09:31:44.226+0300] {logging_mixin.py:188} INFO - [2026-06-22T09:31:44.225+0300] {dagbag.py:540} INFO - Filling up the DagBag from /media/data/omar/programming course/DEPI/DEPI project/anomx/venv/lib/python3.12/site-packages/airflow/example_dags/example_bash_decorator.py
[2026-06-22T09:31:44.248+0300] {processor.py:840} INFO - DAG(s) 'example_bash_decorator' retrieved from /media/data/omar/programming course/DEPI/DEPI project/anomx/venv/lib/python3.12/site-packages/airflow/example_dags/example_bash_decorator.py
[2026-06-22T09:31:44.267+0300] {logging_mixin.py:188} INFO - [2026-06-22T09:31:44.267+0300] {dag.py:3096} INFO - Sync 1 DAGs
[2026-06-22T09:31:44.276+0300] {logging_mixin.py:188} INFO - [2026-06-22T09:31:44.276+0300] {dag.py:3954} INFO - Setting next_dagrun for example_bash_decorator to None, run_after=None
[2026-06-22T09:31:44.302+0300] {processor.py:183} INFO - Processing /media/data/omar/programming course/DEPI/DEPI project/anomx/venv/lib/python3.12/site-packages/airflow/example_dags/example_bash_decorator.py took 0.089 seconds
[2026-06-22T09:33:05.404+0300] {processor.py:161} INFO - Started process (PID=50854) to work on /media/data/omar/programming course/DEPI/DEPI project/anomx/venv/lib/python3.12/site-packages/airflow/example_dags/example_bash_decorator.py
[2026-06-22T09:33:05.406+0300] {processor.py:830} INFO - Processing file /media/data/omar/programming course/DEPI/DEPI project/anomx/venv/lib/python3.12/site-packages/airflow/example_dags/example_bash_decorator.py for tasks to queue
[2026-06-22T09:33:05.408+0300] {logging_mixin.py:188} INFO - [2026-06-22T09:33:05.407+0300] {dagbag.py:540} INFO - Filling up the DagBag from /media/data/omar/programming course/DEPI/DEPI project/anomx/venv/lib/python3.12/site-packages/airflow/example_dags/example_bash_decorator.py
[2026-06-22T09:33:05.424+0300] {processor.py:840} INFO - DAG(s) 'example_bash_decorator' retrieved from /media/data/omar/programming course/DEPI/DEPI project/anomx/venv/lib/python3.12/site-packages/airflow/example_dags/example_bash_decorator.py
[2026-06-22T09:33:05.441+0300] {logging_mixin.py:188} INFO - [2026-06-22T09:33:05.441+0300] {dag.py:3096} INFO - Sync 1 DAGs
[2026-06-22T09:33:05.449+0300] {logging_mixin.py:188} INFO - [2026-06-22T09:33:05.449+0300] {dag.py:3954} INFO - Setting next_dagrun for example_bash_decorator to None, run_after=None
[2026-06-22T09:33:05.474+0300] {processor.py:183} INFO - Processing /media/data/omar/programming course/DEPI/DEPI project/anomx/venv/lib/python3.12/site-packages/airflow/example_dags/example_bash_decorator.py took 0.084 seconds
[2026-06-22T09:34:22.009+0300] {processor.py:161} INFO - Started process (PID=50996) to work on /media/data/omar/programming course/DEPI/DEPI project/anomx/venv/lib/python3.12/site-packages/airflow/example_dags/example_bash_decorator.py
[2026-06-22T09:34:22.011+0300] {processor.py:830} INFO - Processing file /media/data/omar/programming course/DEPI/DEPI project/anomx/venv/lib/python3.12/site-packages/airflow/example_dags/example_bash_decorator.py for tasks to queue
[2026-06-22T09:34:22.014+0300] {logging_mixin.py:188} INFO - [2026-06-22T09:34:22.012+0300] {dagbag.py:540} INFO - Filling up the DagBag from /media/data/omar/programming course/DEPI/DEPI project/anomx/venv/lib/python3.12/site-packages/airflow/example_dags/example_bash_decorator.py
[2026-06-22T09:34:22.037+0300] {processor.py:840} INFO - DAG(s) 'example_bash_decorator' retrieved from /media/data/omar/programming course/DEPI/DEPI project/anomx/venv/lib/python3.12/site-packages/airflow/example_dags/example_bash_decorator.py
[2026-06-22T09:34:22.055+0300] {logging_mixin.py:188} INFO - [2026-06-22T09:34:22.055+0300] {dag.py:3096} INFO - Sync 1 DAGs
[2026-06-22T09:34:22.064+0300] {logging_mixin.py:188} INFO - [2026-06-22T09:34:22.064+0300] {dag.py:3954} INFO - Setting next_dagrun for example_bash_decorator to None, run_after=None
[2026-06-22T09:34:22.089+0300] {processor.py:183} INFO - Processing /media/data/omar/programming course/DEPI/DEPI project/anomx/venv/lib/python3.12/site-packages/airflow/example_dags/example_bash_decorator.py took 0.094 seconds
[2026-06-22T09:35:41.238+0300] {processor.py:161} INFO - Started process (PID=51116) to work on /media/data/omar/programming course/DEPI/DEPI project/anomx/venv/lib/python3.12/site-packages/airflow/example_dags/example_bash_decorator.py
[2026-06-22T09:35:41.241+0300] {processor.py:830} INFO - Processing file /media/data/omar/programming course/DEPI/DEPI project/anomx/venv/lib/python3.12/site-packages/airflow/example_dags/example_bash_decorator.py for tasks to queue
[2026-06-22T09:35:41.244+0300] {logging_mixin.py:188} INFO - [2026-06-22T09:35:41.243+0300] {dagbag.py:540} INFO - Filling up the DagBag from /media/data/omar/programming course/DEPI/DEPI project/anomx/venv/lib/python3.12/site-packages/airflow/example_dags/example_bash_decorator.py
[2026-06-22T09:35:41.276+0300] {processor.py:840} INFO - DAG(s) 'example_bash_decorator' retrieved from /media/data/omar/programming course/DEPI/DEPI project/anomx/venv/lib/python3.12/site-packages/airflow/example_dags/example_bash_decorator.py
[2026-06-22T09:35:41.309+0300] {logging_mixin.py:188} INFO - [2026-06-22T09:35:41.309+0300] {dag.py:3096} INFO - Sync 1 DAGs
[2026-06-22T09:35:41.319+0300] {logging_mixin.py:188} INFO - [2026-06-22T09:35:41.318+0300] {dag.py:3954} INFO - Setting next_dagrun for example_bash_decorator to None, run_after=None
[2026-06-22T09:35:41.346+0300] {processor.py:183} INFO - Processing /media/data/omar/programming course/DEPI/DEPI project/anomx/venv/lib/python3.12/site-packages/airflow/example_dags/example_bash_decorator.py took 0.128 seconds
[2026-06-22T09:37:02.092+0300] {processor.py:161} INFO - Started process (PID=51254) to work on /media/data/omar/programming course/DEPI/DEPI project/anomx/venv/lib/python3.12/site-packages/airflow/example_dags/example_bash_decorator.py
[2026-06-22T09:37:02.094+0300] {processor.py:830} INFO - Processing file /media/data/omar/programming course/DEPI/DEPI project/anomx/venv/lib/python3.12/site-packages/airflow/example_dags/example_bash_decorator.py for tasks to queue
[2026-06-22T09:37:02.095+0300] {logging_mixin.py:188} INFO - [2026-06-22T09:37:02.095+0300] {dagbag.py:540} INFO - Filling up the DagBag from /media/data/omar/programming course/DEPI/DEPI project/anomx/venv/lib/python3.12/site-packages/airflow/example_dags/example_bash_decorator.py
[2026-06-22T09:37:02.115+0300] {processor.py:840} INFO - DAG(s) 'example_bash_decorator' retrieved from /media/data/omar/programming course/DEPI/DEPI project/anomx/venv/lib/python3.12/site-packages/airflow/example_dags/example_bash_decorator.py
[2026-06-22T09:37:02.137+0300] {logging_mixin.py:188} INFO - [2026-06-22T09:37:02.136+0300] {dag.py:3096} INFO - Sync 1 DAGs
[2026-06-22T09:37:02.145+0300] {logging_mixin.py:188} INFO - [2026-06-22T09:37:02.145+0300] {dag.py:3954} INFO - Setting next_dagrun for example_bash_decorator to None, run_after=None
[2026-06-22T09:37:02.182+0300] {processor.py:183} INFO - Processing /media/data/omar/programming course/DEPI/DEPI project/anomx/venv/lib/python3.12/site-packages/airflow/example_dags/example_bash_decorator.py took 0.097 seconds
[2026-06-22T09:38:20.406+0300] {processor.py:161} INFO - Started process (PID=51379) to work on /media/data/omar/programming course/DEPI/DEPI project/anomx/venv/lib/python3.12/site-packages/airflow/example_dags/example_bash_decorator.py
[2026-06-22T09:38:20.407+0300] {processor.py:830} INFO - Processing file /media/data/omar/programming course/DEPI/DEPI project/anomx/venv/lib/python3.12/site-packages/airflow/example_dags/example_bash_decorator.py for tasks to queue
[2026-06-22T09:38:20.409+0300] {logging_mixin.py:188} INFO - [2026-06-22T09:38:20.408+0300] {dagbag.py:540} INFO - Filling up the DagBag from /media/data/omar/programming course/DEPI/DEPI project/anomx/venv/lib/python3.12/site-packages/airflow/example_dags/example_bash_decorator.py
[2026-06-22T09:38:20.431+0300] {processor.py:840} INFO - DAG(s) 'example_bash_decorator' retrieved from /media/data/omar/programming course/DEPI/DEPI project/anomx/venv/lib/python3.12/site-packages/airflow/example_dags/example_bash_decorator.py
[2026-06-22T09:38:20.449+0300] {logging_mixin.py:188} INFO - [2026-06-22T09:38:20.449+0300] {dag.py:3096} INFO - Sync 1 DAGs
[2026-06-22T09:38:20.458+0300] {logging_mixin.py:188} INFO - [2026-06-22T09:38:20.458+0300] {dag.py:3954} INFO - Setting next_dagrun for example_bash_decorator to None, run_after=None
[2026-06-22T09:38:20.483+0300] {processor.py:183} INFO - Processing /media/data/omar/programming course/DEPI/DEPI project/anomx/venv/lib/python3.12/site-packages/airflow/example_dags/example_bash_decorator.py took 0.088 seconds
[2026-06-22T09:39:44.132+0300] {processor.py:161} INFO - Started process (PID=51501) to work on /media/data/omar/programming course/DEPI/DEPI project/anomx/venv/lib/python3.12/site-packages/airflow/example_dags/example_bash_decorator.py
[2026-06-22T09:39:44.134+0300] {processor.py:830} INFO - Processing file /media/data/omar/programming course/DEPI/DEPI project/anomx/venv/lib/python3.12/site-packages/airflow/example_dags/example_bash_decorator.py for tasks to queue
[2026-06-22T09:39:44.135+0300] {logging_mixin.py:188} INFO - [2026-06-22T09:39:44.135+0300] {dagbag.py:540} INFO - Filling up the DagBag from /media/data/omar/programming course/DEPI/DEPI project/anomx/venv/lib/python3.12/site-packages/airflow/example_dags/example_bash_decorator.py
[2026-06-22T09:39:44.151+0300] {processor.py:840} INFO - DAG(s) 'example_bash_decorator' retrieved from /media/data/omar/programming course/DEPI/DEPI project/anomx/venv/lib/python3.12/site-packages/airflow/example_dags/example_bash_decorator.py
[2026-06-22T09:39:44.168+0300] {logging_mixin.py:188} INFO - [2026-06-22T09:39:44.168+0300] {dag.py:3096} INFO - Sync 1 DAGs
[2026-06-22T09:39:44.177+0300] {logging_mixin.py:188} INFO - [2026-06-22T09:39:44.176+0300] {dag.py:3954} INFO - Setting next_dagrun for example_bash_decorator to None, run_after=None
[2026-06-22T09:39:44.204+0300] {processor.py:183} INFO - Processing /media/data/omar/programming course/DEPI/DEPI project/anomx/venv/lib/python3.12/site-packages/airflow/example_dags/example_bash_decorator.py took 0.084 seconds
[2026-06-22T09:41:05.632+0300] {processor.py:161} INFO - Started process (PID=51618) to work on /media/data/omar/programming course/DEPI/DEPI project/anomx/venv/lib/python3.12/site-packages/airflow/example_dags/example_bash_decorator.py
[2026-06-22T09:41:05.633+0300] {processor.py:830} INFO - Processing file /media/data/omar/programming course/DEPI/DEPI project/anomx/venv/lib/python3.12/site-packages/airflow/example_dags/example_bash_decorator.py for tasks to queue
[2026-06-22T09:41:05.634+0300] {logging_mixin.py:188} INFO - [2026-06-22T09:41:05.633+0300] {dagbag.py:540} INFO - Filling up the DagBag from /media/data/omar/programming course/DEPI/DEPI project/anomx/venv/lib/python3.12/site-packages/airflow/example_dags/example_bash_decorator.py
[2026-06-22T09:41:05.645+0300] {processor.py:840} INFO - DAG(s) 'example_bash_decorator' retrieved from /media/data/omar/programming course/DEPI/DEPI project/anomx/venv/lib/python3.12/site-packages/airflow/example_dags/example_bash_decorator.py
[2026-06-22T09:41:05.661+0300] {logging_mixin.py:188} INFO - [2026-06-22T09:41:05.661+0300] {dag.py:3096} INFO - Sync 1 DAGs
[2026-06-22T09:41:05.670+0300] {logging_mixin.py:188} INFO - [2026-06-22T09:41:05.669+0300] {dag.py:3954} INFO - Setting next_dagrun for example_bash_decorator to None, run_after=None
[2026-06-22T09:41:05.696+0300] {processor.py:183} INFO - Processing /media/data/omar/programming course/DEPI/DEPI project/anomx/venv/lib/python3.12/site-packages/airflow/example_dags/example_bash_decorator.py took 0.068 seconds
[2026-06-22T09:42:22.971+0300] {processor.py:161} INFO - Started process (PID=51844) to work on /media/data/omar/programming course/DEPI/DEPI project/anomx/venv/lib/python3.12/site-packages/airflow/example_dags/example_bash_decorator.py
[2026-06-22T09:42:22.974+0300] {processor.py:830} INFO - Processing file /media/data/omar/programming course/DEPI/DEPI project/anomx/venv/lib/python3.12/site-packages/airflow/example_dags/example_bash_decorator.py for tasks to queue
[2026-06-22T09:42:22.976+0300] {logging_mixin.py:188} INFO - [2026-06-22T09:42:22.975+0300] {dagbag.py:540} INFO - Filling up the DagBag from /media/data/omar/programming course/DEPI/DEPI project/anomx/venv/lib/python3.12/site-packages/airflow/example_dags/example_bash_decorator.py
[2026-06-22T09:42:22.993+0300] {processor.py:840} INFO - DAG(s) 'example_bash_decorator' retrieved from /media/data/omar/programming course/DEPI/DEPI project/anomx/venv/lib/python3.12/site-packages/airflow/example_dags/example_bash_decorator.py
[2026-06-22T09:42:23.010+0300] {logging_mixin.py:188} INFO - [2026-06-22T09:42:23.009+0300] {dag.py:3096} INFO - Sync 1 DAGs
[2026-06-22T09:42:23.018+0300] {logging_mixin.py:188} INFO - [2026-06-22T09:42:23.018+0300] {dag.py:3954} INFO - Setting next_dagrun for example_bash_decorator to None, run_after=None
[2026-06-22T09:42:23.049+0300] {processor.py:183} INFO - Processing /media/data/omar/programming course/DEPI/DEPI project/anomx/venv/lib/python3.12/site-packages/airflow/example_dags/example_bash_decorator.py took 0.094 seconds
[2026-06-22T09:43:40.599+0300] {processor.py:161} INFO - Started process (PID=51953) to work on /media/data/omar/programming course/DEPI/DEPI project/anomx/venv/lib/python3.12/site-packages/airflow/example_dags/example_bash_decorator.py
[2026-06-22T09:43:40.601+0300] {processor.py:830} INFO - Processing file /media/data/omar/programming course/DEPI/DEPI project/anomx/venv/lib/python3.12/site-packages/airflow/example_dags/example_bash_decorator.py for tasks to queue
[2026-06-22T09:43:40.603+0300] {logging_mixin.py:188} INFO - [2026-06-22T09:43:40.602+0300] {dagbag.py:540} INFO - Filling up the DagBag from /media/data/omar/programming course/DEPI/DEPI project/anomx/venv/lib/python3.12/site-packages/airflow/example_dags/example_bash_decorator.py
[2026-06-22T09:43:40.624+0300] {processor.py:840} INFO - DAG(s) 'example_bash_decorator' retrieved from /media/data/omar/programming course/DEPI/DEPI project/anomx/venv/lib/python3.12/site-packages/airflow/example_dags/example_bash_decorator.py
[2026-06-22T09:43:40.642+0300] {logging_mixin.py:188} INFO - [2026-06-22T09:43:40.641+0300] {dag.py:3096} INFO - Sync 1 DAGs
[2026-06-22T09:43:40.650+0300] {logging_mixin.py:188} INFO - [2026-06-22T09:43:40.650+0300] {dag.py:3954} INFO - Setting next_dagrun for example_bash_decorator to None, run_after=None
[2026-06-22T09:43:40.676+0300] {processor.py:183} INFO - Processing /media/data/omar/programming course/DEPI/DEPI project/anomx/venv/lib/python3.12/site-packages/airflow/example_dags/example_bash_decorator.py took 0.091 seconds
[2026-06-22T09:44:53.165+0300] {processor.py:161} INFO - Started process (PID=52073) to work on /media/data/omar/programming course/DEPI/DEPI project/anomx/venv/lib/python3.12/site-packages/airflow/example_dags/example_bash_decorator.py
[2026-06-22T09:44:53.167+0300] {processor.py:830} INFO - Processing file /media/data/omar/programming course/DEPI/DEPI project/anomx/venv/lib/python3.12/site-packages/airflow/example_dags/example_bash_decorator.py for tasks to queue
[2026-06-22T09:44:53.169+0300] {logging_mixin.py:188} INFO - [2026-06-22T09:44:53.168+0300] {dagbag.py:540} INFO - Filling up the DagBag from /media/data/omar/programming course/DEPI/DEPI project/anomx/venv/lib/python3.12/site-packages/airflow/example_dags/example_bash_decorator.py
[2026-06-22T09:44:53.189+0300] {processor.py:840} INFO - DAG(s) 'example_bash_decorator' retrieved from /media/data/omar/programming course/DEPI/DEPI project/anomx/venv/lib/python3.12/site-packages/airflow/example_dags/example_bash_decorator.py
[2026-06-22T09:44:53.211+0300] {logging_mixin.py:188} INFO - [2026-06-22T09:44:53.211+0300] {dag.py:3096} INFO - Sync 1 DAGs
[2026-06-22T09:44:53.220+0300] {logging_mixin.py:188} INFO - [2026-06-22T09:44:53.219+0300] {dag.py:3954} INFO - Setting next_dagrun for example_bash_decorator to None, run_after=None
[2026-06-22T09:44:53.247+0300] {processor.py:183} INFO - Processing /media/data/omar/programming course/DEPI/DEPI project/anomx/venv/lib/python3.12/site-packages/airflow/example_dags/example_bash_decorator.py took 0.098 seconds
[2026-06-22T09:45:52.091+0300] {processor.py:161} INFO - Started process (PID=52158) to work on /media/data/omar/programming course/DEPI/DEPI project/anomx/venv/lib/python3.12/site-packages/airflow/example_dags/example_bash_decorator.py
[2026-06-22T09:45:52.092+0300] {processor.py:830} INFO - Processing file /media/data/omar/programming course/DEPI/DEPI project/anomx/venv/lib/python3.12/site-packages/airflow/example_dags/example_bash_decorator.py for tasks to queue
[2026-06-22T09:45:52.093+0300] {logging_mixin.py:188} INFO - [2026-06-22T09:45:52.093+0300] {dagbag.py:540} INFO - Filling up the DagBag from /media/data/omar/programming course/DEPI/DEPI project/anomx/venv/lib/python3.12/site-packages/airflow/example_dags/example_bash_decorator.py
[2026-06-22T09:45:52.107+0300] {processor.py:840} INFO - DAG(s) 'example_bash_decorator' retrieved from /media/data/omar/programming course/DEPI/DEPI project/anomx/venv/lib/python3.12/site-packages/airflow/example_dags/example_bash_decorator.py
[2026-06-22T09:45:52.128+0300] {logging_mixin.py:188} INFO - [2026-06-22T09:45:52.128+0300] {dag.py:3096} INFO - Sync 1 DAGs
[2026-06-22T09:45:52.139+0300] {logging_mixin.py:188} INFO - [2026-06-22T09:45:52.138+0300] {dag.py:3954} INFO - Setting next_dagrun for example_bash_decorator to None, run_after=None
[2026-06-22T09:45:52.167+0300] {processor.py:183} INFO - Processing /media/data/omar/programming course/DEPI/DEPI project/anomx/venv/lib/python3.12/site-packages/airflow/example_dags/example_bash_decorator.py took 0.081 seconds
[2026-06-22T09:47:08.349+0300] {processor.py:161} INFO - Started process (PID=52288) to work on /media/data/omar/programming course/DEPI/DEPI project/anomx/venv/lib/python3.12/site-packages/airflow/example_dags/example_bash_decorator.py
[2026-06-22T09:47:08.350+0300] {processor.py:830} INFO - Processing file /media/data/omar/programming course/DEPI/DEPI project/anomx/venv/lib/python3.12/site-packages/airflow/example_dags/example_bash_decorator.py for tasks to queue
[2026-06-22T09:47:08.352+0300] {logging_mixin.py:188} INFO - [2026-06-22T09:47:08.351+0300] {dagbag.py:540} INFO - Filling up the DagBag from /media/data/omar/programming course/DEPI/DEPI project/anomx/venv/lib/python3.12/site-packages/airflow/example_dags/example_bash_decorator.py
[2026-06-22T09:47:08.372+0300] {processor.py:840} INFO - DAG(s) 'example_bash_decorator' retrieved from /media/data/omar/programming course/DEPI/DEPI project/anomx/venv/lib/python3.12/site-packages/airflow/example_dags/example_bash_decorator.py
[2026-06-22T09:47:08.391+0300] {logging_mixin.py:188} INFO - [2026-06-22T09:47:08.391+0300] {dag.py:3096} INFO - Sync 1 DAGs
[2026-06-22T09:47:08.399+0300] {logging_mixin.py:188} INFO - [2026-06-22T09:47:08.399+0300] {dag.py:3954} INFO - Setting next_dagrun for example_bash_decorator to None, run_after=None
[2026-06-22T09:47:08.426+0300] {processor.py:183} INFO - Processing /media/data/omar/programming course/DEPI/DEPI project/anomx/venv/lib/python3.12/site-packages/airflow/example_dags/example_bash_decorator.py took 0.084 seconds
[2026-06-22T09:48:30.452+0300] {processor.py:161} INFO - Started process (PID=52413) to work on /media/data/omar/programming course/DEPI/DEPI project/anomx/venv/lib/python3.12/site-packages/airflow/example_dags/example_bash_decorator.py
[2026-06-22T09:48:30.454+0300] {processor.py:830} INFO - Processing file /media/data/omar/programming course/DEPI/DEPI project/anomx/venv/lib/python3.12/site-packages/airflow/example_dags/example_bash_decorator.py for tasks to queue
[2026-06-22T09:48:30.456+0300] {logging_mixin.py:188} INFO - [2026-06-22T09:48:30.455+0300] {dagbag.py:540} INFO - Filling up the DagBag from /media/data/omar/programming course/DEPI/DEPI project/anomx/venv/lib/python3.12/site-packages/airflow/example_dags/example_bash_decorator.py
[2026-06-22T09:48:30.473+0300] {processor.py:840} INFO - DAG(s) 'example_bash_decorator' retrieved from /media/data/omar/programming course/DEPI/DEPI project/anomx/venv/lib/python3.12/site-packages/airflow/example_dags/example_bash_decorator.py
[2026-06-22T09:48:30.490+0300] {logging_mixin.py:188} INFO - [2026-06-22T09:48:30.489+0300] {dag.py:3096} INFO - Sync 1 DAGs
[2026-06-22T09:48:30.498+0300] {logging_mixin.py:188} INFO - [2026-06-22T09:48:30.498+0300] {dag.py:3954} INFO - Setting next_dagrun for example_bash_decorator to None, run_after=None
[2026-06-22T09:48:30.523+0300] {processor.py:183} INFO - Processing /media/data/omar/programming course/DEPI/DEPI project/anomx/venv/lib/python3.12/site-packages/airflow/example_dags/example_bash_decorator.py took 0.089 seconds
[2026-06-22T09:49:47.869+0300] {processor.py:161} INFO - Started process (PID=52542) to work on /media/data/omar/programming course/DEPI/DEPI project/anomx/venv/lib/python3.12/site-packages/airflow/example_dags/example_bash_decorator.py
[2026-06-22T09:49:47.870+0300] {processor.py:830} INFO - Processing file /media/data/omar/programming course/DEPI/DEPI project/anomx/venv/lib/python3.12/site-packages/airflow/example_dags/example_bash_decorator.py for tasks to queue
[2026-06-22T09:49:47.872+0300] {logging_mixin.py:188} INFO - [2026-06-22T09:49:47.871+0300] {dagbag.py:540} INFO - Filling up the DagBag from /media/data/omar/programming course/DEPI/DEPI project/anomx/venv/lib/python3.12/site-packages/airflow/example_dags/example_bash_decorator.py
[2026-06-22T09:49:47.889+0300] {processor.py:840} INFO - DAG(s) 'example_bash_decorator' retrieved from /media/data/omar/programming course/DEPI/DEPI project/anomx/venv/lib/python3.12/site-packages/airflow/example_dags/example_bash_decorator.py
[2026-06-22T09:49:47.906+0300] {logging_mixin.py:188} INFO - [2026-06-22T09:49:47.906+0300] {dag.py:3096} INFO - Sync 1 DAGs
[2026-06-22T09:49:47.914+0300] {logging_mixin.py:188} INFO - [2026-06-22T09:49:47.914+0300] {dag.py:3954} INFO - Setting next_dagrun for example_bash_decorator to None, run_after=None
[2026-06-22T09:49:47.940+0300] {processor.py:183} INFO - Processing /media/data/omar/programming course/DEPI/DEPI project/anomx/venv/lib/python3.12/site-packages/airflow/example_dags/example_bash_decorator.py took 0.088 seconds
[2026-06-22T09:51:12.211+0300] {processor.py:161} INFO - Started process (PID=52670) to work on /media/data/omar/programming course/DEPI/DEPI project/anomx/venv/lib/python3.12/site-packages/airflow/example_dags/example_bash_decorator.py
[2026-06-22T09:51:12.213+0300] {processor.py:830} INFO - Processing file /media/data/omar/programming course/DEPI/DEPI project/anomx/venv/lib/python3.12/site-packages/airflow/example_dags/example_bash_decorator.py for tasks to queue
[2026-06-22T09:51:12.216+0300] {logging_mixin.py:188} INFO - [2026-06-22T09:51:12.215+0300] {dagbag.py:540} INFO - Filling up the DagBag from /media/data/omar/programming course/DEPI/DEPI project/anomx/venv/lib/python3.12/site-packages/airflow/example_dags/example_bash_decorator.py
[2026-06-22T09:51:12.234+0300] {processor.py:840} INFO - DAG(s) 'example_bash_decorator' retrieved from /media/data/omar/programming course/DEPI/DEPI project/anomx/venv/lib/python3.12/site-packages/airflow/example_dags/example_bash_decorator.py
[2026-06-22T09:51:12.251+0300] {logging_mixin.py:188} INFO - [2026-06-22T09:51:12.250+0300] {dag.py:3096} INFO - Sync 1 DAGs
[2026-06-22T09:51:12.259+0300] {logging_mixin.py:188} INFO - [2026-06-22T09:51:12.259+0300] {dag.py:3954} INFO - Setting next_dagrun for example_bash_decorator to None, run_after=None
[2026-06-22T09:51:12.284+0300] {processor.py:183} INFO - Processing /media/data/omar/programming course/DEPI/DEPI project/anomx/venv/lib/python3.12/site-packages/airflow/example_dags/example_bash_decorator.py took 0.090 seconds
[2026-06-22T09:52:29.536+0300] {processor.py:161} INFO - Started process (PID=52785) to work on /media/data/omar/programming course/DEPI/DEPI project/anomx/venv/lib/python3.12/site-packages/airflow/example_dags/example_bash_decorator.py
[2026-06-22T09:52:29.537+0300] {processor.py:830} INFO - Processing file /media/data/omar/programming course/DEPI/DEPI project/anomx/venv/lib/python3.12/site-packages/airflow/example_dags/example_bash_decorator.py for tasks to queue
[2026-06-22T09:52:29.540+0300] {logging_mixin.py:188} INFO - [2026-06-22T09:52:29.539+0300] {dagbag.py:540} INFO - Filling up the DagBag from /media/data/omar/programming course/DEPI/DEPI project/anomx/venv/lib/python3.12/site-packages/airflow/example_dags/example_bash_decorator.py
[2026-06-22T09:52:29.558+0300] {processor.py:840} INFO - DAG(s) 'example_bash_decorator' retrieved from /media/data/omar/programming course/DEPI/DEPI project/anomx/venv/lib/python3.12/site-packages/airflow/example_dags/example_bash_decorator.py
[2026-06-22T09:52:29.579+0300] {logging_mixin.py:188} INFO - [2026-06-22T09:52:29.579+0300] {dag.py:3096} INFO - Sync 1 DAGs
[2026-06-22T09:52:29.589+0300] {logging_mixin.py:188} INFO - [2026-06-22T09:52:29.588+0300] {dag.py:3954} INFO - Setting next_dagrun for example_bash_decorator to None, run_after=None
[2026-06-22T09:52:29.620+0300] {processor.py:183} INFO - Processing /media/data/omar/programming course/DEPI/DEPI project/anomx/venv/lib/python3.12/site-packages/airflow/example_dags/example_bash_decorator.py took 0.102 seconds
[2026-06-22T09:53:44.355+0300] {processor.py:161} INFO - Started process (PID=52901) to work on /media/data/omar/programming course/DEPI/DEPI project/anomx/venv/lib/python3.12/site-packages/airflow/example_dags/example_bash_decorator.py
[2026-06-22T09:53:44.358+0300] {processor.py:830} INFO - Processing file /media/data/omar/programming course/DEPI/DEPI project/anomx/venv/lib/python3.12/site-packages/airflow/example_dags/example_bash_decorator.py for tasks to queue
[2026-06-22T09:53:44.360+0300] {logging_mixin.py:188} INFO - [2026-06-22T09:53:44.359+0300] {dagbag.py:540} INFO - Filling up the DagBag from /media/data/omar/programming course/DEPI/DEPI project/anomx/venv/lib/python3.12/site-packages/airflow/example_dags/example_bash_decorator.py
[2026-06-22T09:53:44.390+0300] {processor.py:840} INFO - DAG(s) 'example_bash_decorator' retrieved from /media/data/omar/programming course/DEPI/DEPI project/anomx/venv/lib/python3.12/site-packages/airflow/example_dags/example_bash_decorator.py
[2026-06-22T09:53:44.410+0300] {logging_mixin.py:188} INFO - [2026-06-22T09:53:44.410+0300] {dag.py:3096} INFO - Sync 1 DAGs
[2026-06-22T09:53:44.418+0300] {logging_mixin.py:188} INFO - [2026-06-22T09:53:44.418+0300] {dag.py:3954} INFO - Setting next_dagrun for example_bash_decorator to None, run_after=None
[2026-06-22T09:53:44.445+0300] {processor.py:183} INFO - Processing /media/data/omar/programming course/DEPI/DEPI project/anomx/venv/lib/python3.12/site-packages/airflow/example_dags/example_bash_decorator.py took 0.105 seconds
[2026-06-22T09:55:05.297+0300] {processor.py:161} INFO - Started process (PID=53019) to work on /media/data/omar/programming course/DEPI/DEPI project/anomx/venv/lib/python3.12/site-packages/airflow/example_dags/example_bash_decorator.py
[2026-06-22T09:55:05.298+0300] {processor.py:830} INFO - Processing file /media/data/omar/programming course/DEPI/DEPI project/anomx/venv/lib/python3.12/site-packages/airflow/example_dags/example_bash_decorator.py for tasks to queue
[2026-06-22T09:55:05.300+0300] {logging_mixin.py:188} INFO - [2026-06-22T09:55:05.299+0300] {dagbag.py:540} INFO - Filling up the DagBag from /media/data/omar/programming course/DEPI/DEPI project/anomx/venv/lib/python3.12/site-packages/airflow/example_dags/example_bash_decorator.py
[2026-06-22T09:55:05.319+0300] {processor.py:840} INFO - DAG(s) 'example_bash_decorator' retrieved from /media/data/omar/programming course/DEPI/DEPI project/anomx/venv/lib/python3.12/site-packages/airflow/example_dags/example_bash_decorator.py
[2026-06-22T09:55:05.338+0300] {logging_mixin.py:188} INFO - [2026-06-22T09:55:05.338+0300] {dag.py:3096} INFO - Sync 1 DAGs
[2026-06-22T09:55:05.346+0300] {logging_mixin.py:188} INFO - [2026-06-22T09:55:05.346+0300] {dag.py:3954} INFO - Setting next_dagrun for example_bash_decorator to None, run_after=None
[2026-06-22T09:55:05.372+0300] {processor.py:183} INFO - Processing /media/data/omar/programming course/DEPI/DEPI project/anomx/venv/lib/python3.12/site-packages/airflow/example_dags/example_bash_decorator.py took 0.083 seconds
[2026-06-22T09:56:21.137+0300] {processor.py:161} INFO - Started process (PID=53154) to work on /media/data/omar/programming course/DEPI/DEPI project/anomx/venv/lib/python3.12/site-packages/airflow/example_dags/example_bash_decorator.py
[2026-06-22T09:56:21.139+0300] {processor.py:830} INFO - Processing file /media/data/omar/programming course/DEPI/DEPI project/anomx/venv/lib/python3.12/site-packages/airflow/example_dags/example_bash_decorator.py for tasks to queue
[2026-06-22T09:56:21.141+0300] {logging_mixin.py:188} INFO - [2026-06-22T09:56:21.140+0300] {dagbag.py:540} INFO - Filling up the DagBag from /media/data/omar/programming course/DEPI/DEPI project/anomx/venv/lib/python3.12/site-packages/airflow/example_dags/example_bash_decorator.py
[2026-06-22T09:56:21.159+0300] {processor.py:840} INFO - DAG(s) 'example_bash_decorator' retrieved from /media/data/omar/programming course/DEPI/DEPI project/anomx/venv/lib/python3.12/site-packages/airflow/example_dags/example_bash_decorator.py
[2026-06-22T09:56:21.176+0300] {logging_mixin.py:188} INFO - [2026-06-22T09:56:21.176+0300] {dag.py:3096} INFO - Sync 1 DAGs
[2026-06-22T09:56:21.185+0300] {logging_mixin.py:188} INFO - [2026-06-22T09:56:21.184+0300] {dag.py:3954} INFO - Setting next_dagrun for example_bash_decorator to None, run_after=None
[2026-06-22T09:56:21.214+0300] {processor.py:183} INFO - Processing /media/data/omar/programming course/DEPI/DEPI project/anomx/venv/lib/python3.12/site-packages/airflow/example_dags/example_bash_decorator.py took 0.098 seconds
[2026-06-22T09:57:37.707+0300] {processor.py:161} INFO - Started process (PID=53274) to work on /media/data/omar/programming course/DEPI/DEPI project/anomx/venv/lib/python3.12/site-packages/airflow/example_dags/example_bash_decorator.py
[2026-06-22T09:57:37.708+0300] {processor.py:830} INFO - Processing file /media/data/omar/programming course/DEPI/DEPI project/anomx/venv/lib/python3.12/site-packages/airflow/example_dags/example_bash_decorator.py for tasks to queue
[2026-06-22T09:57:37.710+0300] {logging_mixin.py:188} INFO - [2026-06-22T09:57:37.709+0300] {dagbag.py:540} INFO - Filling up the DagBag from /media/data/omar/programming course/DEPI/DEPI project/anomx/venv/lib/python3.12/site-packages/airflow/example_dags/example_bash_decorator.py
[2026-06-22T09:57:37.729+0300] {processor.py:840} INFO - DAG(s) 'example_bash_decorator' retrieved from /media/data/omar/programming course/DEPI/DEPI project/anomx/venv/lib/python3.12/site-packages/airflow/example_dags/example_bash_decorator.py
[2026-06-22T09:57:37.754+0300] {logging_mixin.py:188} INFO - [2026-06-22T09:57:37.754+0300] {dag.py:3096} INFO - Sync 1 DAGs
[2026-06-22T09:57:37.763+0300] {logging_mixin.py:188} INFO - [2026-06-22T09:57:37.763+0300] {dag.py:3954} INFO - Setting next_dagrun for example_bash_decorator to None, run_after=None
[2026-06-22T09:57:37.803+0300] {processor.py:183} INFO - Processing /media/data/omar/programming course/DEPI/DEPI project/anomx/venv/lib/python3.12/site-packages/airflow/example_dags/example_bash_decorator.py took 0.104 seconds
[2026-06-22T09:58:51.586+0300] {processor.py:161} INFO - Started process (PID=53409) to work on /media/data/omar/programming course/DEPI/DEPI project/anomx/venv/lib/python3.12/site-packages/airflow/example_dags/example_bash_decorator.py
[2026-06-22T09:58:51.587+0300] {processor.py:830} INFO - Processing file /media/data/omar/programming course/DEPI/DEPI project/anomx/venv/lib/python3.12/site-packages/airflow/example_dags/example_bash_decorator.py for tasks to queue
[2026-06-22T09:58:51.588+0300] {logging_mixin.py:188} INFO - [2026-06-22T09:58:51.588+0300] {dagbag.py:540} INFO - Filling up the DagBag from /media/data/omar/programming course/DEPI/DEPI project/anomx/venv/lib/python3.12/site-packages/airflow/example_dags/example_bash_decorator.py
[2026-06-22T09:58:51.602+0300] {processor.py:840} INFO - DAG(s) 'example_bash_decorator' retrieved from /media/data/omar/programming course/DEPI/DEPI project/anomx/venv/lib/python3.12/site-packages/airflow/example_dags/example_bash_decorator.py
[2026-06-22T09:58:51.621+0300] {logging_mixin.py:188} INFO - [2026-06-22T09:58:51.621+0300] {dag.py:3096} INFO - Sync 1 DAGs
[2026-06-22T09:58:51.630+0300] {logging_mixin.py:188} INFO - [2026-06-22T09:58:51.630+0300] {dag.py:3954} INFO - Setting next_dagrun for example_bash_decorator to None, run_after=None
[2026-06-22T09:58:51.655+0300] {processor.py:183} INFO - Processing /media/data/omar/programming course/DEPI/DEPI project/anomx/venv/lib/python3.12/site-packages/airflow/example_dags/example_bash_decorator.py took 0.075 seconds
[2026-06-22T10:00:08.069+0300] {processor.py:161} INFO - Started process (PID=53533) to work on /media/data/omar/programming course/DEPI/DEPI project/anomx/venv/lib/python3.12/site-packages/airflow/example_dags/example_bash_decorator.py
[2026-06-22T10:00:08.072+0300] {processor.py:830} INFO - Processing file /media/data/omar/programming course/DEPI/DEPI project/anomx/venv/lib/python3.12/site-packages/airflow/example_dags/example_bash_decorator.py for tasks to queue
[2026-06-22T10:00:08.075+0300] {logging_mixin.py:188} INFO - [2026-06-22T10:00:08.074+0300] {dagbag.py:540} INFO - Filling up the DagBag from /media/data/omar/programming course/DEPI/DEPI project/anomx/venv/lib/python3.12/site-packages/airflow/example_dags/example_bash_decorator.py
[2026-06-22T10:00:08.101+0300] {processor.py:840} INFO - DAG(s) 'example_bash_decorator' retrieved from /media/data/omar/programming course/DEPI/DEPI project/anomx/venv/lib/python3.12/site-packages/airflow/example_dags/example_bash_decorator.py
[2026-06-22T10:00:08.125+0300] {logging_mixin.py:188} INFO - [2026-06-22T10:00:08.125+0300] {dag.py:3096} INFO - Sync 1 DAGs
[2026-06-22T10:00:08.135+0300] {logging_mixin.py:188} INFO - [2026-06-22T10:00:08.134+0300] {dag.py:3954} INFO - Setting next_dagrun for example_bash_decorator to None, run_after=None
[2026-06-22T10:00:08.185+0300] {processor.py:183} INFO - Processing /media/data/omar/programming course/DEPI/DEPI project/anomx/venv/lib/python3.12/site-packages/airflow/example_dags/example_bash_decorator.py took 0.134 seconds
[2026-06-22T10:01:27.448+0300] {processor.py:161} INFO - Started process (PID=53660) to work on /media/data/omar/programming course/DEPI/DEPI project/anomx/venv/lib/python3.12/site-packages/airflow/example_dags/example_bash_decorator.py
[2026-06-22T10:01:27.449+0300] {processor.py:830} INFO - Processing file /media/data/omar/programming course/DEPI/DEPI project/anomx/venv/lib/python3.12/site-packages/airflow/example_dags/example_bash_decorator.py for tasks to queue
[2026-06-22T10:01:27.450+0300] {logging_mixin.py:188} INFO - [2026-06-22T10:01:27.450+0300] {dagbag.py:540} INFO - Filling up the DagBag from /media/data/omar/programming course/DEPI/DEPI project/anomx/venv/lib/python3.12/site-packages/airflow/example_dags/example_bash_decorator.py
[2026-06-22T10:01:27.464+0300] {processor.py:840} INFO - DAG(s) 'example_bash_decorator' retrieved from /media/data/omar/programming course/DEPI/DEPI project/anomx/venv/lib/python3.12/site-packages/airflow/example_dags/example_bash_decorator.py
[2026-06-22T10:01:27.481+0300] {logging_mixin.py:188} INFO - [2026-06-22T10:01:27.481+0300] {dag.py:3096} INFO - Sync 1 DAGs
[2026-06-22T10:01:27.489+0300] {logging_mixin.py:188} INFO - [2026-06-22T10:01:27.489+0300] {dag.py:3954} INFO - Setting next_dagrun for example_bash_decorator to None, run_after=None
[2026-06-22T10:01:27.515+0300] {processor.py:183} INFO - Processing /media/data/omar/programming course/DEPI/DEPI project/anomx/venv/lib/python3.12/site-packages/airflow/example_dags/example_bash_decorator.py took 0.076 seconds
[2026-06-22T10:02:48.050+0300] {processor.py:161} INFO - Started process (PID=53868) to work on /media/data/omar/programming course/DEPI/DEPI project/anomx/venv/lib/python3.12/site-packages/airflow/example_dags/example_bash_decorator.py
[2026-06-22T10:02:48.052+0300] {processor.py:830} INFO - Processing file /media/data/omar/programming course/DEPI/DEPI project/anomx/venv/lib/python3.12/site-packages/airflow/example_dags/example_bash_decorator.py for tasks to queue
[2026-06-22T10:02:48.054+0300] {logging_mixin.py:188} INFO - [2026-06-22T10:02:48.053+0300] {dagbag.py:540} INFO - Filling up the DagBag from /media/data/omar/programming course/DEPI/DEPI project/anomx/venv/lib/python3.12/site-packages/airflow/example_dags/example_bash_decorator.py
[2026-06-22T10:02:48.070+0300] {processor.py:840} INFO - DAG(s) 'example_bash_decorator' retrieved from /media/data/omar/programming course/DEPI/DEPI project/anomx/venv/lib/python3.12/site-packages/airflow/example_dags/example_bash_decorator.py
[2026-06-22T10:02:48.086+0300] {logging_mixin.py:188} INFO - [2026-06-22T10:02:48.086+0300] {dag.py:3096} INFO - Sync 1 DAGs
[2026-06-22T10:02:48.095+0300] {logging_mixin.py:188} INFO - [2026-06-22T10:02:48.094+0300] {dag.py:3954} INFO - Setting next_dagrun for example_bash_decorator to None, run_after=None
[2026-06-22T10:02:48.122+0300] {processor.py:183} INFO - Processing /media/data/omar/programming course/DEPI/DEPI project/anomx/venv/lib/python3.12/site-packages/airflow/example_dags/example_bash_decorator.py took 0.088 seconds
[2026-06-22T10:04:06.252+0300] {processor.py:161} INFO - Started process (PID=53976) to work on /media/data/omar/programming course/DEPI/DEPI project/anomx/venv/lib/python3.12/site-packages/airflow/example_dags/example_bash_decorator.py
[2026-06-22T10:04:06.254+0300] {processor.py:830} INFO - Processing file /media/data/omar/programming course/DEPI/DEPI project/anomx/venv/lib/python3.12/site-packages/airflow/example_dags/example_bash_decorator.py for tasks to queue
[2026-06-22T10:04:06.257+0300] {logging_mixin.py:188} INFO - [2026-06-22T10:04:06.255+0300] {dagbag.py:540} INFO - Filling up the DagBag from /media/data/omar/programming course/DEPI/DEPI project/anomx/venv/lib/python3.12/site-packages/airflow/example_dags/example_bash_decorator.py
[2026-06-22T10:04:06.278+0300] {processor.py:840} INFO - DAG(s) 'example_bash_decorator' retrieved from /media/data/omar/programming course/DEPI/DEPI project/anomx/venv/lib/python3.12/site-packages/airflow/example_dags/example_bash_decorator.py
[2026-06-22T10:04:06.296+0300] {logging_mixin.py:188} INFO - [2026-06-22T10:04:06.295+0300] {dag.py:3096} INFO - Sync 1 DAGs
[2026-06-22T10:04:06.304+0300] {logging_mixin.py:188} INFO - [2026-06-22T10:04:06.304+0300] {dag.py:3954} INFO - Setting next_dagrun for example_bash_decorator to None, run_after=None
[2026-06-22T10:04:06.330+0300] {processor.py:183} INFO - Processing /media/data/omar/programming course/DEPI/DEPI project/anomx/venv/lib/python3.12/site-packages/airflow/example_dags/example_bash_decorator.py took 0.092 seconds
[2026-06-22T10:05:25.559+0300] {processor.py:161} INFO - Started process (PID=54119) to work on /media/data/omar/programming course/DEPI/DEPI project/anomx/venv/lib/python3.12/site-packages/airflow/example_dags/example_bash_decorator.py
[2026-06-22T10:05:25.560+0300] {processor.py:830} INFO - Processing file /media/data/omar/programming course/DEPI/DEPI project/anomx/venv/lib/python3.12/site-packages/airflow/example_dags/example_bash_decorator.py for tasks to queue
[2026-06-22T10:05:25.561+0300] {logging_mixin.py:188} INFO - [2026-06-22T10:05:25.560+0300] {dagbag.py:540} INFO - Filling up the DagBag from /media/data/omar/programming course/DEPI/DEPI project/anomx/venv/lib/python3.12/site-packages/airflow/example_dags/example_bash_decorator.py
[2026-06-22T10:05:25.572+0300] {processor.py:840} INFO - DAG(s) 'example_bash_decorator' retrieved from /media/data/omar/programming course/DEPI/DEPI project/anomx/venv/lib/python3.12/site-packages/airflow/example_dags/example_bash_decorator.py
[2026-06-22T10:05:25.591+0300] {logging_mixin.py:188} INFO - [2026-06-22T10:05:25.590+0300] {dag.py:3096} INFO - Sync 1 DAGs
[2026-06-22T10:05:25.599+0300] {logging_mixin.py:188} INFO - [2026-06-22T10:05:25.599+0300] {dag.py:3954} INFO - Setting next_dagrun for example_bash_decorator to None, run_after=None
[2026-06-22T10:05:25.625+0300] {processor.py:183} INFO - Processing /media/data/omar/programming course/DEPI/DEPI project/anomx/venv/lib/python3.12/site-packages/airflow/example_dags/example_bash_decorator.py took 0.071 seconds
[2026-06-22T10:06:38.458+0300] {processor.py:161} INFO - Started process (PID=54240) to work on /media/data/omar/programming course/DEPI/DEPI project/anomx/venv/lib/python3.12/site-packages/airflow/example_dags/example_bash_decorator.py
[2026-06-22T10:06:38.459+0300] {processor.py:830} INFO - Processing file /media/data/omar/programming course/DEPI/DEPI project/anomx/venv/lib/python3.12/site-packages/airflow/example_dags/example_bash_decorator.py for tasks to queue
[2026-06-22T10:06:38.460+0300] {logging_mixin.py:188} INFO - [2026-06-22T10:06:38.459+0300] {dagbag.py:540} INFO - Filling up the DagBag from /media/data/omar/programming course/DEPI/DEPI project/anomx/venv/lib/python3.12/site-packages/airflow/example_dags/example_bash_decorator.py
[2026-06-22T10:06:38.471+0300] {processor.py:840} INFO - DAG(s) 'example_bash_decorator' retrieved from /media/data/omar/programming course/DEPI/DEPI project/anomx/venv/lib/python3.12/site-packages/airflow/example_dags/example_bash_decorator.py
[2026-06-22T10:06:38.488+0300] {logging_mixin.py:188} INFO - [2026-06-22T10:06:38.487+0300] {dag.py:3096} INFO - Sync 1 DAGs
[2026-06-22T10:06:38.496+0300] {logging_mixin.py:188} INFO - [2026-06-22T10:06:38.496+0300] {dag.py:3954} INFO - Setting next_dagrun for example_bash_decorator to None, run_after=None
[2026-06-22T10:06:38.523+0300] {processor.py:183} INFO - Processing /media/data/omar/programming course/DEPI/DEPI project/anomx/venv/lib/python3.12/site-packages/airflow/example_dags/example_bash_decorator.py took 0.070 seconds
[2026-06-22T10:07:58.998+0300] {processor.py:161} INFO - Started process (PID=54350) to work on /media/data/omar/programming course/DEPI/DEPI project/anomx/venv/lib/python3.12/site-packages/airflow/example_dags/example_bash_decorator.py
[2026-06-22T10:07:58.999+0300] {processor.py:830} INFO - Processing file /media/data/omar/programming course/DEPI/DEPI project/anomx/venv/lib/python3.12/site-packages/airflow/example_dags/example_bash_decorator.py for tasks to queue
[2026-06-22T10:07:59.001+0300] {logging_mixin.py:188} INFO - [2026-06-22T10:07:59.000+0300] {dagbag.py:540} INFO - Filling up the DagBag from /media/data/omar/programming course/DEPI/DEPI project/anomx/venv/lib/python3.12/site-packages/airflow/example_dags/example_bash_decorator.py
[2026-06-22T10:07:59.019+0300] {processor.py:840} INFO - DAG(s) 'example_bash_decorator' retrieved from /media/data/omar/programming course/DEPI/DEPI project/anomx/venv/lib/python3.12/site-packages/airflow/example_dags/example_bash_decorator.py
[2026-06-22T10:07:59.037+0300] {logging_mixin.py:188} INFO - [2026-06-22T10:07:59.037+0300] {dag.py:3096} INFO - Sync 1 DAGs
[2026-06-22T10:07:59.046+0300] {logging_mixin.py:188} INFO - [2026-06-22T10:07:59.045+0300] {dag.py:3954} INFO - Setting next_dagrun for example_bash_decorator to None, run_after=None
[2026-06-22T10:07:59.072+0300] {processor.py:183} INFO - Processing /media/data/omar/programming course/DEPI/DEPI project/anomx/venv/lib/python3.12/site-packages/airflow/example_dags/example_bash_decorator.py took 0.082 seconds
[2026-06-22T10:09:17.374+0300] {processor.py:161} INFO - Started process (PID=54474) to work on /media/data/omar/programming course/DEPI/DEPI project/anomx/venv/lib/python3.12/site-packages/airflow/example_dags/example_bash_decorator.py
[2026-06-22T10:09:17.375+0300] {processor.py:830} INFO - Processing file /media/data/omar/programming course/DEPI/DEPI project/anomx/venv/lib/python3.12/site-packages/airflow/example_dags/example_bash_decorator.py for tasks to queue
[2026-06-22T10:09:17.376+0300] {logging_mixin.py:188} INFO - [2026-06-22T10:09:17.375+0300] {dagbag.py:540} INFO - Filling up the DagBag from /media/data/omar/programming course/DEPI/DEPI project/anomx/venv/lib/python3.12/site-packages/airflow/example_dags/example_bash_decorator.py
[2026-06-22T10:09:17.387+0300] {processor.py:840} INFO - DAG(s) 'example_bash_decorator' retrieved from /media/data/omar/programming course/DEPI/DEPI project/anomx/venv/lib/python3.12/site-packages/airflow/example_dags/example_bash_decorator.py
[2026-06-22T10:09:17.403+0300] {logging_mixin.py:188} INFO - [2026-06-22T10:09:17.403+0300] {dag.py:3096} INFO - Sync 1 DAGs
[2026-06-22T10:09:17.411+0300] {logging_mixin.py:188} INFO - [2026-06-22T10:09:17.411+0300] {dag.py:3954} INFO - Setting next_dagrun for example_bash_decorator to None, run_after=None
[2026-06-22T10:09:17.439+0300] {processor.py:183} INFO - Processing /media/data/omar/programming course/DEPI/DEPI project/anomx/venv/lib/python3.12/site-packages/airflow/example_dags/example_bash_decorator.py took 0.070 seconds
[2026-06-22T10:10:34.364+0300] {processor.py:161} INFO - Started process (PID=54598) to work on /media/data/omar/programming course/DEPI/DEPI project/anomx/venv/lib/python3.12/site-packages/airflow/example_dags/example_bash_decorator.py
[2026-06-22T10:10:34.366+0300] {processor.py:830} INFO - Processing file /media/data/omar/programming course/DEPI/DEPI project/anomx/venv/lib/python3.12/site-packages/airflow/example_dags/example_bash_decorator.py for tasks to queue
[2026-06-22T10:10:34.367+0300] {logging_mixin.py:188} INFO - [2026-06-22T10:10:34.367+0300] {dagbag.py:540} INFO - Filling up the DagBag from /media/data/omar/programming course/DEPI/DEPI project/anomx/venv/lib/python3.12/site-packages/airflow/example_dags/example_bash_decorator.py
[2026-06-22T10:10:34.383+0300] {processor.py:840} INFO - DAG(s) 'example_bash_decorator' retrieved from /media/data/omar/programming course/DEPI/DEPI project/anomx/venv/lib/python3.12/site-packages/airflow/example_dags/example_bash_decorator.py
[2026-06-22T10:10:34.401+0300] {logging_mixin.py:188} INFO - [2026-06-22T10:10:34.400+0300] {dag.py:3096} INFO - Sync 1 DAGs
[2026-06-22T10:10:34.409+0300] {logging_mixin.py:188} INFO - [2026-06-22T10:10:34.409+0300] {dag.py:3954} INFO - Setting next_dagrun for example_bash_decorator to None, run_after=None
[2026-06-22T10:10:34.438+0300] {processor.py:183} INFO - Processing /media/data/omar/programming course/DEPI/DEPI project/anomx/venv/lib/python3.12/site-packages/airflow/example_dags/example_bash_decorator.py took 0.086 seconds
[2026-06-22T10:11:50.710+0300] {processor.py:161} INFO - Started process (PID=54717) to work on /media/data/omar/programming course/DEPI/DEPI project/anomx/venv/lib/python3.12/site-packages/airflow/example_dags/example_bash_decorator.py
[2026-06-22T10:11:50.712+0300] {processor.py:830} INFO - Processing file /media/data/omar/programming course/DEPI/DEPI project/anomx/venv/lib/python3.12/site-packages/airflow/example_dags/example_bash_decorator.py for tasks to queue
[2026-06-22T10:11:50.713+0300] {logging_mixin.py:188} INFO - [2026-06-22T10:11:50.712+0300] {dagbag.py:540} INFO - Filling up the DagBag from /media/data/omar/programming course/DEPI/DEPI project/anomx/venv/lib/python3.12/site-packages/airflow/example_dags/example_bash_decorator.py
[2026-06-22T10:11:50.732+0300] {processor.py:840} INFO - DAG(s) 'example_bash_decorator' retrieved from /media/data/omar/programming course/DEPI/DEPI project/anomx/venv/lib/python3.12/site-packages/airflow/example_dags/example_bash_decorator.py
[2026-06-22T10:11:50.757+0300] {logging_mixin.py:188} INFO - [2026-06-22T10:11:50.756+0300] {dag.py:3096} INFO - Sync 1 DAGs
[2026-06-22T10:11:50.766+0300] {logging_mixin.py:188} INFO - [2026-06-22T10:11:50.765+0300] {dag.py:3954} INFO - Setting next_dagrun for example_bash_decorator to None, run_after=None
[2026-06-22T10:11:50.793+0300] {processor.py:183} INFO - Processing /media/data/omar/programming course/DEPI/DEPI project/anomx/venv/lib/python3.12/site-packages/airflow/example_dags/example_bash_decorator.py took 0.090 seconds
[2026-06-22T10:13:14.336+0300] {processor.py:161} INFO - Started process (PID=54843) to work on /media/data/omar/programming course/DEPI/DEPI project/anomx/venv/lib/python3.12/site-packages/airflow/example_dags/example_bash_decorator.py
[2026-06-22T10:13:14.337+0300] {processor.py:830} INFO - Processing file /media/data/omar/programming course/DEPI/DEPI project/anomx/venv/lib/python3.12/site-packages/airflow/example_dags/example_bash_decorator.py for tasks to queue
[2026-06-22T10:13:14.337+0300] {logging_mixin.py:188} INFO - [2026-06-22T10:13:14.337+0300] {dagbag.py:540} INFO - Filling up the DagBag from /media/data/omar/programming course/DEPI/DEPI project/anomx/venv/lib/python3.12/site-packages/airflow/example_dags/example_bash_decorator.py
[2026-06-22T10:13:14.349+0300] {processor.py:840} INFO - DAG(s) 'example_bash_decorator' retrieved from /media/data/omar/programming course/DEPI/DEPI project/anomx/venv/lib/python3.12/site-packages/airflow/example_dags/example_bash_decorator.py
[2026-06-22T10:13:14.365+0300] {logging_mixin.py:188} INFO - [2026-06-22T10:13:14.365+0300] {dag.py:3096} INFO - Sync 1 DAGs
[2026-06-22T10:13:14.374+0300] {logging_mixin.py:188} INFO - [2026-06-22T10:13:14.373+0300] {dag.py:3954} INFO - Setting next_dagrun for example_bash_decorator to None, run_after=None
[2026-06-22T10:13:14.400+0300] {processor.py:183} INFO - Processing /media/data/omar/programming course/DEPI/DEPI project/anomx/venv/lib/python3.12/site-packages/airflow/example_dags/example_bash_decorator.py took 0.069 seconds
[2026-06-22T10:14:36.805+0300] {processor.py:161} INFO - Started process (PID=54966) to work on /media/data/omar/programming course/DEPI/DEPI project/anomx/venv/lib/python3.12/site-packages/airflow/example_dags/example_bash_decorator.py
[2026-06-22T10:14:36.806+0300] {processor.py:830} INFO - Processing file /media/data/omar/programming course/DEPI/DEPI project/anomx/venv/lib/python3.12/site-packages/airflow/example_dags/example_bash_decorator.py for tasks to queue
[2026-06-22T10:14:36.808+0300] {logging_mixin.py:188} INFO - [2026-06-22T10:14:36.807+0300] {dagbag.py:540} INFO - Filling up the DagBag from /media/data/omar/programming course/DEPI/DEPI project/anomx/venv/lib/python3.12/site-packages/airflow/example_dags/example_bash_decorator.py
[2026-06-22T10:14:36.832+0300] {processor.py:840} INFO - DAG(s) 'example_bash_decorator' retrieved from /media/data/omar/programming course/DEPI/DEPI project/anomx/venv/lib/python3.12/site-packages/airflow/example_dags/example_bash_decorator.py
[2026-06-22T10:14:36.851+0300] {logging_mixin.py:188} INFO - [2026-06-22T10:14:36.850+0300] {dag.py:3096} INFO - Sync 1 DAGs
[2026-06-22T10:14:36.859+0300] {logging_mixin.py:188} INFO - [2026-06-22T10:14:36.859+0300] {dag.py:3954} INFO - Setting next_dagrun for example_bash_decorator to None, run_after=None
[2026-06-22T10:14:36.889+0300] {processor.py:183} INFO - Processing /media/data/omar/programming course/DEPI/DEPI project/anomx/venv/lib/python3.12/site-packages/airflow/example_dags/example_bash_decorator.py took 0.094 seconds
[2026-06-22T10:15:58.393+0300] {processor.py:161} INFO - Started process (PID=55098) to work on /media/data/omar/programming course/DEPI/DEPI project/anomx/venv/lib/python3.12/site-packages/airflow/example_dags/example_bash_decorator.py
[2026-06-22T10:15:58.395+0300] {processor.py:830} INFO - Processing file /media/data/omar/programming course/DEPI/DEPI project/anomx/venv/lib/python3.12/site-packages/airflow/example_dags/example_bash_decorator.py for tasks to queue
[2026-06-22T10:15:58.397+0300] {logging_mixin.py:188} INFO - [2026-06-22T10:15:58.396+0300] {dagbag.py:540} INFO - Filling up the DagBag from /media/data/omar/programming course/DEPI/DEPI project/anomx/venv/lib/python3.12/site-packages/airflow/example_dags/example_bash_decorator.py
[2026-06-22T10:15:58.418+0300] {processor.py:840} INFO - DAG(s) 'example_bash_decorator' retrieved from /media/data/omar/programming course/DEPI/DEPI project/anomx/venv/lib/python3.12/site-packages/airflow/example_dags/example_bash_decorator.py
[2026-06-22T10:15:58.436+0300] {logging_mixin.py:188} INFO - [2026-06-22T10:15:58.435+0300] {dag.py:3096} INFO - Sync 1 DAGs
[2026-06-22T10:15:58.444+0300] {logging_mixin.py:188} INFO - [2026-06-22T10:15:58.444+0300] {dag.py:3954} INFO - Setting next_dagrun for example_bash_decorator to None, run_after=None
[2026-06-22T10:15:58.470+0300] {processor.py:183} INFO - Processing /media/data/omar/programming course/DEPI/DEPI project/anomx/venv/lib/python3.12/site-packages/airflow/example_dags/example_bash_decorator.py took 0.086 seconds
[2026-06-22T10:17:18.413+0300] {processor.py:161} INFO - Started process (PID=55228) to work on /media/data/omar/programming course/DEPI/DEPI project/anomx/venv/lib/python3.12/site-packages/airflow/example_dags/example_bash_decorator.py
[2026-06-22T10:17:18.414+0300] {processor.py:830} INFO - Processing file /media/data/omar/programming course/DEPI/DEPI project/anomx/venv/lib/python3.12/site-packages/airflow/example_dags/example_bash_decorator.py for tasks to queue
[2026-06-22T10:17:18.415+0300] {logging_mixin.py:188} INFO - [2026-06-22T10:17:18.415+0300] {dagbag.py:540} INFO - Filling up the DagBag from /media/data/omar/programming course/DEPI/DEPI project/anomx/venv/lib/python3.12/site-packages/airflow/example_dags/example_bash_decorator.py
[2026-06-22T10:17:18.429+0300] {processor.py:840} INFO - DAG(s) 'example_bash_decorator' retrieved from /media/data/omar/programming course/DEPI/DEPI project/anomx/venv/lib/python3.12/site-packages/airflow/example_dags/example_bash_decorator.py
[2026-06-22T10:17:18.447+0300] {logging_mixin.py:188} INFO - [2026-06-22T10:17:18.446+0300] {dag.py:3096} INFO - Sync 1 DAGs
[2026-06-22T10:17:18.455+0300] {logging_mixin.py:188} INFO - [2026-06-22T10:17:18.455+0300] {dag.py:3954} INFO - Setting next_dagrun for example_bash_decorator to None, run_after=None
[2026-06-22T10:17:18.482+0300] {processor.py:183} INFO - Processing /media/data/omar/programming course/DEPI/DEPI project/anomx/venv/lib/python3.12/site-packages/airflow/example_dags/example_bash_decorator.py took 0.075 seconds
[2026-06-22T10:18:36.290+0300] {processor.py:161} INFO - Started process (PID=55340) to work on /media/data/omar/programming course/DEPI/DEPI project/anomx/venv/lib/python3.12/site-packages/airflow/example_dags/example_bash_decorator.py
[2026-06-22T10:18:36.291+0300] {processor.py:830} INFO - Processing file /media/data/omar/programming course/DEPI/DEPI project/anomx/venv/lib/python3.12/site-packages/airflow/example_dags/example_bash_decorator.py for tasks to queue
[2026-06-22T10:18:36.292+0300] {logging_mixin.py:188} INFO - [2026-06-22T10:18:36.291+0300] {dagbag.py:540} INFO - Filling up the DagBag from /media/data/omar/programming course/DEPI/DEPI project/anomx/venv/lib/python3.12/site-packages/airflow/example_dags/example_bash_decorator.py
[2026-06-22T10:18:36.311+0300] {processor.py:840} INFO - DAG(s) 'example_bash_decorator' retrieved from /media/data/omar/programming course/DEPI/DEPI project/anomx/venv/lib/python3.12/site-packages/airflow/example_dags/example_bash_decorator.py
[2026-06-22T10:18:36.334+0300] {logging_mixin.py:188} INFO - [2026-06-22T10:18:36.333+0300] {dag.py:3096} INFO - Sync 1 DAGs
[2026-06-22T10:18:36.343+0300] {logging_mixin.py:188} INFO - [2026-06-22T10:18:36.343+0300] {dag.py:3954} INFO - Setting next_dagrun for example_bash_decorator to None, run_after=None
[2026-06-22T10:18:36.373+0300] {processor.py:183} INFO - Processing /media/data/omar/programming course/DEPI/DEPI project/anomx/venv/lib/python3.12/site-packages/airflow/example_dags/example_bash_decorator.py took 0.092 seconds
[2026-06-22T10:19:52.384+0300] {processor.py:161} INFO - Started process (PID=55458) to work on /media/data/omar/programming course/DEPI/DEPI project/anomx/venv/lib/python3.12/site-packages/airflow/example_dags/example_bash_decorator.py
[2026-06-22T10:19:52.386+0300] {processor.py:830} INFO - Processing file /media/data/omar/programming course/DEPI/DEPI project/anomx/venv/lib/python3.12/site-packages/airflow/example_dags/example_bash_decorator.py for tasks to queue
[2026-06-22T10:19:52.387+0300] {logging_mixin.py:188} INFO - [2026-06-22T10:19:52.386+0300] {dagbag.py:540} INFO - Filling up the DagBag from /media/data/omar/programming course/DEPI/DEPI project/anomx/venv/lib/python3.12/site-packages/airflow/example_dags/example_bash_decorator.py
[2026-06-22T10:19:52.405+0300] {processor.py:840} INFO - DAG(s) 'example_bash_decorator' retrieved from /media/data/omar/programming course/DEPI/DEPI project/anomx/venv/lib/python3.12/site-packages/airflow/example_dags/example_bash_decorator.py
[2026-06-22T10:19:52.424+0300] {logging_mixin.py:188} INFO - [2026-06-22T10:19:52.423+0300] {dag.py:3096} INFO - Sync 1 DAGs
[2026-06-22T10:19:52.432+0300] {logging_mixin.py:188} INFO - [2026-06-22T10:19:52.432+0300] {dag.py:3954} INFO - Setting next_dagrun for example_bash_decorator to None, run_after=None
[2026-06-22T10:19:52.457+0300] {processor.py:183} INFO - Processing /media/data/omar/programming course/DEPI/DEPI project/anomx/venv/lib/python3.12/site-packages/airflow/example_dags/example_bash_decorator.py took 0.080 seconds
[2026-06-22T10:21:14.409+0300] {processor.py:161} INFO - Started process (PID=55599) to work on /media/data/omar/programming course/DEPI/DEPI project/anomx/venv/lib/python3.12/site-packages/airflow/example_dags/example_bash_decorator.py
[2026-06-22T10:21:14.410+0300] {processor.py:830} INFO - Processing file /media/data/omar/programming course/DEPI/DEPI project/anomx/venv/lib/python3.12/site-packages/airflow/example_dags/example_bash_decorator.py for tasks to queue
[2026-06-22T10:21:14.411+0300] {logging_mixin.py:188} INFO - [2026-06-22T10:21:14.411+0300] {dagbag.py:540} INFO - Filling up the DagBag from /media/data/omar/programming course/DEPI/DEPI project/anomx/venv/lib/python3.12/site-packages/airflow/example_dags/example_bash_decorator.py
[2026-06-22T10:21:14.424+0300] {processor.py:840} INFO - DAG(s) 'example_bash_decorator' retrieved from /media/data/omar/programming course/DEPI/DEPI project/anomx/venv/lib/python3.12/site-packages/airflow/example_dags/example_bash_decorator.py
[2026-06-22T10:21:14.441+0300] {logging_mixin.py:188} INFO - [2026-06-22T10:21:14.440+0300] {dag.py:3096} INFO - Sync 1 DAGs
[2026-06-22T10:21:14.449+0300] {logging_mixin.py:188} INFO - [2026-06-22T10:21:14.449+0300] {dag.py:3954} INFO - Setting next_dagrun for example_bash_decorator to None, run_after=None
[2026-06-22T10:21:14.474+0300] {processor.py:183} INFO - Processing /media/data/omar/programming course/DEPI/DEPI project/anomx/venv/lib/python3.12/site-packages/airflow/example_dags/example_bash_decorator.py took 0.070 seconds
[2026-06-22T10:22:34.945+0300] {processor.py:161} INFO - Started process (PID=55725) to work on /media/data/omar/programming course/DEPI/DEPI project/anomx/venv/lib/python3.12/site-packages/airflow/example_dags/example_bash_decorator.py
[2026-06-22T10:22:34.947+0300] {processor.py:830} INFO - Processing file /media/data/omar/programming course/DEPI/DEPI project/anomx/venv/lib/python3.12/site-packages/airflow/example_dags/example_bash_decorator.py for tasks to queue
[2026-06-22T10:22:34.949+0300] {logging_mixin.py:188} INFO - [2026-06-22T10:22:34.948+0300] {dagbag.py:540} INFO - Filling up the DagBag from /media/data/omar/programming course/DEPI/DEPI project/anomx/venv/lib/python3.12/site-packages/airflow/example_dags/example_bash_decorator.py
[2026-06-22T10:22:34.972+0300] {processor.py:840} INFO - DAG(s) 'example_bash_decorator' retrieved from /media/data/omar/programming course/DEPI/DEPI project/anomx/venv/lib/python3.12/site-packages/airflow/example_dags/example_bash_decorator.py
[2026-06-22T10:22:34.991+0300] {logging_mixin.py:188} INFO - [2026-06-22T10:22:34.991+0300] {dag.py:3096} INFO - Sync 1 DAGs
[2026-06-22T10:22:34.999+0300] {logging_mixin.py:188} INFO - [2026-06-22T10:22:34.999+0300] {dag.py:3954} INFO - Setting next_dagrun for example_bash_decorator to None, run_after=None
[2026-06-22T10:22:35.025+0300] {processor.py:183} INFO - Processing /media/data/omar/programming course/DEPI/DEPI project/anomx/venv/lib/python3.12/site-packages/airflow/example_dags/example_bash_decorator.py took 0.090 seconds
[2026-06-22T10:23:53.029+0300] {processor.py:161} INFO - Started process (PID=55856) to work on /media/data/omar/programming course/DEPI/DEPI project/anomx/venv/lib/python3.12/site-packages/airflow/example_dags/example_bash_decorator.py
[2026-06-22T10:23:53.031+0300] {processor.py:830} INFO - Processing file /media/data/omar/programming course/DEPI/DEPI project/anomx/venv/lib/python3.12/site-packages/airflow/example_dags/example_bash_decorator.py for tasks to queue
[2026-06-22T10:23:53.035+0300] {logging_mixin.py:188} INFO - [2026-06-22T10:23:53.033+0300] {dagbag.py:540} INFO - Filling up the DagBag from /media/data/omar/programming course/DEPI/DEPI project/anomx/venv/lib/python3.12/site-packages/airflow/example_dags/example_bash_decorator.py
[2026-06-22T10:23:53.055+0300] {processor.py:840} INFO - DAG(s) 'example_bash_decorator' retrieved from /media/data/omar/programming course/DEPI/DEPI project/anomx/venv/lib/python3.12/site-packages/airflow/example_dags/example_bash_decorator.py
[2026-06-22T10:23:53.073+0300] {logging_mixin.py:188} INFO - [2026-06-22T10:23:53.073+0300] {dag.py:3096} INFO - Sync 1 DAGs
[2026-06-22T10:23:53.082+0300] {logging_mixin.py:188} INFO - [2026-06-22T10:23:53.081+0300] {dag.py:3954} INFO - Setting next_dagrun for example_bash_decorator to None, run_after=None
[2026-06-22T10:23:53.109+0300] {processor.py:183} INFO - Processing /media/data/omar/programming course/DEPI/DEPI project/anomx/venv/lib/python3.12/site-packages/airflow/example_dags/example_bash_decorator.py took 0.101 seconds
[2026-06-22T10:25:16.874+0300] {processor.py:161} INFO - Started process (PID=55985) to work on /media/data/omar/programming course/DEPI/DEPI project/anomx/venv/lib/python3.12/site-packages/airflow/example_dags/example_bash_decorator.py
[2026-06-22T10:25:16.876+0300] {processor.py:830} INFO - Processing file /media/data/omar/programming course/DEPI/DEPI project/anomx/venv/lib/python3.12/site-packages/airflow/example_dags/example_bash_decorator.py for tasks to queue
[2026-06-22T10:25:16.878+0300] {logging_mixin.py:188} INFO - [2026-06-22T10:25:16.877+0300] {dagbag.py:540} INFO - Filling up the DagBag from /media/data/omar/programming course/DEPI/DEPI project/anomx/venv/lib/python3.12/site-packages/airflow/example_dags/example_bash_decorator.py
[2026-06-22T10:25:16.904+0300] {processor.py:840} INFO - DAG(s) 'example_bash_decorator' retrieved from /media/data/omar/programming course/DEPI/DEPI project/anomx/venv/lib/python3.12/site-packages/airflow/example_dags/example_bash_decorator.py
[2026-06-22T10:25:16.921+0300] {logging_mixin.py:188} INFO - [2026-06-22T10:25:16.921+0300] {dag.py:3096} INFO - Sync 1 DAGs
[2026-06-22T10:25:16.929+0300] {logging_mixin.py:188} INFO - [2026-06-22T10:25:16.929+0300] {dag.py:3954} INFO - Setting next_dagrun for example_bash_decorator to None, run_after=None
[2026-06-22T10:25:16.955+0300] {processor.py:183} INFO - Processing /media/data/omar/programming course/DEPI/DEPI project/anomx/venv/lib/python3.12/site-packages/airflow/example_dags/example_bash_decorator.py took 0.097 seconds
[2026-06-22T10:26:37.691+0300] {processor.py:161} INFO - Started process (PID=56111) to work on /media/data/omar/programming course/DEPI/DEPI project/anomx/venv/lib/python3.12/site-packages/airflow/example_dags/example_bash_decorator.py
[2026-06-22T10:26:37.693+0300] {processor.py:830} INFO - Processing file /media/data/omar/programming course/DEPI/DEPI project/anomx/venv/lib/python3.12/site-packages/airflow/example_dags/example_bash_decorator.py for tasks to queue
[2026-06-22T10:26:37.695+0300] {logging_mixin.py:188} INFO - [2026-06-22T10:26:37.694+0300] {dagbag.py:540} INFO - Filling up the DagBag from /media/data/omar/programming course/DEPI/DEPI project/anomx/venv/lib/python3.12/site-packages/airflow/example_dags/example_bash_decorator.py
[2026-06-22T10:26:37.712+0300] {processor.py:840} INFO - DAG(s) 'example_bash_decorator' retrieved from /media/data/omar/programming course/DEPI/DEPI project/anomx/venv/lib/python3.12/site-packages/airflow/example_dags/example_bash_decorator.py
[2026-06-22T10:26:37.730+0300] {logging_mixin.py:188} INFO - [2026-06-22T10:26:37.729+0300] {dag.py:3096} INFO - Sync 1 DAGs
[2026-06-22T10:26:37.738+0300] {logging_mixin.py:188} INFO - [2026-06-22T10:26:37.738+0300] {dag.py:3954} INFO - Setting next_dagrun for example_bash_decorator to None, run_after=None
[2026-06-22T10:26:37.763+0300] {processor.py:183} INFO - Processing /media/data/omar/programming course/DEPI/DEPI project/anomx/venv/lib/python3.12/site-packages/airflow/example_dags/example_bash_decorator.py took 0.092 seconds
[2026-06-22T10:27:51.611+0300] {processor.py:161} INFO - Started process (PID=56219) to work on /media/data/omar/programming course/DEPI/DEPI project/anomx/venv/lib/python3.12/site-packages/airflow/example_dags/example_bash_decorator.py
[2026-06-22T10:27:51.612+0300] {processor.py:830} INFO - Processing file /media/data/omar/programming course/DEPI/DEPI project/anomx/venv/lib/python3.12/site-packages/airflow/example_dags/example_bash_decorator.py for tasks to queue
[2026-06-22T10:27:51.615+0300] {logging_mixin.py:188} INFO - [2026-06-22T10:27:51.613+0300] {dagbag.py:540} INFO - Filling up the DagBag from /media/data/omar/programming course/DEPI/DEPI project/anomx/venv/lib/python3.12/site-packages/airflow/example_dags/example_bash_decorator.py
[2026-06-22T10:27:51.637+0300] {processor.py:840} INFO - DAG(s) 'example_bash_decorator' retrieved from /media/data/omar/programming course/DEPI/DEPI project/anomx/venv/lib/python3.12/site-packages/airflow/example_dags/example_bash_decorator.py
[2026-06-22T10:27:51.655+0300] {logging_mixin.py:188} INFO - [2026-06-22T10:27:51.655+0300] {dag.py:3096} INFO - Sync 1 DAGs
[2026-06-22T10:27:51.664+0300] {logging_mixin.py:188} INFO - [2026-06-22T10:27:51.663+0300] {dag.py:3954} INFO - Setting next_dagrun for example_bash_decorator to None, run_after=None
[2026-06-22T10:27:51.691+0300] {processor.py:183} INFO - Processing /media/data/omar/programming course/DEPI/DEPI project/anomx/venv/lib/python3.12/site-packages/airflow/example_dags/example_bash_decorator.py took 0.090 seconds
[2026-06-22T10:29:10.348+0300] {processor.py:161} INFO - Started process (PID=56343) to work on /media/data/omar/programming course/DEPI/DEPI project/anomx/venv/lib/python3.12/site-packages/airflow/example_dags/example_bash_decorator.py
[2026-06-22T10:29:10.349+0300] {processor.py:830} INFO - Processing file /media/data/omar/programming course/DEPI/DEPI project/anomx/venv/lib/python3.12/site-packages/airflow/example_dags/example_bash_decorator.py for tasks to queue
[2026-06-22T10:29:10.350+0300] {logging_mixin.py:188} INFO - [2026-06-22T10:29:10.349+0300] {dagbag.py:540} INFO - Filling up the DagBag from /media/data/omar/programming course/DEPI/DEPI project/anomx/venv/lib/python3.12/site-packages/airflow/example_dags/example_bash_decorator.py
[2026-06-22T10:29:10.363+0300] {processor.py:840} INFO - DAG(s) 'example_bash_decorator' retrieved from /media/data/omar/programming course/DEPI/DEPI project/anomx/venv/lib/python3.12/site-packages/airflow/example_dags/example_bash_decorator.py
[2026-06-22T10:29:10.380+0300] {logging_mixin.py:188} INFO - [2026-06-22T10:29:10.380+0300] {dag.py:3096} INFO - Sync 1 DAGs
[2026-06-22T10:29:10.389+0300] {logging_mixin.py:188} INFO - [2026-06-22T10:29:10.388+0300] {dag.py:3954} INFO - Setting next_dagrun for example_bash_decorator to None, run_after=None
[2026-06-22T10:29:10.416+0300] {processor.py:183} INFO - Processing /media/data/omar/programming course/DEPI/DEPI project/anomx/venv/lib/python3.12/site-packages/airflow/example_dags/example_bash_decorator.py took 0.076 seconds
[2026-06-22T10:30:33.477+0300] {processor.py:161} INFO - Started process (PID=56481) to work on /media/data/omar/programming course/DEPI/DEPI project/anomx/venv/lib/python3.12/site-packages/airflow/example_dags/example_bash_decorator.py
[2026-06-22T10:30:33.478+0300] {processor.py:830} INFO - Processing file /media/data/omar/programming course/DEPI/DEPI project/anomx/venv/lib/python3.12/site-packages/airflow/example_dags/example_bash_decorator.py for tasks to queue
[2026-06-22T10:30:33.480+0300] {logging_mixin.py:188} INFO - [2026-06-22T10:30:33.479+0300] {dagbag.py:540} INFO - Filling up the DagBag from /media/data/omar/programming course/DEPI/DEPI project/anomx/venv/lib/python3.12/site-packages/airflow/example_dags/example_bash_decorator.py
[2026-06-22T10:30:33.497+0300] {processor.py:840} INFO - DAG(s) 'example_bash_decorator' retrieved from /media/data/omar/programming course/DEPI/DEPI project/anomx/venv/lib/python3.12/site-packages/airflow/example_dags/example_bash_decorator.py
[2026-06-22T10:30:33.514+0300] {logging_mixin.py:188} INFO - [2026-06-22T10:30:33.514+0300] {dag.py:3096} INFO - Sync 1 DAGs
[2026-06-22T10:30:33.523+0300] {logging_mixin.py:188} INFO - [2026-06-22T10:30:33.522+0300] {dag.py:3954} INFO - Setting next_dagrun for example_bash_decorator to None, run_after=None
[2026-06-22T10:30:33.551+0300] {processor.py:183} INFO - Processing /media/data/omar/programming course/DEPI/DEPI project/anomx/venv/lib/python3.12/site-packages/airflow/example_dags/example_bash_decorator.py took 0.091 seconds
[2026-06-22T10:31:53.397+0300] {processor.py:161} INFO - Started process (PID=56595) to work on /media/data/omar/programming course/DEPI/DEPI project/anomx/venv/lib/python3.12/site-packages/airflow/example_dags/example_bash_decorator.py
[2026-06-22T10:31:53.399+0300] {processor.py:830} INFO - Processing file /media/data/omar/programming course/DEPI/DEPI project/anomx/venv/lib/python3.12/site-packages/airflow/example_dags/example_bash_decorator.py for tasks to queue
[2026-06-22T10:31:53.402+0300] {logging_mixin.py:188} INFO - [2026-06-22T10:31:53.400+0300] {dagbag.py:540} INFO - Filling up the DagBag from /media/data/omar/programming course/DEPI/DEPI project/anomx/venv/lib/python3.12/site-packages/airflow/example_dags/example_bash_decorator.py
[2026-06-22T10:31:53.420+0300] {processor.py:840} INFO - DAG(s) 'example_bash_decorator' retrieved from /media/data/omar/programming course/DEPI/DEPI project/anomx/venv/lib/python3.12/site-packages/airflow/example_dags/example_bash_decorator.py
[2026-06-22T10:31:53.437+0300] {logging_mixin.py:188} INFO - [2026-06-22T10:31:53.436+0300] {dag.py:3096} INFO - Sync 1 DAGs
[2026-06-22T10:31:53.446+0300] {logging_mixin.py:188} INFO - [2026-06-22T10:31:53.445+0300] {dag.py:3954} INFO - Setting next_dagrun for example_bash_decorator to None, run_after=None
[2026-06-22T10:31:53.472+0300] {processor.py:183} INFO - Processing /media/data/omar/programming course/DEPI/DEPI project/anomx/venv/lib/python3.12/site-packages/airflow/example_dags/example_bash_decorator.py took 0.093 seconds
[2026-06-22T10:33:10.812+0300] {processor.py:161} INFO - Started process (PID=56717) to work on /media/data/omar/programming course/DEPI/DEPI project/anomx/venv/lib/python3.12/site-packages/airflow/example_dags/example_bash_decorator.py
[2026-06-22T10:33:10.813+0300] {processor.py:830} INFO - Processing file /media/data/omar/programming course/DEPI/DEPI project/anomx/venv/lib/python3.12/site-packages/airflow/example_dags/example_bash_decorator.py for tasks to queue
[2026-06-22T10:33:10.815+0300] {logging_mixin.py:188} INFO - [2026-06-22T10:33:10.814+0300] {dagbag.py:540} INFO - Filling up the DagBag from /media/data/omar/programming course/DEPI/DEPI project/anomx/venv/lib/python3.12/site-packages/airflow/example_dags/example_bash_decorator.py
[2026-06-22T10:33:10.835+0300] {processor.py:840} INFO - DAG(s) 'example_bash_decorator' retrieved from /media/data/omar/programming course/DEPI/DEPI project/anomx/venv/lib/python3.12/site-packages/airflow/example_dags/example_bash_decorator.py
[2026-06-22T10:33:10.852+0300] {logging_mixin.py:188} INFO - [2026-06-22T10:33:10.852+0300] {dag.py:3096} INFO - Sync 1 DAGs
[2026-06-22T10:33:10.860+0300] {logging_mixin.py:188} INFO - [2026-06-22T10:33:10.860+0300] {dag.py:3954} INFO - Setting next_dagrun for example_bash_decorator to None, run_after=None
[2026-06-22T10:33:10.887+0300] {processor.py:183} INFO - Processing /media/data/omar/programming course/DEPI/DEPI project/anomx/venv/lib/python3.12/site-packages/airflow/example_dags/example_bash_decorator.py took 0.085 seconds
[2026-06-22T10:34:33.126+0300] {processor.py:161} INFO - Started process (PID=56856) to work on /media/data/omar/programming course/DEPI/DEPI project/anomx/venv/lib/python3.12/site-packages/airflow/example_dags/example_bash_decorator.py
[2026-06-22T10:34:33.127+0300] {processor.py:830} INFO - Processing file /media/data/omar/programming course/DEPI/DEPI project/anomx/venv/lib/python3.12/site-packages/airflow/example_dags/example_bash_decorator.py for tasks to queue
[2026-06-22T10:34:33.130+0300] {logging_mixin.py:188} INFO - [2026-06-22T10:34:33.129+0300] {dagbag.py:540} INFO - Filling up the DagBag from /media/data/omar/programming course/DEPI/DEPI project/anomx/venv/lib/python3.12/site-packages/airflow/example_dags/example_bash_decorator.py
[2026-06-22T10:34:33.147+0300] {processor.py:840} INFO - DAG(s) 'example_bash_decorator' retrieved from /media/data/omar/programming course/DEPI/DEPI project/anomx/venv/lib/python3.12/site-packages/airflow/example_dags/example_bash_decorator.py
[2026-06-22T10:34:33.166+0300] {logging_mixin.py:188} INFO - [2026-06-22T10:34:33.166+0300] {dag.py:3096} INFO - Sync 1 DAGs
[2026-06-22T10:34:33.175+0300] {logging_mixin.py:188} INFO - [2026-06-22T10:34:33.174+0300] {dag.py:3954} INFO - Setting next_dagrun for example_bash_decorator to None, run_after=None
[2026-06-22T10:34:33.201+0300] {processor.py:183} INFO - Processing /media/data/omar/programming course/DEPI/DEPI project/anomx/venv/lib/python3.12/site-packages/airflow/example_dags/example_bash_decorator.py took 0.094 seconds
[2026-06-22T10:35:55.657+0300] {processor.py:161} INFO - Started process (PID=56980) to work on /media/data/omar/programming course/DEPI/DEPI project/anomx/venv/lib/python3.12/site-packages/airflow/example_dags/example_bash_decorator.py
[2026-06-22T10:35:55.658+0300] {processor.py:830} INFO - Processing file /media/data/omar/programming course/DEPI/DEPI project/anomx/venv/lib/python3.12/site-packages/airflow/example_dags/example_bash_decorator.py for tasks to queue
[2026-06-22T10:35:55.659+0300] {logging_mixin.py:188} INFO - [2026-06-22T10:35:55.658+0300] {dagbag.py:540} INFO - Filling up the DagBag from /media/data/omar/programming course/DEPI/DEPI project/anomx/venv/lib/python3.12/site-packages/airflow/example_dags/example_bash_decorator.py
[2026-06-22T10:35:55.672+0300] {processor.py:840} INFO - DAG(s) 'example_bash_decorator' retrieved from /media/data/omar/programming course/DEPI/DEPI project/anomx/venv/lib/python3.12/site-packages/airflow/example_dags/example_bash_decorator.py
[2026-06-22T10:35:55.689+0300] {logging_mixin.py:188} INFO - [2026-06-22T10:35:55.688+0300] {dag.py:3096} INFO - Sync 1 DAGs
[2026-06-22T10:35:55.698+0300] {logging_mixin.py:188} INFO - [2026-06-22T10:35:55.697+0300] {dag.py:3954} INFO - Setting next_dagrun for example_bash_decorator to None, run_after=None
[2026-06-22T10:35:55.723+0300] {processor.py:183} INFO - Processing /media/data/omar/programming course/DEPI/DEPI project/anomx/venv/lib/python3.12/site-packages/airflow/example_dags/example_bash_decorator.py took 0.072 seconds
[2026-06-22T10:37:13.811+0300] {processor.py:161} INFO - Started process (PID=57104) to work on /media/data/omar/programming course/DEPI/DEPI project/anomx/venv/lib/python3.12/site-packages/airflow/example_dags/example_bash_decorator.py
[2026-06-22T10:37:13.812+0300] {processor.py:830} INFO - Processing file /media/data/omar/programming course/DEPI/DEPI project/anomx/venv/lib/python3.12/site-packages/airflow/example_dags/example_bash_decorator.py for tasks to queue
[2026-06-22T10:37:13.813+0300] {logging_mixin.py:188} INFO - [2026-06-22T10:37:13.812+0300] {dagbag.py:540} INFO - Filling up the DagBag from /media/data/omar/programming course/DEPI/DEPI project/anomx/venv/lib/python3.12/site-packages/airflow/example_dags/example_bash_decorator.py
[2026-06-22T10:37:13.826+0300] {processor.py:840} INFO - DAG(s) 'example_bash_decorator' retrieved from /media/data/omar/programming course/DEPI/DEPI project/anomx/venv/lib/python3.12/site-packages/airflow/example_dags/example_bash_decorator.py
[2026-06-22T10:37:13.842+0300] {logging_mixin.py:188} INFO - [2026-06-22T10:37:13.842+0300] {dag.py:3096} INFO - Sync 1 DAGs
[2026-06-22T10:37:13.851+0300] {logging_mixin.py:188} INFO - [2026-06-22T10:37:13.850+0300] {dag.py:3954} INFO - Setting next_dagrun for example_bash_decorator to None, run_after=None
[2026-06-22T10:37:13.876+0300] {processor.py:183} INFO - Processing /media/data/omar/programming course/DEPI/DEPI project/anomx/venv/lib/python3.12/site-packages/airflow/example_dags/example_bash_decorator.py took 0.070 seconds
[2026-06-22T10:38:33.531+0300] {processor.py:161} INFO - Started process (PID=57226) to work on /media/data/omar/programming course/DEPI/DEPI project/anomx/venv/lib/python3.12/site-packages/airflow/example_dags/example_bash_decorator.py
[2026-06-22T10:38:33.532+0300] {processor.py:830} INFO - Processing file /media/data/omar/programming course/DEPI/DEPI project/anomx/venv/lib/python3.12/site-packages/airflow/example_dags/example_bash_decorator.py for tasks to queue
[2026-06-22T10:38:33.534+0300] {logging_mixin.py:188} INFO - [2026-06-22T10:38:33.533+0300] {dagbag.py:540} INFO - Filling up the DagBag from /media/data/omar/programming course/DEPI/DEPI project/anomx/venv/lib/python3.12/site-packages/airflow/example_dags/example_bash_decorator.py
[2026-06-22T10:38:33.548+0300] {processor.py:840} INFO - DAG(s) 'example_bash_decorator' retrieved from /media/data/omar/programming course/DEPI/DEPI project/anomx/venv/lib/python3.12/site-packages/airflow/example_dags/example_bash_decorator.py
[2026-06-22T10:38:33.566+0300] {logging_mixin.py:188} INFO - [2026-06-22T10:38:33.566+0300] {dag.py:3096} INFO - Sync 1 DAGs
[2026-06-22T10:38:33.574+0300] {logging_mixin.py:188} INFO - [2026-06-22T10:38:33.574+0300] {dag.py:3954} INFO - Setting next_dagrun for example_bash_decorator to None, run_after=None
[2026-06-22T10:38:33.603+0300] {processor.py:183} INFO - Processing /media/data/omar/programming course/DEPI/DEPI project/anomx/venv/lib/python3.12/site-packages/airflow/example_dags/example_bash_decorator.py took 0.079 seconds
[2026-06-22T10:39:54.399+0300] {processor.py:161} INFO - Started process (PID=57336) to work on /media/data/omar/programming course/DEPI/DEPI project/anomx/venv/lib/python3.12/site-packages/airflow/example_dags/example_bash_decorator.py
[2026-06-22T10:39:54.400+0300] {processor.py:830} INFO - Processing file /media/data/omar/programming course/DEPI/DEPI project/anomx/venv/lib/python3.12/site-packages/airflow/example_dags/example_bash_decorator.py for tasks to queue
[2026-06-22T10:39:54.401+0300] {logging_mixin.py:188} INFO - [2026-06-22T10:39:54.400+0300] {dagbag.py:540} INFO - Filling up the DagBag from /media/data/omar/programming course/DEPI/DEPI project/anomx/venv/lib/python3.12/site-packages/airflow/example_dags/example_bash_decorator.py
[2026-06-22T10:39:54.413+0300] {processor.py:840} INFO - DAG(s) 'example_bash_decorator' retrieved from /media/data/omar/programming course/DEPI/DEPI project/anomx/venv/lib/python3.12/site-packages/airflow/example_dags/example_bash_decorator.py
[2026-06-22T10:39:54.430+0300] {logging_mixin.py:188} INFO - [2026-06-22T10:39:54.429+0300] {dag.py:3096} INFO - Sync 1 DAGs
[2026-06-22T10:39:54.517+0300] {logging_mixin.py:188} INFO - [2026-06-22T10:39:54.517+0300] {dag.py:3954} INFO - Setting next_dagrun for example_bash_decorator to None, run_after=None
[2026-06-22T10:39:54.541+0300] {processor.py:183} INFO - Processing /media/data/omar/programming course/DEPI/DEPI project/anomx/venv/lib/python3.12/site-packages/airflow/example_dags/example_bash_decorator.py took 0.148 seconds
[2026-06-22T10:41:14.576+0300] {processor.py:161} INFO - Started process (PID=57468) to work on /media/data/omar/programming course/DEPI/DEPI project/anomx/venv/lib/python3.12/site-packages/airflow/example_dags/example_bash_decorator.py
[2026-06-22T10:41:14.579+0300] {processor.py:830} INFO - Processing file /media/data/omar/programming course/DEPI/DEPI project/anomx/venv/lib/python3.12/site-packages/airflow/example_dags/example_bash_decorator.py for tasks to queue
[2026-06-22T10:41:14.581+0300] {logging_mixin.py:188} INFO - [2026-06-22T10:41:14.580+0300] {dagbag.py:540} INFO - Filling up the DagBag from /media/data/omar/programming course/DEPI/DEPI project/anomx/venv/lib/python3.12/site-packages/airflow/example_dags/example_bash_decorator.py
[2026-06-22T10:41:14.602+0300] {processor.py:840} INFO - DAG(s) 'example_bash_decorator' retrieved from /media/data/omar/programming course/DEPI/DEPI project/anomx/venv/lib/python3.12/site-packages/airflow/example_dags/example_bash_decorator.py
[2026-06-22T10:41:14.621+0300] {logging_mixin.py:188} INFO - [2026-06-22T10:41:14.621+0300] {dag.py:3096} INFO - Sync 1 DAGs
[2026-06-22T10:41:14.708+0300] {logging_mixin.py:188} INFO - [2026-06-22T10:41:14.708+0300] {dag.py:3954} INFO - Setting next_dagrun for example_bash_decorator to None, run_after=None
[2026-06-22T10:41:14.731+0300] {processor.py:183} INFO - Processing /media/data/omar/programming course/DEPI/DEPI project/anomx/venv/lib/python3.12/site-packages/airflow/example_dags/example_bash_decorator.py took 0.169 seconds
[2026-06-22T10:42:37.372+0300] {processor.py:161} INFO - Started process (PID=57594) to work on /media/data/omar/programming course/DEPI/DEPI project/anomx/venv/lib/python3.12/site-packages/airflow/example_dags/example_bash_decorator.py
[2026-06-22T10:42:37.373+0300] {processor.py:830} INFO - Processing file /media/data/omar/programming course/DEPI/DEPI project/anomx/venv/lib/python3.12/site-packages/airflow/example_dags/example_bash_decorator.py for tasks to queue
[2026-06-22T10:42:37.374+0300] {logging_mixin.py:188} INFO - [2026-06-22T10:42:37.373+0300] {dagbag.py:540} INFO - Filling up the DagBag from /media/data/omar/programming course/DEPI/DEPI project/anomx/venv/lib/python3.12/site-packages/airflow/example_dags/example_bash_decorator.py
[2026-06-22T10:42:37.388+0300] {processor.py:840} INFO - DAG(s) 'example_bash_decorator' retrieved from /media/data/omar/programming course/DEPI/DEPI project/anomx/venv/lib/python3.12/site-packages/airflow/example_dags/example_bash_decorator.py
[2026-06-22T10:42:37.407+0300] {logging_mixin.py:188} INFO - [2026-06-22T10:42:37.406+0300] {dag.py:3096} INFO - Sync 1 DAGs
[2026-06-22T10:42:37.416+0300] {logging_mixin.py:188} INFO - [2026-06-22T10:42:37.416+0300] {dag.py:3954} INFO - Setting next_dagrun for example_bash_decorator to None, run_after=None
[2026-06-22T10:42:37.442+0300] {processor.py:183} INFO - Processing /media/data/omar/programming course/DEPI/DEPI project/anomx/venv/lib/python3.12/site-packages/airflow/example_dags/example_bash_decorator.py took 0.079 seconds
[2026-06-22T10:43:52.841+0300] {processor.py:161} INFO - Started process (PID=57711) to work on /media/data/omar/programming course/DEPI/DEPI project/anomx/venv/lib/python3.12/site-packages/airflow/example_dags/example_bash_decorator.py
[2026-06-22T10:43:52.844+0300] {processor.py:830} INFO - Processing file /media/data/omar/programming course/DEPI/DEPI project/anomx/venv/lib/python3.12/site-packages/airflow/example_dags/example_bash_decorator.py for tasks to queue
[2026-06-22T10:43:52.847+0300] {logging_mixin.py:188} INFO - [2026-06-22T10:43:52.845+0300] {dagbag.py:540} INFO - Filling up the DagBag from /media/data/omar/programming course/DEPI/DEPI project/anomx/venv/lib/python3.12/site-packages/airflow/example_dags/example_bash_decorator.py
[2026-06-22T10:43:52.866+0300] {processor.py:840} INFO - DAG(s) 'example_bash_decorator' retrieved from /media/data/omar/programming course/DEPI/DEPI project/anomx/venv/lib/python3.12/site-packages/airflow/example_dags/example_bash_decorator.py
[2026-06-22T10:43:52.883+0300] {logging_mixin.py:188} INFO - [2026-06-22T10:43:52.883+0300] {dag.py:3096} INFO - Sync 1 DAGs
[2026-06-22T10:43:52.893+0300] {logging_mixin.py:188} INFO - [2026-06-22T10:43:52.892+0300] {dag.py:3954} INFO - Setting next_dagrun for example_bash_decorator to None, run_after=None
[2026-06-22T10:43:52.918+0300] {processor.py:183} INFO - Processing /media/data/omar/programming course/DEPI/DEPI project/anomx/venv/lib/python3.12/site-packages/airflow/example_dags/example_bash_decorator.py took 0.095 seconds
[2026-06-22T10:45:13.457+0300] {processor.py:161} INFO - Started process (PID=57846) to work on /media/data/omar/programming course/DEPI/DEPI project/anomx/venv/lib/python3.12/site-packages/airflow/example_dags/example_bash_decorator.py
[2026-06-22T10:45:13.458+0300] {processor.py:830} INFO - Processing file /media/data/omar/programming course/DEPI/DEPI project/anomx/venv/lib/python3.12/site-packages/airflow/example_dags/example_bash_decorator.py for tasks to queue
[2026-06-22T10:45:13.459+0300] {logging_mixin.py:188} INFO - [2026-06-22T10:45:13.459+0300] {dagbag.py:540} INFO - Filling up the DagBag from /media/data/omar/programming course/DEPI/DEPI project/anomx/venv/lib/python3.12/site-packages/airflow/example_dags/example_bash_decorator.py
[2026-06-22T10:45:13.473+0300] {processor.py:840} INFO - DAG(s) 'example_bash_decorator' retrieved from /media/data/omar/programming course/DEPI/DEPI project/anomx/venv/lib/python3.12/site-packages/airflow/example_dags/example_bash_decorator.py
[2026-06-22T10:45:13.490+0300] {logging_mixin.py:188} INFO - [2026-06-22T10:45:13.489+0300] {dag.py:3096} INFO - Sync 1 DAGs
[2026-06-22T10:45:13.498+0300] {logging_mixin.py:188} INFO - [2026-06-22T10:45:13.498+0300] {dag.py:3954} INFO - Setting next_dagrun for example_bash_decorator to None, run_after=None
[2026-06-22T10:45:13.533+0300] {processor.py:183} INFO - Processing /media/data/omar/programming course/DEPI/DEPI project/anomx/venv/lib/python3.12/site-packages/airflow/example_dags/example_bash_decorator.py took 0.082 seconds
[2026-06-22T10:46:36.113+0300] {processor.py:161} INFO - Started process (PID=57978) to work on /media/data/omar/programming course/DEPI/DEPI project/anomx/venv/lib/python3.12/site-packages/airflow/example_dags/example_bash_decorator.py
[2026-06-22T10:46:36.115+0300] {processor.py:830} INFO - Processing file /media/data/omar/programming course/DEPI/DEPI project/anomx/venv/lib/python3.12/site-packages/airflow/example_dags/example_bash_decorator.py for tasks to queue
[2026-06-22T10:46:36.116+0300] {logging_mixin.py:188} INFO - [2026-06-22T10:46:36.116+0300] {dagbag.py:540} INFO - Filling up the DagBag from /media/data/omar/programming course/DEPI/DEPI project/anomx/venv/lib/python3.12/site-packages/airflow/example_dags/example_bash_decorator.py
[2026-06-22T10:46:36.132+0300] {processor.py:840} INFO - DAG(s) 'example_bash_decorator' retrieved from /media/data/omar/programming course/DEPI/DEPI project/anomx/venv/lib/python3.12/site-packages/airflow/example_dags/example_bash_decorator.py
[2026-06-22T10:46:36.148+0300] {logging_mixin.py:188} INFO - [2026-06-22T10:46:36.148+0300] {dag.py:3096} INFO - Sync 1 DAGs
[2026-06-22T10:46:36.156+0300] {logging_mixin.py:188} INFO - [2026-06-22T10:46:36.156+0300] {dag.py:3954} INFO - Setting next_dagrun for example_bash_decorator to None, run_after=None
[2026-06-22T10:46:36.183+0300] {processor.py:183} INFO - Processing /media/data/omar/programming course/DEPI/DEPI project/anomx/venv/lib/python3.12/site-packages/airflow/example_dags/example_bash_decorator.py took 0.077 seconds
[2026-06-22T10:47:56.281+0300] {processor.py:161} INFO - Started process (PID=58124) to work on /media/data/omar/programming course/DEPI/DEPI project/anomx/venv/lib/python3.12/site-packages/airflow/example_dags/example_bash_decorator.py
[2026-06-22T10:47:56.283+0300] {processor.py:830} INFO - Processing file /media/data/omar/programming course/DEPI/DEPI project/anomx/venv/lib/python3.12/site-packages/airflow/example_dags/example_bash_decorator.py for tasks to queue
[2026-06-22T10:47:56.285+0300] {logging_mixin.py:188} INFO - [2026-06-22T10:47:56.284+0300] {dagbag.py:540} INFO - Filling up the DagBag from /media/data/omar/programming course/DEPI/DEPI project/anomx/venv/lib/python3.12/site-packages/airflow/example_dags/example_bash_decorator.py
[2026-06-22T10:47:56.301+0300] {processor.py:840} INFO - DAG(s) 'example_bash_decorator' retrieved from /media/data/omar/programming course/DEPI/DEPI project/anomx/venv/lib/python3.12/site-packages/airflow/example_dags/example_bash_decorator.py
[2026-06-22T10:47:56.318+0300] {logging_mixin.py:188} INFO - [2026-06-22T10:47:56.317+0300] {dag.py:3096} INFO - Sync 1 DAGs
[2026-06-22T10:47:56.326+0300] {logging_mixin.py:188} INFO - [2026-06-22T10:47:56.326+0300] {dag.py:3954} INFO - Setting next_dagrun for example_bash_decorator to None, run_after=None
[2026-06-22T10:47:56.351+0300] {processor.py:183} INFO - Processing /media/data/omar/programming course/DEPI/DEPI project/anomx/venv/lib/python3.12/site-packages/airflow/example_dags/example_bash_decorator.py took 0.082 seconds
[2026-06-22T10:49:08.348+0300] {processor.py:161} INFO - Started process (PID=58243) to work on /media/data/omar/programming course/DEPI/DEPI project/anomx/venv/lib/python3.12/site-packages/airflow/example_dags/example_bash_decorator.py
[2026-06-22T10:49:08.350+0300] {processor.py:830} INFO - Processing file /media/data/omar/programming course/DEPI/DEPI project/anomx/venv/lib/python3.12/site-packages/airflow/example_dags/example_bash_decorator.py for tasks to queue
[2026-06-22T10:49:08.352+0300] {logging_mixin.py:188} INFO - [2026-06-22T10:49:08.351+0300] {dagbag.py:540} INFO - Filling up the DagBag from /media/data/omar/programming course/DEPI/DEPI project/anomx/venv/lib/python3.12/site-packages/airflow/example_dags/example_bash_decorator.py
[2026-06-22T10:49:08.376+0300] {processor.py:840} INFO - DAG(s) 'example_bash_decorator' retrieved from /media/data/omar/programming course/DEPI/DEPI project/anomx/venv/lib/python3.12/site-packages/airflow/example_dags/example_bash_decorator.py
[2026-06-22T10:49:08.395+0300] {logging_mixin.py:188} INFO - [2026-06-22T10:49:08.394+0300] {dag.py:3096} INFO - Sync 1 DAGs
[2026-06-22T10:49:08.403+0300] {logging_mixin.py:188} INFO - [2026-06-22T10:49:08.402+0300] {dag.py:3954} INFO - Setting next_dagrun for example_bash_decorator to None, run_after=None
[2026-06-22T10:49:08.428+0300] {processor.py:183} INFO - Processing /media/data/omar/programming course/DEPI/DEPI project/anomx/venv/lib/python3.12/site-packages/airflow/example_dags/example_bash_decorator.py took 0.093 seconds
[2026-06-22T10:50:30.449+0300] {processor.py:161} INFO - Started process (PID=58506) to work on /media/data/omar/programming course/DEPI/DEPI project/anomx/venv/lib/python3.12/site-packages/airflow/example_dags/example_bash_decorator.py
[2026-06-22T10:50:30.453+0300] {processor.py:830} INFO - Processing file /media/data/omar/programming course/DEPI/DEPI project/anomx/venv/lib/python3.12/site-packages/airflow/example_dags/example_bash_decorator.py for tasks to queue
[2026-06-22T10:50:30.456+0300] {logging_mixin.py:188} INFO - [2026-06-22T10:50:30.455+0300] {dagbag.py:540} INFO - Filling up the DagBag from /media/data/omar/programming course/DEPI/DEPI project/anomx/venv/lib/python3.12/site-packages/airflow/example_dags/example_bash_decorator.py
[2026-06-22T10:50:30.502+0300] {processor.py:840} INFO - DAG(s) 'example_bash_decorator' retrieved from /media/data/omar/programming course/DEPI/DEPI project/anomx/venv/lib/python3.12/site-packages/airflow/example_dags/example_bash_decorator.py
[2026-06-22T10:50:30.558+0300] {logging_mixin.py:188} INFO - [2026-06-22T10:50:30.555+0300] {dag.py:3096} INFO - Sync 1 DAGs
[2026-06-22T10:50:30.577+0300] {logging_mixin.py:188} INFO - [2026-06-22T10:50:30.576+0300] {dag.py:3954} INFO - Setting next_dagrun for example_bash_decorator to None, run_after=None
[2026-06-22T10:50:30.626+0300] {processor.py:183} INFO - Processing /media/data/omar/programming course/DEPI/DEPI project/anomx/venv/lib/python3.12/site-packages/airflow/example_dags/example_bash_decorator.py took 0.203 seconds
[2026-06-22T10:51:30.196+0300] {processor.py:161} INFO - Started process (PID=58605) to work on /media/data/omar/programming course/DEPI/DEPI project/anomx/venv/lib/python3.12/site-packages/airflow/example_dags/example_bash_decorator.py
[2026-06-22T10:51:30.197+0300] {processor.py:830} INFO - Processing file /media/data/omar/programming course/DEPI/DEPI project/anomx/venv/lib/python3.12/site-packages/airflow/example_dags/example_bash_decorator.py for tasks to queue
[2026-06-22T10:51:30.198+0300] {logging_mixin.py:188} INFO - [2026-06-22T10:51:30.198+0300] {dagbag.py:540} INFO - Filling up the DagBag from /media/data/omar/programming course/DEPI/DEPI project/anomx/venv/lib/python3.12/site-packages/airflow/example_dags/example_bash_decorator.py
[2026-06-22T10:51:30.212+0300] {processor.py:840} INFO - DAG(s) 'example_bash_decorator' retrieved from /media/data/omar/programming course/DEPI/DEPI project/anomx/venv/lib/python3.12/site-packages/airflow/example_dags/example_bash_decorator.py
[2026-06-22T10:51:30.232+0300] {logging_mixin.py:188} INFO - [2026-06-22T10:51:30.231+0300] {dag.py:3096} INFO - Sync 1 DAGs
[2026-06-22T10:51:30.241+0300] {logging_mixin.py:188} INFO - [2026-06-22T10:51:30.241+0300] {dag.py:3954} INFO - Setting next_dagrun for example_bash_decorator to None, run_after=None
[2026-06-22T10:51:30.271+0300] {processor.py:183} INFO - Processing /media/data/omar/programming course/DEPI/DEPI project/anomx/venv/lib/python3.12/site-packages/airflow/example_dags/example_bash_decorator.py took 0.084 seconds
[2026-06-22T10:52:55.086+0300] {processor.py:161} INFO - Started process (PID=58840) to work on /media/data/omar/programming course/DEPI/DEPI project/anomx/venv/lib/python3.12/site-packages/airflow/example_dags/example_bash_decorator.py
[2026-06-22T10:52:55.088+0300] {processor.py:830} INFO - Processing file /media/data/omar/programming course/DEPI/DEPI project/anomx/venv/lib/python3.12/site-packages/airflow/example_dags/example_bash_decorator.py for tasks to queue
[2026-06-22T10:52:55.090+0300] {logging_mixin.py:188} INFO - [2026-06-22T10:52:55.089+0300] {dagbag.py:540} INFO - Filling up the DagBag from /media/data/omar/programming course/DEPI/DEPI project/anomx/venv/lib/python3.12/site-packages/airflow/example_dags/example_bash_decorator.py
[2026-06-22T10:52:55.114+0300] {processor.py:840} INFO - DAG(s) 'example_bash_decorator' retrieved from /media/data/omar/programming course/DEPI/DEPI project/anomx/venv/lib/python3.12/site-packages/airflow/example_dags/example_bash_decorator.py
[2026-06-22T10:52:55.155+0300] {logging_mixin.py:188} INFO - [2026-06-22T10:52:55.154+0300] {dag.py:3096} INFO - Sync 1 DAGs
[2026-06-22T10:52:55.178+0300] {logging_mixin.py:188} INFO - [2026-06-22T10:52:55.176+0300] {dag.py:3954} INFO - Setting next_dagrun for example_bash_decorator to None, run_after=None
[2026-06-22T10:52:55.237+0300] {processor.py:183} INFO - Processing /media/data/omar/programming course/DEPI/DEPI project/anomx/venv/lib/python3.12/site-packages/airflow/example_dags/example_bash_decorator.py took 0.162 seconds
[2026-06-22T10:54:19.647+0300] {processor.py:161} INFO - Started process (PID=59097) to work on /media/data/omar/programming course/DEPI/DEPI project/anomx/venv/lib/python3.12/site-packages/airflow/example_dags/example_bash_decorator.py
[2026-06-22T10:54:19.648+0300] {processor.py:830} INFO - Processing file /media/data/omar/programming course/DEPI/DEPI project/anomx/venv/lib/python3.12/site-packages/airflow/example_dags/example_bash_decorator.py for tasks to queue
[2026-06-22T10:54:19.649+0300] {logging_mixin.py:188} INFO - [2026-06-22T10:54:19.649+0300] {dagbag.py:540} INFO - Filling up the DagBag from /media/data/omar/programming course/DEPI/DEPI project/anomx/venv/lib/python3.12/site-packages/airflow/example_dags/example_bash_decorator.py
[2026-06-22T10:54:19.664+0300] {processor.py:840} INFO - DAG(s) 'example_bash_decorator' retrieved from /media/data/omar/programming course/DEPI/DEPI project/anomx/venv/lib/python3.12/site-packages/airflow/example_dags/example_bash_decorator.py
[2026-06-22T10:54:19.684+0300] {logging_mixin.py:188} INFO - [2026-06-22T10:54:19.684+0300] {dag.py:3096} INFO - Sync 1 DAGs
[2026-06-22T10:54:19.694+0300] {logging_mixin.py:188} INFO - [2026-06-22T10:54:19.694+0300] {dag.py:3954} INFO - Setting next_dagrun for example_bash_decorator to None, run_after=None
[2026-06-22T10:54:19.723+0300] {processor.py:183} INFO - Processing /media/data/omar/programming course/DEPI/DEPI project/anomx/venv/lib/python3.12/site-packages/airflow/example_dags/example_bash_decorator.py took 0.084 seconds
[2026-06-22T10:55:38.644+0300] {processor.py:161} INFO - Started process (PID=59357) to work on /media/data/omar/programming course/DEPI/DEPI project/anomx/venv/lib/python3.12/site-packages/airflow/example_dags/example_bash_decorator.py
[2026-06-22T10:55:38.645+0300] {processor.py:830} INFO - Processing file /media/data/omar/programming course/DEPI/DEPI project/anomx/venv/lib/python3.12/site-packages/airflow/example_dags/example_bash_decorator.py for tasks to queue
[2026-06-22T10:55:38.647+0300] {logging_mixin.py:188} INFO - [2026-06-22T10:55:38.646+0300] {dagbag.py:540} INFO - Filling up the DagBag from /media/data/omar/programming course/DEPI/DEPI project/anomx/venv/lib/python3.12/site-packages/airflow/example_dags/example_bash_decorator.py
[2026-06-22T10:55:38.673+0300] {processor.py:840} INFO - DAG(s) 'example_bash_decorator' retrieved from /media/data/omar/programming course/DEPI/DEPI project/anomx/venv/lib/python3.12/site-packages/airflow/example_dags/example_bash_decorator.py
[2026-06-22T10:55:38.710+0300] {logging_mixin.py:188} INFO - [2026-06-22T10:55:38.710+0300] {dag.py:3096} INFO - Sync 1 DAGs
[2026-06-22T10:55:38.729+0300] {logging_mixin.py:188} INFO - [2026-06-22T10:55:38.727+0300] {dag.py:3954} INFO - Setting next_dagrun for example_bash_decorator to None, run_after=None
[2026-06-22T10:55:38.764+0300] {processor.py:183} INFO - Processing /media/data/omar/programming course/DEPI/DEPI project/anomx/venv/lib/python3.12/site-packages/airflow/example_dags/example_bash_decorator.py took 0.132 seconds
[2026-06-22T10:57:03.794+0300] {processor.py:161} INFO - Started process (PID=59560) to work on /media/data/omar/programming course/DEPI/DEPI project/anomx/venv/lib/python3.12/site-packages/airflow/example_dags/example_bash_decorator.py
[2026-06-22T10:57:03.795+0300] {processor.py:830} INFO - Processing file /media/data/omar/programming course/DEPI/DEPI project/anomx/venv/lib/python3.12/site-packages/airflow/example_dags/example_bash_decorator.py for tasks to queue
[2026-06-22T10:57:03.796+0300] {logging_mixin.py:188} INFO - [2026-06-22T10:57:03.795+0300] {dagbag.py:540} INFO - Filling up the DagBag from /media/data/omar/programming course/DEPI/DEPI project/anomx/venv/lib/python3.12/site-packages/airflow/example_dags/example_bash_decorator.py
[2026-06-22T10:57:03.809+0300] {processor.py:840} INFO - DAG(s) 'example_bash_decorator' retrieved from /media/data/omar/programming course/DEPI/DEPI project/anomx/venv/lib/python3.12/site-packages/airflow/example_dags/example_bash_decorator.py
[2026-06-22T10:57:03.831+0300] {logging_mixin.py:188} INFO - [2026-06-22T10:57:03.830+0300] {dag.py:3096} INFO - Sync 1 DAGs
[2026-06-22T10:57:03.841+0300] {logging_mixin.py:188} INFO - [2026-06-22T10:57:03.840+0300] {dag.py:3954} INFO - Setting next_dagrun for example_bash_decorator to None, run_after=None
[2026-06-22T10:57:03.877+0300] {processor.py:183} INFO - Processing /media/data/omar/programming course/DEPI/DEPI project/anomx/venv/lib/python3.12/site-packages/airflow/example_dags/example_bash_decorator.py took 0.089 seconds
[2026-06-22T10:58:03.292+0300] {processor.py:161} INFO - Started process (PID=59675) to work on /media/data/omar/programming course/DEPI/DEPI project/anomx/venv/lib/python3.12/site-packages/airflow/example_dags/example_bash_decorator.py
[2026-06-22T10:58:03.293+0300] {processor.py:830} INFO - Processing file /media/data/omar/programming course/DEPI/DEPI project/anomx/venv/lib/python3.12/site-packages/airflow/example_dags/example_bash_decorator.py for tasks to queue
[2026-06-22T10:58:03.294+0300] {logging_mixin.py:188} INFO - [2026-06-22T10:58:03.294+0300] {dagbag.py:540} INFO - Filling up the DagBag from /media/data/omar/programming course/DEPI/DEPI project/anomx/venv/lib/python3.12/site-packages/airflow/example_dags/example_bash_decorator.py
[2026-06-22T10:58:03.311+0300] {processor.py:840} INFO - DAG(s) 'example_bash_decorator' retrieved from /media/data/omar/programming course/DEPI/DEPI project/anomx/venv/lib/python3.12/site-packages/airflow/example_dags/example_bash_decorator.py
[2026-06-22T10:58:03.342+0300] {logging_mixin.py:188} INFO - [2026-06-22T10:58:03.341+0300] {dag.py:3096} INFO - Sync 1 DAGs
[2026-06-22T10:58:03.359+0300] {logging_mixin.py:188} INFO - [2026-06-22T10:58:03.358+0300] {dag.py:3954} INFO - Setting next_dagrun for example_bash_decorator to None, run_after=None
[2026-06-22T10:58:03.401+0300] {processor.py:183} INFO - Processing /media/data/omar/programming course/DEPI/DEPI project/anomx/venv/lib/python3.12/site-packages/airflow/example_dags/example_bash_decorator.py took 0.117 seconds
[2026-06-22T10:59:27.856+0300] {processor.py:161} INFO - Started process (PID=59806) to work on /media/data/omar/programming course/DEPI/DEPI project/anomx/venv/lib/python3.12/site-packages/airflow/example_dags/example_bash_decorator.py
[2026-06-22T10:59:27.857+0300] {processor.py:830} INFO - Processing file /media/data/omar/programming course/DEPI/DEPI project/anomx/venv/lib/python3.12/site-packages/airflow/example_dags/example_bash_decorator.py for tasks to queue
[2026-06-22T10:59:27.859+0300] {logging_mixin.py:188} INFO - [2026-06-22T10:59:27.858+0300] {dagbag.py:540} INFO - Filling up the DagBag from /media/data/omar/programming course/DEPI/DEPI project/anomx/venv/lib/python3.12/site-packages/airflow/example_dags/example_bash_decorator.py
[2026-06-22T10:59:27.874+0300] {processor.py:840} INFO - DAG(s) 'example_bash_decorator' retrieved from /media/data/omar/programming course/DEPI/DEPI project/anomx/venv/lib/python3.12/site-packages/airflow/example_dags/example_bash_decorator.py
[2026-06-22T10:59:27.899+0300] {logging_mixin.py:188} INFO - [2026-06-22T10:59:27.899+0300] {dag.py:3096} INFO - Sync 1 DAGs
[2026-06-22T10:59:27.919+0300] {logging_mixin.py:188} INFO - [2026-06-22T10:59:27.918+0300] {dag.py:3954} INFO - Setting next_dagrun for example_bash_decorator to None, run_after=None
[2026-06-22T10:59:27.978+0300] {processor.py:183} INFO - Processing /media/data/omar/programming course/DEPI/DEPI project/anomx/venv/lib/python3.12/site-packages/airflow/example_dags/example_bash_decorator.py took 0.130 seconds
[2026-06-22T11:00:47.036+0300] {processor.py:161} INFO - Started process (PID=59948) to work on /media/data/omar/programming course/DEPI/DEPI project/anomx/venv/lib/python3.12/site-packages/airflow/example_dags/example_bash_decorator.py
[2026-06-22T11:00:47.038+0300] {processor.py:830} INFO - Processing file /media/data/omar/programming course/DEPI/DEPI project/anomx/venv/lib/python3.12/site-packages/airflow/example_dags/example_bash_decorator.py for tasks to queue
[2026-06-22T11:00:47.039+0300] {logging_mixin.py:188} INFO - [2026-06-22T11:00:47.039+0300] {dagbag.py:540} INFO - Filling up the DagBag from /media/data/omar/programming course/DEPI/DEPI project/anomx/venv/lib/python3.12/site-packages/airflow/example_dags/example_bash_decorator.py
[2026-06-22T11:00:47.055+0300] {processor.py:840} INFO - DAG(s) 'example_bash_decorator' retrieved from /media/data/omar/programming course/DEPI/DEPI project/anomx/venv/lib/python3.12/site-packages/airflow/example_dags/example_bash_decorator.py
[2026-06-22T11:00:47.075+0300] {logging_mixin.py:188} INFO - [2026-06-22T11:00:47.075+0300] {dag.py:3096} INFO - Sync 1 DAGs
[2026-06-22T11:00:47.086+0300] {logging_mixin.py:188} INFO - [2026-06-22T11:00:47.085+0300] {dag.py:3954} INFO - Setting next_dagrun for example_bash_decorator to None, run_after=None
[2026-06-22T11:00:47.119+0300] {processor.py:183} INFO - Processing /media/data/omar/programming course/DEPI/DEPI project/anomx/venv/lib/python3.12/site-packages/airflow/example_dags/example_bash_decorator.py took 0.093 seconds
[2026-06-22T11:02:13.893+0300] {processor.py:161} INFO - Started process (PID=60085) to work on /media/data/omar/programming course/DEPI/DEPI project/anomx/venv/lib/python3.12/site-packages/airflow/example_dags/example_bash_decorator.py
[2026-06-22T11:02:13.895+0300] {processor.py:830} INFO - Processing file /media/data/omar/programming course/DEPI/DEPI project/anomx/venv/lib/python3.12/site-packages/airflow/example_dags/example_bash_decorator.py for tasks to queue
[2026-06-22T11:02:13.897+0300] {logging_mixin.py:188} INFO - [2026-06-22T11:02:13.896+0300] {dagbag.py:540} INFO - Filling up the DagBag from /media/data/omar/programming course/DEPI/DEPI project/anomx/venv/lib/python3.12/site-packages/airflow/example_dags/example_bash_decorator.py
[2026-06-22T11:02:13.912+0300] {processor.py:840} INFO - DAG(s) 'example_bash_decorator' retrieved from /media/data/omar/programming course/DEPI/DEPI project/anomx/venv/lib/python3.12/site-packages/airflow/example_dags/example_bash_decorator.py
[2026-06-22T11:02:13.935+0300] {logging_mixin.py:188} INFO - [2026-06-22T11:02:13.935+0300] {dag.py:3096} INFO - Sync 1 DAGs
[2026-06-22T11:02:13.947+0300] {logging_mixin.py:188} INFO - [2026-06-22T11:02:13.946+0300] {dag.py:3954} INFO - Setting next_dagrun for example_bash_decorator to None, run_after=None
[2026-06-22T11:02:13.982+0300] {processor.py:183} INFO - Processing /media/data/omar/programming course/DEPI/DEPI project/anomx/venv/lib/python3.12/site-packages/airflow/example_dags/example_bash_decorator.py took 0.100 seconds
