[2026-06-22T08:15:14.917+0300] {processor.py:161} INFO - Started process (PID=42088) to work on /media/data/omar/programming course/DEPI/DEPI project/anomx/venv/lib/python3.12/site-packages/airflow/example_dags/example_python_operator.py
[2026-06-22T08:15:14.917+0300] {processor.py:830} INFO - Processing file /media/data/omar/programming course/DEPI/DEPI project/anomx/venv/lib/python3.12/site-packages/airflow/example_dags/example_python_operator.py for tasks to queue
[2026-06-22T08:15:14.918+0300] {logging_mixin.py:188} INFO - [2026-06-22T08:15:14.918+0300] {dagbag.py:540} INFO - Filling up the DagBag from /media/data/omar/programming course/DEPI/DEPI project/anomx/venv/lib/python3.12/site-packages/airflow/example_dags/example_python_operator.py
[2026-06-22T08:15:14.931+0300] {processor.py:840} INFO - DAG(s) 'example_python_operator' retrieved from /media/data/omar/programming course/DEPI/DEPI project/anomx/venv/lib/python3.12/site-packages/airflow/example_dags/example_python_operator.py
[2026-06-22T08:15:15.027+0300] {logging_mixin.py:188} INFO - [2026-06-22T08:15:15.026+0300] {dag.py:3096} INFO - Sync 1 DAGs
[2026-06-22T08:15:15.035+0300] {logging_mixin.py:188} INFO - [2026-06-22T08:15:15.034+0300] {dag.py:3954} INFO - Setting next_dagrun for example_python_operator to None, run_after=None
[2026-06-22T08:15:15.059+0300] {processor.py:183} INFO - Processing /media/data/omar/programming course/DEPI/DEPI project/anomx/venv/lib/python3.12/site-packages/airflow/example_dags/example_python_operator.py took 0.149 seconds
[2026-06-22T08:16:10.922+0300] {processor.py:161} INFO - Started process (PID=42170) to work on /media/data/omar/programming course/DEPI/DEPI project/anomx/venv/lib/python3.12/site-packages/airflow/example_dags/example_python_operator.py
[2026-06-22T08:16:10.924+0300] {processor.py:830} INFO - Processing file /media/data/omar/programming course/DEPI/DEPI project/anomx/venv/lib/python3.12/site-packages/airflow/example_dags/example_python_operator.py for tasks to queue
[2026-06-22T08:16:10.927+0300] {logging_mixin.py:188} INFO - [2026-06-22T08:16:10.925+0300] {dagbag.py:540} INFO - Filling up the DagBag from /media/data/omar/programming course/DEPI/DEPI project/anomx/venv/lib/python3.12/site-packages/airflow/example_dags/example_python_operator.py
[2026-06-22T08:16:10.949+0300] {processor.py:840} INFO - DAG(s) 'example_python_operator' retrieved from /media/data/omar/programming course/DEPI/DEPI project/anomx/venv/lib/python3.12/site-packages/airflow/example_dags/example_python_operator.py
[2026-06-22T08:16:10.984+0300] {logging_mixin.py:188} INFO - [2026-06-22T08:16:10.983+0300] {dag.py:3096} INFO - Sync 1 DAGs
[2026-06-22T08:16:10.999+0300] {logging_mixin.py:188} INFO - [2026-06-22T08:16:10.999+0300] {dag.py:3954} INFO - Setting next_dagrun for example_python_operator to None, run_after=None
[2026-06-22T08:16:11.032+0300] {processor.py:183} INFO - Processing /media/data/omar/programming course/DEPI/DEPI project/anomx/venv/lib/python3.12/site-packages/airflow/example_dags/example_python_operator.py took 0.121 seconds
[2026-06-22T08:17:09.709+0300] {processor.py:161} INFO - Started process (PID=42263) to work on /media/data/omar/programming course/DEPI/DEPI project/anomx/venv/lib/python3.12/site-packages/airflow/example_dags/example_python_operator.py
[2026-06-22T08:17:09.711+0300] {processor.py:830} INFO - Processing file /media/data/omar/programming course/DEPI/DEPI project/anomx/venv/lib/python3.12/site-packages/airflow/example_dags/example_python_operator.py for tasks to queue
[2026-06-22T08:17:09.714+0300] {logging_mixin.py:188} INFO - [2026-06-22T08:17:09.712+0300] {dagbag.py:540} INFO - Filling up the DagBag from /media/data/omar/programming course/DEPI/DEPI project/anomx/venv/lib/python3.12/site-packages/airflow/example_dags/example_python_operator.py
[2026-06-22T08:17:09.741+0300] {processor.py:840} INFO - DAG(s) 'example_python_operator' retrieved from /media/data/omar/programming course/DEPI/DEPI project/anomx/venv/lib/python3.12/site-packages/airflow/example_dags/example_python_operator.py
[2026-06-22T08:17:09.778+0300] {logging_mixin.py:188} INFO - [2026-06-22T08:17:09.778+0300] {dag.py:3096} INFO - Sync 1 DAGs
[2026-06-22T08:17:09.799+0300] {logging_mixin.py:188} INFO - [2026-06-22T08:17:09.798+0300] {dag.py:3954} INFO - Setting next_dagrun for example_python_operator to None, run_after=None
[2026-06-22T08:17:09.870+0300] {processor.py:183} INFO - Processing /media/data/omar/programming course/DEPI/DEPI project/anomx/venv/lib/python3.12/site-packages/airflow/example_dags/example_python_operator.py took 0.174 seconds
[2026-06-22T08:18:03.945+0300] {processor.py:161} INFO - Started process (PID=42342) to work on /media/data/omar/programming course/DEPI/DEPI project/anomx/venv/lib/python3.12/site-packages/airflow/example_dags/example_python_operator.py
[2026-06-22T08:18:03.947+0300] {processor.py:830} INFO - Processing file /media/data/omar/programming course/DEPI/DEPI project/anomx/venv/lib/python3.12/site-packages/airflow/example_dags/example_python_operator.py for tasks to queue
[2026-06-22T08:18:03.948+0300] {logging_mixin.py:188} INFO - [2026-06-22T08:18:03.948+0300] {dagbag.py:540} INFO - Filling up the DagBag from /media/data/omar/programming course/DEPI/DEPI project/anomx/venv/lib/python3.12/site-packages/airflow/example_dags/example_python_operator.py
[2026-06-22T08:18:03.962+0300] {processor.py:840} INFO - DAG(s) 'example_python_operator' retrieved from /media/data/omar/programming course/DEPI/DEPI project/anomx/venv/lib/python3.12/site-packages/airflow/example_dags/example_python_operator.py
[2026-06-22T08:18:03.980+0300] {logging_mixin.py:188} INFO - [2026-06-22T08:18:03.980+0300] {dag.py:3096} INFO - Sync 1 DAGs
[2026-06-22T08:18:03.990+0300] {logging_mixin.py:188} INFO - [2026-06-22T08:18:03.989+0300] {dag.py:3954} INFO - Setting next_dagrun for example_python_operator to None, run_after=None
[2026-06-22T08:18:04.020+0300] {processor.py:183} INFO - Processing /media/data/omar/programming course/DEPI/DEPI project/anomx/venv/lib/python3.12/site-packages/airflow/example_dags/example_python_operator.py took 0.094 seconds
[2026-06-22T08:18:58.316+0300] {processor.py:161} INFO - Started process (PID=42438) to work on /media/data/omar/programming course/DEPI/DEPI project/anomx/venv/lib/python3.12/site-packages/airflow/example_dags/example_python_operator.py
[2026-06-22T08:18:58.318+0300] {processor.py:830} INFO - Processing file /media/data/omar/programming course/DEPI/DEPI project/anomx/venv/lib/python3.12/site-packages/airflow/example_dags/example_python_operator.py for tasks to queue
[2026-06-22T08:18:58.321+0300] {logging_mixin.py:188} INFO - [2026-06-22T08:18:58.319+0300] {dagbag.py:540} INFO - Filling up the DagBag from /media/data/omar/programming course/DEPI/DEPI project/anomx/venv/lib/python3.12/site-packages/airflow/example_dags/example_python_operator.py
[2026-06-22T08:18:58.344+0300] {processor.py:840} INFO - DAG(s) 'example_python_operator' retrieved from /media/data/omar/programming course/DEPI/DEPI project/anomx/venv/lib/python3.12/site-packages/airflow/example_dags/example_python_operator.py
[2026-06-22T08:18:58.363+0300] {logging_mixin.py:188} INFO - [2026-06-22T08:18:58.362+0300] {dag.py:3096} INFO - Sync 1 DAGs
[2026-06-22T08:18:58.371+0300] {logging_mixin.py:188} INFO - [2026-06-22T08:18:58.371+0300] {dag.py:3954} INFO - Setting next_dagrun for example_python_operator to None, run_after=None
[2026-06-22T08:18:58.396+0300] {processor.py:183} INFO - Processing /media/data/omar/programming course/DEPI/DEPI project/anomx/venv/lib/python3.12/site-packages/airflow/example_dags/example_python_operator.py took 0.093 seconds
[2026-06-22T08:19:55.532+0300] {processor.py:161} INFO - Started process (PID=42532) to work on /media/data/omar/programming course/DEPI/DEPI project/anomx/venv/lib/python3.12/site-packages/airflow/example_dags/example_python_operator.py
[2026-06-22T08:19:55.533+0300] {processor.py:830} INFO - Processing file /media/data/omar/programming course/DEPI/DEPI project/anomx/venv/lib/python3.12/site-packages/airflow/example_dags/example_python_operator.py for tasks to queue
[2026-06-22T08:19:55.534+0300] {logging_mixin.py:188} INFO - [2026-06-22T08:19:55.533+0300] {dagbag.py:540} INFO - Filling up the DagBag from /media/data/omar/programming course/DEPI/DEPI project/anomx/venv/lib/python3.12/site-packages/airflow/example_dags/example_python_operator.py
[2026-06-22T08:19:55.543+0300] {processor.py:840} INFO - DAG(s) 'example_python_operator' retrieved from /media/data/omar/programming course/DEPI/DEPI project/anomx/venv/lib/python3.12/site-packages/airflow/example_dags/example_python_operator.py
[2026-06-22T08:19:55.558+0300] {logging_mixin.py:188} INFO - [2026-06-22T08:19:55.558+0300] {dag.py:3096} INFO - Sync 1 DAGs
[2026-06-22T08:19:55.566+0300] {logging_mixin.py:188} INFO - [2026-06-22T08:19:55.566+0300] {dag.py:3954} INFO - Setting next_dagrun for example_python_operator to None, run_after=None
[2026-06-22T08:19:55.592+0300] {processor.py:183} INFO - Processing /media/data/omar/programming course/DEPI/DEPI project/anomx/venv/lib/python3.12/site-packages/airflow/example_dags/example_python_operator.py took 0.068 seconds
[2026-06-22T08:20:50.784+0300] {processor.py:161} INFO - Started process (PID=42645) to work on /media/data/omar/programming course/DEPI/DEPI project/anomx/venv/lib/python3.12/site-packages/airflow/example_dags/example_python_operator.py
[2026-06-22T08:20:50.785+0300] {processor.py:830} INFO - Processing file /media/data/omar/programming course/DEPI/DEPI project/anomx/venv/lib/python3.12/site-packages/airflow/example_dags/example_python_operator.py for tasks to queue
[2026-06-22T08:20:50.786+0300] {logging_mixin.py:188} INFO - [2026-06-22T08:20:50.785+0300] {dagbag.py:540} INFO - Filling up the DagBag from /media/data/omar/programming course/DEPI/DEPI project/anomx/venv/lib/python3.12/site-packages/airflow/example_dags/example_python_operator.py
[2026-06-22T08:20:50.795+0300] {processor.py:840} INFO - DAG(s) 'example_python_operator' retrieved from /media/data/omar/programming course/DEPI/DEPI project/anomx/venv/lib/python3.12/site-packages/airflow/example_dags/example_python_operator.py
[2026-06-22T08:20:50.811+0300] {logging_mixin.py:188} INFO - [2026-06-22T08:20:50.810+0300] {dag.py:3096} INFO - Sync 1 DAGs
[2026-06-22T08:20:50.819+0300] {logging_mixin.py:188} INFO - [2026-06-22T08:20:50.818+0300] {dag.py:3954} INFO - Setting next_dagrun for example_python_operator to None, run_after=None
[2026-06-22T08:20:50.846+0300] {processor.py:183} INFO - Processing /media/data/omar/programming course/DEPI/DEPI project/anomx/venv/lib/python3.12/site-packages/airflow/example_dags/example_python_operator.py took 0.067 seconds
[2026-06-22T08:21:43.853+0300] {processor.py:161} INFO - Started process (PID=42727) to work on /media/data/omar/programming course/DEPI/DEPI project/anomx/venv/lib/python3.12/site-packages/airflow/example_dags/example_python_operator.py
[2026-06-22T08:21:43.855+0300] {processor.py:830} INFO - Processing file /media/data/omar/programming course/DEPI/DEPI project/anomx/venv/lib/python3.12/site-packages/airflow/example_dags/example_python_operator.py for tasks to queue
[2026-06-22T08:21:43.858+0300] {logging_mixin.py:188} INFO - [2026-06-22T08:21:43.857+0300] {dagbag.py:540} INFO - Filling up the DagBag from /media/data/omar/programming course/DEPI/DEPI project/anomx/venv/lib/python3.12/site-packages/airflow/example_dags/example_python_operator.py
[2026-06-22T08:21:43.879+0300] {processor.py:840} INFO - DAG(s) 'example_python_operator' retrieved from /media/data/omar/programming course/DEPI/DEPI project/anomx/venv/lib/python3.12/site-packages/airflow/example_dags/example_python_operator.py
[2026-06-22T08:21:43.897+0300] {logging_mixin.py:188} INFO - [2026-06-22T08:21:43.897+0300] {dag.py:3096} INFO - Sync 1 DAGs
[2026-06-22T08:21:43.906+0300] {logging_mixin.py:188} INFO - [2026-06-22T08:21:43.906+0300] {dag.py:3954} INFO - Setting next_dagrun for example_python_operator to None, run_after=None
[2026-06-22T08:21:43.931+0300] {processor.py:183} INFO - Processing /media/data/omar/programming course/DEPI/DEPI project/anomx/venv/lib/python3.12/site-packages/airflow/example_dags/example_python_operator.py took 0.091 seconds
[2026-06-22T08:22:40.906+0300] {processor.py:161} INFO - Started process (PID=42882) to work on /media/data/omar/programming course/DEPI/DEPI project/anomx/venv/lib/python3.12/site-packages/airflow/example_dags/example_python_operator.py
[2026-06-22T08:22:40.907+0300] {processor.py:830} INFO - Processing file /media/data/omar/programming course/DEPI/DEPI project/anomx/venv/lib/python3.12/site-packages/airflow/example_dags/example_python_operator.py for tasks to queue
[2026-06-22T08:22:40.908+0300] {logging_mixin.py:188} INFO - [2026-06-22T08:22:40.908+0300] {dagbag.py:540} INFO - Filling up the DagBag from /media/data/omar/programming course/DEPI/DEPI project/anomx/venv/lib/python3.12/site-packages/airflow/example_dags/example_python_operator.py
[2026-06-22T08:22:40.925+0300] {processor.py:840} INFO - DAG(s) 'example_python_operator' retrieved from /media/data/omar/programming course/DEPI/DEPI project/anomx/venv/lib/python3.12/site-packages/airflow/example_dags/example_python_operator.py
[2026-06-22T08:22:40.943+0300] {logging_mixin.py:188} INFO - [2026-06-22T08:22:40.943+0300] {dag.py:3096} INFO - Sync 1 DAGs
[2026-06-22T08:22:40.952+0300] {logging_mixin.py:188} INFO - [2026-06-22T08:22:40.952+0300] {dag.py:3954} INFO - Setting next_dagrun for example_python_operator to None, run_after=None
[2026-06-22T08:22:40.978+0300] {processor.py:183} INFO - Processing /media/data/omar/programming course/DEPI/DEPI project/anomx/venv/lib/python3.12/site-packages/airflow/example_dags/example_python_operator.py took 0.080 seconds
[2026-06-22T08:23:35.511+0300] {processor.py:161} INFO - Started process (PID=42963) to work on /media/data/omar/programming course/DEPI/DEPI project/anomx/venv/lib/python3.12/site-packages/airflow/example_dags/example_python_operator.py
[2026-06-22T08:23:35.513+0300] {processor.py:830} INFO - Processing file /media/data/omar/programming course/DEPI/DEPI project/anomx/venv/lib/python3.12/site-packages/airflow/example_dags/example_python_operator.py for tasks to queue
[2026-06-22T08:23:35.515+0300] {logging_mixin.py:188} INFO - [2026-06-22T08:23:35.514+0300] {dagbag.py:540} INFO - Filling up the DagBag from /media/data/omar/programming course/DEPI/DEPI project/anomx/venv/lib/python3.12/site-packages/airflow/example_dags/example_python_operator.py
[2026-06-22T08:23:35.535+0300] {processor.py:840} INFO - DAG(s) 'example_python_operator' retrieved from /media/data/omar/programming course/DEPI/DEPI project/anomx/venv/lib/python3.12/site-packages/airflow/example_dags/example_python_operator.py
[2026-06-22T08:23:35.555+0300] {logging_mixin.py:188} INFO - [2026-06-22T08:23:35.554+0300] {dag.py:3096} INFO - Sync 1 DAGs
[2026-06-22T08:23:35.564+0300] {logging_mixin.py:188} INFO - [2026-06-22T08:23:35.563+0300] {dag.py:3954} INFO - Setting next_dagrun for example_python_operator to None, run_after=None
[2026-06-22T08:23:35.590+0300] {processor.py:183} INFO - Processing /media/data/omar/programming course/DEPI/DEPI project/anomx/venv/lib/python3.12/site-packages/airflow/example_dags/example_python_operator.py took 0.088 seconds
[2026-06-22T08:24:28.078+0300] {processor.py:161} INFO - Started process (PID=43065) to work on /media/data/omar/programming course/DEPI/DEPI project/anomx/venv/lib/python3.12/site-packages/airflow/example_dags/example_python_operator.py
[2026-06-22T08:24:28.080+0300] {processor.py:830} INFO - Processing file /media/data/omar/programming course/DEPI/DEPI project/anomx/venv/lib/python3.12/site-packages/airflow/example_dags/example_python_operator.py for tasks to queue
[2026-06-22T08:24:28.082+0300] {logging_mixin.py:188} INFO - [2026-06-22T08:24:28.081+0300] {dagbag.py:540} INFO - Filling up the DagBag from /media/data/omar/programming course/DEPI/DEPI project/anomx/venv/lib/python3.12/site-packages/airflow/example_dags/example_python_operator.py
[2026-06-22T08:24:28.096+0300] {processor.py:840} INFO - DAG(s) 'example_python_operator' retrieved from /media/data/omar/programming course/DEPI/DEPI project/anomx/venv/lib/python3.12/site-packages/airflow/example_dags/example_python_operator.py
[2026-06-22T08:24:28.113+0300] {logging_mixin.py:188} INFO - [2026-06-22T08:24:28.112+0300] {dag.py:3096} INFO - Sync 1 DAGs
[2026-06-22T08:24:28.122+0300] {logging_mixin.py:188} INFO - [2026-06-22T08:24:28.121+0300] {dag.py:3954} INFO - Setting next_dagrun for example_python_operator to None, run_after=None
[2026-06-22T08:24:28.146+0300] {processor.py:183} INFO - Processing /media/data/omar/programming course/DEPI/DEPI project/anomx/venv/lib/python3.12/site-packages/airflow/example_dags/example_python_operator.py took 0.081 seconds
[2026-06-22T08:25:21.805+0300] {processor.py:161} INFO - Started process (PID=43147) to work on /media/data/omar/programming course/DEPI/DEPI project/anomx/venv/lib/python3.12/site-packages/airflow/example_dags/example_python_operator.py
[2026-06-22T08:25:21.805+0300] {processor.py:830} INFO - Processing file /media/data/omar/programming course/DEPI/DEPI project/anomx/venv/lib/python3.12/site-packages/airflow/example_dags/example_python_operator.py for tasks to queue
[2026-06-22T08:25:21.806+0300] {logging_mixin.py:188} INFO - [2026-06-22T08:25:21.806+0300] {dagbag.py:540} INFO - Filling up the DagBag from /media/data/omar/programming course/DEPI/DEPI project/anomx/venv/lib/python3.12/site-packages/airflow/example_dags/example_python_operator.py
[2026-06-22T08:25:21.817+0300] {processor.py:840} INFO - DAG(s) 'example_python_operator' retrieved from /media/data/omar/programming course/DEPI/DEPI project/anomx/venv/lib/python3.12/site-packages/airflow/example_dags/example_python_operator.py
[2026-06-22T08:25:21.833+0300] {logging_mixin.py:188} INFO - [2026-06-22T08:25:21.832+0300] {dag.py:3096} INFO - Sync 1 DAGs
[2026-06-22T08:25:21.841+0300] {logging_mixin.py:188} INFO - [2026-06-22T08:25:21.841+0300] {dag.py:3954} INFO - Setting next_dagrun for example_python_operator to None, run_after=None
[2026-06-22T08:25:21.866+0300] {processor.py:183} INFO - Processing /media/data/omar/programming course/DEPI/DEPI project/anomx/venv/lib/python3.12/site-packages/airflow/example_dags/example_python_operator.py took 0.067 seconds
[2026-06-22T08:26:17.371+0300] {processor.py:161} INFO - Started process (PID=43244) to work on /media/data/omar/programming course/DEPI/DEPI project/anomx/venv/lib/python3.12/site-packages/airflow/example_dags/example_python_operator.py
[2026-06-22T08:26:17.372+0300] {processor.py:830} INFO - Processing file /media/data/omar/programming course/DEPI/DEPI project/anomx/venv/lib/python3.12/site-packages/airflow/example_dags/example_python_operator.py for tasks to queue
[2026-06-22T08:26:17.373+0300] {logging_mixin.py:188} INFO - [2026-06-22T08:26:17.373+0300] {dagbag.py:540} INFO - Filling up the DagBag from /media/data/omar/programming course/DEPI/DEPI project/anomx/venv/lib/python3.12/site-packages/airflow/example_dags/example_python_operator.py
[2026-06-22T08:26:17.389+0300] {processor.py:840} INFO - DAG(s) 'example_python_operator' retrieved from /media/data/omar/programming course/DEPI/DEPI project/anomx/venv/lib/python3.12/site-packages/airflow/example_dags/example_python_operator.py
[2026-06-22T08:26:17.414+0300] {logging_mixin.py:188} INFO - [2026-06-22T08:26:17.412+0300] {dag.py:3096} INFO - Sync 1 DAGs
[2026-06-22T08:26:17.426+0300] {logging_mixin.py:188} INFO - [2026-06-22T08:26:17.425+0300] {dag.py:3954} INFO - Setting next_dagrun for example_python_operator to None, run_after=None
[2026-06-22T08:26:17.465+0300] {processor.py:183} INFO - Processing /media/data/omar/programming course/DEPI/DEPI project/anomx/venv/lib/python3.12/site-packages/airflow/example_dags/example_python_operator.py took 0.107 seconds
[2026-06-22T08:27:12.493+0300] {processor.py:161} INFO - Started process (PID=43334) to work on /media/data/omar/programming course/DEPI/DEPI project/anomx/venv/lib/python3.12/site-packages/airflow/example_dags/example_python_operator.py
[2026-06-22T08:27:12.493+0300] {processor.py:830} INFO - Processing file /media/data/omar/programming course/DEPI/DEPI project/anomx/venv/lib/python3.12/site-packages/airflow/example_dags/example_python_operator.py for tasks to queue
[2026-06-22T08:27:12.495+0300] {logging_mixin.py:188} INFO - [2026-06-22T08:27:12.494+0300] {dagbag.py:540} INFO - Filling up the DagBag from /media/data/omar/programming course/DEPI/DEPI project/anomx/venv/lib/python3.12/site-packages/airflow/example_dags/example_python_operator.py
[2026-06-22T08:27:12.507+0300] {processor.py:840} INFO - DAG(s) 'example_python_operator' retrieved from /media/data/omar/programming course/DEPI/DEPI project/anomx/venv/lib/python3.12/site-packages/airflow/example_dags/example_python_operator.py
[2026-06-22T08:27:12.523+0300] {logging_mixin.py:188} INFO - [2026-06-22T08:27:12.523+0300] {dag.py:3096} INFO - Sync 1 DAGs
[2026-06-22T08:27:12.531+0300] {logging_mixin.py:188} INFO - [2026-06-22T08:27:12.531+0300] {dag.py:3954} INFO - Setting next_dagrun for example_python_operator to None, run_after=None
[2026-06-22T08:27:12.565+0300] {processor.py:183} INFO - Processing /media/data/omar/programming course/DEPI/DEPI project/anomx/venv/lib/python3.12/site-packages/airflow/example_dags/example_python_operator.py took 0.078 seconds
[2026-06-22T08:28:00.244+0300] {processor.py:161} INFO - Started process (PID=43397) to work on /media/data/omar/programming course/DEPI/DEPI project/anomx/venv/lib/python3.12/site-packages/airflow/example_dags/example_python_operator.py
[2026-06-22T08:28:00.246+0300] {processor.py:830} INFO - Processing file /media/data/omar/programming course/DEPI/DEPI project/anomx/venv/lib/python3.12/site-packages/airflow/example_dags/example_python_operator.py for tasks to queue
[2026-06-22T08:28:00.249+0300] {logging_mixin.py:188} INFO - [2026-06-22T08:28:00.248+0300] {dagbag.py:540} INFO - Filling up the DagBag from /media/data/omar/programming course/DEPI/DEPI project/anomx/venv/lib/python3.12/site-packages/airflow/example_dags/example_python_operator.py
[2026-06-22T08:28:00.266+0300] {processor.py:840} INFO - DAG(s) 'example_python_operator' retrieved from /media/data/omar/programming course/DEPI/DEPI project/anomx/venv/lib/python3.12/site-packages/airflow/example_dags/example_python_operator.py
[2026-06-22T08:28:00.282+0300] {logging_mixin.py:188} INFO - [2026-06-22T08:28:00.282+0300] {dag.py:3096} INFO - Sync 1 DAGs
[2026-06-22T08:28:00.291+0300] {logging_mixin.py:188} INFO - [2026-06-22T08:28:00.291+0300] {dag.py:3954} INFO - Setting next_dagrun for example_python_operator to None, run_after=None
[2026-06-22T08:28:00.315+0300] {processor.py:183} INFO - Processing /media/data/omar/programming course/DEPI/DEPI project/anomx/venv/lib/python3.12/site-packages/airflow/example_dags/example_python_operator.py took 0.090 seconds
[2026-06-22T08:28:54.000+0300] {processor.py:161} INFO - Started process (PID=43499) to work on /media/data/omar/programming course/DEPI/DEPI project/anomx/venv/lib/python3.12/site-packages/airflow/example_dags/example_python_operator.py
[2026-06-22T08:28:54.001+0300] {processor.py:830} INFO - Processing file /media/data/omar/programming course/DEPI/DEPI project/anomx/venv/lib/python3.12/site-packages/airflow/example_dags/example_python_operator.py for tasks to queue
[2026-06-22T08:28:54.003+0300] {logging_mixin.py:188} INFO - [2026-06-22T08:28:54.002+0300] {dagbag.py:540} INFO - Filling up the DagBag from /media/data/omar/programming course/DEPI/DEPI project/anomx/venv/lib/python3.12/site-packages/airflow/example_dags/example_python_operator.py
[2026-06-22T08:28:54.018+0300] {processor.py:840} INFO - DAG(s) 'example_python_operator' retrieved from /media/data/omar/programming course/DEPI/DEPI project/anomx/venv/lib/python3.12/site-packages/airflow/example_dags/example_python_operator.py
[2026-06-22T08:28:54.038+0300] {logging_mixin.py:188} INFO - [2026-06-22T08:28:54.037+0300] {dag.py:3096} INFO - Sync 1 DAGs
[2026-06-22T08:28:54.046+0300] {logging_mixin.py:188} INFO - [2026-06-22T08:28:54.046+0300] {dag.py:3954} INFO - Setting next_dagrun for example_python_operator to None, run_after=None
[2026-06-22T08:28:54.072+0300] {processor.py:183} INFO - Processing /media/data/omar/programming course/DEPI/DEPI project/anomx/venv/lib/python3.12/site-packages/airflow/example_dags/example_python_operator.py took 0.079 seconds
[2026-06-22T08:29:47.315+0300] {processor.py:161} INFO - Started process (PID=43579) to work on /media/data/omar/programming course/DEPI/DEPI project/anomx/venv/lib/python3.12/site-packages/airflow/example_dags/example_python_operator.py
[2026-06-22T08:29:47.318+0300] {processor.py:830} INFO - Processing file /media/data/omar/programming course/DEPI/DEPI project/anomx/venv/lib/python3.12/site-packages/airflow/example_dags/example_python_operator.py for tasks to queue
[2026-06-22T08:29:47.322+0300] {logging_mixin.py:188} INFO - [2026-06-22T08:29:47.320+0300] {dagbag.py:540} INFO - Filling up the DagBag from /media/data/omar/programming course/DEPI/DEPI project/anomx/venv/lib/python3.12/site-packages/airflow/example_dags/example_python_operator.py
[2026-06-22T08:29:47.348+0300] {processor.py:840} INFO - DAG(s) 'example_python_operator' retrieved from /media/data/omar/programming course/DEPI/DEPI project/anomx/venv/lib/python3.12/site-packages/airflow/example_dags/example_python_operator.py
[2026-06-22T08:29:47.367+0300] {logging_mixin.py:188} INFO - [2026-06-22T08:29:47.366+0300] {dag.py:3096} INFO - Sync 1 DAGs
[2026-06-22T08:29:47.375+0300] {logging_mixin.py:188} INFO - [2026-06-22T08:29:47.375+0300] {dag.py:3954} INFO - Setting next_dagrun for example_python_operator to None, run_after=None
[2026-06-22T08:29:47.399+0300] {processor.py:183} INFO - Processing /media/data/omar/programming course/DEPI/DEPI project/anomx/venv/lib/python3.12/site-packages/airflow/example_dags/example_python_operator.py took 0.103 seconds
[2026-06-22T08:30:40.688+0300] {processor.py:161} INFO - Started process (PID=43666) to work on /media/data/omar/programming course/DEPI/DEPI project/anomx/venv/lib/python3.12/site-packages/airflow/example_dags/example_python_operator.py
[2026-06-22T08:30:40.689+0300] {processor.py:830} INFO - Processing file /media/data/omar/programming course/DEPI/DEPI project/anomx/venv/lib/python3.12/site-packages/airflow/example_dags/example_python_operator.py for tasks to queue
[2026-06-22T08:30:40.691+0300] {logging_mixin.py:188} INFO - [2026-06-22T08:30:40.690+0300] {dagbag.py:540} INFO - Filling up the DagBag from /media/data/omar/programming course/DEPI/DEPI project/anomx/venv/lib/python3.12/site-packages/airflow/example_dags/example_python_operator.py
[2026-06-22T08:30:40.702+0300] {processor.py:840} INFO - DAG(s) 'example_python_operator' retrieved from /media/data/omar/programming course/DEPI/DEPI project/anomx/venv/lib/python3.12/site-packages/airflow/example_dags/example_python_operator.py
[2026-06-22T08:30:40.718+0300] {logging_mixin.py:188} INFO - [2026-06-22T08:30:40.718+0300] {dag.py:3096} INFO - Sync 1 DAGs
[2026-06-22T08:30:40.728+0300] {logging_mixin.py:188} INFO - [2026-06-22T08:30:40.727+0300] {dag.py:3954} INFO - Setting next_dagrun for example_python_operator to None, run_after=None
[2026-06-22T08:30:40.752+0300] {processor.py:183} INFO - Processing /media/data/omar/programming course/DEPI/DEPI project/anomx/venv/lib/python3.12/site-packages/airflow/example_dags/example_python_operator.py took 0.071 seconds
[2026-06-22T08:31:33.860+0300] {processor.py:161} INFO - Started process (PID=43773) to work on /media/data/omar/programming course/DEPI/DEPI project/anomx/venv/lib/python3.12/site-packages/airflow/example_dags/example_python_operator.py
[2026-06-22T08:31:33.861+0300] {processor.py:830} INFO - Processing file /media/data/omar/programming course/DEPI/DEPI project/anomx/venv/lib/python3.12/site-packages/airflow/example_dags/example_python_operator.py for tasks to queue
[2026-06-22T08:31:33.861+0300] {logging_mixin.py:188} INFO - [2026-06-22T08:31:33.861+0300] {dagbag.py:540} INFO - Filling up the DagBag from /media/data/omar/programming course/DEPI/DEPI project/anomx/venv/lib/python3.12/site-packages/airflow/example_dags/example_python_operator.py
[2026-06-22T08:31:33.871+0300] {processor.py:840} INFO - DAG(s) 'example_python_operator' retrieved from /media/data/omar/programming course/DEPI/DEPI project/anomx/venv/lib/python3.12/site-packages/airflow/example_dags/example_python_operator.py
[2026-06-22T08:31:33.886+0300] {logging_mixin.py:188} INFO - [2026-06-22T08:31:33.886+0300] {dag.py:3096} INFO - Sync 1 DAGs
[2026-06-22T08:31:33.895+0300] {logging_mixin.py:188} INFO - [2026-06-22T08:31:33.894+0300] {dag.py:3954} INFO - Setting next_dagrun for example_python_operator to None, run_after=None
[2026-06-22T08:31:33.920+0300] {processor.py:183} INFO - Processing /media/data/omar/programming course/DEPI/DEPI project/anomx/venv/lib/python3.12/site-packages/airflow/example_dags/example_python_operator.py took 0.064 seconds
[2026-06-22T08:32:26.346+0300] {processor.py:161} INFO - Started process (PID=43855) to work on /media/data/omar/programming course/DEPI/DEPI project/anomx/venv/lib/python3.12/site-packages/airflow/example_dags/example_python_operator.py
[2026-06-22T08:32:26.347+0300] {processor.py:830} INFO - Processing file /media/data/omar/programming course/DEPI/DEPI project/anomx/venv/lib/python3.12/site-packages/airflow/example_dags/example_python_operator.py for tasks to queue
[2026-06-22T08:32:26.348+0300] {logging_mixin.py:188} INFO - [2026-06-22T08:32:26.348+0300] {dagbag.py:540} INFO - Filling up the DagBag from /media/data/omar/programming course/DEPI/DEPI project/anomx/venv/lib/python3.12/site-packages/airflow/example_dags/example_python_operator.py
[2026-06-22T08:32:26.358+0300] {processor.py:840} INFO - DAG(s) 'example_python_operator' retrieved from /media/data/omar/programming course/DEPI/DEPI project/anomx/venv/lib/python3.12/site-packages/airflow/example_dags/example_python_operator.py
[2026-06-22T08:32:26.374+0300] {logging_mixin.py:188} INFO - [2026-06-22T08:32:26.373+0300] {dag.py:3096} INFO - Sync 1 DAGs
[2026-06-22T08:32:26.381+0300] {logging_mixin.py:188} INFO - [2026-06-22T08:32:26.381+0300] {dag.py:3954} INFO - Setting next_dagrun for example_python_operator to None, run_after=None
[2026-06-22T08:32:26.406+0300] {processor.py:183} INFO - Processing /media/data/omar/programming course/DEPI/DEPI project/anomx/venv/lib/python3.12/site-packages/airflow/example_dags/example_python_operator.py took 0.065 seconds
[2026-06-22T08:33:15.331+0300] {processor.py:161} INFO - Started process (PID=43931) to work on /media/data/omar/programming course/DEPI/DEPI project/anomx/venv/lib/python3.12/site-packages/airflow/example_dags/example_python_operator.py
[2026-06-22T08:33:15.332+0300] {processor.py:830} INFO - Processing file /media/data/omar/programming course/DEPI/DEPI project/anomx/venv/lib/python3.12/site-packages/airflow/example_dags/example_python_operator.py for tasks to queue
[2026-06-22T08:33:15.333+0300] {logging_mixin.py:188} INFO - [2026-06-22T08:33:15.333+0300] {dagbag.py:540} INFO - Filling up the DagBag from /media/data/omar/programming course/DEPI/DEPI project/anomx/venv/lib/python3.12/site-packages/airflow/example_dags/example_python_operator.py
[2026-06-22T08:33:15.343+0300] {processor.py:840} INFO - DAG(s) 'example_python_operator' retrieved from /media/data/omar/programming course/DEPI/DEPI project/anomx/venv/lib/python3.12/site-packages/airflow/example_dags/example_python_operator.py
[2026-06-22T08:33:15.359+0300] {logging_mixin.py:188} INFO - [2026-06-22T08:33:15.358+0300] {dag.py:3096} INFO - Sync 1 DAGs
[2026-06-22T08:33:15.367+0300] {logging_mixin.py:188} INFO - [2026-06-22T08:33:15.366+0300] {dag.py:3954} INFO - Setting next_dagrun for example_python_operator to None, run_after=None
[2026-06-22T08:33:15.393+0300] {processor.py:183} INFO - Processing /media/data/omar/programming course/DEPI/DEPI project/anomx/venv/lib/python3.12/site-packages/airflow/example_dags/example_python_operator.py took 0.067 seconds
[2026-06-22T08:34:06.416+0300] {processor.py:161} INFO - Started process (PID=44018) to work on /media/data/omar/programming course/DEPI/DEPI project/anomx/venv/lib/python3.12/site-packages/airflow/example_dags/example_python_operator.py
[2026-06-22T08:34:06.417+0300] {processor.py:830} INFO - Processing file /media/data/omar/programming course/DEPI/DEPI project/anomx/venv/lib/python3.12/site-packages/airflow/example_dags/example_python_operator.py for tasks to queue
[2026-06-22T08:34:06.418+0300] {logging_mixin.py:188} INFO - [2026-06-22T08:34:06.418+0300] {dagbag.py:540} INFO - Filling up the DagBag from /media/data/omar/programming course/DEPI/DEPI project/anomx/venv/lib/python3.12/site-packages/airflow/example_dags/example_python_operator.py
[2026-06-22T08:34:06.432+0300] {processor.py:840} INFO - DAG(s) 'example_python_operator' retrieved from /media/data/omar/programming course/DEPI/DEPI project/anomx/venv/lib/python3.12/site-packages/airflow/example_dags/example_python_operator.py
[2026-06-22T08:34:06.453+0300] {logging_mixin.py:188} INFO - [2026-06-22T08:34:06.452+0300] {dag.py:3096} INFO - Sync 1 DAGs
[2026-06-22T08:34:06.461+0300] {logging_mixin.py:188} INFO - [2026-06-22T08:34:06.461+0300] {dag.py:3954} INFO - Setting next_dagrun for example_python_operator to None, run_after=None
[2026-06-22T08:34:06.486+0300] {processor.py:183} INFO - Processing /media/data/omar/programming course/DEPI/DEPI project/anomx/venv/lib/python3.12/site-packages/airflow/example_dags/example_python_operator.py took 0.076 seconds
[2026-06-22T08:34:57.266+0300] {processor.py:161} INFO - Started process (PID=44093) to work on /media/data/omar/programming course/DEPI/DEPI project/anomx/venv/lib/python3.12/site-packages/airflow/example_dags/example_python_operator.py
[2026-06-22T08:34:57.267+0300] {processor.py:830} INFO - Processing file /media/data/omar/programming course/DEPI/DEPI project/anomx/venv/lib/python3.12/site-packages/airflow/example_dags/example_python_operator.py for tasks to queue
[2026-06-22T08:34:57.268+0300] {logging_mixin.py:188} INFO - [2026-06-22T08:34:57.267+0300] {dagbag.py:540} INFO - Filling up the DagBag from /media/data/omar/programming course/DEPI/DEPI project/anomx/venv/lib/python3.12/site-packages/airflow/example_dags/example_python_operator.py
[2026-06-22T08:34:57.277+0300] {processor.py:840} INFO - DAG(s) 'example_python_operator' retrieved from /media/data/omar/programming course/DEPI/DEPI project/anomx/venv/lib/python3.12/site-packages/airflow/example_dags/example_python_operator.py
[2026-06-22T08:34:57.292+0300] {logging_mixin.py:188} INFO - [2026-06-22T08:34:57.291+0300] {dag.py:3096} INFO - Sync 1 DAGs
[2026-06-22T08:34:57.300+0300] {logging_mixin.py:188} INFO - [2026-06-22T08:34:57.299+0300] {dag.py:3954} INFO - Setting next_dagrun for example_python_operator to None, run_after=None
[2026-06-22T08:34:57.325+0300] {processor.py:183} INFO - Processing /media/data/omar/programming course/DEPI/DEPI project/anomx/venv/lib/python3.12/site-packages/airflow/example_dags/example_python_operator.py took 0.064 seconds
[2026-06-22T08:35:45.270+0300] {processor.py:161} INFO - Started process (PID=44174) to work on /media/data/omar/programming course/DEPI/DEPI project/anomx/venv/lib/python3.12/site-packages/airflow/example_dags/example_python_operator.py
[2026-06-22T08:35:45.271+0300] {processor.py:830} INFO - Processing file /media/data/omar/programming course/DEPI/DEPI project/anomx/venv/lib/python3.12/site-packages/airflow/example_dags/example_python_operator.py for tasks to queue
[2026-06-22T08:35:45.272+0300] {logging_mixin.py:188} INFO - [2026-06-22T08:35:45.272+0300] {dagbag.py:540} INFO - Filling up the DagBag from /media/data/omar/programming course/DEPI/DEPI project/anomx/venv/lib/python3.12/site-packages/airflow/example_dags/example_python_operator.py
[2026-06-22T08:35:45.281+0300] {processor.py:840} INFO - DAG(s) 'example_python_operator' retrieved from /media/data/omar/programming course/DEPI/DEPI project/anomx/venv/lib/python3.12/site-packages/airflow/example_dags/example_python_operator.py
[2026-06-22T08:35:45.296+0300] {logging_mixin.py:188} INFO - [2026-06-22T08:35:45.296+0300] {dag.py:3096} INFO - Sync 1 DAGs
[2026-06-22T08:35:45.304+0300] {logging_mixin.py:188} INFO - [2026-06-22T08:35:45.304+0300] {dag.py:3954} INFO - Setting next_dagrun for example_python_operator to None, run_after=None
[2026-06-22T08:35:45.330+0300] {processor.py:183} INFO - Processing /media/data/omar/programming course/DEPI/DEPI project/anomx/venv/lib/python3.12/site-packages/airflow/example_dags/example_python_operator.py took 0.064 seconds
[2026-06-22T08:36:35.649+0300] {processor.py:161} INFO - Started process (PID=44248) to work on /media/data/omar/programming course/DEPI/DEPI project/anomx/venv/lib/python3.12/site-packages/airflow/example_dags/example_python_operator.py
[2026-06-22T08:36:35.650+0300] {processor.py:830} INFO - Processing file /media/data/omar/programming course/DEPI/DEPI project/anomx/venv/lib/python3.12/site-packages/airflow/example_dags/example_python_operator.py for tasks to queue
[2026-06-22T08:36:35.653+0300] {logging_mixin.py:188} INFO - [2026-06-22T08:36:35.652+0300] {dagbag.py:540} INFO - Filling up the DagBag from /media/data/omar/programming course/DEPI/DEPI project/anomx/venv/lib/python3.12/site-packages/airflow/example_dags/example_python_operator.py
[2026-06-22T08:36:35.672+0300] {processor.py:840} INFO - DAG(s) 'example_python_operator' retrieved from /media/data/omar/programming course/DEPI/DEPI project/anomx/venv/lib/python3.12/site-packages/airflow/example_dags/example_python_operator.py
[2026-06-22T08:36:35.689+0300] {logging_mixin.py:188} INFO - [2026-06-22T08:36:35.688+0300] {dag.py:3096} INFO - Sync 1 DAGs
[2026-06-22T08:36:35.697+0300] {logging_mixin.py:188} INFO - [2026-06-22T08:36:35.696+0300] {dag.py:3954} INFO - Setting next_dagrun for example_python_operator to None, run_after=None
[2026-06-22T08:36:35.721+0300] {processor.py:183} INFO - Processing /media/data/omar/programming course/DEPI/DEPI project/anomx/venv/lib/python3.12/site-packages/airflow/example_dags/example_python_operator.py took 0.086 seconds
[2026-06-22T08:37:28.338+0300] {processor.py:161} INFO - Started process (PID=44324) to work on /media/data/omar/programming course/DEPI/DEPI project/anomx/venv/lib/python3.12/site-packages/airflow/example_dags/example_python_operator.py
[2026-06-22T08:37:28.339+0300] {processor.py:830} INFO - Processing file /media/data/omar/programming course/DEPI/DEPI project/anomx/venv/lib/python3.12/site-packages/airflow/example_dags/example_python_operator.py for tasks to queue
[2026-06-22T08:37:28.340+0300] {logging_mixin.py:188} INFO - [2026-06-22T08:37:28.340+0300] {dagbag.py:540} INFO - Filling up the DagBag from /media/data/omar/programming course/DEPI/DEPI project/anomx/venv/lib/python3.12/site-packages/airflow/example_dags/example_python_operator.py
[2026-06-22T08:37:28.350+0300] {processor.py:840} INFO - DAG(s) 'example_python_operator' retrieved from /media/data/omar/programming course/DEPI/DEPI project/anomx/venv/lib/python3.12/site-packages/airflow/example_dags/example_python_operator.py
[2026-06-22T08:37:28.366+0300] {logging_mixin.py:188} INFO - [2026-06-22T08:37:28.365+0300] {dag.py:3096} INFO - Sync 1 DAGs
[2026-06-22T08:37:28.374+0300] {logging_mixin.py:188} INFO - [2026-06-22T08:37:28.374+0300] {dag.py:3954} INFO - Setting next_dagrun for example_python_operator to None, run_after=None
[2026-06-22T08:37:28.399+0300] {processor.py:183} INFO - Processing /media/data/omar/programming course/DEPI/DEPI project/anomx/venv/lib/python3.12/site-packages/airflow/example_dags/example_python_operator.py took 0.065 seconds
[2026-06-22T08:38:17.141+0300] {processor.py:161} INFO - Started process (PID=44400) to work on /media/data/omar/programming course/DEPI/DEPI project/anomx/venv/lib/python3.12/site-packages/airflow/example_dags/example_python_operator.py
[2026-06-22T08:38:17.143+0300] {processor.py:830} INFO - Processing file /media/data/omar/programming course/DEPI/DEPI project/anomx/venv/lib/python3.12/site-packages/airflow/example_dags/example_python_operator.py for tasks to queue
[2026-06-22T08:38:17.145+0300] {logging_mixin.py:188} INFO - [2026-06-22T08:38:17.144+0300] {dagbag.py:540} INFO - Filling up the DagBag from /media/data/omar/programming course/DEPI/DEPI project/anomx/venv/lib/python3.12/site-packages/airflow/example_dags/example_python_operator.py
[2026-06-22T08:38:17.159+0300] {processor.py:840} INFO - DAG(s) 'example_python_operator' retrieved from /media/data/omar/programming course/DEPI/DEPI project/anomx/venv/lib/python3.12/site-packages/airflow/example_dags/example_python_operator.py
[2026-06-22T08:38:17.175+0300] {logging_mixin.py:188} INFO - [2026-06-22T08:38:17.175+0300] {dag.py:3096} INFO - Sync 1 DAGs
[2026-06-22T08:38:17.183+0300] {logging_mixin.py:188} INFO - [2026-06-22T08:38:17.183+0300] {dag.py:3954} INFO - Setting next_dagrun for example_python_operator to None, run_after=None
[2026-06-22T08:38:17.208+0300] {processor.py:183} INFO - Processing /media/data/omar/programming course/DEPI/DEPI project/anomx/venv/lib/python3.12/site-packages/airflow/example_dags/example_python_operator.py took 0.085 seconds
[2026-06-22T08:39:08.592+0300] {processor.py:161} INFO - Started process (PID=44495) to work on /media/data/omar/programming course/DEPI/DEPI project/anomx/venv/lib/python3.12/site-packages/airflow/example_dags/example_python_operator.py
[2026-06-22T08:39:08.593+0300] {processor.py:830} INFO - Processing file /media/data/omar/programming course/DEPI/DEPI project/anomx/venv/lib/python3.12/site-packages/airflow/example_dags/example_python_operator.py for tasks to queue
[2026-06-22T08:39:08.595+0300] {logging_mixin.py:188} INFO - [2026-06-22T08:39:08.594+0300] {dagbag.py:540} INFO - Filling up the DagBag from /media/data/omar/programming course/DEPI/DEPI project/anomx/venv/lib/python3.12/site-packages/airflow/example_dags/example_python_operator.py
[2026-06-22T08:39:08.609+0300] {processor.py:840} INFO - DAG(s) 'example_python_operator' retrieved from /media/data/omar/programming course/DEPI/DEPI project/anomx/venv/lib/python3.12/site-packages/airflow/example_dags/example_python_operator.py
[2026-06-22T08:39:08.629+0300] {logging_mixin.py:188} INFO - [2026-06-22T08:39:08.628+0300] {dag.py:3096} INFO - Sync 1 DAGs
[2026-06-22T08:39:08.640+0300] {logging_mixin.py:188} INFO - [2026-06-22T08:39:08.639+0300] {dag.py:3954} INFO - Setting next_dagrun for example_python_operator to None, run_after=None
[2026-06-22T08:39:08.669+0300] {processor.py:183} INFO - Processing /media/data/omar/programming course/DEPI/DEPI project/anomx/venv/lib/python3.12/site-packages/airflow/example_dags/example_python_operator.py took 0.089 seconds
[2026-06-22T08:40:02.083+0300] {processor.py:161} INFO - Started process (PID=44575) to work on /media/data/omar/programming course/DEPI/DEPI project/anomx/venv/lib/python3.12/site-packages/airflow/example_dags/example_python_operator.py
[2026-06-22T08:40:02.084+0300] {processor.py:830} INFO - Processing file /media/data/omar/programming course/DEPI/DEPI project/anomx/venv/lib/python3.12/site-packages/airflow/example_dags/example_python_operator.py for tasks to queue
[2026-06-22T08:40:02.085+0300] {logging_mixin.py:188} INFO - [2026-06-22T08:40:02.085+0300] {dagbag.py:540} INFO - Filling up the DagBag from /media/data/omar/programming course/DEPI/DEPI project/anomx/venv/lib/python3.12/site-packages/airflow/example_dags/example_python_operator.py
[2026-06-22T08:40:02.099+0300] {processor.py:840} INFO - DAG(s) 'example_python_operator' retrieved from /media/data/omar/programming course/DEPI/DEPI project/anomx/venv/lib/python3.12/site-packages/airflow/example_dags/example_python_operator.py
[2026-06-22T08:40:02.127+0300] {logging_mixin.py:188} INFO - [2026-06-22T08:40:02.127+0300] {dag.py:3096} INFO - Sync 1 DAGs
[2026-06-22T08:40:02.139+0300] {logging_mixin.py:188} INFO - [2026-06-22T08:40:02.138+0300] {dag.py:3954} INFO - Setting next_dagrun for example_python_operator to None, run_after=None
[2026-06-22T08:40:02.175+0300] {processor.py:183} INFO - Processing /media/data/omar/programming course/DEPI/DEPI project/anomx/venv/lib/python3.12/site-packages/airflow/example_dags/example_python_operator.py took 0.100 seconds
[2026-06-22T08:40:56.379+0300] {processor.py:161} INFO - Started process (PID=44679) to work on /media/data/omar/programming course/DEPI/DEPI project/anomx/venv/lib/python3.12/site-packages/airflow/example_dags/example_python_operator.py
[2026-06-22T08:40:56.381+0300] {processor.py:830} INFO - Processing file /media/data/omar/programming course/DEPI/DEPI project/anomx/venv/lib/python3.12/site-packages/airflow/example_dags/example_python_operator.py for tasks to queue
[2026-06-22T08:40:56.384+0300] {logging_mixin.py:188} INFO - [2026-06-22T08:40:56.382+0300] {dagbag.py:540} INFO - Filling up the DagBag from /media/data/omar/programming course/DEPI/DEPI project/anomx/venv/lib/python3.12/site-packages/airflow/example_dags/example_python_operator.py
[2026-06-22T08:40:56.421+0300] {processor.py:840} INFO - DAG(s) 'example_python_operator' retrieved from /media/data/omar/programming course/DEPI/DEPI project/anomx/venv/lib/python3.12/site-packages/airflow/example_dags/example_python_operator.py
[2026-06-22T08:40:56.478+0300] {logging_mixin.py:188} INFO - [2026-06-22T08:40:56.477+0300] {dag.py:3096} INFO - Sync 1 DAGs
[2026-06-22T08:40:56.502+0300] {logging_mixin.py:188} INFO - [2026-06-22T08:40:56.501+0300] {dag.py:3954} INFO - Setting next_dagrun for example_python_operator to None, run_after=None
[2026-06-22T08:40:56.583+0300] {processor.py:183} INFO - Processing /media/data/omar/programming course/DEPI/DEPI project/anomx/venv/lib/python3.12/site-packages/airflow/example_dags/example_python_operator.py took 0.226 seconds
[2026-06-22T08:41:53.426+0300] {processor.py:161} INFO - Started process (PID=44761) to work on /media/data/omar/programming course/DEPI/DEPI project/anomx/venv/lib/python3.12/site-packages/airflow/example_dags/example_python_operator.py
[2026-06-22T08:41:53.428+0300] {processor.py:830} INFO - Processing file /media/data/omar/programming course/DEPI/DEPI project/anomx/venv/lib/python3.12/site-packages/airflow/example_dags/example_python_operator.py for tasks to queue
[2026-06-22T08:41:53.431+0300] {logging_mixin.py:188} INFO - [2026-06-22T08:41:53.429+0300] {dagbag.py:540} INFO - Filling up the DagBag from /media/data/omar/programming course/DEPI/DEPI project/anomx/venv/lib/python3.12/site-packages/airflow/example_dags/example_python_operator.py
[2026-06-22T08:41:53.453+0300] {processor.py:840} INFO - DAG(s) 'example_python_operator' retrieved from /media/data/omar/programming course/DEPI/DEPI project/anomx/venv/lib/python3.12/site-packages/airflow/example_dags/example_python_operator.py
[2026-06-22T08:41:53.474+0300] {logging_mixin.py:188} INFO - [2026-06-22T08:41:53.474+0300] {dag.py:3096} INFO - Sync 1 DAGs
[2026-06-22T08:41:53.485+0300] {logging_mixin.py:188} INFO - [2026-06-22T08:41:53.485+0300] {dag.py:3954} INFO - Setting next_dagrun for example_python_operator to None, run_after=None
[2026-06-22T08:41:53.514+0300] {processor.py:183} INFO - Processing /media/data/omar/programming course/DEPI/DEPI project/anomx/venv/lib/python3.12/site-packages/airflow/example_dags/example_python_operator.py took 0.103 seconds
[2026-06-22T08:42:44.238+0300] {processor.py:161} INFO - Started process (PID=44844) to work on /media/data/omar/programming course/DEPI/DEPI project/anomx/venv/lib/python3.12/site-packages/airflow/example_dags/example_python_operator.py
[2026-06-22T08:42:44.240+0300] {processor.py:830} INFO - Processing file /media/data/omar/programming course/DEPI/DEPI project/anomx/venv/lib/python3.12/site-packages/airflow/example_dags/example_python_operator.py for tasks to queue
[2026-06-22T08:42:44.241+0300] {logging_mixin.py:188} INFO - [2026-06-22T08:42:44.241+0300] {dagbag.py:540} INFO - Filling up the DagBag from /media/data/omar/programming course/DEPI/DEPI project/anomx/venv/lib/python3.12/site-packages/airflow/example_dags/example_python_operator.py
[2026-06-22T08:42:44.256+0300] {processor.py:840} INFO - DAG(s) 'example_python_operator' retrieved from /media/data/omar/programming course/DEPI/DEPI project/anomx/venv/lib/python3.12/site-packages/airflow/example_dags/example_python_operator.py
[2026-06-22T08:42:44.276+0300] {logging_mixin.py:188} INFO - [2026-06-22T08:42:44.276+0300] {dag.py:3096} INFO - Sync 1 DAGs
[2026-06-22T08:42:44.288+0300] {logging_mixin.py:188} INFO - [2026-06-22T08:42:44.287+0300] {dag.py:3954} INFO - Setting next_dagrun for example_python_operator to None, run_after=None
[2026-06-22T08:42:44.320+0300] {processor.py:183} INFO - Processing /media/data/omar/programming course/DEPI/DEPI project/anomx/venv/lib/python3.12/site-packages/airflow/example_dags/example_python_operator.py took 0.093 seconds
[2026-06-22T08:43:37.365+0300] {processor.py:161} INFO - Started process (PID=44921) to work on /media/data/omar/programming course/DEPI/DEPI project/anomx/venv/lib/python3.12/site-packages/airflow/example_dags/example_python_operator.py
[2026-06-22T08:43:37.367+0300] {processor.py:830} INFO - Processing file /media/data/omar/programming course/DEPI/DEPI project/anomx/venv/lib/python3.12/site-packages/airflow/example_dags/example_python_operator.py for tasks to queue
[2026-06-22T08:43:37.370+0300] {logging_mixin.py:188} INFO - [2026-06-22T08:43:37.369+0300] {dagbag.py:540} INFO - Filling up the DagBag from /media/data/omar/programming course/DEPI/DEPI project/anomx/venv/lib/python3.12/site-packages/airflow/example_dags/example_python_operator.py
[2026-06-22T08:43:37.390+0300] {processor.py:840} INFO - DAG(s) 'example_python_operator' retrieved from /media/data/omar/programming course/DEPI/DEPI project/anomx/venv/lib/python3.12/site-packages/airflow/example_dags/example_python_operator.py
[2026-06-22T08:43:37.412+0300] {logging_mixin.py:188} INFO - [2026-06-22T08:43:37.411+0300] {dag.py:3096} INFO - Sync 1 DAGs
[2026-06-22T08:43:37.424+0300] {logging_mixin.py:188} INFO - [2026-06-22T08:43:37.423+0300] {dag.py:3954} INFO - Setting next_dagrun for example_python_operator to None, run_after=None
[2026-06-22T08:43:37.492+0300] {processor.py:183} INFO - Processing /media/data/omar/programming course/DEPI/DEPI project/anomx/venv/lib/python3.12/site-packages/airflow/example_dags/example_python_operator.py took 0.140 seconds
[2026-06-22T08:44:30.488+0300] {processor.py:161} INFO - Started process (PID=45015) to work on /media/data/omar/programming course/DEPI/DEPI project/anomx/venv/lib/python3.12/site-packages/airflow/example_dags/example_python_operator.py
[2026-06-22T08:44:30.489+0300] {processor.py:830} INFO - Processing file /media/data/omar/programming course/DEPI/DEPI project/anomx/venv/lib/python3.12/site-packages/airflow/example_dags/example_python_operator.py for tasks to queue
[2026-06-22T08:44:30.490+0300] {logging_mixin.py:188} INFO - [2026-06-22T08:44:30.490+0300] {dagbag.py:540} INFO - Filling up the DagBag from /media/data/omar/programming course/DEPI/DEPI project/anomx/venv/lib/python3.12/site-packages/airflow/example_dags/example_python_operator.py
[2026-06-22T08:44:30.502+0300] {processor.py:840} INFO - DAG(s) 'example_python_operator' retrieved from /media/data/omar/programming course/DEPI/DEPI project/anomx/venv/lib/python3.12/site-packages/airflow/example_dags/example_python_operator.py
[2026-06-22T08:44:30.522+0300] {logging_mixin.py:188} INFO - [2026-06-22T08:44:30.521+0300] {dag.py:3096} INFO - Sync 1 DAGs
[2026-06-22T08:44:30.533+0300] {logging_mixin.py:188} INFO - [2026-06-22T08:44:30.533+0300] {dag.py:3954} INFO - Setting next_dagrun for example_python_operator to None, run_after=None
[2026-06-22T08:44:30.563+0300] {processor.py:183} INFO - Processing /media/data/omar/programming course/DEPI/DEPI project/anomx/venv/lib/python3.12/site-packages/airflow/example_dags/example_python_operator.py took 0.081 seconds
[2026-06-22T08:45:20.750+0300] {processor.py:161} INFO - Started process (PID=45094) to work on /media/data/omar/programming course/DEPI/DEPI project/anomx/venv/lib/python3.12/site-packages/airflow/example_dags/example_python_operator.py
[2026-06-22T08:45:20.751+0300] {processor.py:830} INFO - Processing file /media/data/omar/programming course/DEPI/DEPI project/anomx/venv/lib/python3.12/site-packages/airflow/example_dags/example_python_operator.py for tasks to queue
[2026-06-22T08:45:20.752+0300] {logging_mixin.py:188} INFO - [2026-06-22T08:45:20.752+0300] {dagbag.py:540} INFO - Filling up the DagBag from /media/data/omar/programming course/DEPI/DEPI project/anomx/venv/lib/python3.12/site-packages/airflow/example_dags/example_python_operator.py
[2026-06-22T08:45:20.763+0300] {processor.py:840} INFO - DAG(s) 'example_python_operator' retrieved from /media/data/omar/programming course/DEPI/DEPI project/anomx/venv/lib/python3.12/site-packages/airflow/example_dags/example_python_operator.py
[2026-06-22T08:45:20.780+0300] {logging_mixin.py:188} INFO - [2026-06-22T08:45:20.779+0300] {dag.py:3096} INFO - Sync 1 DAGs
[2026-06-22T08:45:20.789+0300] {logging_mixin.py:188} INFO - [2026-06-22T08:45:20.788+0300] {dag.py:3954} INFO - Setting next_dagrun for example_python_operator to None, run_after=None
[2026-06-22T08:45:20.819+0300] {processor.py:183} INFO - Processing /media/data/omar/programming course/DEPI/DEPI project/anomx/venv/lib/python3.12/site-packages/airflow/example_dags/example_python_operator.py took 0.074 seconds
[2026-06-22T08:46:10.809+0300] {processor.py:161} INFO - Started process (PID=45169) to work on /media/data/omar/programming course/DEPI/DEPI project/anomx/venv/lib/python3.12/site-packages/airflow/example_dags/example_python_operator.py
[2026-06-22T08:46:10.809+0300] {processor.py:830} INFO - Processing file /media/data/omar/programming course/DEPI/DEPI project/anomx/venv/lib/python3.12/site-packages/airflow/example_dags/example_python_operator.py for tasks to queue
[2026-06-22T08:46:10.811+0300] {logging_mixin.py:188} INFO - [2026-06-22T08:46:10.810+0300] {dagbag.py:540} INFO - Filling up the DagBag from /media/data/omar/programming course/DEPI/DEPI project/anomx/venv/lib/python3.12/site-packages/airflow/example_dags/example_python_operator.py
[2026-06-22T08:46:10.823+0300] {processor.py:840} INFO - DAG(s) 'example_python_operator' retrieved from /media/data/omar/programming course/DEPI/DEPI project/anomx/venv/lib/python3.12/site-packages/airflow/example_dags/example_python_operator.py
[2026-06-22T08:46:10.841+0300] {logging_mixin.py:188} INFO - [2026-06-22T08:46:10.841+0300] {dag.py:3096} INFO - Sync 1 DAGs
[2026-06-22T08:46:10.852+0300] {logging_mixin.py:188} INFO - [2026-06-22T08:46:10.851+0300] {dag.py:3954} INFO - Setting next_dagrun for example_python_operator to None, run_after=None
[2026-06-22T08:46:10.887+0300] {processor.py:183} INFO - Processing /media/data/omar/programming course/DEPI/DEPI project/anomx/venv/lib/python3.12/site-packages/airflow/example_dags/example_python_operator.py took 0.087 seconds
[2026-06-22T08:47:02.894+0300] {processor.py:161} INFO - Started process (PID=45255) to work on /media/data/omar/programming course/DEPI/DEPI project/anomx/venv/lib/python3.12/site-packages/airflow/example_dags/example_python_operator.py
[2026-06-22T08:47:02.895+0300] {processor.py:830} INFO - Processing file /media/data/omar/programming course/DEPI/DEPI project/anomx/venv/lib/python3.12/site-packages/airflow/example_dags/example_python_operator.py for tasks to queue
[2026-06-22T08:47:02.896+0300] {logging_mixin.py:188} INFO - [2026-06-22T08:47:02.896+0300] {dagbag.py:540} INFO - Filling up the DagBag from /media/data/omar/programming course/DEPI/DEPI project/anomx/venv/lib/python3.12/site-packages/airflow/example_dags/example_python_operator.py
[2026-06-22T08:47:02.909+0300] {processor.py:840} INFO - DAG(s) 'example_python_operator' retrieved from /media/data/omar/programming course/DEPI/DEPI project/anomx/venv/lib/python3.12/site-packages/airflow/example_dags/example_python_operator.py
[2026-06-22T08:47:02.927+0300] {logging_mixin.py:188} INFO - [2026-06-22T08:47:02.927+0300] {dag.py:3096} INFO - Sync 1 DAGs
[2026-06-22T08:47:02.936+0300] {logging_mixin.py:188} INFO - [2026-06-22T08:47:02.936+0300] {dag.py:3954} INFO - Setting next_dagrun for example_python_operator to None, run_after=None
[2026-06-22T08:47:02.966+0300] {processor.py:183} INFO - Processing /media/data/omar/programming course/DEPI/DEPI project/anomx/venv/lib/python3.12/site-packages/airflow/example_dags/example_python_operator.py took 0.079 seconds
[2026-06-22T08:47:53.037+0300] {processor.py:161} INFO - Started process (PID=45341) to work on /media/data/omar/programming course/DEPI/DEPI project/anomx/venv/lib/python3.12/site-packages/airflow/example_dags/example_python_operator.py
[2026-06-22T08:47:53.038+0300] {processor.py:830} INFO - Processing file /media/data/omar/programming course/DEPI/DEPI project/anomx/venv/lib/python3.12/site-packages/airflow/example_dags/example_python_operator.py for tasks to queue
[2026-06-22T08:47:53.040+0300] {logging_mixin.py:188} INFO - [2026-06-22T08:47:53.039+0300] {dagbag.py:540} INFO - Filling up the DagBag from /media/data/omar/programming course/DEPI/DEPI project/anomx/venv/lib/python3.12/site-packages/airflow/example_dags/example_python_operator.py
[2026-06-22T08:47:53.051+0300] {processor.py:840} INFO - DAG(s) 'example_python_operator' retrieved from /media/data/omar/programming course/DEPI/DEPI project/anomx/venv/lib/python3.12/site-packages/airflow/example_dags/example_python_operator.py
[2026-06-22T08:47:53.068+0300] {logging_mixin.py:188} INFO - [2026-06-22T08:47:53.068+0300] {dag.py:3096} INFO - Sync 1 DAGs
[2026-06-22T08:47:53.078+0300] {logging_mixin.py:188} INFO - [2026-06-22T08:47:53.077+0300] {dag.py:3954} INFO - Setting next_dagrun for example_python_operator to None, run_after=None
[2026-06-22T08:47:53.105+0300] {processor.py:183} INFO - Processing /media/data/omar/programming course/DEPI/DEPI project/anomx/venv/lib/python3.12/site-packages/airflow/example_dags/example_python_operator.py took 0.077 seconds
[2026-06-22T08:48:43.763+0300] {processor.py:161} INFO - Started process (PID=45417) to work on /media/data/omar/programming course/DEPI/DEPI project/anomx/venv/lib/python3.12/site-packages/airflow/example_dags/example_python_operator.py
[2026-06-22T08:48:43.765+0300] {processor.py:830} INFO - Processing file /media/data/omar/programming course/DEPI/DEPI project/anomx/venv/lib/python3.12/site-packages/airflow/example_dags/example_python_operator.py for tasks to queue
[2026-06-22T08:48:43.766+0300] {logging_mixin.py:188} INFO - [2026-06-22T08:48:43.766+0300] {dagbag.py:540} INFO - Filling up the DagBag from /media/data/omar/programming course/DEPI/DEPI project/anomx/venv/lib/python3.12/site-packages/airflow/example_dags/example_python_operator.py
[2026-06-22T08:48:43.786+0300] {processor.py:840} INFO - DAG(s) 'example_python_operator' retrieved from /media/data/omar/programming course/DEPI/DEPI project/anomx/venv/lib/python3.12/site-packages/airflow/example_dags/example_python_operator.py
[2026-06-22T08:48:43.803+0300] {logging_mixin.py:188} INFO - [2026-06-22T08:48:43.802+0300] {dag.py:3096} INFO - Sync 1 DAGs
[2026-06-22T08:48:43.812+0300] {logging_mixin.py:188} INFO - [2026-06-22T08:48:43.812+0300] {dag.py:3954} INFO - Setting next_dagrun for example_python_operator to None, run_after=None
[2026-06-22T08:48:43.841+0300] {processor.py:183} INFO - Processing /media/data/omar/programming course/DEPI/DEPI project/anomx/venv/lib/python3.12/site-packages/airflow/example_dags/example_python_operator.py took 0.089 seconds
[2026-06-22T08:49:33.575+0300] {processor.py:161} INFO - Started process (PID=45505) to work on /media/data/omar/programming course/DEPI/DEPI project/anomx/venv/lib/python3.12/site-packages/airflow/example_dags/example_python_operator.py
[2026-06-22T08:49:33.576+0300] {processor.py:830} INFO - Processing file /media/data/omar/programming course/DEPI/DEPI project/anomx/venv/lib/python3.12/site-packages/airflow/example_dags/example_python_operator.py for tasks to queue
[2026-06-22T08:49:33.577+0300] {logging_mixin.py:188} INFO - [2026-06-22T08:49:33.576+0300] {dagbag.py:540} INFO - Filling up the DagBag from /media/data/omar/programming course/DEPI/DEPI project/anomx/venv/lib/python3.12/site-packages/airflow/example_dags/example_python_operator.py
[2026-06-22T08:49:33.587+0300] {processor.py:840} INFO - DAG(s) 'example_python_operator' retrieved from /media/data/omar/programming course/DEPI/DEPI project/anomx/venv/lib/python3.12/site-packages/airflow/example_dags/example_python_operator.py
[2026-06-22T08:49:33.602+0300] {logging_mixin.py:188} INFO - [2026-06-22T08:49:33.602+0300] {dag.py:3096} INFO - Sync 1 DAGs
[2026-06-22T08:49:33.610+0300] {logging_mixin.py:188} INFO - [2026-06-22T08:49:33.610+0300] {dag.py:3954} INFO - Setting next_dagrun for example_python_operator to None, run_after=None
[2026-06-22T08:49:33.637+0300] {processor.py:183} INFO - Processing /media/data/omar/programming course/DEPI/DEPI project/anomx/venv/lib/python3.12/site-packages/airflow/example_dags/example_python_operator.py took 0.067 seconds
[2026-06-22T08:50:29.497+0300] {processor.py:161} INFO - Started process (PID=45597) to work on /media/data/omar/programming course/DEPI/DEPI project/anomx/venv/lib/python3.12/site-packages/airflow/example_dags/example_python_operator.py
[2026-06-22T08:50:29.498+0300] {processor.py:830} INFO - Processing file /media/data/omar/programming course/DEPI/DEPI project/anomx/venv/lib/python3.12/site-packages/airflow/example_dags/example_python_operator.py for tasks to queue
[2026-06-22T08:50:29.499+0300] {logging_mixin.py:188} INFO - [2026-06-22T08:50:29.499+0300] {dagbag.py:540} INFO - Filling up the DagBag from /media/data/omar/programming course/DEPI/DEPI project/anomx/venv/lib/python3.12/site-packages/airflow/example_dags/example_python_operator.py
[2026-06-22T08:50:29.511+0300] {processor.py:840} INFO - DAG(s) 'example_python_operator' retrieved from /media/data/omar/programming course/DEPI/DEPI project/anomx/venv/lib/python3.12/site-packages/airflow/example_dags/example_python_operator.py
[2026-06-22T08:50:29.527+0300] {logging_mixin.py:188} INFO - [2026-06-22T08:50:29.527+0300] {dag.py:3096} INFO - Sync 1 DAGs
[2026-06-22T08:50:29.536+0300] {logging_mixin.py:188} INFO - [2026-06-22T08:50:29.535+0300] {dag.py:3954} INFO - Setting next_dagrun for example_python_operator to None, run_after=None
[2026-06-22T08:50:29.561+0300] {processor.py:183} INFO - Processing /media/data/omar/programming course/DEPI/DEPI project/anomx/venv/lib/python3.12/site-packages/airflow/example_dags/example_python_operator.py took 0.071 seconds
[2026-06-22T08:51:22.767+0300] {processor.py:161} INFO - Started process (PID=45676) to work on /media/data/omar/programming course/DEPI/DEPI project/anomx/venv/lib/python3.12/site-packages/airflow/example_dags/example_python_operator.py
[2026-06-22T08:51:22.768+0300] {processor.py:830} INFO - Processing file /media/data/omar/programming course/DEPI/DEPI project/anomx/venv/lib/python3.12/site-packages/airflow/example_dags/example_python_operator.py for tasks to queue
[2026-06-22T08:51:22.769+0300] {logging_mixin.py:188} INFO - [2026-06-22T08:51:22.768+0300] {dagbag.py:540} INFO - Filling up the DagBag from /media/data/omar/programming course/DEPI/DEPI project/anomx/venv/lib/python3.12/site-packages/airflow/example_dags/example_python_operator.py
[2026-06-22T08:51:22.781+0300] {processor.py:840} INFO - DAG(s) 'example_python_operator' retrieved from /media/data/omar/programming course/DEPI/DEPI project/anomx/venv/lib/python3.12/site-packages/airflow/example_dags/example_python_operator.py
[2026-06-22T08:51:22.801+0300] {logging_mixin.py:188} INFO - [2026-06-22T08:51:22.801+0300] {dag.py:3096} INFO - Sync 1 DAGs
[2026-06-22T08:51:22.810+0300] {logging_mixin.py:188} INFO - [2026-06-22T08:51:22.810+0300] {dag.py:3954} INFO - Setting next_dagrun for example_python_operator to None, run_after=None
[2026-06-22T08:51:22.843+0300] {processor.py:183} INFO - Processing /media/data/omar/programming course/DEPI/DEPI project/anomx/venv/lib/python3.12/site-packages/airflow/example_dags/example_python_operator.py took 0.082 seconds
[2026-06-22T08:52:17.742+0300] {processor.py:161} INFO - Started process (PID=45934) to work on /media/data/omar/programming course/DEPI/DEPI project/anomx/venv/lib/python3.12/site-packages/airflow/example_dags/example_python_operator.py
[2026-06-22T08:52:17.744+0300] {processor.py:830} INFO - Processing file /media/data/omar/programming course/DEPI/DEPI project/anomx/venv/lib/python3.12/site-packages/airflow/example_dags/example_python_operator.py for tasks to queue
[2026-06-22T08:52:17.746+0300] {logging_mixin.py:188} INFO - [2026-06-22T08:52:17.745+0300] {dagbag.py:540} INFO - Filling up the DagBag from /media/data/omar/programming course/DEPI/DEPI project/anomx/venv/lib/python3.12/site-packages/airflow/example_dags/example_python_operator.py
[2026-06-22T08:52:17.759+0300] {processor.py:840} INFO - DAG(s) 'example_python_operator' retrieved from /media/data/omar/programming course/DEPI/DEPI project/anomx/venv/lib/python3.12/site-packages/airflow/example_dags/example_python_operator.py
[2026-06-22T08:52:17.775+0300] {logging_mixin.py:188} INFO - [2026-06-22T08:52:17.775+0300] {dag.py:3096} INFO - Sync 1 DAGs
[2026-06-22T08:52:17.786+0300] {logging_mixin.py:188} INFO - [2026-06-22T08:52:17.785+0300] {dag.py:3954} INFO - Setting next_dagrun for example_python_operator to None, run_after=None
[2026-06-22T08:52:17.816+0300] {processor.py:183} INFO - Processing /media/data/omar/programming course/DEPI/DEPI project/anomx/venv/lib/python3.12/site-packages/airflow/example_dags/example_python_operator.py took 0.086 seconds
[2026-06-22T08:53:09.147+0300] {processor.py:161} INFO - Started process (PID=46005) to work on /media/data/omar/programming course/DEPI/DEPI project/anomx/venv/lib/python3.12/site-packages/airflow/example_dags/example_python_operator.py
[2026-06-22T08:53:09.148+0300] {processor.py:830} INFO - Processing file /media/data/omar/programming course/DEPI/DEPI project/anomx/venv/lib/python3.12/site-packages/airflow/example_dags/example_python_operator.py for tasks to queue
[2026-06-22T08:53:09.149+0300] {logging_mixin.py:188} INFO - [2026-06-22T08:53:09.149+0300] {dagbag.py:540} INFO - Filling up the DagBag from /media/data/omar/programming course/DEPI/DEPI project/anomx/venv/lib/python3.12/site-packages/airflow/example_dags/example_python_operator.py
[2026-06-22T08:53:09.161+0300] {processor.py:840} INFO - DAG(s) 'example_python_operator' retrieved from /media/data/omar/programming course/DEPI/DEPI project/anomx/venv/lib/python3.12/site-packages/airflow/example_dags/example_python_operator.py
[2026-06-22T08:53:09.178+0300] {logging_mixin.py:188} INFO - [2026-06-22T08:53:09.178+0300] {dag.py:3096} INFO - Sync 1 DAGs
[2026-06-22T08:53:09.187+0300] {logging_mixin.py:188} INFO - [2026-06-22T08:53:09.187+0300] {dag.py:3954} INFO - Setting next_dagrun for example_python_operator to None, run_after=None
[2026-06-22T08:53:09.219+0300] {processor.py:183} INFO - Processing /media/data/omar/programming course/DEPI/DEPI project/anomx/venv/lib/python3.12/site-packages/airflow/example_dags/example_python_operator.py took 0.079 seconds
[2026-06-22T08:54:02.976+0300] {processor.py:161} INFO - Started process (PID=46080) to work on /media/data/omar/programming course/DEPI/DEPI project/anomx/venv/lib/python3.12/site-packages/airflow/example_dags/example_python_operator.py
[2026-06-22T08:54:02.978+0300] {processor.py:830} INFO - Processing file /media/data/omar/programming course/DEPI/DEPI project/anomx/venv/lib/python3.12/site-packages/airflow/example_dags/example_python_operator.py for tasks to queue
[2026-06-22T08:54:02.979+0300] {logging_mixin.py:188} INFO - [2026-06-22T08:54:02.978+0300] {dagbag.py:540} INFO - Filling up the DagBag from /media/data/omar/programming course/DEPI/DEPI project/anomx/venv/lib/python3.12/site-packages/airflow/example_dags/example_python_operator.py
[2026-06-22T08:54:02.993+0300] {processor.py:840} INFO - DAG(s) 'example_python_operator' retrieved from /media/data/omar/programming course/DEPI/DEPI project/anomx/venv/lib/python3.12/site-packages/airflow/example_dags/example_python_operator.py
[2026-06-22T08:54:03.011+0300] {logging_mixin.py:188} INFO - [2026-06-22T08:54:03.011+0300] {dag.py:3096} INFO - Sync 1 DAGs
[2026-06-22T08:54:03.022+0300] {logging_mixin.py:188} INFO - [2026-06-22T08:54:03.021+0300] {dag.py:3954} INFO - Setting next_dagrun for example_python_operator to None, run_after=None
[2026-06-22T08:54:03.052+0300] {processor.py:183} INFO - Processing /media/data/omar/programming course/DEPI/DEPI project/anomx/venv/lib/python3.12/site-packages/airflow/example_dags/example_python_operator.py took 0.088 seconds
[2026-06-22T08:54:57.827+0300] {processor.py:161} INFO - Started process (PID=46162) to work on /media/data/omar/programming course/DEPI/DEPI project/anomx/venv/lib/python3.12/site-packages/airflow/example_dags/example_python_operator.py
[2026-06-22T08:54:57.828+0300] {processor.py:830} INFO - Processing file /media/data/omar/programming course/DEPI/DEPI project/anomx/venv/lib/python3.12/site-packages/airflow/example_dags/example_python_operator.py for tasks to queue
[2026-06-22T08:54:57.830+0300] {logging_mixin.py:188} INFO - [2026-06-22T08:54:57.829+0300] {dagbag.py:540} INFO - Filling up the DagBag from /media/data/omar/programming course/DEPI/DEPI project/anomx/venv/lib/python3.12/site-packages/airflow/example_dags/example_python_operator.py
[2026-06-22T08:54:57.843+0300] {processor.py:840} INFO - DAG(s) 'example_python_operator' retrieved from /media/data/omar/programming course/DEPI/DEPI project/anomx/venv/lib/python3.12/site-packages/airflow/example_dags/example_python_operator.py
[2026-06-22T08:54:57.862+0300] {logging_mixin.py:188} INFO - [2026-06-22T08:54:57.862+0300] {dag.py:3096} INFO - Sync 1 DAGs
[2026-06-22T08:54:57.873+0300] {logging_mixin.py:188} INFO - [2026-06-22T08:54:57.872+0300] {dag.py:3954} INFO - Setting next_dagrun for example_python_operator to None, run_after=None
[2026-06-22T08:54:57.903+0300] {processor.py:183} INFO - Processing /media/data/omar/programming course/DEPI/DEPI project/anomx/venv/lib/python3.12/site-packages/airflow/example_dags/example_python_operator.py took 0.083 seconds
[2026-06-22T08:55:51.902+0300] {processor.py:161} INFO - Started process (PID=46254) to work on /media/data/omar/programming course/DEPI/DEPI project/anomx/venv/lib/python3.12/site-packages/airflow/example_dags/example_python_operator.py
[2026-06-22T08:55:51.903+0300] {processor.py:830} INFO - Processing file /media/data/omar/programming course/DEPI/DEPI project/anomx/venv/lib/python3.12/site-packages/airflow/example_dags/example_python_operator.py for tasks to queue
[2026-06-22T08:55:51.904+0300] {logging_mixin.py:188} INFO - [2026-06-22T08:55:51.904+0300] {dagbag.py:540} INFO - Filling up the DagBag from /media/data/omar/programming course/DEPI/DEPI project/anomx/venv/lib/python3.12/site-packages/airflow/example_dags/example_python_operator.py
[2026-06-22T08:55:51.916+0300] {processor.py:840} INFO - DAG(s) 'example_python_operator' retrieved from /media/data/omar/programming course/DEPI/DEPI project/anomx/venv/lib/python3.12/site-packages/airflow/example_dags/example_python_operator.py
[2026-06-22T08:55:51.934+0300] {logging_mixin.py:188} INFO - [2026-06-22T08:55:51.933+0300] {dag.py:3096} INFO - Sync 1 DAGs
[2026-06-22T08:55:51.943+0300] {logging_mixin.py:188} INFO - [2026-06-22T08:55:51.943+0300] {dag.py:3954} INFO - Setting next_dagrun for example_python_operator to None, run_after=None
[2026-06-22T08:55:51.974+0300] {processor.py:183} INFO - Processing /media/data/omar/programming course/DEPI/DEPI project/anomx/venv/lib/python3.12/site-packages/airflow/example_dags/example_python_operator.py took 0.081 seconds
[2026-06-22T08:56:45.440+0300] {processor.py:161} INFO - Started process (PID=46332) to work on /media/data/omar/programming course/DEPI/DEPI project/anomx/venv/lib/python3.12/site-packages/airflow/example_dags/example_python_operator.py
[2026-06-22T08:56:45.442+0300] {processor.py:830} INFO - Processing file /media/data/omar/programming course/DEPI/DEPI project/anomx/venv/lib/python3.12/site-packages/airflow/example_dags/example_python_operator.py for tasks to queue
[2026-06-22T08:56:45.443+0300] {logging_mixin.py:188} INFO - [2026-06-22T08:56:45.442+0300] {dagbag.py:540} INFO - Filling up the DagBag from /media/data/omar/programming course/DEPI/DEPI project/anomx/venv/lib/python3.12/site-packages/airflow/example_dags/example_python_operator.py
[2026-06-22T08:56:45.457+0300] {processor.py:840} INFO - DAG(s) 'example_python_operator' retrieved from /media/data/omar/programming course/DEPI/DEPI project/anomx/venv/lib/python3.12/site-packages/airflow/example_dags/example_python_operator.py
[2026-06-22T08:56:45.474+0300] {logging_mixin.py:188} INFO - [2026-06-22T08:56:45.474+0300] {dag.py:3096} INFO - Sync 1 DAGs
[2026-06-22T08:56:45.484+0300] {logging_mixin.py:188} INFO - [2026-06-22T08:56:45.484+0300] {dag.py:3954} INFO - Setting next_dagrun for example_python_operator to None, run_after=None
[2026-06-22T08:56:45.527+0300] {processor.py:183} INFO - Processing /media/data/omar/programming course/DEPI/DEPI project/anomx/venv/lib/python3.12/site-packages/airflow/example_dags/example_python_operator.py took 0.096 seconds
[2026-06-22T08:57:39.737+0300] {processor.py:161} INFO - Started process (PID=46426) to work on /media/data/omar/programming course/DEPI/DEPI project/anomx/venv/lib/python3.12/site-packages/airflow/example_dags/example_python_operator.py
[2026-06-22T08:57:39.738+0300] {processor.py:830} INFO - Processing file /media/data/omar/programming course/DEPI/DEPI project/anomx/venv/lib/python3.12/site-packages/airflow/example_dags/example_python_operator.py for tasks to queue
[2026-06-22T08:57:39.739+0300] {logging_mixin.py:188} INFO - [2026-06-22T08:57:39.738+0300] {dagbag.py:540} INFO - Filling up the DagBag from /media/data/omar/programming course/DEPI/DEPI project/anomx/venv/lib/python3.12/site-packages/airflow/example_dags/example_python_operator.py
[2026-06-22T08:57:39.751+0300] {processor.py:840} INFO - DAG(s) 'example_python_operator' retrieved from /media/data/omar/programming course/DEPI/DEPI project/anomx/venv/lib/python3.12/site-packages/airflow/example_dags/example_python_operator.py
[2026-06-22T08:57:39.767+0300] {logging_mixin.py:188} INFO - [2026-06-22T08:57:39.767+0300] {dag.py:3096} INFO - Sync 1 DAGs
[2026-06-22T08:57:39.776+0300] {logging_mixin.py:188} INFO - [2026-06-22T08:57:39.776+0300] {dag.py:3954} INFO - Setting next_dagrun for example_python_operator to None, run_after=None
[2026-06-22T08:57:39.805+0300] {processor.py:183} INFO - Processing /media/data/omar/programming course/DEPI/DEPI project/anomx/venv/lib/python3.12/site-packages/airflow/example_dags/example_python_operator.py took 0.077 seconds
[2026-06-22T08:58:31.798+0300] {processor.py:161} INFO - Started process (PID=46505) to work on /media/data/omar/programming course/DEPI/DEPI project/anomx/venv/lib/python3.12/site-packages/airflow/example_dags/example_python_operator.py
[2026-06-22T08:58:31.800+0300] {processor.py:830} INFO - Processing file /media/data/omar/programming course/DEPI/DEPI project/anomx/venv/lib/python3.12/site-packages/airflow/example_dags/example_python_operator.py for tasks to queue
[2026-06-22T08:58:31.802+0300] {logging_mixin.py:188} INFO - [2026-06-22T08:58:31.801+0300] {dagbag.py:540} INFO - Filling up the DagBag from /media/data/omar/programming course/DEPI/DEPI project/anomx/venv/lib/python3.12/site-packages/airflow/example_dags/example_python_operator.py
[2026-06-22T08:58:31.817+0300] {processor.py:840} INFO - DAG(s) 'example_python_operator' retrieved from /media/data/omar/programming course/DEPI/DEPI project/anomx/venv/lib/python3.12/site-packages/airflow/example_dags/example_python_operator.py
[2026-06-22T08:58:31.835+0300] {logging_mixin.py:188} INFO - [2026-06-22T08:58:31.835+0300] {dag.py:3096} INFO - Sync 1 DAGs
[2026-06-22T08:58:31.844+0300] {logging_mixin.py:188} INFO - [2026-06-22T08:58:31.844+0300] {dag.py:3954} INFO - Setting next_dagrun for example_python_operator to None, run_after=None
[2026-06-22T08:58:31.871+0300] {processor.py:183} INFO - Processing /media/data/omar/programming course/DEPI/DEPI project/anomx/venv/lib/python3.12/site-packages/airflow/example_dags/example_python_operator.py took 0.085 seconds
[2026-06-22T08:59:20.733+0300] {processor.py:161} INFO - Started process (PID=46579) to work on /media/data/omar/programming course/DEPI/DEPI project/anomx/venv/lib/python3.12/site-packages/airflow/example_dags/example_python_operator.py
[2026-06-22T08:59:20.735+0300] {processor.py:830} INFO - Processing file /media/data/omar/programming course/DEPI/DEPI project/anomx/venv/lib/python3.12/site-packages/airflow/example_dags/example_python_operator.py for tasks to queue
[2026-06-22T08:59:20.738+0300] {logging_mixin.py:188} INFO - [2026-06-22T08:59:20.737+0300] {dagbag.py:540} INFO - Filling up the DagBag from /media/data/omar/programming course/DEPI/DEPI project/anomx/venv/lib/python3.12/site-packages/airflow/example_dags/example_python_operator.py
[2026-06-22T08:59:20.757+0300] {processor.py:840} INFO - DAG(s) 'example_python_operator' retrieved from /media/data/omar/programming course/DEPI/DEPI project/anomx/venv/lib/python3.12/site-packages/airflow/example_dags/example_python_operator.py
[2026-06-22T08:59:20.774+0300] {logging_mixin.py:188} INFO - [2026-06-22T08:59:20.773+0300] {dag.py:3096} INFO - Sync 1 DAGs
[2026-06-22T08:59:20.782+0300] {logging_mixin.py:188} INFO - [2026-06-22T08:59:20.782+0300] {dag.py:3954} INFO - Setting next_dagrun for example_python_operator to None, run_after=None
[2026-06-22T08:59:20.818+0300] {processor.py:183} INFO - Processing /media/data/omar/programming course/DEPI/DEPI project/anomx/venv/lib/python3.12/site-packages/airflow/example_dags/example_python_operator.py took 0.098 seconds
[2026-06-22T09:00:14.506+0300] {processor.py:161} INFO - Started process (PID=46670) to work on /media/data/omar/programming course/DEPI/DEPI project/anomx/venv/lib/python3.12/site-packages/airflow/example_dags/example_python_operator.py
[2026-06-22T09:00:14.507+0300] {processor.py:830} INFO - Processing file /media/data/omar/programming course/DEPI/DEPI project/anomx/venv/lib/python3.12/site-packages/airflow/example_dags/example_python_operator.py for tasks to queue
[2026-06-22T09:00:14.508+0300] {logging_mixin.py:188} INFO - [2026-06-22T09:00:14.507+0300] {dagbag.py:540} INFO - Filling up the DagBag from /media/data/omar/programming course/DEPI/DEPI project/anomx/venv/lib/python3.12/site-packages/airflow/example_dags/example_python_operator.py
[2026-06-22T09:00:14.521+0300] {processor.py:840} INFO - DAG(s) 'example_python_operator' retrieved from /media/data/omar/programming course/DEPI/DEPI project/anomx/venv/lib/python3.12/site-packages/airflow/example_dags/example_python_operator.py
[2026-06-22T09:00:14.538+0300] {logging_mixin.py:188} INFO - [2026-06-22T09:00:14.537+0300] {dag.py:3096} INFO - Sync 1 DAGs
[2026-06-22T09:00:14.547+0300] {logging_mixin.py:188} INFO - [2026-06-22T09:00:14.546+0300] {dag.py:3954} INFO - Setting next_dagrun for example_python_operator to None, run_after=None
[2026-06-22T09:00:14.575+0300] {processor.py:183} INFO - Processing /media/data/omar/programming course/DEPI/DEPI project/anomx/venv/lib/python3.12/site-packages/airflow/example_dags/example_python_operator.py took 0.076 seconds
[2026-06-22T09:01:09.291+0300] {processor.py:161} INFO - Started process (PID=46737) to work on /media/data/omar/programming course/DEPI/DEPI project/anomx/venv/lib/python3.12/site-packages/airflow/example_dags/example_python_operator.py
[2026-06-22T09:01:09.292+0300] {processor.py:830} INFO - Processing file /media/data/omar/programming course/DEPI/DEPI project/anomx/venv/lib/python3.12/site-packages/airflow/example_dags/example_python_operator.py for tasks to queue
[2026-06-22T09:01:09.294+0300] {logging_mixin.py:188} INFO - [2026-06-22T09:01:09.293+0300] {dagbag.py:540} INFO - Filling up the DagBag from /media/data/omar/programming course/DEPI/DEPI project/anomx/venv/lib/python3.12/site-packages/airflow/example_dags/example_python_operator.py
[2026-06-22T09:01:09.314+0300] {processor.py:840} INFO - DAG(s) 'example_python_operator' retrieved from /media/data/omar/programming course/DEPI/DEPI project/anomx/venv/lib/python3.12/site-packages/airflow/example_dags/example_python_operator.py
[2026-06-22T09:01:09.337+0300] {logging_mixin.py:188} INFO - [2026-06-22T09:01:09.336+0300] {dag.py:3096} INFO - Sync 1 DAGs
[2026-06-22T09:01:09.346+0300] {logging_mixin.py:188} INFO - [2026-06-22T09:01:09.346+0300] {dag.py:3954} INFO - Setting next_dagrun for example_python_operator to None, run_after=None
[2026-06-22T09:01:09.374+0300] {processor.py:183} INFO - Processing /media/data/omar/programming course/DEPI/DEPI project/anomx/venv/lib/python3.12/site-packages/airflow/example_dags/example_python_operator.py took 0.093 seconds
[2026-06-22T09:02:02.151+0300] {processor.py:161} INFO - Started process (PID=46815) to work on /media/data/omar/programming course/DEPI/DEPI project/anomx/venv/lib/python3.12/site-packages/airflow/example_dags/example_python_operator.py
[2026-06-22T09:02:02.152+0300] {processor.py:830} INFO - Processing file /media/data/omar/programming course/DEPI/DEPI project/anomx/venv/lib/python3.12/site-packages/airflow/example_dags/example_python_operator.py for tasks to queue
[2026-06-22T09:02:02.154+0300] {logging_mixin.py:188} INFO - [2026-06-22T09:02:02.153+0300] {dagbag.py:540} INFO - Filling up the DagBag from /media/data/omar/programming course/DEPI/DEPI project/anomx/venv/lib/python3.12/site-packages/airflow/example_dags/example_python_operator.py
[2026-06-22T09:02:02.166+0300] {processor.py:840} INFO - DAG(s) 'example_python_operator' retrieved from /media/data/omar/programming course/DEPI/DEPI project/anomx/venv/lib/python3.12/site-packages/airflow/example_dags/example_python_operator.py
[2026-06-22T09:02:02.183+0300] {logging_mixin.py:188} INFO - [2026-06-22T09:02:02.182+0300] {dag.py:3096} INFO - Sync 1 DAGs
[2026-06-22T09:02:02.192+0300] {logging_mixin.py:188} INFO - [2026-06-22T09:02:02.192+0300] {dag.py:3954} INFO - Setting next_dagrun for example_python_operator to None, run_after=None
[2026-06-22T09:02:02.222+0300] {processor.py:183} INFO - Processing /media/data/omar/programming course/DEPI/DEPI project/anomx/venv/lib/python3.12/site-packages/airflow/example_dags/example_python_operator.py took 0.082 seconds
[2026-06-22T09:02:50.117+0300] {processor.py:161} INFO - Started process (PID=46903) to work on /media/data/omar/programming course/DEPI/DEPI project/anomx/venv/lib/python3.12/site-packages/airflow/example_dags/example_python_operator.py
[2026-06-22T09:02:50.119+0300] {processor.py:830} INFO - Processing file /media/data/omar/programming course/DEPI/DEPI project/anomx/venv/lib/python3.12/site-packages/airflow/example_dags/example_python_operator.py for tasks to queue
[2026-06-22T09:02:50.121+0300] {logging_mixin.py:188} INFO - [2026-06-22T09:02:50.120+0300] {dagbag.py:540} INFO - Filling up the DagBag from /media/data/omar/programming course/DEPI/DEPI project/anomx/venv/lib/python3.12/site-packages/airflow/example_dags/example_python_operator.py
[2026-06-22T09:02:50.135+0300] {processor.py:840} INFO - DAG(s) 'example_python_operator' retrieved from /media/data/omar/programming course/DEPI/DEPI project/anomx/venv/lib/python3.12/site-packages/airflow/example_dags/example_python_operator.py
[2026-06-22T09:02:50.154+0300] {logging_mixin.py:188} INFO - [2026-06-22T09:02:50.154+0300] {dag.py:3096} INFO - Sync 1 DAGs
[2026-06-22T09:02:50.163+0300] {logging_mixin.py:188} INFO - [2026-06-22T09:02:50.162+0300] {dag.py:3954} INFO - Setting next_dagrun for example_python_operator to None, run_after=None
[2026-06-22T09:02:50.206+0300] {processor.py:183} INFO - Processing /media/data/omar/programming course/DEPI/DEPI project/anomx/venv/lib/python3.12/site-packages/airflow/example_dags/example_python_operator.py took 0.105 seconds
[2026-06-22T09:03:44.581+0300] {processor.py:161} INFO - Started process (PID=46979) to work on /media/data/omar/programming course/DEPI/DEPI project/anomx/venv/lib/python3.12/site-packages/airflow/example_dags/example_python_operator.py
[2026-06-22T09:03:44.582+0300] {processor.py:830} INFO - Processing file /media/data/omar/programming course/DEPI/DEPI project/anomx/venv/lib/python3.12/site-packages/airflow/example_dags/example_python_operator.py for tasks to queue
[2026-06-22T09:03:44.584+0300] {logging_mixin.py:188} INFO - [2026-06-22T09:03:44.583+0300] {dagbag.py:540} INFO - Filling up the DagBag from /media/data/omar/programming course/DEPI/DEPI project/anomx/venv/lib/python3.12/site-packages/airflow/example_dags/example_python_operator.py
[2026-06-22T09:03:44.601+0300] {processor.py:840} INFO - DAG(s) 'example_python_operator' retrieved from /media/data/omar/programming course/DEPI/DEPI project/anomx/venv/lib/python3.12/site-packages/airflow/example_dags/example_python_operator.py
[2026-06-22T09:03:44.620+0300] {logging_mixin.py:188} INFO - [2026-06-22T09:03:44.619+0300] {dag.py:3096} INFO - Sync 1 DAGs
[2026-06-22T09:03:44.628+0300] {logging_mixin.py:188} INFO - [2026-06-22T09:03:44.628+0300] {dag.py:3954} INFO - Setting next_dagrun for example_python_operator to None, run_after=None
[2026-06-22T09:03:44.654+0300] {processor.py:183} INFO - Processing /media/data/omar/programming course/DEPI/DEPI project/anomx/venv/lib/python3.12/site-packages/airflow/example_dags/example_python_operator.py took 0.084 seconds
[2026-06-22T09:04:40.566+0300] {processor.py:161} INFO - Started process (PID=47059) to work on /media/data/omar/programming course/DEPI/DEPI project/anomx/venv/lib/python3.12/site-packages/airflow/example_dags/example_python_operator.py
[2026-06-22T09:04:40.567+0300] {processor.py:830} INFO - Processing file /media/data/omar/programming course/DEPI/DEPI project/anomx/venv/lib/python3.12/site-packages/airflow/example_dags/example_python_operator.py for tasks to queue
[2026-06-22T09:04:40.569+0300] {logging_mixin.py:188} INFO - [2026-06-22T09:04:40.568+0300] {dagbag.py:540} INFO - Filling up the DagBag from /media/data/omar/programming course/DEPI/DEPI project/anomx/venv/lib/python3.12/site-packages/airflow/example_dags/example_python_operator.py
[2026-06-22T09:04:40.580+0300] {processor.py:840} INFO - DAG(s) 'example_python_operator' retrieved from /media/data/omar/programming course/DEPI/DEPI project/anomx/venv/lib/python3.12/site-packages/airflow/example_dags/example_python_operator.py
[2026-06-22T09:04:40.596+0300] {logging_mixin.py:188} INFO - [2026-06-22T09:04:40.596+0300] {dag.py:3096} INFO - Sync 1 DAGs
[2026-06-22T09:04:40.605+0300] {logging_mixin.py:188} INFO - [2026-06-22T09:04:40.604+0300] {dag.py:3954} INFO - Setting next_dagrun for example_python_operator to None, run_after=None
[2026-06-22T09:04:40.631+0300] {processor.py:183} INFO - Processing /media/data/omar/programming course/DEPI/DEPI project/anomx/venv/lib/python3.12/site-packages/airflow/example_dags/example_python_operator.py took 0.075 seconds
[2026-06-22T09:05:31.536+0300] {processor.py:161} INFO - Started process (PID=47139) to work on /media/data/omar/programming course/DEPI/DEPI project/anomx/venv/lib/python3.12/site-packages/airflow/example_dags/example_python_operator.py
[2026-06-22T09:05:31.537+0300] {processor.py:830} INFO - Processing file /media/data/omar/programming course/DEPI/DEPI project/anomx/venv/lib/python3.12/site-packages/airflow/example_dags/example_python_operator.py for tasks to queue
[2026-06-22T09:05:31.539+0300] {logging_mixin.py:188} INFO - [2026-06-22T09:05:31.538+0300] {dagbag.py:540} INFO - Filling up the DagBag from /media/data/omar/programming course/DEPI/DEPI project/anomx/venv/lib/python3.12/site-packages/airflow/example_dags/example_python_operator.py
[2026-06-22T09:05:31.556+0300] {processor.py:840} INFO - DAG(s) 'example_python_operator' retrieved from /media/data/omar/programming course/DEPI/DEPI project/anomx/venv/lib/python3.12/site-packages/airflow/example_dags/example_python_operator.py
[2026-06-22T09:05:31.573+0300] {logging_mixin.py:188} INFO - [2026-06-22T09:05:31.573+0300] {dag.py:3096} INFO - Sync 1 DAGs
[2026-06-22T09:05:31.582+0300] {logging_mixin.py:188} INFO - [2026-06-22T09:05:31.581+0300] {dag.py:3954} INFO - Setting next_dagrun for example_python_operator to None, run_after=None
[2026-06-22T09:05:31.607+0300] {processor.py:183} INFO - Processing /media/data/omar/programming course/DEPI/DEPI project/anomx/venv/lib/python3.12/site-packages/airflow/example_dags/example_python_operator.py took 0.081 seconds
[2026-06-22T09:06:23.318+0300] {processor.py:161} INFO - Started process (PID=47232) to work on /media/data/omar/programming course/DEPI/DEPI project/anomx/venv/lib/python3.12/site-packages/airflow/example_dags/example_python_operator.py
[2026-06-22T09:06:23.320+0300] {processor.py:830} INFO - Processing file /media/data/omar/programming course/DEPI/DEPI project/anomx/venv/lib/python3.12/site-packages/airflow/example_dags/example_python_operator.py for tasks to queue
[2026-06-22T09:06:23.322+0300] {logging_mixin.py:188} INFO - [2026-06-22T09:06:23.321+0300] {dagbag.py:540} INFO - Filling up the DagBag from /media/data/omar/programming course/DEPI/DEPI project/anomx/venv/lib/python3.12/site-packages/airflow/example_dags/example_python_operator.py
[2026-06-22T09:06:23.336+0300] {processor.py:840} INFO - DAG(s) 'example_python_operator' retrieved from /media/data/omar/programming course/DEPI/DEPI project/anomx/venv/lib/python3.12/site-packages/airflow/example_dags/example_python_operator.py
[2026-06-22T09:06:23.352+0300] {logging_mixin.py:188} INFO - [2026-06-22T09:06:23.352+0300] {dag.py:3096} INFO - Sync 1 DAGs
[2026-06-22T09:06:23.361+0300] {logging_mixin.py:188} INFO - [2026-06-22T09:06:23.361+0300] {dag.py:3954} INFO - Setting next_dagrun for example_python_operator to None, run_after=None
[2026-06-22T09:06:23.389+0300] {processor.py:183} INFO - Processing /media/data/omar/programming course/DEPI/DEPI project/anomx/venv/lib/python3.12/site-packages/airflow/example_dags/example_python_operator.py took 0.087 seconds
[2026-06-22T09:07:15.752+0300] {processor.py:161} INFO - Started process (PID=47319) to work on /media/data/omar/programming course/DEPI/DEPI project/anomx/venv/lib/python3.12/site-packages/airflow/example_dags/example_python_operator.py
[2026-06-22T09:07:15.754+0300] {processor.py:830} INFO - Processing file /media/data/omar/programming course/DEPI/DEPI project/anomx/venv/lib/python3.12/site-packages/airflow/example_dags/example_python_operator.py for tasks to queue
[2026-06-22T09:07:15.756+0300] {logging_mixin.py:188} INFO - [2026-06-22T09:07:15.755+0300] {dagbag.py:540} INFO - Filling up the DagBag from /media/data/omar/programming course/DEPI/DEPI project/anomx/venv/lib/python3.12/site-packages/airflow/example_dags/example_python_operator.py
[2026-06-22T09:07:15.770+0300] {processor.py:840} INFO - DAG(s) 'example_python_operator' retrieved from /media/data/omar/programming course/DEPI/DEPI project/anomx/venv/lib/python3.12/site-packages/airflow/example_dags/example_python_operator.py
[2026-06-22T09:07:15.786+0300] {logging_mixin.py:188} INFO - [2026-06-22T09:07:15.786+0300] {dag.py:3096} INFO - Sync 1 DAGs
[2026-06-22T09:07:15.795+0300] {logging_mixin.py:188} INFO - [2026-06-22T09:07:15.795+0300] {dag.py:3954} INFO - Setting next_dagrun for example_python_operator to None, run_after=None
[2026-06-22T09:07:15.822+0300] {processor.py:183} INFO - Processing /media/data/omar/programming course/DEPI/DEPI project/anomx/venv/lib/python3.12/site-packages/airflow/example_dags/example_python_operator.py took 0.086 seconds
[2026-06-22T09:08:10.322+0300] {processor.py:161} INFO - Started process (PID=47387) to work on /media/data/omar/programming course/DEPI/DEPI project/anomx/venv/lib/python3.12/site-packages/airflow/example_dags/example_python_operator.py
[2026-06-22T09:08:10.323+0300] {processor.py:830} INFO - Processing file /media/data/omar/programming course/DEPI/DEPI project/anomx/venv/lib/python3.12/site-packages/airflow/example_dags/example_python_operator.py for tasks to queue
[2026-06-22T09:08:10.325+0300] {logging_mixin.py:188} INFO - [2026-06-22T09:08:10.324+0300] {dagbag.py:540} INFO - Filling up the DagBag from /media/data/omar/programming course/DEPI/DEPI project/anomx/venv/lib/python3.12/site-packages/airflow/example_dags/example_python_operator.py
[2026-06-22T09:08:10.338+0300] {processor.py:840} INFO - DAG(s) 'example_python_operator' retrieved from /media/data/omar/programming course/DEPI/DEPI project/anomx/venv/lib/python3.12/site-packages/airflow/example_dags/example_python_operator.py
[2026-06-22T09:08:10.354+0300] {logging_mixin.py:188} INFO - [2026-06-22T09:08:10.354+0300] {dag.py:3096} INFO - Sync 1 DAGs
[2026-06-22T09:08:10.363+0300] {logging_mixin.py:188} INFO - [2026-06-22T09:08:10.363+0300] {dag.py:3954} INFO - Setting next_dagrun for example_python_operator to None, run_after=None
[2026-06-22T09:08:10.390+0300] {processor.py:183} INFO - Processing /media/data/omar/programming course/DEPI/DEPI project/anomx/venv/lib/python3.12/site-packages/airflow/example_dags/example_python_operator.py took 0.080 seconds
[2026-06-22T09:09:04.715+0300] {processor.py:161} INFO - Started process (PID=47467) to work on /media/data/omar/programming course/DEPI/DEPI project/anomx/venv/lib/python3.12/site-packages/airflow/example_dags/example_python_operator.py
[2026-06-22T09:09:04.717+0300] {processor.py:830} INFO - Processing file /media/data/omar/programming course/DEPI/DEPI project/anomx/venv/lib/python3.12/site-packages/airflow/example_dags/example_python_operator.py for tasks to queue
[2026-06-22T09:09:04.720+0300] {logging_mixin.py:188} INFO - [2026-06-22T09:09:04.719+0300] {dagbag.py:540} INFO - Filling up the DagBag from /media/data/omar/programming course/DEPI/DEPI project/anomx/venv/lib/python3.12/site-packages/airflow/example_dags/example_python_operator.py
[2026-06-22T09:09:04.738+0300] {processor.py:840} INFO - DAG(s) 'example_python_operator' retrieved from /media/data/omar/programming course/DEPI/DEPI project/anomx/venv/lib/python3.12/site-packages/airflow/example_dags/example_python_operator.py
[2026-06-22T09:09:04.755+0300] {logging_mixin.py:188} INFO - [2026-06-22T09:09:04.755+0300] {dag.py:3096} INFO - Sync 1 DAGs
[2026-06-22T09:09:04.764+0300] {logging_mixin.py:188} INFO - [2026-06-22T09:09:04.764+0300] {dag.py:3954} INFO - Setting next_dagrun for example_python_operator to None, run_after=None
[2026-06-22T09:09:04.792+0300] {processor.py:183} INFO - Processing /media/data/omar/programming course/DEPI/DEPI project/anomx/venv/lib/python3.12/site-packages/airflow/example_dags/example_python_operator.py took 0.091 seconds
[2026-06-22T09:09:55.480+0300] {processor.py:161} INFO - Started process (PID=47553) to work on /media/data/omar/programming course/DEPI/DEPI project/anomx/venv/lib/python3.12/site-packages/airflow/example_dags/example_python_operator.py
[2026-06-22T09:09:55.481+0300] {processor.py:830} INFO - Processing file /media/data/omar/programming course/DEPI/DEPI project/anomx/venv/lib/python3.12/site-packages/airflow/example_dags/example_python_operator.py for tasks to queue
[2026-06-22T09:09:55.482+0300] {logging_mixin.py:188} INFO - [2026-06-22T09:09:55.481+0300] {dagbag.py:540} INFO - Filling up the DagBag from /media/data/omar/programming course/DEPI/DEPI project/anomx/venv/lib/python3.12/site-packages/airflow/example_dags/example_python_operator.py
[2026-06-22T09:09:55.494+0300] {processor.py:840} INFO - DAG(s) 'example_python_operator' retrieved from /media/data/omar/programming course/DEPI/DEPI project/anomx/venv/lib/python3.12/site-packages/airflow/example_dags/example_python_operator.py
[2026-06-22T09:09:55.511+0300] {logging_mixin.py:188} INFO - [2026-06-22T09:09:55.511+0300] {dag.py:3096} INFO - Sync 1 DAGs
[2026-06-22T09:09:55.520+0300] {logging_mixin.py:188} INFO - [2026-06-22T09:09:55.520+0300] {dag.py:3954} INFO - Setting next_dagrun for example_python_operator to None, run_after=None
[2026-06-22T09:09:55.549+0300] {processor.py:183} INFO - Processing /media/data/omar/programming course/DEPI/DEPI project/anomx/venv/lib/python3.12/site-packages/airflow/example_dags/example_python_operator.py took 0.076 seconds
[2026-06-22T09:10:47.069+0300] {processor.py:161} INFO - Started process (PID=47774) to work on /media/data/omar/programming course/DEPI/DEPI project/anomx/venv/lib/python3.12/site-packages/airflow/example_dags/example_python_operator.py
[2026-06-22T09:10:47.071+0300] {processor.py:830} INFO - Processing file /media/data/omar/programming course/DEPI/DEPI project/anomx/venv/lib/python3.12/site-packages/airflow/example_dags/example_python_operator.py for tasks to queue
[2026-06-22T09:10:47.073+0300] {logging_mixin.py:188} INFO - [2026-06-22T09:10:47.072+0300] {dagbag.py:540} INFO - Filling up the DagBag from /media/data/omar/programming course/DEPI/DEPI project/anomx/venv/lib/python3.12/site-packages/airflow/example_dags/example_python_operator.py
[2026-06-22T09:10:47.089+0300] {processor.py:840} INFO - DAG(s) 'example_python_operator' retrieved from /media/data/omar/programming course/DEPI/DEPI project/anomx/venv/lib/python3.12/site-packages/airflow/example_dags/example_python_operator.py
[2026-06-22T09:10:47.109+0300] {logging_mixin.py:188} INFO - [2026-06-22T09:10:47.109+0300] {dag.py:3096} INFO - Sync 1 DAGs
[2026-06-22T09:10:47.121+0300] {logging_mixin.py:188} INFO - [2026-06-22T09:10:47.120+0300] {dag.py:3954} INFO - Setting next_dagrun for example_python_operator to None, run_after=None
[2026-06-22T09:10:47.150+0300] {processor.py:183} INFO - Processing /media/data/omar/programming course/DEPI/DEPI project/anomx/venv/lib/python3.12/site-packages/airflow/example_dags/example_python_operator.py took 0.097 seconds
[2026-06-22T09:11:42.037+0300] {processor.py:161} INFO - Started process (PID=47920) to work on /media/data/omar/programming course/DEPI/DEPI project/anomx/venv/lib/python3.12/site-packages/airflow/example_dags/example_python_operator.py
[2026-06-22T09:11:42.038+0300] {processor.py:830} INFO - Processing file /media/data/omar/programming course/DEPI/DEPI project/anomx/venv/lib/python3.12/site-packages/airflow/example_dags/example_python_operator.py for tasks to queue
[2026-06-22T09:11:42.039+0300] {logging_mixin.py:188} INFO - [2026-06-22T09:11:42.039+0300] {dagbag.py:540} INFO - Filling up the DagBag from /media/data/omar/programming course/DEPI/DEPI project/anomx/venv/lib/python3.12/site-packages/airflow/example_dags/example_python_operator.py
[2026-06-22T09:11:42.049+0300] {processor.py:840} INFO - DAG(s) 'example_python_operator' retrieved from /media/data/omar/programming course/DEPI/DEPI project/anomx/venv/lib/python3.12/site-packages/airflow/example_dags/example_python_operator.py
[2026-06-22T09:11:42.078+0300] {logging_mixin.py:188} INFO - [2026-06-22T09:11:42.078+0300] {dag.py:3096} INFO - Sync 1 DAGs
[2026-06-22T09:11:42.089+0300] {logging_mixin.py:188} INFO - [2026-06-22T09:11:42.088+0300] {dag.py:3954} INFO - Setting next_dagrun for example_python_operator to None, run_after=None
[2026-06-22T09:11:42.122+0300] {processor.py:183} INFO - Processing /media/data/omar/programming course/DEPI/DEPI project/anomx/venv/lib/python3.12/site-packages/airflow/example_dags/example_python_operator.py took 0.090 seconds
[2026-06-22T09:12:38.326+0300] {processor.py:161} INFO - Started process (PID=48018) to work on /media/data/omar/programming course/DEPI/DEPI project/anomx/venv/lib/python3.12/site-packages/airflow/example_dags/example_python_operator.py
[2026-06-22T09:12:38.328+0300] {processor.py:830} INFO - Processing file /media/data/omar/programming course/DEPI/DEPI project/anomx/venv/lib/python3.12/site-packages/airflow/example_dags/example_python_operator.py for tasks to queue
[2026-06-22T09:12:38.331+0300] {logging_mixin.py:188} INFO - [2026-06-22T09:12:38.330+0300] {dagbag.py:540} INFO - Filling up the DagBag from /media/data/omar/programming course/DEPI/DEPI project/anomx/venv/lib/python3.12/site-packages/airflow/example_dags/example_python_operator.py
[2026-06-22T09:12:38.349+0300] {processor.py:840} INFO - DAG(s) 'example_python_operator' retrieved from /media/data/omar/programming course/DEPI/DEPI project/anomx/venv/lib/python3.12/site-packages/airflow/example_dags/example_python_operator.py
[2026-06-22T09:12:38.380+0300] {logging_mixin.py:188} INFO - [2026-06-22T09:12:38.380+0300] {dag.py:3096} INFO - Sync 1 DAGs
[2026-06-22T09:12:38.393+0300] {logging_mixin.py:188} INFO - [2026-06-22T09:12:38.392+0300] {dag.py:3954} INFO - Setting next_dagrun for example_python_operator to None, run_after=None
[2026-06-22T09:12:38.424+0300] {processor.py:183} INFO - Processing /media/data/omar/programming course/DEPI/DEPI project/anomx/venv/lib/python3.12/site-packages/airflow/example_dags/example_python_operator.py took 0.117 seconds
[2026-06-22T09:13:28.673+0300] {processor.py:161} INFO - Started process (PID=48111) to work on /media/data/omar/programming course/DEPI/DEPI project/anomx/venv/lib/python3.12/site-packages/airflow/example_dags/example_python_operator.py
[2026-06-22T09:13:28.674+0300] {processor.py:830} INFO - Processing file /media/data/omar/programming course/DEPI/DEPI project/anomx/venv/lib/python3.12/site-packages/airflow/example_dags/example_python_operator.py for tasks to queue
[2026-06-22T09:13:28.675+0300] {logging_mixin.py:188} INFO - [2026-06-22T09:13:28.674+0300] {dagbag.py:540} INFO - Filling up the DagBag from /media/data/omar/programming course/DEPI/DEPI project/anomx/venv/lib/python3.12/site-packages/airflow/example_dags/example_python_operator.py
[2026-06-22T09:13:28.691+0300] {processor.py:840} INFO - DAG(s) 'example_python_operator' retrieved from /media/data/omar/programming course/DEPI/DEPI project/anomx/venv/lib/python3.12/site-packages/airflow/example_dags/example_python_operator.py
[2026-06-22T09:13:28.708+0300] {logging_mixin.py:188} INFO - [2026-06-22T09:13:28.708+0300] {dag.py:3096} INFO - Sync 1 DAGs
[2026-06-22T09:13:28.722+0300] {logging_mixin.py:188} INFO - [2026-06-22T09:13:28.722+0300] {dag.py:3954} INFO - Setting next_dagrun for example_python_operator to None, run_after=None
[2026-06-22T09:13:28.752+0300] {processor.py:183} INFO - Processing /media/data/omar/programming course/DEPI/DEPI project/anomx/venv/lib/python3.12/site-packages/airflow/example_dags/example_python_operator.py took 0.089 seconds
[2026-06-22T09:14:23.272+0300] {processor.py:161} INFO - Started process (PID=48192) to work on /media/data/omar/programming course/DEPI/DEPI project/anomx/venv/lib/python3.12/site-packages/airflow/example_dags/example_python_operator.py
[2026-06-22T09:14:23.274+0300] {processor.py:830} INFO - Processing file /media/data/omar/programming course/DEPI/DEPI project/anomx/venv/lib/python3.12/site-packages/airflow/example_dags/example_python_operator.py for tasks to queue
[2026-06-22T09:14:23.276+0300] {logging_mixin.py:188} INFO - [2026-06-22T09:14:23.275+0300] {dagbag.py:540} INFO - Filling up the DagBag from /media/data/omar/programming course/DEPI/DEPI project/anomx/venv/lib/python3.12/site-packages/airflow/example_dags/example_python_operator.py
[2026-06-22T09:14:23.292+0300] {processor.py:840} INFO - DAG(s) 'example_python_operator' retrieved from /media/data/omar/programming course/DEPI/DEPI project/anomx/venv/lib/python3.12/site-packages/airflow/example_dags/example_python_operator.py
[2026-06-22T09:14:23.309+0300] {logging_mixin.py:188} INFO - [2026-06-22T09:14:23.308+0300] {dag.py:3096} INFO - Sync 1 DAGs
[2026-06-22T09:14:23.317+0300] {logging_mixin.py:188} INFO - [2026-06-22T09:14:23.317+0300] {dag.py:3954} INFO - Setting next_dagrun for example_python_operator to None, run_after=None
[2026-06-22T09:14:23.346+0300] {processor.py:183} INFO - Processing /media/data/omar/programming course/DEPI/DEPI project/anomx/venv/lib/python3.12/site-packages/airflow/example_dags/example_python_operator.py took 0.092 seconds
[2026-06-22T09:15:15.090+0300] {processor.py:161} INFO - Started process (PID=48287) to work on /media/data/omar/programming course/DEPI/DEPI project/anomx/venv/lib/python3.12/site-packages/airflow/example_dags/example_python_operator.py
[2026-06-22T09:15:15.092+0300] {processor.py:830} INFO - Processing file /media/data/omar/programming course/DEPI/DEPI project/anomx/venv/lib/python3.12/site-packages/airflow/example_dags/example_python_operator.py for tasks to queue
[2026-06-22T09:15:15.094+0300] {logging_mixin.py:188} INFO - [2026-06-22T09:15:15.093+0300] {dagbag.py:540} INFO - Filling up the DagBag from /media/data/omar/programming course/DEPI/DEPI project/anomx/venv/lib/python3.12/site-packages/airflow/example_dags/example_python_operator.py
[2026-06-22T09:15:15.118+0300] {processor.py:840} INFO - DAG(s) 'example_python_operator' retrieved from /media/data/omar/programming course/DEPI/DEPI project/anomx/venv/lib/python3.12/site-packages/airflow/example_dags/example_python_operator.py
[2026-06-22T09:15:15.158+0300] {logging_mixin.py:188} INFO - [2026-06-22T09:15:15.158+0300] {dag.py:3096} INFO - Sync 1 DAGs
[2026-06-22T09:15:15.176+0300] {logging_mixin.py:188} INFO - [2026-06-22T09:15:15.176+0300] {dag.py:3954} INFO - Setting next_dagrun for example_python_operator to None, run_after=None
[2026-06-22T09:15:15.229+0300] {processor.py:183} INFO - Processing /media/data/omar/programming course/DEPI/DEPI project/anomx/venv/lib/python3.12/site-packages/airflow/example_dags/example_python_operator.py took 0.149 seconds
[2026-06-22T09:16:09.174+0300] {processor.py:161} INFO - Started process (PID=48386) to work on /media/data/omar/programming course/DEPI/DEPI project/anomx/venv/lib/python3.12/site-packages/airflow/example_dags/example_python_operator.py
[2026-06-22T09:16:09.175+0300] {processor.py:830} INFO - Processing file /media/data/omar/programming course/DEPI/DEPI project/anomx/venv/lib/python3.12/site-packages/airflow/example_dags/example_python_operator.py for tasks to queue
[2026-06-22T09:16:09.176+0300] {logging_mixin.py:188} INFO - [2026-06-22T09:16:09.175+0300] {dagbag.py:540} INFO - Filling up the DagBag from /media/data/omar/programming course/DEPI/DEPI project/anomx/venv/lib/python3.12/site-packages/airflow/example_dags/example_python_operator.py
[2026-06-22T09:16:09.190+0300] {processor.py:840} INFO - DAG(s) 'example_python_operator' retrieved from /media/data/omar/programming course/DEPI/DEPI project/anomx/venv/lib/python3.12/site-packages/airflow/example_dags/example_python_operator.py
[2026-06-22T09:16:09.207+0300] {logging_mixin.py:188} INFO - [2026-06-22T09:16:09.207+0300] {dag.py:3096} INFO - Sync 1 DAGs
[2026-06-22T09:16:09.217+0300] {logging_mixin.py:188} INFO - [2026-06-22T09:16:09.217+0300] {dag.py:3954} INFO - Setting next_dagrun for example_python_operator to None, run_after=None
[2026-06-22T09:16:09.243+0300] {processor.py:183} INFO - Processing /media/data/omar/programming course/DEPI/DEPI project/anomx/venv/lib/python3.12/site-packages/airflow/example_dags/example_python_operator.py took 0.076 seconds
[2026-06-22T09:17:09.342+0300] {processor.py:161} INFO - Started process (PID=48492) to work on /media/data/omar/programming course/DEPI/DEPI project/anomx/venv/lib/python3.12/site-packages/airflow/example_dags/example_python_operator.py
[2026-06-22T09:17:09.343+0300] {processor.py:830} INFO - Processing file /media/data/omar/programming course/DEPI/DEPI project/anomx/venv/lib/python3.12/site-packages/airflow/example_dags/example_python_operator.py for tasks to queue
[2026-06-22T09:17:09.344+0300] {logging_mixin.py:188} INFO - [2026-06-22T09:17:09.344+0300] {dagbag.py:540} INFO - Filling up the DagBag from /media/data/omar/programming course/DEPI/DEPI project/anomx/venv/lib/python3.12/site-packages/airflow/example_dags/example_python_operator.py
[2026-06-22T09:17:09.359+0300] {processor.py:840} INFO - DAG(s) 'example_python_operator' retrieved from /media/data/omar/programming course/DEPI/DEPI project/anomx/venv/lib/python3.12/site-packages/airflow/example_dags/example_python_operator.py
[2026-06-22T09:17:09.379+0300] {logging_mixin.py:188} INFO - [2026-06-22T09:17:09.378+0300] {dag.py:3096} INFO - Sync 1 DAGs
[2026-06-22T09:17:09.392+0300] {logging_mixin.py:188} INFO - [2026-06-22T09:17:09.391+0300] {dag.py:3954} INFO - Setting next_dagrun for example_python_operator to None, run_after=None
[2026-06-22T09:17:09.425+0300] {processor.py:183} INFO - Processing /media/data/omar/programming course/DEPI/DEPI project/anomx/venv/lib/python3.12/site-packages/airflow/example_dags/example_python_operator.py took 0.091 seconds
[2026-06-22T09:18:09.942+0300] {processor.py:161} INFO - Started process (PID=48618) to work on /media/data/omar/programming course/DEPI/DEPI project/anomx/venv/lib/python3.12/site-packages/airflow/example_dags/example_python_operator.py
[2026-06-22T09:18:09.944+0300] {processor.py:830} INFO - Processing file /media/data/omar/programming course/DEPI/DEPI project/anomx/venv/lib/python3.12/site-packages/airflow/example_dags/example_python_operator.py for tasks to queue
[2026-06-22T09:18:09.946+0300] {logging_mixin.py:188} INFO - [2026-06-22T09:18:09.945+0300] {dagbag.py:540} INFO - Filling up the DagBag from /media/data/omar/programming course/DEPI/DEPI project/anomx/venv/lib/python3.12/site-packages/airflow/example_dags/example_python_operator.py
[2026-06-22T09:18:09.960+0300] {processor.py:840} INFO - DAG(s) 'example_python_operator' retrieved from /media/data/omar/programming course/DEPI/DEPI project/anomx/venv/lib/python3.12/site-packages/airflow/example_dags/example_python_operator.py
[2026-06-22T09:18:09.979+0300] {logging_mixin.py:188} INFO - [2026-06-22T09:18:09.979+0300] {dag.py:3096} INFO - Sync 1 DAGs
[2026-06-22T09:18:09.989+0300] {logging_mixin.py:188} INFO - [2026-06-22T09:18:09.989+0300] {dag.py:3954} INFO - Setting next_dagrun for example_python_operator to None, run_after=None
[2026-06-22T09:18:10.020+0300] {processor.py:183} INFO - Processing /media/data/omar/programming course/DEPI/DEPI project/anomx/venv/lib/python3.12/site-packages/airflow/example_dags/example_python_operator.py took 0.086 seconds
[2026-06-22T09:19:16.675+0300] {processor.py:161} INFO - Started process (PID=48778) to work on /media/data/omar/programming course/DEPI/DEPI project/anomx/venv/lib/python3.12/site-packages/airflow/example_dags/example_python_operator.py
[2026-06-22T09:19:16.677+0300] {processor.py:830} INFO - Processing file /media/data/omar/programming course/DEPI/DEPI project/anomx/venv/lib/python3.12/site-packages/airflow/example_dags/example_python_operator.py for tasks to queue
[2026-06-22T09:19:16.679+0300] {logging_mixin.py:188} INFO - [2026-06-22T09:19:16.678+0300] {dagbag.py:540} INFO - Filling up the DagBag from /media/data/omar/programming course/DEPI/DEPI project/anomx/venv/lib/python3.12/site-packages/airflow/example_dags/example_python_operator.py
[2026-06-22T09:19:16.707+0300] {processor.py:840} INFO - DAG(s) 'example_python_operator' retrieved from /media/data/omar/programming course/DEPI/DEPI project/anomx/venv/lib/python3.12/site-packages/airflow/example_dags/example_python_operator.py
[2026-06-22T09:19:16.744+0300] {logging_mixin.py:188} INFO - [2026-06-22T09:19:16.743+0300] {dag.py:3096} INFO - Sync 1 DAGs
[2026-06-22T09:19:16.763+0300] {logging_mixin.py:188} INFO - [2026-06-22T09:19:16.763+0300] {dag.py:3954} INFO - Setting next_dagrun for example_python_operator to None, run_after=None
[2026-06-22T09:19:16.817+0300] {processor.py:183} INFO - Processing /media/data/omar/programming course/DEPI/DEPI project/anomx/venv/lib/python3.12/site-packages/airflow/example_dags/example_python_operator.py took 0.155 seconds
[2026-06-22T09:20:23.637+0300] {processor.py:161} INFO - Started process (PID=49020) to work on /media/data/omar/programming course/DEPI/DEPI project/anomx/venv/lib/python3.12/site-packages/airflow/example_dags/example_python_operator.py
[2026-06-22T09:20:23.638+0300] {processor.py:830} INFO - Processing file /media/data/omar/programming course/DEPI/DEPI project/anomx/venv/lib/python3.12/site-packages/airflow/example_dags/example_python_operator.py for tasks to queue
[2026-06-22T09:20:23.639+0300] {logging_mixin.py:188} INFO - [2026-06-22T09:20:23.639+0300] {dagbag.py:540} INFO - Filling up the DagBag from /media/data/omar/programming course/DEPI/DEPI project/anomx/venv/lib/python3.12/site-packages/airflow/example_dags/example_python_operator.py
[2026-06-22T09:20:23.657+0300] {processor.py:840} INFO - DAG(s) 'example_python_operator' retrieved from /media/data/omar/programming course/DEPI/DEPI project/anomx/venv/lib/python3.12/site-packages/airflow/example_dags/example_python_operator.py
[2026-06-22T09:20:23.682+0300] {logging_mixin.py:188} INFO - [2026-06-22T09:20:23.681+0300] {dag.py:3096} INFO - Sync 1 DAGs
[2026-06-22T09:20:23.695+0300] {logging_mixin.py:188} INFO - [2026-06-22T09:20:23.694+0300] {dag.py:3954} INFO - Setting next_dagrun for example_python_operator to None, run_after=None
[2026-06-22T09:20:23.728+0300] {processor.py:183} INFO - Processing /media/data/omar/programming course/DEPI/DEPI project/anomx/venv/lib/python3.12/site-packages/airflow/example_dags/example_python_operator.py took 0.099 seconds
[2026-06-22T09:21:37.480+0300] {processor.py:161} INFO - Started process (PID=49208) to work on /media/data/omar/programming course/DEPI/DEPI project/anomx/venv/lib/python3.12/site-packages/airflow/example_dags/example_python_operator.py
[2026-06-22T09:21:37.481+0300] {processor.py:830} INFO - Processing file /media/data/omar/programming course/DEPI/DEPI project/anomx/venv/lib/python3.12/site-packages/airflow/example_dags/example_python_operator.py for tasks to queue
[2026-06-22T09:21:37.482+0300] {logging_mixin.py:188} INFO - [2026-06-22T09:21:37.482+0300] {dagbag.py:540} INFO - Filling up the DagBag from /media/data/omar/programming course/DEPI/DEPI project/anomx/venv/lib/python3.12/site-packages/airflow/example_dags/example_python_operator.py
[2026-06-22T09:21:37.499+0300] {processor.py:840} INFO - DAG(s) 'example_python_operator' retrieved from /media/data/omar/programming course/DEPI/DEPI project/anomx/venv/lib/python3.12/site-packages/airflow/example_dags/example_python_operator.py
[2026-06-22T09:21:37.518+0300] {logging_mixin.py:188} INFO - [2026-06-22T09:21:37.518+0300] {dag.py:3096} INFO - Sync 1 DAGs
[2026-06-22T09:21:37.531+0300] {logging_mixin.py:188} INFO - [2026-06-22T09:21:37.531+0300] {dag.py:3954} INFO - Setting next_dagrun for example_python_operator to None, run_after=None
[2026-06-22T09:21:37.571+0300] {processor.py:183} INFO - Processing /media/data/omar/programming course/DEPI/DEPI project/anomx/venv/lib/python3.12/site-packages/airflow/example_dags/example_python_operator.py took 0.099 seconds
[2026-06-22T09:22:43.251+0300] {processor.py:161} INFO - Started process (PID=49381) to work on /media/data/omar/programming course/DEPI/DEPI project/anomx/venv/lib/python3.12/site-packages/airflow/example_dags/example_python_operator.py
[2026-06-22T09:22:43.252+0300] {processor.py:830} INFO - Processing file /media/data/omar/programming course/DEPI/DEPI project/anomx/venv/lib/python3.12/site-packages/airflow/example_dags/example_python_operator.py for tasks to queue
[2026-06-22T09:22:43.253+0300] {logging_mixin.py:188} INFO - [2026-06-22T09:22:43.252+0300] {dagbag.py:540} INFO - Filling up the DagBag from /media/data/omar/programming course/DEPI/DEPI project/anomx/venv/lib/python3.12/site-packages/airflow/example_dags/example_python_operator.py
[2026-06-22T09:22:43.268+0300] {processor.py:840} INFO - DAG(s) 'example_python_operator' retrieved from /media/data/omar/programming course/DEPI/DEPI project/anomx/venv/lib/python3.12/site-packages/airflow/example_dags/example_python_operator.py
[2026-06-22T09:22:43.300+0300] {logging_mixin.py:188} INFO - [2026-06-22T09:22:43.299+0300] {dag.py:3096} INFO - Sync 1 DAGs
[2026-06-22T09:22:43.311+0300] {logging_mixin.py:188} INFO - [2026-06-22T09:22:43.311+0300] {dag.py:3954} INFO - Setting next_dagrun for example_python_operator to None, run_after=None
[2026-06-22T09:22:43.350+0300] {processor.py:183} INFO - Processing /media/data/omar/programming course/DEPI/DEPI project/anomx/venv/lib/python3.12/site-packages/airflow/example_dags/example_python_operator.py took 0.105 seconds
[2026-06-22T09:23:51.379+0300] {processor.py:161} INFO - Started process (PID=49528) to work on /media/data/omar/programming course/DEPI/DEPI project/anomx/venv/lib/python3.12/site-packages/airflow/example_dags/example_python_operator.py
[2026-06-22T09:23:51.383+0300] {processor.py:830} INFO - Processing file /media/data/omar/programming course/DEPI/DEPI project/anomx/venv/lib/python3.12/site-packages/airflow/example_dags/example_python_operator.py for tasks to queue
[2026-06-22T09:23:51.388+0300] {logging_mixin.py:188} INFO - [2026-06-22T09:23:51.386+0300] {dagbag.py:540} INFO - Filling up the DagBag from /media/data/omar/programming course/DEPI/DEPI project/anomx/venv/lib/python3.12/site-packages/airflow/example_dags/example_python_operator.py
[2026-06-22T09:23:51.437+0300] {processor.py:840} INFO - DAG(s) 'example_python_operator' retrieved from /media/data/omar/programming course/DEPI/DEPI project/anomx/venv/lib/python3.12/site-packages/airflow/example_dags/example_python_operator.py
[2026-06-22T09:23:51.472+0300] {logging_mixin.py:188} INFO - [2026-06-22T09:23:51.471+0300] {dag.py:3096} INFO - Sync 1 DAGs
[2026-06-22T09:23:51.494+0300] {logging_mixin.py:188} INFO - [2026-06-22T09:23:51.493+0300] {dag.py:3954} INFO - Setting next_dagrun for example_python_operator to None, run_after=None
[2026-06-22T09:23:51.538+0300] {processor.py:183} INFO - Processing /media/data/omar/programming course/DEPI/DEPI project/anomx/venv/lib/python3.12/site-packages/airflow/example_dags/example_python_operator.py took 0.183 seconds
[2026-06-22T09:24:58.686+0300] {processor.py:161} INFO - Started process (PID=49718) to work on /media/data/omar/programming course/DEPI/DEPI project/anomx/venv/lib/python3.12/site-packages/airflow/example_dags/example_python_operator.py
[2026-06-22T09:24:58.687+0300] {processor.py:830} INFO - Processing file /media/data/omar/programming course/DEPI/DEPI project/anomx/venv/lib/python3.12/site-packages/airflow/example_dags/example_python_operator.py for tasks to queue
[2026-06-22T09:24:58.689+0300] {logging_mixin.py:188} INFO - [2026-06-22T09:24:58.688+0300] {dagbag.py:540} INFO - Filling up the DagBag from /media/data/omar/programming course/DEPI/DEPI project/anomx/venv/lib/python3.12/site-packages/airflow/example_dags/example_python_operator.py
[2026-06-22T09:24:58.716+0300] {processor.py:840} INFO - DAG(s) 'example_python_operator' retrieved from /media/data/omar/programming course/DEPI/DEPI project/anomx/venv/lib/python3.12/site-packages/airflow/example_dags/example_python_operator.py
[2026-06-22T09:24:58.740+0300] {logging_mixin.py:188} INFO - [2026-06-22T09:24:58.739+0300] {dag.py:3096} INFO - Sync 1 DAGs
[2026-06-22T09:24:58.756+0300] {logging_mixin.py:188} INFO - [2026-06-22T09:24:58.756+0300] {dag.py:3954} INFO - Setting next_dagrun for example_python_operator to None, run_after=None
[2026-06-22T09:24:58.794+0300] {processor.py:183} INFO - Processing /media/data/omar/programming course/DEPI/DEPI project/anomx/venv/lib/python3.12/site-packages/airflow/example_dags/example_python_operator.py took 0.121 seconds
[2026-06-22T09:26:11.011+0300] {processor.py:161} INFO - Started process (PID=49925) to work on /media/data/omar/programming course/DEPI/DEPI project/anomx/venv/lib/python3.12/site-packages/airflow/example_dags/example_python_operator.py
[2026-06-22T09:26:11.012+0300] {processor.py:830} INFO - Processing file /media/data/omar/programming course/DEPI/DEPI project/anomx/venv/lib/python3.12/site-packages/airflow/example_dags/example_python_operator.py for tasks to queue
[2026-06-22T09:26:11.018+0300] {logging_mixin.py:188} INFO - [2026-06-22T09:26:11.015+0300] {dagbag.py:540} INFO - Filling up the DagBag from /media/data/omar/programming course/DEPI/DEPI project/anomx/venv/lib/python3.12/site-packages/airflow/example_dags/example_python_operator.py
[2026-06-22T09:26:11.036+0300] {processor.py:840} INFO - DAG(s) 'example_python_operator' retrieved from /media/data/omar/programming course/DEPI/DEPI project/anomx/venv/lib/python3.12/site-packages/airflow/example_dags/example_python_operator.py
[2026-06-22T09:26:11.068+0300] {logging_mixin.py:188} INFO - [2026-06-22T09:26:11.067+0300] {dag.py:3096} INFO - Sync 1 DAGs
[2026-06-22T09:26:11.083+0300] {logging_mixin.py:188} INFO - [2026-06-22T09:26:11.083+0300] {dag.py:3954} INFO - Setting next_dagrun for example_python_operator to None, run_after=None
[2026-06-22T09:26:11.122+0300] {processor.py:183} INFO - Processing /media/data/omar/programming course/DEPI/DEPI project/anomx/venv/lib/python3.12/site-packages/airflow/example_dags/example_python_operator.py took 0.128 seconds
[2026-06-22T09:27:19.024+0300] {processor.py:161} INFO - Started process (PID=50102) to work on /media/data/omar/programming course/DEPI/DEPI project/anomx/venv/lib/python3.12/site-packages/airflow/example_dags/example_python_operator.py
[2026-06-22T09:27:19.026+0300] {processor.py:830} INFO - Processing file /media/data/omar/programming course/DEPI/DEPI project/anomx/venv/lib/python3.12/site-packages/airflow/example_dags/example_python_operator.py for tasks to queue
[2026-06-22T09:27:19.027+0300] {logging_mixin.py:188} INFO - [2026-06-22T09:27:19.027+0300] {dagbag.py:540} INFO - Filling up the DagBag from /media/data/omar/programming course/DEPI/DEPI project/anomx/venv/lib/python3.12/site-packages/airflow/example_dags/example_python_operator.py
[2026-06-22T09:27:19.051+0300] {processor.py:840} INFO - DAG(s) 'example_python_operator' retrieved from /media/data/omar/programming course/DEPI/DEPI project/anomx/venv/lib/python3.12/site-packages/airflow/example_dags/example_python_operator.py
[2026-06-22T09:27:19.087+0300] {logging_mixin.py:188} INFO - [2026-06-22T09:27:19.085+0300] {dag.py:3096} INFO - Sync 1 DAGs
[2026-06-22T09:27:19.102+0300] {logging_mixin.py:188} INFO - [2026-06-22T09:27:19.102+0300] {dag.py:3954} INFO - Setting next_dagrun for example_python_operator to None, run_after=None
[2026-06-22T09:27:19.140+0300] {processor.py:183} INFO - Processing /media/data/omar/programming course/DEPI/DEPI project/anomx/venv/lib/python3.12/site-packages/airflow/example_dags/example_python_operator.py took 0.131 seconds
[2026-06-22T09:28:30.331+0300] {processor.py:161} INFO - Started process (PID=50285) to work on /media/data/omar/programming course/DEPI/DEPI project/anomx/venv/lib/python3.12/site-packages/airflow/example_dags/example_python_operator.py
[2026-06-22T09:28:30.334+0300] {processor.py:830} INFO - Processing file /media/data/omar/programming course/DEPI/DEPI project/anomx/venv/lib/python3.12/site-packages/airflow/example_dags/example_python_operator.py for tasks to queue
[2026-06-22T09:28:30.344+0300] {logging_mixin.py:188} INFO - [2026-06-22T09:28:30.337+0300] {dagbag.py:540} INFO - Filling up the DagBag from /media/data/omar/programming course/DEPI/DEPI project/anomx/venv/lib/python3.12/site-packages/airflow/example_dags/example_python_operator.py
[2026-06-22T09:28:30.398+0300] {processor.py:840} INFO - DAG(s) 'example_python_operator' retrieved from /media/data/omar/programming course/DEPI/DEPI project/anomx/venv/lib/python3.12/site-packages/airflow/example_dags/example_python_operator.py
[2026-06-22T09:28:30.480+0300] {logging_mixin.py:188} INFO - [2026-06-22T09:28:30.478+0300] {dag.py:3096} INFO - Sync 1 DAGs
[2026-06-22T09:28:30.508+0300] {logging_mixin.py:188} INFO - [2026-06-22T09:28:30.507+0300] {dag.py:3954} INFO - Setting next_dagrun for example_python_operator to None, run_after=None
[2026-06-22T09:28:30.564+0300] {processor.py:183} INFO - Processing /media/data/omar/programming course/DEPI/DEPI project/anomx/venv/lib/python3.12/site-packages/airflow/example_dags/example_python_operator.py took 0.257 seconds
[2026-06-22T09:29:40.928+0300] {processor.py:161} INFO - Started process (PID=50437) to work on /media/data/omar/programming course/DEPI/DEPI project/anomx/venv/lib/python3.12/site-packages/airflow/example_dags/example_python_operator.py
[2026-06-22T09:29:40.929+0300] {processor.py:830} INFO - Processing file /media/data/omar/programming course/DEPI/DEPI project/anomx/venv/lib/python3.12/site-packages/airflow/example_dags/example_python_operator.py for tasks to queue
[2026-06-22T09:29:40.932+0300] {logging_mixin.py:188} INFO - [2026-06-22T09:29:40.931+0300] {dagbag.py:540} INFO - Filling up the DagBag from /media/data/omar/programming course/DEPI/DEPI project/anomx/venv/lib/python3.12/site-packages/airflow/example_dags/example_python_operator.py
[2026-06-22T09:29:40.963+0300] {processor.py:840} INFO - DAG(s) 'example_python_operator' retrieved from /media/data/omar/programming course/DEPI/DEPI project/anomx/venv/lib/python3.12/site-packages/airflow/example_dags/example_python_operator.py
[2026-06-22T09:29:41.012+0300] {logging_mixin.py:188} INFO - [2026-06-22T09:29:41.012+0300] {dag.py:3096} INFO - Sync 1 DAGs
[2026-06-22T09:29:41.037+0300] {logging_mixin.py:188} INFO - [2026-06-22T09:29:41.036+0300] {dag.py:3954} INFO - Setting next_dagrun for example_python_operator to None, run_after=None
[2026-06-22T09:29:41.107+0300] {processor.py:183} INFO - Processing /media/data/omar/programming course/DEPI/DEPI project/anomx/venv/lib/python3.12/site-packages/airflow/example_dags/example_python_operator.py took 0.205 seconds
[2026-06-22T09:30:53.305+0300] {processor.py:161} INFO - Started process (PID=50614) to work on /media/data/omar/programming course/DEPI/DEPI project/anomx/venv/lib/python3.12/site-packages/airflow/example_dags/example_python_operator.py
[2026-06-22T09:30:53.307+0300] {processor.py:830} INFO - Processing file /media/data/omar/programming course/DEPI/DEPI project/anomx/venv/lib/python3.12/site-packages/airflow/example_dags/example_python_operator.py for tasks to queue
[2026-06-22T09:30:53.310+0300] {logging_mixin.py:188} INFO - [2026-06-22T09:30:53.309+0300] {dagbag.py:540} INFO - Filling up the DagBag from /media/data/omar/programming course/DEPI/DEPI project/anomx/venv/lib/python3.12/site-packages/airflow/example_dags/example_python_operator.py
[2026-06-22T09:30:53.341+0300] {processor.py:840} INFO - DAG(s) 'example_python_operator' retrieved from /media/data/omar/programming course/DEPI/DEPI project/anomx/venv/lib/python3.12/site-packages/airflow/example_dags/example_python_operator.py
[2026-06-22T09:30:53.439+0300] {logging_mixin.py:188} INFO - [2026-06-22T09:30:53.438+0300] {dag.py:3096} INFO - Sync 1 DAGs
[2026-06-22T09:30:53.498+0300] {logging_mixin.py:188} INFO - [2026-06-22T09:30:53.495+0300] {dag.py:3954} INFO - Setting next_dagrun for example_python_operator to None, run_after=None
[2026-06-22T09:30:53.603+0300] {processor.py:183} INFO - Processing /media/data/omar/programming course/DEPI/DEPI project/anomx/venv/lib/python3.12/site-packages/airflow/example_dags/example_python_operator.py took 0.317 seconds
[2026-06-22T09:31:58.063+0300] {processor.py:161} INFO - Started process (PID=50751) to work on /media/data/omar/programming course/DEPI/DEPI project/anomx/venv/lib/python3.12/site-packages/airflow/example_dags/example_python_operator.py
[2026-06-22T09:31:58.065+0300] {processor.py:830} INFO - Processing file /media/data/omar/programming course/DEPI/DEPI project/anomx/venv/lib/python3.12/site-packages/airflow/example_dags/example_python_operator.py for tasks to queue
[2026-06-22T09:31:58.068+0300] {logging_mixin.py:188} INFO - [2026-06-22T09:31:58.067+0300] {dagbag.py:540} INFO - Filling up the DagBag from /media/data/omar/programming course/DEPI/DEPI project/anomx/venv/lib/python3.12/site-packages/airflow/example_dags/example_python_operator.py
[2026-06-22T09:31:58.085+0300] {processor.py:840} INFO - DAG(s) 'example_python_operator' retrieved from /media/data/omar/programming course/DEPI/DEPI project/anomx/venv/lib/python3.12/site-packages/airflow/example_dags/example_python_operator.py
[2026-06-22T09:31:58.102+0300] {logging_mixin.py:188} INFO - [2026-06-22T09:31:58.101+0300] {dag.py:3096} INFO - Sync 1 DAGs
[2026-06-22T09:31:58.111+0300] {logging_mixin.py:188} INFO - [2026-06-22T09:31:58.110+0300] {dag.py:3954} INFO - Setting next_dagrun for example_python_operator to None, run_after=None
[2026-06-22T09:31:58.140+0300] {processor.py:183} INFO - Processing /media/data/omar/programming course/DEPI/DEPI project/anomx/venv/lib/python3.12/site-packages/airflow/example_dags/example_python_operator.py took 0.090 seconds
[2026-06-22T09:32:50.180+0300] {processor.py:161} INFO - Started process (PID=50841) to work on /media/data/omar/programming course/DEPI/DEPI project/anomx/venv/lib/python3.12/site-packages/airflow/example_dags/example_python_operator.py
[2026-06-22T09:32:50.182+0300] {processor.py:830} INFO - Processing file /media/data/omar/programming course/DEPI/DEPI project/anomx/venv/lib/python3.12/site-packages/airflow/example_dags/example_python_operator.py for tasks to queue
[2026-06-22T09:32:50.185+0300] {logging_mixin.py:188} INFO - [2026-06-22T09:32:50.184+0300] {dagbag.py:540} INFO - Filling up the DagBag from /media/data/omar/programming course/DEPI/DEPI project/anomx/venv/lib/python3.12/site-packages/airflow/example_dags/example_python_operator.py
[2026-06-22T09:32:50.203+0300] {processor.py:840} INFO - DAG(s) 'example_python_operator' retrieved from /media/data/omar/programming course/DEPI/DEPI project/anomx/venv/lib/python3.12/site-packages/airflow/example_dags/example_python_operator.py
[2026-06-22T09:32:50.221+0300] {logging_mixin.py:188} INFO - [2026-06-22T09:32:50.221+0300] {dag.py:3096} INFO - Sync 1 DAGs
[2026-06-22T09:32:50.231+0300] {logging_mixin.py:188} INFO - [2026-06-22T09:32:50.230+0300] {dag.py:3954} INFO - Setting next_dagrun for example_python_operator to None, run_after=None
[2026-06-22T09:32:50.258+0300] {processor.py:183} INFO - Processing /media/data/omar/programming course/DEPI/DEPI project/anomx/venv/lib/python3.12/site-packages/airflow/example_dags/example_python_operator.py took 0.091 seconds
[2026-06-22T09:33:45.559+0300] {processor.py:161} INFO - Started process (PID=50920) to work on /media/data/omar/programming course/DEPI/DEPI project/anomx/venv/lib/python3.12/site-packages/airflow/example_dags/example_python_operator.py
[2026-06-22T09:33:45.561+0300] {processor.py:830} INFO - Processing file /media/data/omar/programming course/DEPI/DEPI project/anomx/venv/lib/python3.12/site-packages/airflow/example_dags/example_python_operator.py for tasks to queue
[2026-06-22T09:33:45.563+0300] {logging_mixin.py:188} INFO - [2026-06-22T09:33:45.562+0300] {dagbag.py:540} INFO - Filling up the DagBag from /media/data/omar/programming course/DEPI/DEPI project/anomx/venv/lib/python3.12/site-packages/airflow/example_dags/example_python_operator.py
[2026-06-22T09:33:45.580+0300] {processor.py:840} INFO - DAG(s) 'example_python_operator' retrieved from /media/data/omar/programming course/DEPI/DEPI project/anomx/venv/lib/python3.12/site-packages/airflow/example_dags/example_python_operator.py
[2026-06-22T09:33:45.598+0300] {logging_mixin.py:188} INFO - [2026-06-22T09:33:45.598+0300] {dag.py:3096} INFO - Sync 1 DAGs
[2026-06-22T09:33:45.607+0300] {logging_mixin.py:188} INFO - [2026-06-22T09:33:45.607+0300] {dag.py:3954} INFO - Setting next_dagrun for example_python_operator to None, run_after=None
[2026-06-22T09:33:45.638+0300] {processor.py:183} INFO - Processing /media/data/omar/programming course/DEPI/DEPI project/anomx/venv/lib/python3.12/site-packages/airflow/example_dags/example_python_operator.py took 0.089 seconds
[2026-06-22T09:34:35.717+0300] {processor.py:161} INFO - Started process (PID=51016) to work on /media/data/omar/programming course/DEPI/DEPI project/anomx/venv/lib/python3.12/site-packages/airflow/example_dags/example_python_operator.py
[2026-06-22T09:34:35.718+0300] {processor.py:830} INFO - Processing file /media/data/omar/programming course/DEPI/DEPI project/anomx/venv/lib/python3.12/site-packages/airflow/example_dags/example_python_operator.py for tasks to queue
[2026-06-22T09:34:35.719+0300] {logging_mixin.py:188} INFO - [2026-06-22T09:34:35.719+0300] {dagbag.py:540} INFO - Filling up the DagBag from /media/data/omar/programming course/DEPI/DEPI project/anomx/venv/lib/python3.12/site-packages/airflow/example_dags/example_python_operator.py
[2026-06-22T09:34:35.731+0300] {processor.py:840} INFO - DAG(s) 'example_python_operator' retrieved from /media/data/omar/programming course/DEPI/DEPI project/anomx/venv/lib/python3.12/site-packages/airflow/example_dags/example_python_operator.py
[2026-06-22T09:34:35.750+0300] {logging_mixin.py:188} INFO - [2026-06-22T09:34:35.749+0300] {dag.py:3096} INFO - Sync 1 DAGs
[2026-06-22T09:34:35.758+0300] {logging_mixin.py:188} INFO - [2026-06-22T09:34:35.758+0300] {dag.py:3954} INFO - Setting next_dagrun for example_python_operator to None, run_after=None
[2026-06-22T09:34:35.785+0300] {processor.py:183} INFO - Processing /media/data/omar/programming course/DEPI/DEPI project/anomx/venv/lib/python3.12/site-packages/airflow/example_dags/example_python_operator.py took 0.074 seconds
[2026-06-22T09:35:26.946+0300] {processor.py:161} INFO - Started process (PID=51103) to work on /media/data/omar/programming course/DEPI/DEPI project/anomx/venv/lib/python3.12/site-packages/airflow/example_dags/example_python_operator.py
[2026-06-22T09:35:26.948+0300] {processor.py:830} INFO - Processing file /media/data/omar/programming course/DEPI/DEPI project/anomx/venv/lib/python3.12/site-packages/airflow/example_dags/example_python_operator.py for tasks to queue
[2026-06-22T09:35:26.950+0300] {logging_mixin.py:188} INFO - [2026-06-22T09:35:26.949+0300] {dagbag.py:540} INFO - Filling up the DagBag from /media/data/omar/programming course/DEPI/DEPI project/anomx/venv/lib/python3.12/site-packages/airflow/example_dags/example_python_operator.py
[2026-06-22T09:35:26.965+0300] {processor.py:840} INFO - DAG(s) 'example_python_operator' retrieved from /media/data/omar/programming course/DEPI/DEPI project/anomx/venv/lib/python3.12/site-packages/airflow/example_dags/example_python_operator.py
[2026-06-22T09:35:26.981+0300] {logging_mixin.py:188} INFO - [2026-06-22T09:35:26.981+0300] {dag.py:3096} INFO - Sync 1 DAGs
[2026-06-22T09:35:26.990+0300] {logging_mixin.py:188} INFO - [2026-06-22T09:35:26.990+0300] {dag.py:3954} INFO - Setting next_dagrun for example_python_operator to None, run_after=None
[2026-06-22T09:35:27.017+0300] {processor.py:183} INFO - Processing /media/data/omar/programming course/DEPI/DEPI project/anomx/venv/lib/python3.12/site-packages/airflow/example_dags/example_python_operator.py took 0.088 seconds
[2026-06-22T09:36:21.831+0300] {processor.py:161} INFO - Started process (PID=51182) to work on /media/data/omar/programming course/DEPI/DEPI project/anomx/venv/lib/python3.12/site-packages/airflow/example_dags/example_python_operator.py
[2026-06-22T09:36:21.832+0300] {processor.py:830} INFO - Processing file /media/data/omar/programming course/DEPI/DEPI project/anomx/venv/lib/python3.12/site-packages/airflow/example_dags/example_python_operator.py for tasks to queue
[2026-06-22T09:36:21.834+0300] {logging_mixin.py:188} INFO - [2026-06-22T09:36:21.833+0300] {dagbag.py:540} INFO - Filling up the DagBag from /media/data/omar/programming course/DEPI/DEPI project/anomx/venv/lib/python3.12/site-packages/airflow/example_dags/example_python_operator.py
[2026-06-22T09:36:21.849+0300] {processor.py:840} INFO - DAG(s) 'example_python_operator' retrieved from /media/data/omar/programming course/DEPI/DEPI project/anomx/venv/lib/python3.12/site-packages/airflow/example_dags/example_python_operator.py
[2026-06-22T09:36:21.865+0300] {logging_mixin.py:188} INFO - [2026-06-22T09:36:21.864+0300] {dag.py:3096} INFO - Sync 1 DAGs
[2026-06-22T09:36:21.874+0300] {logging_mixin.py:188} INFO - [2026-06-22T09:36:21.873+0300] {dag.py:3954} INFO - Setting next_dagrun for example_python_operator to None, run_after=None
[2026-06-22T09:36:21.900+0300] {processor.py:183} INFO - Processing /media/data/omar/programming course/DEPI/DEPI project/anomx/venv/lib/python3.12/site-packages/airflow/example_dags/example_python_operator.py took 0.086 seconds
[2026-06-22T09:37:14.836+0300] {processor.py:161} INFO - Started process (PID=51284) to work on /media/data/omar/programming course/DEPI/DEPI project/anomx/venv/lib/python3.12/site-packages/airflow/example_dags/example_python_operator.py
[2026-06-22T09:37:14.837+0300] {processor.py:830} INFO - Processing file /media/data/omar/programming course/DEPI/DEPI project/anomx/venv/lib/python3.12/site-packages/airflow/example_dags/example_python_operator.py for tasks to queue
[2026-06-22T09:37:14.838+0300] {logging_mixin.py:188} INFO - [2026-06-22T09:37:14.837+0300] {dagbag.py:540} INFO - Filling up the DagBag from /media/data/omar/programming course/DEPI/DEPI project/anomx/venv/lib/python3.12/site-packages/airflow/example_dags/example_python_operator.py
[2026-06-22T09:37:14.851+0300] {processor.py:840} INFO - DAG(s) 'example_python_operator' retrieved from /media/data/omar/programming course/DEPI/DEPI project/anomx/venv/lib/python3.12/site-packages/airflow/example_dags/example_python_operator.py
[2026-06-22T09:37:14.869+0300] {logging_mixin.py:188} INFO - [2026-06-22T09:37:14.869+0300] {dag.py:3096} INFO - Sync 1 DAGs
[2026-06-22T09:37:14.878+0300] {logging_mixin.py:188} INFO - [2026-06-22T09:37:14.878+0300] {dag.py:3954} INFO - Setting next_dagrun for example_python_operator to None, run_after=None
[2026-06-22T09:37:14.906+0300] {processor.py:183} INFO - Processing /media/data/omar/programming course/DEPI/DEPI project/anomx/venv/lib/python3.12/site-packages/airflow/example_dags/example_python_operator.py took 0.077 seconds
[2026-06-22T09:38:05.218+0300] {processor.py:161} INFO - Started process (PID=51349) to work on /media/data/omar/programming course/DEPI/DEPI project/anomx/venv/lib/python3.12/site-packages/airflow/example_dags/example_python_operator.py
[2026-06-22T09:38:05.220+0300] {processor.py:830} INFO - Processing file /media/data/omar/programming course/DEPI/DEPI project/anomx/venv/lib/python3.12/site-packages/airflow/example_dags/example_python_operator.py for tasks to queue
[2026-06-22T09:38:05.223+0300] {logging_mixin.py:188} INFO - [2026-06-22T09:38:05.221+0300] {dagbag.py:540} INFO - Filling up the DagBag from /media/data/omar/programming course/DEPI/DEPI project/anomx/venv/lib/python3.12/site-packages/airflow/example_dags/example_python_operator.py
[2026-06-22T09:38:05.238+0300] {processor.py:840} INFO - DAG(s) 'example_python_operator' retrieved from /media/data/omar/programming course/DEPI/DEPI project/anomx/venv/lib/python3.12/site-packages/airflow/example_dags/example_python_operator.py
[2026-06-22T09:38:05.254+0300] {logging_mixin.py:188} INFO - [2026-06-22T09:38:05.254+0300] {dag.py:3096} INFO - Sync 1 DAGs
[2026-06-22T09:38:05.263+0300] {logging_mixin.py:188} INFO - [2026-06-22T09:38:05.262+0300] {dag.py:3954} INFO - Setting next_dagrun for example_python_operator to None, run_after=None
[2026-06-22T09:38:05.287+0300] {processor.py:183} INFO - Processing /media/data/omar/programming course/DEPI/DEPI project/anomx/venv/lib/python3.12/site-packages/airflow/example_dags/example_python_operator.py took 0.088 seconds
[2026-06-22T09:39:01.441+0300] {processor.py:161} INFO - Started process (PID=51432) to work on /media/data/omar/programming course/DEPI/DEPI project/anomx/venv/lib/python3.12/site-packages/airflow/example_dags/example_python_operator.py
[2026-06-22T09:39:01.443+0300] {processor.py:830} INFO - Processing file /media/data/omar/programming course/DEPI/DEPI project/anomx/venv/lib/python3.12/site-packages/airflow/example_dags/example_python_operator.py for tasks to queue
[2026-06-22T09:39:01.445+0300] {logging_mixin.py:188} INFO - [2026-06-22T09:39:01.444+0300] {dagbag.py:540} INFO - Filling up the DagBag from /media/data/omar/programming course/DEPI/DEPI project/anomx/venv/lib/python3.12/site-packages/airflow/example_dags/example_python_operator.py
[2026-06-22T09:39:01.462+0300] {processor.py:840} INFO - DAG(s) 'example_python_operator' retrieved from /media/data/omar/programming course/DEPI/DEPI project/anomx/venv/lib/python3.12/site-packages/airflow/example_dags/example_python_operator.py
[2026-06-22T09:39:01.478+0300] {logging_mixin.py:188} INFO - [2026-06-22T09:39:01.478+0300] {dag.py:3096} INFO - Sync 1 DAGs
[2026-06-22T09:39:01.486+0300] {logging_mixin.py:188} INFO - [2026-06-22T09:39:01.486+0300] {dag.py:3954} INFO - Setting next_dagrun for example_python_operator to None, run_after=None
[2026-06-22T09:39:01.512+0300] {processor.py:183} INFO - Processing /media/data/omar/programming course/DEPI/DEPI project/anomx/venv/lib/python3.12/site-packages/airflow/example_dags/example_python_operator.py took 0.089 seconds
[2026-06-22T09:39:57.637+0300] {processor.py:161} INFO - Started process (PID=51521) to work on /media/data/omar/programming course/DEPI/DEPI project/anomx/venv/lib/python3.12/site-packages/airflow/example_dags/example_python_operator.py
[2026-06-22T09:39:57.639+0300] {processor.py:830} INFO - Processing file /media/data/omar/programming course/DEPI/DEPI project/anomx/venv/lib/python3.12/site-packages/airflow/example_dags/example_python_operator.py for tasks to queue
[2026-06-22T09:39:57.640+0300] {logging_mixin.py:188} INFO - [2026-06-22T09:39:57.639+0300] {dagbag.py:540} INFO - Filling up the DagBag from /media/data/omar/programming course/DEPI/DEPI project/anomx/venv/lib/python3.12/site-packages/airflow/example_dags/example_python_operator.py
[2026-06-22T09:39:57.656+0300] {processor.py:840} INFO - DAG(s) 'example_python_operator' retrieved from /media/data/omar/programming course/DEPI/DEPI project/anomx/venv/lib/python3.12/site-packages/airflow/example_dags/example_python_operator.py
[2026-06-22T09:39:57.673+0300] {logging_mixin.py:188} INFO - [2026-06-22T09:39:57.673+0300] {dag.py:3096} INFO - Sync 1 DAGs
[2026-06-22T09:39:57.682+0300] {logging_mixin.py:188} INFO - [2026-06-22T09:39:57.682+0300] {dag.py:3954} INFO - Setting next_dagrun for example_python_operator to None, run_after=None
[2026-06-22T09:39:57.708+0300] {processor.py:183} INFO - Processing /media/data/omar/programming course/DEPI/DEPI project/anomx/venv/lib/python3.12/site-packages/airflow/example_dags/example_python_operator.py took 0.079 seconds
[2026-06-22T09:40:51.735+0300] {processor.py:161} INFO - Started process (PID=51604) to work on /media/data/omar/programming course/DEPI/DEPI project/anomx/venv/lib/python3.12/site-packages/airflow/example_dags/example_python_operator.py
[2026-06-22T09:40:51.736+0300] {processor.py:830} INFO - Processing file /media/data/omar/programming course/DEPI/DEPI project/anomx/venv/lib/python3.12/site-packages/airflow/example_dags/example_python_operator.py for tasks to queue
[2026-06-22T09:40:51.738+0300] {logging_mixin.py:188} INFO - [2026-06-22T09:40:51.737+0300] {dagbag.py:540} INFO - Filling up the DagBag from /media/data/omar/programming course/DEPI/DEPI project/anomx/venv/lib/python3.12/site-packages/airflow/example_dags/example_python_operator.py
[2026-06-22T09:40:51.753+0300] {processor.py:840} INFO - DAG(s) 'example_python_operator' retrieved from /media/data/omar/programming course/DEPI/DEPI project/anomx/venv/lib/python3.12/site-packages/airflow/example_dags/example_python_operator.py
[2026-06-22T09:40:51.770+0300] {logging_mixin.py:188} INFO - [2026-06-22T09:40:51.770+0300] {dag.py:3096} INFO - Sync 1 DAGs
[2026-06-22T09:40:51.778+0300] {logging_mixin.py:188} INFO - [2026-06-22T09:40:51.778+0300] {dag.py:3954} INFO - Setting next_dagrun for example_python_operator to None, run_after=None
[2026-06-22T09:40:51.803+0300] {processor.py:183} INFO - Processing /media/data/omar/programming course/DEPI/DEPI project/anomx/venv/lib/python3.12/site-packages/airflow/example_dags/example_python_operator.py took 0.076 seconds
[2026-06-22T09:41:45.015+0300] {processor.py:161} INFO - Started process (PID=51691) to work on /media/data/omar/programming course/DEPI/DEPI project/anomx/venv/lib/python3.12/site-packages/airflow/example_dags/example_python_operator.py
[2026-06-22T09:41:45.016+0300] {processor.py:830} INFO - Processing file /media/data/omar/programming course/DEPI/DEPI project/anomx/venv/lib/python3.12/site-packages/airflow/example_dags/example_python_operator.py for tasks to queue
[2026-06-22T09:41:45.018+0300] {logging_mixin.py:188} INFO - [2026-06-22T09:41:45.017+0300] {dagbag.py:540} INFO - Filling up the DagBag from /media/data/omar/programming course/DEPI/DEPI project/anomx/venv/lib/python3.12/site-packages/airflow/example_dags/example_python_operator.py
[2026-06-22T09:41:45.033+0300] {processor.py:840} INFO - DAG(s) 'example_python_operator' retrieved from /media/data/omar/programming course/DEPI/DEPI project/anomx/venv/lib/python3.12/site-packages/airflow/example_dags/example_python_operator.py
[2026-06-22T09:41:45.051+0300] {logging_mixin.py:188} INFO - [2026-06-22T09:41:45.050+0300] {dag.py:3096} INFO - Sync 1 DAGs
[2026-06-22T09:41:45.059+0300] {logging_mixin.py:188} INFO - [2026-06-22T09:41:45.059+0300] {dag.py:3954} INFO - Setting next_dagrun for example_python_operator to None, run_after=None
[2026-06-22T09:41:45.085+0300] {processor.py:183} INFO - Processing /media/data/omar/programming course/DEPI/DEPI project/anomx/venv/lib/python3.12/site-packages/airflow/example_dags/example_python_operator.py took 0.078 seconds
[2026-06-22T09:42:36.425+0300] {processor.py:161} INFO - Started process (PID=51864) to work on /media/data/omar/programming course/DEPI/DEPI project/anomx/venv/lib/python3.12/site-packages/airflow/example_dags/example_python_operator.py
[2026-06-22T09:42:36.427+0300] {processor.py:830} INFO - Processing file /media/data/omar/programming course/DEPI/DEPI project/anomx/venv/lib/python3.12/site-packages/airflow/example_dags/example_python_operator.py for tasks to queue
[2026-06-22T09:42:36.429+0300] {logging_mixin.py:188} INFO - [2026-06-22T09:42:36.428+0300] {dagbag.py:540} INFO - Filling up the DagBag from /media/data/omar/programming course/DEPI/DEPI project/anomx/venv/lib/python3.12/site-packages/airflow/example_dags/example_python_operator.py
[2026-06-22T09:42:36.451+0300] {processor.py:840} INFO - DAG(s) 'example_python_operator' retrieved from /media/data/omar/programming course/DEPI/DEPI project/anomx/venv/lib/python3.12/site-packages/airflow/example_dags/example_python_operator.py
[2026-06-22T09:42:36.469+0300] {logging_mixin.py:188} INFO - [2026-06-22T09:42:36.469+0300] {dag.py:3096} INFO - Sync 1 DAGs
[2026-06-22T09:42:36.478+0300] {logging_mixin.py:188} INFO - [2026-06-22T09:42:36.478+0300] {dag.py:3954} INFO - Setting next_dagrun for example_python_operator to None, run_after=None
[2026-06-22T09:42:36.506+0300] {processor.py:183} INFO - Processing /media/data/omar/programming course/DEPI/DEPI project/anomx/venv/lib/python3.12/site-packages/airflow/example_dags/example_python_operator.py took 0.094 seconds
[2026-06-22T09:43:28.894+0300] {processor.py:161} INFO - Started process (PID=51942) to work on /media/data/omar/programming course/DEPI/DEPI project/anomx/venv/lib/python3.12/site-packages/airflow/example_dags/example_python_operator.py
[2026-06-22T09:43:28.896+0300] {processor.py:830} INFO - Processing file /media/data/omar/programming course/DEPI/DEPI project/anomx/venv/lib/python3.12/site-packages/airflow/example_dags/example_python_operator.py for tasks to queue
[2026-06-22T09:43:28.898+0300] {logging_mixin.py:188} INFO - [2026-06-22T09:43:28.897+0300] {dagbag.py:540} INFO - Filling up the DagBag from /media/data/omar/programming course/DEPI/DEPI project/anomx/venv/lib/python3.12/site-packages/airflow/example_dags/example_python_operator.py
[2026-06-22T09:43:28.918+0300] {processor.py:840} INFO - DAG(s) 'example_python_operator' retrieved from /media/data/omar/programming course/DEPI/DEPI project/anomx/venv/lib/python3.12/site-packages/airflow/example_dags/example_python_operator.py
[2026-06-22T09:43:28.939+0300] {logging_mixin.py:188} INFO - [2026-06-22T09:43:28.939+0300] {dag.py:3096} INFO - Sync 1 DAGs
[2026-06-22T09:43:28.948+0300] {logging_mixin.py:188} INFO - [2026-06-22T09:43:28.948+0300] {dag.py:3954} INFO - Setting next_dagrun for example_python_operator to None, run_after=None
[2026-06-22T09:43:28.973+0300] {processor.py:183} INFO - Processing /media/data/omar/programming course/DEPI/DEPI project/anomx/venv/lib/python3.12/site-packages/airflow/example_dags/example_python_operator.py took 0.089 seconds
[2026-06-22T09:44:17.932+0300] {processor.py:161} INFO - Started process (PID=52030) to work on /media/data/omar/programming course/DEPI/DEPI project/anomx/venv/lib/python3.12/site-packages/airflow/example_dags/example_python_operator.py
[2026-06-22T09:44:17.933+0300] {processor.py:830} INFO - Processing file /media/data/omar/programming course/DEPI/DEPI project/anomx/venv/lib/python3.12/site-packages/airflow/example_dags/example_python_operator.py for tasks to queue
[2026-06-22T09:44:17.934+0300] {logging_mixin.py:188} INFO - [2026-06-22T09:44:17.934+0300] {dagbag.py:540} INFO - Filling up the DagBag from /media/data/omar/programming course/DEPI/DEPI project/anomx/venv/lib/python3.12/site-packages/airflow/example_dags/example_python_operator.py
[2026-06-22T09:44:17.947+0300] {processor.py:840} INFO - DAG(s) 'example_python_operator' retrieved from /media/data/omar/programming course/DEPI/DEPI project/anomx/venv/lib/python3.12/site-packages/airflow/example_dags/example_python_operator.py
[2026-06-22T09:44:17.965+0300] {logging_mixin.py:188} INFO - [2026-06-22T09:44:17.965+0300] {dag.py:3096} INFO - Sync 1 DAGs
[2026-06-22T09:44:17.974+0300] {logging_mixin.py:188} INFO - [2026-06-22T09:44:17.973+0300] {dag.py:3954} INFO - Setting next_dagrun for example_python_operator to None, run_after=None
[2026-06-22T09:44:18.000+0300] {processor.py:183} INFO - Processing /media/data/omar/programming course/DEPI/DEPI project/anomx/venv/lib/python3.12/site-packages/airflow/example_dags/example_python_operator.py took 0.075 seconds
[2026-06-22T09:45:07.168+0300] {processor.py:161} INFO - Started process (PID=52097) to work on /media/data/omar/programming course/DEPI/DEPI project/anomx/venv/lib/python3.12/site-packages/airflow/example_dags/example_python_operator.py
[2026-06-22T09:45:07.170+0300] {processor.py:830} INFO - Processing file /media/data/omar/programming course/DEPI/DEPI project/anomx/venv/lib/python3.12/site-packages/airflow/example_dags/example_python_operator.py for tasks to queue
[2026-06-22T09:45:07.172+0300] {logging_mixin.py:188} INFO - [2026-06-22T09:45:07.171+0300] {dagbag.py:540} INFO - Filling up the DagBag from /media/data/omar/programming course/DEPI/DEPI project/anomx/venv/lib/python3.12/site-packages/airflow/example_dags/example_python_operator.py
[2026-06-22T09:45:07.189+0300] {processor.py:840} INFO - DAG(s) 'example_python_operator' retrieved from /media/data/omar/programming course/DEPI/DEPI project/anomx/venv/lib/python3.12/site-packages/airflow/example_dags/example_python_operator.py
[2026-06-22T09:45:07.212+0300] {logging_mixin.py:188} INFO - [2026-06-22T09:45:07.212+0300] {dag.py:3096} INFO - Sync 1 DAGs
[2026-06-22T09:45:07.222+0300] {logging_mixin.py:188} INFO - [2026-06-22T09:45:07.221+0300] {dag.py:3954} INFO - Setting next_dagrun for example_python_operator to None, run_after=None
[2026-06-22T09:45:07.247+0300] {processor.py:183} INFO - Processing /media/data/omar/programming course/DEPI/DEPI project/anomx/venv/lib/python3.12/site-packages/airflow/example_dags/example_python_operator.py took 0.096 seconds
[2026-06-22T09:46:04.972+0300] {processor.py:161} INFO - Started process (PID=52187) to work on /media/data/omar/programming course/DEPI/DEPI project/anomx/venv/lib/python3.12/site-packages/airflow/example_dags/example_python_operator.py
[2026-06-22T09:46:04.973+0300] {processor.py:830} INFO - Processing file /media/data/omar/programming course/DEPI/DEPI project/anomx/venv/lib/python3.12/site-packages/airflow/example_dags/example_python_operator.py for tasks to queue
[2026-06-22T09:46:04.975+0300] {logging_mixin.py:188} INFO - [2026-06-22T09:46:04.974+0300] {dagbag.py:540} INFO - Filling up the DagBag from /media/data/omar/programming course/DEPI/DEPI project/anomx/venv/lib/python3.12/site-packages/airflow/example_dags/example_python_operator.py
[2026-06-22T09:46:04.992+0300] {processor.py:840} INFO - DAG(s) 'example_python_operator' retrieved from /media/data/omar/programming course/DEPI/DEPI project/anomx/venv/lib/python3.12/site-packages/airflow/example_dags/example_python_operator.py
[2026-06-22T09:46:05.012+0300] {logging_mixin.py:188} INFO - [2026-06-22T09:46:05.011+0300] {dag.py:3096} INFO - Sync 1 DAGs
[2026-06-22T09:46:05.020+0300] {logging_mixin.py:188} INFO - [2026-06-22T09:46:05.019+0300] {dag.py:3954} INFO - Setting next_dagrun for example_python_operator to None, run_after=None
[2026-06-22T09:46:05.047+0300] {processor.py:183} INFO - Processing /media/data/omar/programming course/DEPI/DEPI project/anomx/venv/lib/python3.12/site-packages/airflow/example_dags/example_python_operator.py took 0.084 seconds
[2026-06-22T09:46:55.466+0300] {processor.py:161} INFO - Started process (PID=52274) to work on /media/data/omar/programming course/DEPI/DEPI project/anomx/venv/lib/python3.12/site-packages/airflow/example_dags/example_python_operator.py
[2026-06-22T09:46:55.467+0300] {processor.py:830} INFO - Processing file /media/data/omar/programming course/DEPI/DEPI project/anomx/venv/lib/python3.12/site-packages/airflow/example_dags/example_python_operator.py for tasks to queue
[2026-06-22T09:46:55.468+0300] {logging_mixin.py:188} INFO - [2026-06-22T09:46:55.468+0300] {dagbag.py:540} INFO - Filling up the DagBag from /media/data/omar/programming course/DEPI/DEPI project/anomx/venv/lib/python3.12/site-packages/airflow/example_dags/example_python_operator.py
[2026-06-22T09:46:55.482+0300] {processor.py:840} INFO - DAG(s) 'example_python_operator' retrieved from /media/data/omar/programming course/DEPI/DEPI project/anomx/venv/lib/python3.12/site-packages/airflow/example_dags/example_python_operator.py
[2026-06-22T09:46:55.500+0300] {logging_mixin.py:188} INFO - [2026-06-22T09:46:55.500+0300] {dag.py:3096} INFO - Sync 1 DAGs
[2026-06-22T09:46:55.509+0300] {logging_mixin.py:188} INFO - [2026-06-22T09:46:55.508+0300] {dag.py:3954} INFO - Setting next_dagrun for example_python_operator to None, run_after=None
[2026-06-22T09:46:55.535+0300] {processor.py:183} INFO - Processing /media/data/omar/programming course/DEPI/DEPI project/anomx/venv/lib/python3.12/site-packages/airflow/example_dags/example_python_operator.py took 0.077 seconds
[2026-06-22T09:47:48.304+0300] {processor.py:161} INFO - Started process (PID=52351) to work on /media/data/omar/programming course/DEPI/DEPI project/anomx/venv/lib/python3.12/site-packages/airflow/example_dags/example_python_operator.py
[2026-06-22T09:47:48.306+0300] {processor.py:830} INFO - Processing file /media/data/omar/programming course/DEPI/DEPI project/anomx/venv/lib/python3.12/site-packages/airflow/example_dags/example_python_operator.py for tasks to queue
[2026-06-22T09:47:48.309+0300] {logging_mixin.py:188} INFO - [2026-06-22T09:47:48.308+0300] {dagbag.py:540} INFO - Filling up the DagBag from /media/data/omar/programming course/DEPI/DEPI project/anomx/venv/lib/python3.12/site-packages/airflow/example_dags/example_python_operator.py
[2026-06-22T09:47:48.330+0300] {processor.py:840} INFO - DAG(s) 'example_python_operator' retrieved from /media/data/omar/programming course/DEPI/DEPI project/anomx/venv/lib/python3.12/site-packages/airflow/example_dags/example_python_operator.py
[2026-06-22T09:47:48.347+0300] {logging_mixin.py:188} INFO - [2026-06-22T09:47:48.347+0300] {dag.py:3096} INFO - Sync 1 DAGs
[2026-06-22T09:47:48.356+0300] {logging_mixin.py:188} INFO - [2026-06-22T09:47:48.356+0300] {dag.py:3954} INFO - Setting next_dagrun for example_python_operator to None, run_after=None
[2026-06-22T09:47:48.382+0300] {processor.py:183} INFO - Processing /media/data/omar/programming course/DEPI/DEPI project/anomx/venv/lib/python3.12/site-packages/airflow/example_dags/example_python_operator.py took 0.090 seconds
[2026-06-22T09:48:43.439+0300] {processor.py:161} INFO - Started process (PID=52442) to work on /media/data/omar/programming course/DEPI/DEPI project/anomx/venv/lib/python3.12/site-packages/airflow/example_dags/example_python_operator.py
[2026-06-22T09:48:43.440+0300] {processor.py:830} INFO - Processing file /media/data/omar/programming course/DEPI/DEPI project/anomx/venv/lib/python3.12/site-packages/airflow/example_dags/example_python_operator.py for tasks to queue
[2026-06-22T09:48:43.442+0300] {logging_mixin.py:188} INFO - [2026-06-22T09:48:43.441+0300] {dagbag.py:540} INFO - Filling up the DagBag from /media/data/omar/programming course/DEPI/DEPI project/anomx/venv/lib/python3.12/site-packages/airflow/example_dags/example_python_operator.py
[2026-06-22T09:48:43.458+0300] {processor.py:840} INFO - DAG(s) 'example_python_operator' retrieved from /media/data/omar/programming course/DEPI/DEPI project/anomx/venv/lib/python3.12/site-packages/airflow/example_dags/example_python_operator.py
[2026-06-22T09:48:43.476+0300] {logging_mixin.py:188} INFO - [2026-06-22T09:48:43.476+0300] {dag.py:3096} INFO - Sync 1 DAGs
[2026-06-22T09:48:43.490+0300] {logging_mixin.py:188} INFO - [2026-06-22T09:48:43.490+0300] {dag.py:3954} INFO - Setting next_dagrun for example_python_operator to None, run_after=None
[2026-06-22T09:48:43.519+0300] {processor.py:183} INFO - Processing /media/data/omar/programming course/DEPI/DEPI project/anomx/venv/lib/python3.12/site-packages/airflow/example_dags/example_python_operator.py took 0.088 seconds
[2026-06-22T09:49:36.082+0300] {processor.py:161} INFO - Started process (PID=52519) to work on /media/data/omar/programming course/DEPI/DEPI project/anomx/venv/lib/python3.12/site-packages/airflow/example_dags/example_python_operator.py
[2026-06-22T09:49:36.083+0300] {processor.py:830} INFO - Processing file /media/data/omar/programming course/DEPI/DEPI project/anomx/venv/lib/python3.12/site-packages/airflow/example_dags/example_python_operator.py for tasks to queue
[2026-06-22T09:49:36.084+0300] {logging_mixin.py:188} INFO - [2026-06-22T09:49:36.083+0300] {dagbag.py:540} INFO - Filling up the DagBag from /media/data/omar/programming course/DEPI/DEPI project/anomx/venv/lib/python3.12/site-packages/airflow/example_dags/example_python_operator.py
[2026-06-22T09:49:36.093+0300] {processor.py:840} INFO - DAG(s) 'example_python_operator' retrieved from /media/data/omar/programming course/DEPI/DEPI project/anomx/venv/lib/python3.12/site-packages/airflow/example_dags/example_python_operator.py
[2026-06-22T09:49:36.109+0300] {logging_mixin.py:188} INFO - [2026-06-22T09:49:36.108+0300] {dag.py:3096} INFO - Sync 1 DAGs
[2026-06-22T09:49:36.119+0300] {logging_mixin.py:188} INFO - [2026-06-22T09:49:36.118+0300] {dag.py:3954} INFO - Setting next_dagrun for example_python_operator to None, run_after=None
[2026-06-22T09:49:36.145+0300] {processor.py:183} INFO - Processing /media/data/omar/programming course/DEPI/DEPI project/anomx/venv/lib/python3.12/site-packages/airflow/example_dags/example_python_operator.py took 0.068 seconds
[2026-06-22T09:50:29.668+0300] {processor.py:161} INFO - Started process (PID=52612) to work on /media/data/omar/programming course/DEPI/DEPI project/anomx/venv/lib/python3.12/site-packages/airflow/example_dags/example_python_operator.py
[2026-06-22T09:50:29.670+0300] {processor.py:830} INFO - Processing file /media/data/omar/programming course/DEPI/DEPI project/anomx/venv/lib/python3.12/site-packages/airflow/example_dags/example_python_operator.py for tasks to queue
[2026-06-22T09:50:29.672+0300] {logging_mixin.py:188} INFO - [2026-06-22T09:50:29.671+0300] {dagbag.py:540} INFO - Filling up the DagBag from /media/data/omar/programming course/DEPI/DEPI project/anomx/venv/lib/python3.12/site-packages/airflow/example_dags/example_python_operator.py
[2026-06-22T09:50:29.687+0300] {processor.py:840} INFO - DAG(s) 'example_python_operator' retrieved from /media/data/omar/programming course/DEPI/DEPI project/anomx/venv/lib/python3.12/site-packages/airflow/example_dags/example_python_operator.py
[2026-06-22T09:50:29.703+0300] {logging_mixin.py:188} INFO - [2026-06-22T09:50:29.703+0300] {dag.py:3096} INFO - Sync 1 DAGs
[2026-06-22T09:50:29.712+0300] {logging_mixin.py:188} INFO - [2026-06-22T09:50:29.712+0300] {dag.py:3954} INFO - Setting next_dagrun for example_python_operator to None, run_after=None
[2026-06-22T09:50:29.738+0300] {processor.py:183} INFO - Processing /media/data/omar/programming course/DEPI/DEPI project/anomx/venv/lib/python3.12/site-packages/airflow/example_dags/example_python_operator.py took 0.087 seconds
[2026-06-22T09:51:25.069+0300] {processor.py:161} INFO - Started process (PID=52692) to work on /media/data/omar/programming course/DEPI/DEPI project/anomx/venv/lib/python3.12/site-packages/airflow/example_dags/example_python_operator.py
[2026-06-22T09:51:25.070+0300] {processor.py:830} INFO - Processing file /media/data/omar/programming course/DEPI/DEPI project/anomx/venv/lib/python3.12/site-packages/airflow/example_dags/example_python_operator.py for tasks to queue
[2026-06-22T09:51:25.071+0300] {logging_mixin.py:188} INFO - [2026-06-22T09:51:25.070+0300] {dagbag.py:540} INFO - Filling up the DagBag from /media/data/omar/programming course/DEPI/DEPI project/anomx/venv/lib/python3.12/site-packages/airflow/example_dags/example_python_operator.py
[2026-06-22T09:51:25.082+0300] {processor.py:840} INFO - DAG(s) 'example_python_operator' retrieved from /media/data/omar/programming course/DEPI/DEPI project/anomx/venv/lib/python3.12/site-packages/airflow/example_dags/example_python_operator.py
[2026-06-22T09:51:25.098+0300] {logging_mixin.py:188} INFO - [2026-06-22T09:51:25.097+0300] {dag.py:3096} INFO - Sync 1 DAGs
[2026-06-22T09:51:25.106+0300] {logging_mixin.py:188} INFO - [2026-06-22T09:51:25.106+0300] {dag.py:3954} INFO - Setting next_dagrun for example_python_operator to None, run_after=None
[2026-06-22T09:51:25.132+0300] {processor.py:183} INFO - Processing /media/data/omar/programming course/DEPI/DEPI project/anomx/venv/lib/python3.12/site-packages/airflow/example_dags/example_python_operator.py took 0.070 seconds
[2026-06-22T09:52:17.013+0300] {processor.py:161} INFO - Started process (PID=52772) to work on /media/data/omar/programming course/DEPI/DEPI project/anomx/venv/lib/python3.12/site-packages/airflow/example_dags/example_python_operator.py
[2026-06-22T09:52:17.014+0300] {processor.py:830} INFO - Processing file /media/data/omar/programming course/DEPI/DEPI project/anomx/venv/lib/python3.12/site-packages/airflow/example_dags/example_python_operator.py for tasks to queue
[2026-06-22T09:52:17.016+0300] {logging_mixin.py:188} INFO - [2026-06-22T09:52:17.016+0300] {dagbag.py:540} INFO - Filling up the DagBag from /media/data/omar/programming course/DEPI/DEPI project/anomx/venv/lib/python3.12/site-packages/airflow/example_dags/example_python_operator.py
[2026-06-22T09:52:17.035+0300] {processor.py:840} INFO - DAG(s) 'example_python_operator' retrieved from /media/data/omar/programming course/DEPI/DEPI project/anomx/venv/lib/python3.12/site-packages/airflow/example_dags/example_python_operator.py
[2026-06-22T09:52:17.054+0300] {logging_mixin.py:188} INFO - [2026-06-22T09:52:17.054+0300] {dag.py:3096} INFO - Sync 1 DAGs
[2026-06-22T09:52:17.063+0300] {logging_mixin.py:188} INFO - [2026-06-22T09:52:17.062+0300] {dag.py:3954} INFO - Setting next_dagrun for example_python_operator to None, run_after=None
[2026-06-22T09:52:17.089+0300] {processor.py:183} INFO - Processing /media/data/omar/programming course/DEPI/DEPI project/anomx/venv/lib/python3.12/site-packages/airflow/example_dags/example_python_operator.py took 0.086 seconds
[2026-06-22T09:53:07.283+0300] {processor.py:161} INFO - Started process (PID=52849) to work on /media/data/omar/programming course/DEPI/DEPI project/anomx/venv/lib/python3.12/site-packages/airflow/example_dags/example_python_operator.py
[2026-06-22T09:53:07.284+0300] {processor.py:830} INFO - Processing file /media/data/omar/programming course/DEPI/DEPI project/anomx/venv/lib/python3.12/site-packages/airflow/example_dags/example_python_operator.py for tasks to queue
[2026-06-22T09:53:07.286+0300] {logging_mixin.py:188} INFO - [2026-06-22T09:53:07.285+0300] {dagbag.py:540} INFO - Filling up the DagBag from /media/data/omar/programming course/DEPI/DEPI project/anomx/venv/lib/python3.12/site-packages/airflow/example_dags/example_python_operator.py
[2026-06-22T09:53:07.301+0300] {processor.py:840} INFO - DAG(s) 'example_python_operator' retrieved from /media/data/omar/programming course/DEPI/DEPI project/anomx/venv/lib/python3.12/site-packages/airflow/example_dags/example_python_operator.py
[2026-06-22T09:53:07.317+0300] {logging_mixin.py:188} INFO - [2026-06-22T09:53:07.317+0300] {dag.py:3096} INFO - Sync 1 DAGs
[2026-06-22T09:53:07.325+0300] {logging_mixin.py:188} INFO - [2026-06-22T09:53:07.325+0300] {dag.py:3954} INFO - Setting next_dagrun for example_python_operator to None, run_after=None
[2026-06-22T09:53:07.350+0300] {processor.py:183} INFO - Processing /media/data/omar/programming course/DEPI/DEPI project/anomx/venv/lib/python3.12/site-packages/airflow/example_dags/example_python_operator.py took 0.084 seconds
[2026-06-22T09:53:57.172+0300] {processor.py:161} INFO - Started process (PID=52921) to work on /media/data/omar/programming course/DEPI/DEPI project/anomx/venv/lib/python3.12/site-packages/airflow/example_dags/example_python_operator.py
[2026-06-22T09:53:57.173+0300] {processor.py:830} INFO - Processing file /media/data/omar/programming course/DEPI/DEPI project/anomx/venv/lib/python3.12/site-packages/airflow/example_dags/example_python_operator.py for tasks to queue
[2026-06-22T09:53:57.174+0300] {logging_mixin.py:188} INFO - [2026-06-22T09:53:57.174+0300] {dagbag.py:540} INFO - Filling up the DagBag from /media/data/omar/programming course/DEPI/DEPI project/anomx/venv/lib/python3.12/site-packages/airflow/example_dags/example_python_operator.py
[2026-06-22T09:53:57.190+0300] {processor.py:840} INFO - DAG(s) 'example_python_operator' retrieved from /media/data/omar/programming course/DEPI/DEPI project/anomx/venv/lib/python3.12/site-packages/airflow/example_dags/example_python_operator.py
[2026-06-22T09:53:57.210+0300] {logging_mixin.py:188} INFO - [2026-06-22T09:53:57.210+0300] {dag.py:3096} INFO - Sync 1 DAGs
[2026-06-22T09:53:57.218+0300] {logging_mixin.py:188} INFO - [2026-06-22T09:53:57.218+0300] {dag.py:3954} INFO - Setting next_dagrun for example_python_operator to None, run_after=None
[2026-06-22T09:53:57.244+0300] {processor.py:183} INFO - Processing /media/data/omar/programming course/DEPI/DEPI project/anomx/venv/lib/python3.12/site-packages/airflow/example_dags/example_python_operator.py took 0.081 seconds
[2026-06-22T09:54:51.316+0300] {processor.py:161} INFO - Started process (PID=53001) to work on /media/data/omar/programming course/DEPI/DEPI project/anomx/venv/lib/python3.12/site-packages/airflow/example_dags/example_python_operator.py
[2026-06-22T09:54:51.318+0300] {processor.py:830} INFO - Processing file /media/data/omar/programming course/DEPI/DEPI project/anomx/venv/lib/python3.12/site-packages/airflow/example_dags/example_python_operator.py for tasks to queue
[2026-06-22T09:54:51.321+0300] {logging_mixin.py:188} INFO - [2026-06-22T09:54:51.320+0300] {dagbag.py:540} INFO - Filling up the DagBag from /media/data/omar/programming course/DEPI/DEPI project/anomx/venv/lib/python3.12/site-packages/airflow/example_dags/example_python_operator.py
[2026-06-22T09:54:51.347+0300] {processor.py:840} INFO - DAG(s) 'example_python_operator' retrieved from /media/data/omar/programming course/DEPI/DEPI project/anomx/venv/lib/python3.12/site-packages/airflow/example_dags/example_python_operator.py
[2026-06-22T09:54:51.369+0300] {logging_mixin.py:188} INFO - [2026-06-22T09:54:51.369+0300] {dag.py:3096} INFO - Sync 1 DAGs
[2026-06-22T09:54:51.378+0300] {logging_mixin.py:188} INFO - [2026-06-22T09:54:51.378+0300] {dag.py:3954} INFO - Setting next_dagrun for example_python_operator to None, run_after=None
[2026-06-22T09:54:51.404+0300] {processor.py:183} INFO - Processing /media/data/omar/programming course/DEPI/DEPI project/anomx/venv/lib/python3.12/site-packages/airflow/example_dags/example_python_operator.py took 0.101 seconds
[2026-06-22T09:55:43.476+0300] {processor.py:161} INFO - Started process (PID=53096) to work on /media/data/omar/programming course/DEPI/DEPI project/anomx/venv/lib/python3.12/site-packages/airflow/example_dags/example_python_operator.py
[2026-06-22T09:55:43.477+0300] {processor.py:830} INFO - Processing file /media/data/omar/programming course/DEPI/DEPI project/anomx/venv/lib/python3.12/site-packages/airflow/example_dags/example_python_operator.py for tasks to queue
[2026-06-22T09:55:43.478+0300] {logging_mixin.py:188} INFO - [2026-06-22T09:55:43.478+0300] {dagbag.py:540} INFO - Filling up the DagBag from /media/data/omar/programming course/DEPI/DEPI project/anomx/venv/lib/python3.12/site-packages/airflow/example_dags/example_python_operator.py
[2026-06-22T09:55:43.490+0300] {processor.py:840} INFO - DAG(s) 'example_python_operator' retrieved from /media/data/omar/programming course/DEPI/DEPI project/anomx/venv/lib/python3.12/site-packages/airflow/example_dags/example_python_operator.py
[2026-06-22T09:55:43.507+0300] {logging_mixin.py:188} INFO - [2026-06-22T09:55:43.506+0300] {dag.py:3096} INFO - Sync 1 DAGs
[2026-06-22T09:55:43.515+0300] {logging_mixin.py:188} INFO - [2026-06-22T09:55:43.514+0300] {dag.py:3954} INFO - Setting next_dagrun for example_python_operator to None, run_after=None
[2026-06-22T09:55:43.543+0300] {processor.py:183} INFO - Processing /media/data/omar/programming course/DEPI/DEPI project/anomx/venv/lib/python3.12/site-packages/airflow/example_dags/example_python_operator.py took 0.074 seconds
[2026-06-22T09:56:33.947+0300] {processor.py:161} INFO - Started process (PID=53175) to work on /media/data/omar/programming course/DEPI/DEPI project/anomx/venv/lib/python3.12/site-packages/airflow/example_dags/example_python_operator.py
[2026-06-22T09:56:33.948+0300] {processor.py:830} INFO - Processing file /media/data/omar/programming course/DEPI/DEPI project/anomx/venv/lib/python3.12/site-packages/airflow/example_dags/example_python_operator.py for tasks to queue
[2026-06-22T09:56:33.950+0300] {logging_mixin.py:188} INFO - [2026-06-22T09:56:33.949+0300] {dagbag.py:540} INFO - Filling up the DagBag from /media/data/omar/programming course/DEPI/DEPI project/anomx/venv/lib/python3.12/site-packages/airflow/example_dags/example_python_operator.py
[2026-06-22T09:56:33.963+0300] {processor.py:840} INFO - DAG(s) 'example_python_operator' retrieved from /media/data/omar/programming course/DEPI/DEPI project/anomx/venv/lib/python3.12/site-packages/airflow/example_dags/example_python_operator.py
[2026-06-22T09:56:33.980+0300] {logging_mixin.py:188} INFO - [2026-06-22T09:56:33.980+0300] {dag.py:3096} INFO - Sync 1 DAGs
[2026-06-22T09:56:33.989+0300] {logging_mixin.py:188} INFO - [2026-06-22T09:56:33.989+0300] {dag.py:3954} INFO - Setting next_dagrun for example_python_operator to None, run_after=None
[2026-06-22T09:56:34.016+0300] {processor.py:183} INFO - Processing /media/data/omar/programming course/DEPI/DEPI project/anomx/venv/lib/python3.12/site-packages/airflow/example_dags/example_python_operator.py took 0.075 seconds
[2026-06-22T09:57:25.448+0300] {processor.py:161} INFO - Started process (PID=53262) to work on /media/data/omar/programming course/DEPI/DEPI project/anomx/venv/lib/python3.12/site-packages/airflow/example_dags/example_python_operator.py
[2026-06-22T09:57:25.450+0300] {processor.py:830} INFO - Processing file /media/data/omar/programming course/DEPI/DEPI project/anomx/venv/lib/python3.12/site-packages/airflow/example_dags/example_python_operator.py for tasks to queue
[2026-06-22T09:57:25.451+0300] {logging_mixin.py:188} INFO - [2026-06-22T09:57:25.451+0300] {dagbag.py:540} INFO - Filling up the DagBag from /media/data/omar/programming course/DEPI/DEPI project/anomx/venv/lib/python3.12/site-packages/airflow/example_dags/example_python_operator.py
[2026-06-22T09:57:25.467+0300] {processor.py:840} INFO - DAG(s) 'example_python_operator' retrieved from /media/data/omar/programming course/DEPI/DEPI project/anomx/venv/lib/python3.12/site-packages/airflow/example_dags/example_python_operator.py
[2026-06-22T09:57:25.483+0300] {logging_mixin.py:188} INFO - [2026-06-22T09:57:25.483+0300] {dag.py:3096} INFO - Sync 1 DAGs
[2026-06-22T09:57:25.492+0300] {logging_mixin.py:188} INFO - [2026-06-22T09:57:25.492+0300] {dag.py:3954} INFO - Setting next_dagrun for example_python_operator to None, run_after=None
[2026-06-22T09:57:25.518+0300] {processor.py:183} INFO - Processing /media/data/omar/programming course/DEPI/DEPI project/anomx/venv/lib/python3.12/site-packages/airflow/example_dags/example_python_operator.py took 0.087 seconds
[2026-06-22T09:58:16.124+0300] {processor.py:161} INFO - Started process (PID=53355) to work on /media/data/omar/programming course/DEPI/DEPI project/anomx/venv/lib/python3.12/site-packages/airflow/example_dags/example_python_operator.py
[2026-06-22T09:58:16.126+0300] {processor.py:830} INFO - Processing file /media/data/omar/programming course/DEPI/DEPI project/anomx/venv/lib/python3.12/site-packages/airflow/example_dags/example_python_operator.py for tasks to queue
[2026-06-22T09:58:16.127+0300] {logging_mixin.py:188} INFO - [2026-06-22T09:58:16.126+0300] {dagbag.py:540} INFO - Filling up the DagBag from /media/data/omar/programming course/DEPI/DEPI project/anomx/venv/lib/python3.12/site-packages/airflow/example_dags/example_python_operator.py
[2026-06-22T09:58:16.137+0300] {processor.py:840} INFO - DAG(s) 'example_python_operator' retrieved from /media/data/omar/programming course/DEPI/DEPI project/anomx/venv/lib/python3.12/site-packages/airflow/example_dags/example_python_operator.py
[2026-06-22T09:58:16.153+0300] {logging_mixin.py:188} INFO - [2026-06-22T09:58:16.153+0300] {dag.py:3096} INFO - Sync 1 DAGs
[2026-06-22T09:58:16.162+0300] {logging_mixin.py:188} INFO - [2026-06-22T09:58:16.161+0300] {dag.py:3954} INFO - Setting next_dagrun for example_python_operator to None, run_after=None
[2026-06-22T09:58:16.188+0300] {processor.py:183} INFO - Processing /media/data/omar/programming course/DEPI/DEPI project/anomx/venv/lib/python3.12/site-packages/airflow/example_dags/example_python_operator.py took 0.070 seconds
[2026-06-22T09:59:05.115+0300] {processor.py:161} INFO - Started process (PID=53428) to work on /media/data/omar/programming course/DEPI/DEPI project/anomx/venv/lib/python3.12/site-packages/airflow/example_dags/example_python_operator.py
[2026-06-22T09:59:05.117+0300] {processor.py:830} INFO - Processing file /media/data/omar/programming course/DEPI/DEPI project/anomx/venv/lib/python3.12/site-packages/airflow/example_dags/example_python_operator.py for tasks to queue
[2026-06-22T09:59:05.119+0300] {logging_mixin.py:188} INFO - [2026-06-22T09:59:05.118+0300] {dagbag.py:540} INFO - Filling up the DagBag from /media/data/omar/programming course/DEPI/DEPI project/anomx/venv/lib/python3.12/site-packages/airflow/example_dags/example_python_operator.py
[2026-06-22T09:59:05.133+0300] {processor.py:840} INFO - DAG(s) 'example_python_operator' retrieved from /media/data/omar/programming course/DEPI/DEPI project/anomx/venv/lib/python3.12/site-packages/airflow/example_dags/example_python_operator.py
[2026-06-22T09:59:05.148+0300] {logging_mixin.py:188} INFO - [2026-06-22T09:59:05.148+0300] {dag.py:3096} INFO - Sync 1 DAGs
[2026-06-22T09:59:05.157+0300] {logging_mixin.py:188} INFO - [2026-06-22T09:59:05.156+0300] {dag.py:3954} INFO - Setting next_dagrun for example_python_operator to None, run_after=None
[2026-06-22T09:59:05.183+0300] {processor.py:183} INFO - Processing /media/data/omar/programming course/DEPI/DEPI project/anomx/venv/lib/python3.12/site-packages/airflow/example_dags/example_python_operator.py took 0.083 seconds
[2026-06-22T09:59:56.043+0300] {processor.py:161} INFO - Started process (PID=53519) to work on /media/data/omar/programming course/DEPI/DEPI project/anomx/venv/lib/python3.12/site-packages/airflow/example_dags/example_python_operator.py
[2026-06-22T09:59:56.044+0300] {processor.py:830} INFO - Processing file /media/data/omar/programming course/DEPI/DEPI project/anomx/venv/lib/python3.12/site-packages/airflow/example_dags/example_python_operator.py for tasks to queue
[2026-06-22T09:59:56.046+0300] {logging_mixin.py:188} INFO - [2026-06-22T09:59:56.045+0300] {dagbag.py:540} INFO - Filling up the DagBag from /media/data/omar/programming course/DEPI/DEPI project/anomx/venv/lib/python3.12/site-packages/airflow/example_dags/example_python_operator.py
[2026-06-22T09:59:56.061+0300] {processor.py:840} INFO - DAG(s) 'example_python_operator' retrieved from /media/data/omar/programming course/DEPI/DEPI project/anomx/venv/lib/python3.12/site-packages/airflow/example_dags/example_python_operator.py
[2026-06-22T09:59:56.083+0300] {logging_mixin.py:188} INFO - [2026-06-22T09:59:56.082+0300] {dag.py:3096} INFO - Sync 1 DAGs
[2026-06-22T09:59:56.092+0300] {logging_mixin.py:188} INFO - [2026-06-22T09:59:56.091+0300] {dag.py:3954} INFO - Setting next_dagrun for example_python_operator to None, run_after=None
[2026-06-22T09:59:56.121+0300] {processor.py:183} INFO - Processing /media/data/omar/programming course/DEPI/DEPI project/anomx/venv/lib/python3.12/site-packages/airflow/example_dags/example_python_operator.py took 0.085 seconds
[2026-06-22T10:00:49.127+0300] {processor.py:161} INFO - Started process (PID=53602) to work on /media/data/omar/programming course/DEPI/DEPI project/anomx/venv/lib/python3.12/site-packages/airflow/example_dags/example_python_operator.py
[2026-06-22T10:00:49.128+0300] {processor.py:830} INFO - Processing file /media/data/omar/programming course/DEPI/DEPI project/anomx/venv/lib/python3.12/site-packages/airflow/example_dags/example_python_operator.py for tasks to queue
[2026-06-22T10:00:49.129+0300] {logging_mixin.py:188} INFO - [2026-06-22T10:00:49.128+0300] {dagbag.py:540} INFO - Filling up the DagBag from /media/data/omar/programming course/DEPI/DEPI project/anomx/venv/lib/python3.12/site-packages/airflow/example_dags/example_python_operator.py
[2026-06-22T10:00:49.143+0300] {processor.py:840} INFO - DAG(s) 'example_python_operator' retrieved from /media/data/omar/programming course/DEPI/DEPI project/anomx/venv/lib/python3.12/site-packages/airflow/example_dags/example_python_operator.py
[2026-06-22T10:00:49.162+0300] {logging_mixin.py:188} INFO - [2026-06-22T10:00:49.161+0300] {dag.py:3096} INFO - Sync 1 DAGs
[2026-06-22T10:00:49.170+0300] {logging_mixin.py:188} INFO - [2026-06-22T10:00:49.170+0300] {dag.py:3954} INFO - Setting next_dagrun for example_python_operator to None, run_after=None
[2026-06-22T10:00:49.196+0300] {processor.py:183} INFO - Processing /media/data/omar/programming course/DEPI/DEPI project/anomx/venv/lib/python3.12/site-packages/airflow/example_dags/example_python_operator.py took 0.076 seconds
[2026-06-22T10:01:41.630+0300] {processor.py:161} INFO - Started process (PID=53690) to work on /media/data/omar/programming course/DEPI/DEPI project/anomx/venv/lib/python3.12/site-packages/airflow/example_dags/example_python_operator.py
[2026-06-22T10:01:41.630+0300] {processor.py:830} INFO - Processing file /media/data/omar/programming course/DEPI/DEPI project/anomx/venv/lib/python3.12/site-packages/airflow/example_dags/example_python_operator.py for tasks to queue
[2026-06-22T10:01:41.631+0300] {logging_mixin.py:188} INFO - [2026-06-22T10:01:41.631+0300] {dagbag.py:540} INFO - Filling up the DagBag from /media/data/omar/programming course/DEPI/DEPI project/anomx/venv/lib/python3.12/site-packages/airflow/example_dags/example_python_operator.py
[2026-06-22T10:01:41.643+0300] {processor.py:840} INFO - DAG(s) 'example_python_operator' retrieved from /media/data/omar/programming course/DEPI/DEPI project/anomx/venv/lib/python3.12/site-packages/airflow/example_dags/example_python_operator.py
[2026-06-22T10:01:41.660+0300] {logging_mixin.py:188} INFO - [2026-06-22T10:01:41.660+0300] {dag.py:3096} INFO - Sync 1 DAGs
[2026-06-22T10:01:41.668+0300] {logging_mixin.py:188} INFO - [2026-06-22T10:01:41.668+0300] {dag.py:3954} INFO - Setting next_dagrun for example_python_operator to None, run_after=None
[2026-06-22T10:01:41.696+0300] {processor.py:183} INFO - Processing /media/data/omar/programming course/DEPI/DEPI project/anomx/venv/lib/python3.12/site-packages/airflow/example_dags/example_python_operator.py took 0.072 seconds
[2026-06-22T10:02:34.130+0300] {processor.py:161} INFO - Started process (PID=53797) to work on /media/data/omar/programming course/DEPI/DEPI project/anomx/venv/lib/python3.12/site-packages/airflow/example_dags/example_python_operator.py
[2026-06-22T10:02:34.131+0300] {processor.py:830} INFO - Processing file /media/data/omar/programming course/DEPI/DEPI project/anomx/venv/lib/python3.12/site-packages/airflow/example_dags/example_python_operator.py for tasks to queue
[2026-06-22T10:02:34.132+0300] {logging_mixin.py:188} INFO - [2026-06-22T10:02:34.131+0300] {dagbag.py:540} INFO - Filling up the DagBag from /media/data/omar/programming course/DEPI/DEPI project/anomx/venv/lib/python3.12/site-packages/airflow/example_dags/example_python_operator.py
[2026-06-22T10:02:34.143+0300] {processor.py:840} INFO - DAG(s) 'example_python_operator' retrieved from /media/data/omar/programming course/DEPI/DEPI project/anomx/venv/lib/python3.12/site-packages/airflow/example_dags/example_python_operator.py
[2026-06-22T10:02:34.158+0300] {logging_mixin.py:188} INFO - [2026-06-22T10:02:34.158+0300] {dag.py:3096} INFO - Sync 1 DAGs
[2026-06-22T10:02:34.168+0300] {logging_mixin.py:188} INFO - [2026-06-22T10:02:34.167+0300] {dag.py:3954} INFO - Setting next_dagrun for example_python_operator to None, run_after=None
[2026-06-22T10:02:34.194+0300] {processor.py:183} INFO - Processing /media/data/omar/programming course/DEPI/DEPI project/anomx/venv/lib/python3.12/site-packages/airflow/example_dags/example_python_operator.py took 0.072 seconds
[2026-06-22T10:03:27.517+0300] {processor.py:161} INFO - Started process (PID=53932) to work on /media/data/omar/programming course/DEPI/DEPI project/anomx/venv/lib/python3.12/site-packages/airflow/example_dags/example_python_operator.py
[2026-06-22T10:03:27.518+0300] {processor.py:830} INFO - Processing file /media/data/omar/programming course/DEPI/DEPI project/anomx/venv/lib/python3.12/site-packages/airflow/example_dags/example_python_operator.py for tasks to queue
[2026-06-22T10:03:27.520+0300] {logging_mixin.py:188} INFO - [2026-06-22T10:03:27.519+0300] {dagbag.py:540} INFO - Filling up the DagBag from /media/data/omar/programming course/DEPI/DEPI project/anomx/venv/lib/python3.12/site-packages/airflow/example_dags/example_python_operator.py
[2026-06-22T10:03:27.535+0300] {processor.py:840} INFO - DAG(s) 'example_python_operator' retrieved from /media/data/omar/programming course/DEPI/DEPI project/anomx/venv/lib/python3.12/site-packages/airflow/example_dags/example_python_operator.py
[2026-06-22T10:03:27.553+0300] {logging_mixin.py:188} INFO - [2026-06-22T10:03:27.553+0300] {dag.py:3096} INFO - Sync 1 DAGs
[2026-06-22T10:03:27.562+0300] {logging_mixin.py:188} INFO - [2026-06-22T10:03:27.561+0300] {dag.py:3954} INFO - Setting next_dagrun for example_python_operator to None, run_after=None
[2026-06-22T10:03:27.587+0300] {processor.py:183} INFO - Processing /media/data/omar/programming course/DEPI/DEPI project/anomx/venv/lib/python3.12/site-packages/airflow/example_dags/example_python_operator.py took 0.077 seconds
[2026-06-22T10:04:19.510+0300] {processor.py:161} INFO - Started process (PID=54010) to work on /media/data/omar/programming course/DEPI/DEPI project/anomx/venv/lib/python3.12/site-packages/airflow/example_dags/example_python_operator.py
[2026-06-22T10:04:19.512+0300] {processor.py:830} INFO - Processing file /media/data/omar/programming course/DEPI/DEPI project/anomx/venv/lib/python3.12/site-packages/airflow/example_dags/example_python_operator.py for tasks to queue
[2026-06-22T10:04:19.513+0300] {logging_mixin.py:188} INFO - [2026-06-22T10:04:19.513+0300] {dagbag.py:540} INFO - Filling up the DagBag from /media/data/omar/programming course/DEPI/DEPI project/anomx/venv/lib/python3.12/site-packages/airflow/example_dags/example_python_operator.py
[2026-06-22T10:04:19.531+0300] {processor.py:840} INFO - DAG(s) 'example_python_operator' retrieved from /media/data/omar/programming course/DEPI/DEPI project/anomx/venv/lib/python3.12/site-packages/airflow/example_dags/example_python_operator.py
[2026-06-22T10:04:19.549+0300] {logging_mixin.py:188} INFO - [2026-06-22T10:04:19.549+0300] {dag.py:3096} INFO - Sync 1 DAGs
[2026-06-22T10:04:19.557+0300] {logging_mixin.py:188} INFO - [2026-06-22T10:04:19.557+0300] {dag.py:3954} INFO - Setting next_dagrun for example_python_operator to None, run_after=None
[2026-06-22T10:04:19.583+0300] {processor.py:183} INFO - Processing /media/data/omar/programming course/DEPI/DEPI project/anomx/venv/lib/python3.12/site-packages/airflow/example_dags/example_python_operator.py took 0.083 seconds
[2026-06-22T10:05:12.502+0300] {processor.py:161} INFO - Started process (PID=54106) to work on /media/data/omar/programming course/DEPI/DEPI project/anomx/venv/lib/python3.12/site-packages/airflow/example_dags/example_python_operator.py
[2026-06-22T10:05:12.504+0300] {processor.py:830} INFO - Processing file /media/data/omar/programming course/DEPI/DEPI project/anomx/venv/lib/python3.12/site-packages/airflow/example_dags/example_python_operator.py for tasks to queue
[2026-06-22T10:05:12.505+0300] {logging_mixin.py:188} INFO - [2026-06-22T10:05:12.505+0300] {dagbag.py:540} INFO - Filling up the DagBag from /media/data/omar/programming course/DEPI/DEPI project/anomx/venv/lib/python3.12/site-packages/airflow/example_dags/example_python_operator.py
[2026-06-22T10:05:12.519+0300] {processor.py:840} INFO - DAG(s) 'example_python_operator' retrieved from /media/data/omar/programming course/DEPI/DEPI project/anomx/venv/lib/python3.12/site-packages/airflow/example_dags/example_python_operator.py
[2026-06-22T10:05:12.535+0300] {logging_mixin.py:188} INFO - [2026-06-22T10:05:12.535+0300] {dag.py:3096} INFO - Sync 1 DAGs
[2026-06-22T10:05:12.544+0300] {logging_mixin.py:188} INFO - [2026-06-22T10:05:12.544+0300] {dag.py:3954} INFO - Setting next_dagrun for example_python_operator to None, run_after=None
[2026-06-22T10:05:12.578+0300] {processor.py:183} INFO - Processing /media/data/omar/programming course/DEPI/DEPI project/anomx/venv/lib/python3.12/site-packages/airflow/example_dags/example_python_operator.py took 0.090 seconds
[2026-06-22T10:06:03.211+0300] {processor.py:161} INFO - Started process (PID=54183) to work on /media/data/omar/programming course/DEPI/DEPI project/anomx/venv/lib/python3.12/site-packages/airflow/example_dags/example_python_operator.py
[2026-06-22T10:06:03.212+0300] {processor.py:830} INFO - Processing file /media/data/omar/programming course/DEPI/DEPI project/anomx/venv/lib/python3.12/site-packages/airflow/example_dags/example_python_operator.py for tasks to queue
[2026-06-22T10:06:03.214+0300] {logging_mixin.py:188} INFO - [2026-06-22T10:06:03.213+0300] {dagbag.py:540} INFO - Filling up the DagBag from /media/data/omar/programming course/DEPI/DEPI project/anomx/venv/lib/python3.12/site-packages/airflow/example_dags/example_python_operator.py
[2026-06-22T10:06:03.232+0300] {processor.py:840} INFO - DAG(s) 'example_python_operator' retrieved from /media/data/omar/programming course/DEPI/DEPI project/anomx/venv/lib/python3.12/site-packages/airflow/example_dags/example_python_operator.py
[2026-06-22T10:06:03.249+0300] {logging_mixin.py:188} INFO - [2026-06-22T10:06:03.248+0300] {dag.py:3096} INFO - Sync 1 DAGs
[2026-06-22T10:06:03.258+0300] {logging_mixin.py:188} INFO - [2026-06-22T10:06:03.257+0300] {dag.py:3954} INFO - Setting next_dagrun for example_python_operator to None, run_after=None
[2026-06-22T10:06:03.284+0300] {processor.py:183} INFO - Processing /media/data/omar/programming course/DEPI/DEPI project/anomx/venv/lib/python3.12/site-packages/airflow/example_dags/example_python_operator.py took 0.083 seconds
[2026-06-22T10:06:52.158+0300] {processor.py:161} INFO - Started process (PID=54260) to work on /media/data/omar/programming course/DEPI/DEPI project/anomx/venv/lib/python3.12/site-packages/airflow/example_dags/example_python_operator.py
[2026-06-22T10:06:52.159+0300] {processor.py:830} INFO - Processing file /media/data/omar/programming course/DEPI/DEPI project/anomx/venv/lib/python3.12/site-packages/airflow/example_dags/example_python_operator.py for tasks to queue
[2026-06-22T10:06:52.162+0300] {logging_mixin.py:188} INFO - [2026-06-22T10:06:52.160+0300] {dagbag.py:540} INFO - Filling up the DagBag from /media/data/omar/programming course/DEPI/DEPI project/anomx/venv/lib/python3.12/site-packages/airflow/example_dags/example_python_operator.py
[2026-06-22T10:06:52.177+0300] {processor.py:840} INFO - DAG(s) 'example_python_operator' retrieved from /media/data/omar/programming course/DEPI/DEPI project/anomx/venv/lib/python3.12/site-packages/airflow/example_dags/example_python_operator.py
[2026-06-22T10:06:52.194+0300] {logging_mixin.py:188} INFO - [2026-06-22T10:06:52.194+0300] {dag.py:3096} INFO - Sync 1 DAGs
[2026-06-22T10:06:52.203+0300] {logging_mixin.py:188} INFO - [2026-06-22T10:06:52.203+0300] {dag.py:3954} INFO - Setting next_dagrun for example_python_operator to None, run_after=None
[2026-06-22T10:06:52.229+0300] {processor.py:183} INFO - Processing /media/data/omar/programming course/DEPI/DEPI project/anomx/venv/lib/python3.12/site-packages/airflow/example_dags/example_python_operator.py took 0.087 seconds
[2026-06-22T10:07:46.523+0300] {processor.py:161} INFO - Started process (PID=54337) to work on /media/data/omar/programming course/DEPI/DEPI project/anomx/venv/lib/python3.12/site-packages/airflow/example_dags/example_python_operator.py
[2026-06-22T10:07:46.524+0300] {processor.py:830} INFO - Processing file /media/data/omar/programming course/DEPI/DEPI project/anomx/venv/lib/python3.12/site-packages/airflow/example_dags/example_python_operator.py for tasks to queue
[2026-06-22T10:07:46.525+0300] {logging_mixin.py:188} INFO - [2026-06-22T10:07:46.525+0300] {dagbag.py:540} INFO - Filling up the DagBag from /media/data/omar/programming course/DEPI/DEPI project/anomx/venv/lib/python3.12/site-packages/airflow/example_dags/example_python_operator.py
[2026-06-22T10:07:46.539+0300] {processor.py:840} INFO - DAG(s) 'example_python_operator' retrieved from /media/data/omar/programming course/DEPI/DEPI project/anomx/venv/lib/python3.12/site-packages/airflow/example_dags/example_python_operator.py
[2026-06-22T10:07:46.556+0300] {logging_mixin.py:188} INFO - [2026-06-22T10:07:46.555+0300] {dag.py:3096} INFO - Sync 1 DAGs
[2026-06-22T10:07:46.564+0300] {logging_mixin.py:188} INFO - [2026-06-22T10:07:46.564+0300] {dag.py:3954} INFO - Setting next_dagrun for example_python_operator to None, run_after=None
[2026-06-22T10:07:46.591+0300] {processor.py:183} INFO - Processing /media/data/omar/programming course/DEPI/DEPI project/anomx/venv/lib/python3.12/site-packages/airflow/example_dags/example_python_operator.py took 0.075 seconds
[2026-06-22T10:08:39.749+0300] {processor.py:161} INFO - Started process (PID=54416) to work on /media/data/omar/programming course/DEPI/DEPI project/anomx/venv/lib/python3.12/site-packages/airflow/example_dags/example_python_operator.py
[2026-06-22T10:08:39.751+0300] {processor.py:830} INFO - Processing file /media/data/omar/programming course/DEPI/DEPI project/anomx/venv/lib/python3.12/site-packages/airflow/example_dags/example_python_operator.py for tasks to queue
[2026-06-22T10:08:39.752+0300] {logging_mixin.py:188} INFO - [2026-06-22T10:08:39.752+0300] {dagbag.py:540} INFO - Filling up the DagBag from /media/data/omar/programming course/DEPI/DEPI project/anomx/venv/lib/python3.12/site-packages/airflow/example_dags/example_python_operator.py
[2026-06-22T10:08:39.767+0300] {processor.py:840} INFO - DAG(s) 'example_python_operator' retrieved from /media/data/omar/programming course/DEPI/DEPI project/anomx/venv/lib/python3.12/site-packages/airflow/example_dags/example_python_operator.py
[2026-06-22T10:08:39.784+0300] {logging_mixin.py:188} INFO - [2026-06-22T10:08:39.783+0300] {dag.py:3096} INFO - Sync 1 DAGs
[2026-06-22T10:08:39.793+0300] {logging_mixin.py:188} INFO - [2026-06-22T10:08:39.792+0300] {dag.py:3954} INFO - Setting next_dagrun for example_python_operator to None, run_after=None
[2026-06-22T10:08:39.819+0300] {processor.py:183} INFO - Processing /media/data/omar/programming course/DEPI/DEPI project/anomx/venv/lib/python3.12/site-packages/airflow/example_dags/example_python_operator.py took 0.082 seconds
[2026-06-22T10:09:30.511+0300] {processor.py:161} INFO - Started process (PID=54494) to work on /media/data/omar/programming course/DEPI/DEPI project/anomx/venv/lib/python3.12/site-packages/airflow/example_dags/example_python_operator.py
[2026-06-22T10:09:30.513+0300] {processor.py:830} INFO - Processing file /media/data/omar/programming course/DEPI/DEPI project/anomx/venv/lib/python3.12/site-packages/airflow/example_dags/example_python_operator.py for tasks to queue
[2026-06-22T10:09:30.516+0300] {logging_mixin.py:188} INFO - [2026-06-22T10:09:30.515+0300] {dagbag.py:540} INFO - Filling up the DagBag from /media/data/omar/programming course/DEPI/DEPI project/anomx/venv/lib/python3.12/site-packages/airflow/example_dags/example_python_operator.py
[2026-06-22T10:09:30.535+0300] {processor.py:840} INFO - DAG(s) 'example_python_operator' retrieved from /media/data/omar/programming course/DEPI/DEPI project/anomx/venv/lib/python3.12/site-packages/airflow/example_dags/example_python_operator.py
[2026-06-22T10:09:30.552+0300] {logging_mixin.py:188} INFO - [2026-06-22T10:09:30.552+0300] {dag.py:3096} INFO - Sync 1 DAGs
[2026-06-22T10:09:30.561+0300] {logging_mixin.py:188} INFO - [2026-06-22T10:09:30.560+0300] {dag.py:3954} INFO - Setting next_dagrun for example_python_operator to None, run_after=None
[2026-06-22T10:09:30.586+0300] {processor.py:183} INFO - Processing /media/data/omar/programming course/DEPI/DEPI project/anomx/venv/lib/python3.12/site-packages/airflow/example_dags/example_python_operator.py took 0.088 seconds
[2026-06-22T10:10:22.196+0300] {processor.py:161} INFO - Started process (PID=54582) to work on /media/data/omar/programming course/DEPI/DEPI project/anomx/venv/lib/python3.12/site-packages/airflow/example_dags/example_python_operator.py
[2026-06-22T10:10:22.197+0300] {processor.py:830} INFO - Processing file /media/data/omar/programming course/DEPI/DEPI project/anomx/venv/lib/python3.12/site-packages/airflow/example_dags/example_python_operator.py for tasks to queue
[2026-06-22T10:10:22.198+0300] {logging_mixin.py:188} INFO - [2026-06-22T10:10:22.198+0300] {dagbag.py:540} INFO - Filling up the DagBag from /media/data/omar/programming course/DEPI/DEPI project/anomx/venv/lib/python3.12/site-packages/airflow/example_dags/example_python_operator.py
[2026-06-22T10:10:22.209+0300] {processor.py:840} INFO - DAG(s) 'example_python_operator' retrieved from /media/data/omar/programming course/DEPI/DEPI project/anomx/venv/lib/python3.12/site-packages/airflow/example_dags/example_python_operator.py
[2026-06-22T10:10:22.225+0300] {logging_mixin.py:188} INFO - [2026-06-22T10:10:22.225+0300] {dag.py:3096} INFO - Sync 1 DAGs
[2026-06-22T10:10:22.234+0300] {logging_mixin.py:188} INFO - [2026-06-22T10:10:22.234+0300] {dag.py:3954} INFO - Setting next_dagrun for example_python_operator to None, run_after=None
[2026-06-22T10:10:22.261+0300] {processor.py:183} INFO - Processing /media/data/omar/programming course/DEPI/DEPI project/anomx/venv/lib/python3.12/site-packages/airflow/example_dags/example_python_operator.py took 0.073 seconds
[2026-06-22T10:11:11.389+0300] {processor.py:161} INFO - Started process (PID=54660) to work on /media/data/omar/programming course/DEPI/DEPI project/anomx/venv/lib/python3.12/site-packages/airflow/example_dags/example_python_operator.py
[2026-06-22T10:11:11.390+0300] {processor.py:830} INFO - Processing file /media/data/omar/programming course/DEPI/DEPI project/anomx/venv/lib/python3.12/site-packages/airflow/example_dags/example_python_operator.py for tasks to queue
[2026-06-22T10:11:11.392+0300] {logging_mixin.py:188} INFO - [2026-06-22T10:11:11.391+0300] {dagbag.py:540} INFO - Filling up the DagBag from /media/data/omar/programming course/DEPI/DEPI project/anomx/venv/lib/python3.12/site-packages/airflow/example_dags/example_python_operator.py
[2026-06-22T10:11:11.411+0300] {processor.py:840} INFO - DAG(s) 'example_python_operator' retrieved from /media/data/omar/programming course/DEPI/DEPI project/anomx/venv/lib/python3.12/site-packages/airflow/example_dags/example_python_operator.py
[2026-06-22T10:11:11.432+0300] {logging_mixin.py:188} INFO - [2026-06-22T10:11:11.432+0300] {dag.py:3096} INFO - Sync 1 DAGs
[2026-06-22T10:11:11.441+0300] {logging_mixin.py:188} INFO - [2026-06-22T10:11:11.441+0300] {dag.py:3954} INFO - Setting next_dagrun for example_python_operator to None, run_after=None
[2026-06-22T10:11:11.468+0300] {processor.py:183} INFO - Processing /media/data/omar/programming course/DEPI/DEPI project/anomx/venv/lib/python3.12/site-packages/airflow/example_dags/example_python_operator.py took 0.089 seconds
[2026-06-22T10:12:04.360+0300] {processor.py:161} INFO - Started process (PID=54736) to work on /media/data/omar/programming course/DEPI/DEPI project/anomx/venv/lib/python3.12/site-packages/airflow/example_dags/example_python_operator.py
[2026-06-22T10:12:04.361+0300] {processor.py:830} INFO - Processing file /media/data/omar/programming course/DEPI/DEPI project/anomx/venv/lib/python3.12/site-packages/airflow/example_dags/example_python_operator.py for tasks to queue
[2026-06-22T10:12:04.362+0300] {logging_mixin.py:188} INFO - [2026-06-22T10:12:04.362+0300] {dagbag.py:540} INFO - Filling up the DagBag from /media/data/omar/programming course/DEPI/DEPI project/anomx/venv/lib/python3.12/site-packages/airflow/example_dags/example_python_operator.py
[2026-06-22T10:12:04.374+0300] {processor.py:840} INFO - DAG(s) 'example_python_operator' retrieved from /media/data/omar/programming course/DEPI/DEPI project/anomx/venv/lib/python3.12/site-packages/airflow/example_dags/example_python_operator.py
[2026-06-22T10:12:04.389+0300] {logging_mixin.py:188} INFO - [2026-06-22T10:12:04.389+0300] {dag.py:3096} INFO - Sync 1 DAGs
[2026-06-22T10:12:04.398+0300] {logging_mixin.py:188} INFO - [2026-06-22T10:12:04.397+0300] {dag.py:3954} INFO - Setting next_dagrun for example_python_operator to None, run_after=None
[2026-06-22T10:12:04.425+0300] {processor.py:183} INFO - Processing /media/data/omar/programming course/DEPI/DEPI project/anomx/venv/lib/python3.12/site-packages/airflow/example_dags/example_python_operator.py took 0.074 seconds
[2026-06-22T10:13:00.906+0300] {processor.py:161} INFO - Started process (PID=54819) to work on /media/data/omar/programming course/DEPI/DEPI project/anomx/venv/lib/python3.12/site-packages/airflow/example_dags/example_python_operator.py
[2026-06-22T10:13:00.907+0300] {processor.py:830} INFO - Processing file /media/data/omar/programming course/DEPI/DEPI project/anomx/venv/lib/python3.12/site-packages/airflow/example_dags/example_python_operator.py for tasks to queue
[2026-06-22T10:13:00.908+0300] {logging_mixin.py:188} INFO - [2026-06-22T10:13:00.907+0300] {dagbag.py:540} INFO - Filling up the DagBag from /media/data/omar/programming course/DEPI/DEPI project/anomx/venv/lib/python3.12/site-packages/airflow/example_dags/example_python_operator.py
[2026-06-22T10:13:00.918+0300] {processor.py:840} INFO - DAG(s) 'example_python_operator' retrieved from /media/data/omar/programming course/DEPI/DEPI project/anomx/venv/lib/python3.12/site-packages/airflow/example_dags/example_python_operator.py
[2026-06-22T10:13:00.934+0300] {logging_mixin.py:188} INFO - [2026-06-22T10:13:00.933+0300] {dag.py:3096} INFO - Sync 1 DAGs
[2026-06-22T10:13:00.942+0300] {logging_mixin.py:188} INFO - [2026-06-22T10:13:00.942+0300] {dag.py:3954} INFO - Setting next_dagrun for example_python_operator to None, run_after=None
[2026-06-22T10:13:00.967+0300] {processor.py:183} INFO - Processing /media/data/omar/programming course/DEPI/DEPI project/anomx/venv/lib/python3.12/site-packages/airflow/example_dags/example_python_operator.py took 0.067 seconds
[2026-06-22T10:13:53.696+0300] {processor.py:161} INFO - Started process (PID=54906) to work on /media/data/omar/programming course/DEPI/DEPI project/anomx/venv/lib/python3.12/site-packages/airflow/example_dags/example_python_operator.py
[2026-06-22T10:13:53.698+0300] {processor.py:830} INFO - Processing file /media/data/omar/programming course/DEPI/DEPI project/anomx/venv/lib/python3.12/site-packages/airflow/example_dags/example_python_operator.py for tasks to queue
[2026-06-22T10:13:53.700+0300] {logging_mixin.py:188} INFO - [2026-06-22T10:13:53.699+0300] {dagbag.py:540} INFO - Filling up the DagBag from /media/data/omar/programming course/DEPI/DEPI project/anomx/venv/lib/python3.12/site-packages/airflow/example_dags/example_python_operator.py
[2026-06-22T10:13:53.717+0300] {processor.py:840} INFO - DAG(s) 'example_python_operator' retrieved from /media/data/omar/programming course/DEPI/DEPI project/anomx/venv/lib/python3.12/site-packages/airflow/example_dags/example_python_operator.py
[2026-06-22T10:13:53.738+0300] {logging_mixin.py:188} INFO - [2026-06-22T10:13:53.737+0300] {dag.py:3096} INFO - Sync 1 DAGs
[2026-06-22T10:13:53.746+0300] {logging_mixin.py:188} INFO - [2026-06-22T10:13:53.746+0300] {dag.py:3954} INFO - Setting next_dagrun for example_python_operator to None, run_after=None
[2026-06-22T10:13:53.771+0300] {processor.py:183} INFO - Processing /media/data/omar/programming course/DEPI/DEPI project/anomx/venv/lib/python3.12/site-packages/airflow/example_dags/example_python_operator.py took 0.091 seconds
[2026-06-22T10:14:50.700+0300] {processor.py:161} INFO - Started process (PID=54986) to work on /media/data/omar/programming course/DEPI/DEPI project/anomx/venv/lib/python3.12/site-packages/airflow/example_dags/example_python_operator.py
[2026-06-22T10:14:50.702+0300] {processor.py:830} INFO - Processing file /media/data/omar/programming course/DEPI/DEPI project/anomx/venv/lib/python3.12/site-packages/airflow/example_dags/example_python_operator.py for tasks to queue
[2026-06-22T10:14:50.703+0300] {logging_mixin.py:188} INFO - [2026-06-22T10:14:50.703+0300] {dagbag.py:540} INFO - Filling up the DagBag from /media/data/omar/programming course/DEPI/DEPI project/anomx/venv/lib/python3.12/site-packages/airflow/example_dags/example_python_operator.py
[2026-06-22T10:14:50.716+0300] {processor.py:840} INFO - DAG(s) 'example_python_operator' retrieved from /media/data/omar/programming course/DEPI/DEPI project/anomx/venv/lib/python3.12/site-packages/airflow/example_dags/example_python_operator.py
[2026-06-22T10:14:50.731+0300] {logging_mixin.py:188} INFO - [2026-06-22T10:14:50.731+0300] {dag.py:3096} INFO - Sync 1 DAGs
[2026-06-22T10:14:50.740+0300] {logging_mixin.py:188} INFO - [2026-06-22T10:14:50.740+0300] {dag.py:3954} INFO - Setting next_dagrun for example_python_operator to None, run_after=None
[2026-06-22T10:14:50.766+0300] {processor.py:183} INFO - Processing /media/data/omar/programming course/DEPI/DEPI project/anomx/venv/lib/python3.12/site-packages/airflow/example_dags/example_python_operator.py took 0.079 seconds
[2026-06-22T10:15:43.283+0300] {processor.py:161} INFO - Started process (PID=55074) to work on /media/data/omar/programming course/DEPI/DEPI project/anomx/venv/lib/python3.12/site-packages/airflow/example_dags/example_python_operator.py
[2026-06-22T10:15:43.284+0300] {processor.py:830} INFO - Processing file /media/data/omar/programming course/DEPI/DEPI project/anomx/venv/lib/python3.12/site-packages/airflow/example_dags/example_python_operator.py for tasks to queue
[2026-06-22T10:15:43.285+0300] {logging_mixin.py:188} INFO - [2026-06-22T10:15:43.284+0300] {dagbag.py:540} INFO - Filling up the DagBag from /media/data/omar/programming course/DEPI/DEPI project/anomx/venv/lib/python3.12/site-packages/airflow/example_dags/example_python_operator.py
[2026-06-22T10:15:43.301+0300] {processor.py:840} INFO - DAG(s) 'example_python_operator' retrieved from /media/data/omar/programming course/DEPI/DEPI project/anomx/venv/lib/python3.12/site-packages/airflow/example_dags/example_python_operator.py
[2026-06-22T10:15:43.319+0300] {logging_mixin.py:188} INFO - [2026-06-22T10:15:43.319+0300] {dag.py:3096} INFO - Sync 1 DAGs
[2026-06-22T10:15:43.328+0300] {logging_mixin.py:188} INFO - [2026-06-22T10:15:43.327+0300] {dag.py:3954} INFO - Setting next_dagrun for example_python_operator to None, run_after=None
[2026-06-22T10:15:43.809+0300] {processor.py:183} INFO - Processing /media/data/omar/programming course/DEPI/DEPI project/anomx/venv/lib/python3.12/site-packages/airflow/example_dags/example_python_operator.py took 0.534 seconds
[2026-06-22T10:16:39.954+0300] {processor.py:161} INFO - Started process (PID=55158) to work on /media/data/omar/programming course/DEPI/DEPI project/anomx/venv/lib/python3.12/site-packages/airflow/example_dags/example_python_operator.py
[2026-06-22T10:16:39.955+0300] {processor.py:830} INFO - Processing file /media/data/omar/programming course/DEPI/DEPI project/anomx/venv/lib/python3.12/site-packages/airflow/example_dags/example_python_operator.py for tasks to queue
[2026-06-22T10:16:39.957+0300] {logging_mixin.py:188} INFO - [2026-06-22T10:16:39.956+0300] {dagbag.py:540} INFO - Filling up the DagBag from /media/data/omar/programming course/DEPI/DEPI project/anomx/venv/lib/python3.12/site-packages/airflow/example_dags/example_python_operator.py
[2026-06-22T10:16:39.971+0300] {processor.py:840} INFO - DAG(s) 'example_python_operator' retrieved from /media/data/omar/programming course/DEPI/DEPI project/anomx/venv/lib/python3.12/site-packages/airflow/example_dags/example_python_operator.py
[2026-06-22T10:16:39.988+0300] {logging_mixin.py:188} INFO - [2026-06-22T10:16:39.987+0300] {dag.py:3096} INFO - Sync 1 DAGs
[2026-06-22T10:16:39.997+0300] {logging_mixin.py:188} INFO - [2026-06-22T10:16:39.997+0300] {dag.py:3954} INFO - Setting next_dagrun for example_python_operator to None, run_after=None
[2026-06-22T10:16:40.024+0300] {processor.py:183} INFO - Processing /media/data/omar/programming course/DEPI/DEPI project/anomx/venv/lib/python3.12/site-packages/airflow/example_dags/example_python_operator.py took 0.085 seconds
[2026-06-22T10:17:31.384+0300] {processor.py:161} INFO - Started process (PID=55248) to work on /media/data/omar/programming course/DEPI/DEPI project/anomx/venv/lib/python3.12/site-packages/airflow/example_dags/example_python_operator.py
[2026-06-22T10:17:31.385+0300] {processor.py:830} INFO - Processing file /media/data/omar/programming course/DEPI/DEPI project/anomx/venv/lib/python3.12/site-packages/airflow/example_dags/example_python_operator.py for tasks to queue
[2026-06-22T10:17:31.386+0300] {logging_mixin.py:188} INFO - [2026-06-22T10:17:31.386+0300] {dagbag.py:540} INFO - Filling up the DagBag from /media/data/omar/programming course/DEPI/DEPI project/anomx/venv/lib/python3.12/site-packages/airflow/example_dags/example_python_operator.py
[2026-06-22T10:17:31.397+0300] {processor.py:840} INFO - DAG(s) 'example_python_operator' retrieved from /media/data/omar/programming course/DEPI/DEPI project/anomx/venv/lib/python3.12/site-packages/airflow/example_dags/example_python_operator.py
[2026-06-22T10:17:31.412+0300] {logging_mixin.py:188} INFO - [2026-06-22T10:17:31.412+0300] {dag.py:3096} INFO - Sync 1 DAGs
[2026-06-22T10:17:31.421+0300] {logging_mixin.py:188} INFO - [2026-06-22T10:17:31.420+0300] {dag.py:3954} INFO - Setting next_dagrun for example_python_operator to None, run_after=None
[2026-06-22T10:17:31.446+0300] {processor.py:183} INFO - Processing /media/data/omar/programming course/DEPI/DEPI project/anomx/venv/lib/python3.12/site-packages/airflow/example_dags/example_python_operator.py took 0.069 seconds
[2026-06-22T10:18:22.580+0300] {processor.py:161} INFO - Started process (PID=55326) to work on /media/data/omar/programming course/DEPI/DEPI project/anomx/venv/lib/python3.12/site-packages/airflow/example_dags/example_python_operator.py
[2026-06-22T10:18:22.581+0300] {processor.py:830} INFO - Processing file /media/data/omar/programming course/DEPI/DEPI project/anomx/venv/lib/python3.12/site-packages/airflow/example_dags/example_python_operator.py for tasks to queue
[2026-06-22T10:18:22.583+0300] {logging_mixin.py:188} INFO - [2026-06-22T10:18:22.582+0300] {dagbag.py:540} INFO - Filling up the DagBag from /media/data/omar/programming course/DEPI/DEPI project/anomx/venv/lib/python3.12/site-packages/airflow/example_dags/example_python_operator.py
[2026-06-22T10:18:22.605+0300] {processor.py:840} INFO - DAG(s) 'example_python_operator' retrieved from /media/data/omar/programming course/DEPI/DEPI project/anomx/venv/lib/python3.12/site-packages/airflow/example_dags/example_python_operator.py
[2026-06-22T10:18:22.625+0300] {logging_mixin.py:188} INFO - [2026-06-22T10:18:22.624+0300] {dag.py:3096} INFO - Sync 1 DAGs
[2026-06-22T10:18:22.633+0300] {logging_mixin.py:188} INFO - [2026-06-22T10:18:22.633+0300] {dag.py:3954} INFO - Setting next_dagrun for example_python_operator to None, run_after=None
[2026-06-22T10:18:22.660+0300] {processor.py:183} INFO - Processing /media/data/omar/programming course/DEPI/DEPI project/anomx/venv/lib/python3.12/site-packages/airflow/example_dags/example_python_operator.py took 0.090 seconds
[2026-06-22T10:19:14.532+0300] {processor.py:161} INFO - Started process (PID=55402) to work on /media/data/omar/programming course/DEPI/DEPI project/anomx/venv/lib/python3.12/site-packages/airflow/example_dags/example_python_operator.py
[2026-06-22T10:19:14.533+0300] {processor.py:830} INFO - Processing file /media/data/omar/programming course/DEPI/DEPI project/anomx/venv/lib/python3.12/site-packages/airflow/example_dags/example_python_operator.py for tasks to queue
[2026-06-22T10:19:14.534+0300] {logging_mixin.py:188} INFO - [2026-06-22T10:19:14.533+0300] {dagbag.py:540} INFO - Filling up the DagBag from /media/data/omar/programming course/DEPI/DEPI project/anomx/venv/lib/python3.12/site-packages/airflow/example_dags/example_python_operator.py
[2026-06-22T10:19:14.543+0300] {processor.py:840} INFO - DAG(s) 'example_python_operator' retrieved from /media/data/omar/programming course/DEPI/DEPI project/anomx/venv/lib/python3.12/site-packages/airflow/example_dags/example_python_operator.py
[2026-06-22T10:19:14.558+0300] {logging_mixin.py:188} INFO - [2026-06-22T10:19:14.558+0300] {dag.py:3096} INFO - Sync 1 DAGs
[2026-06-22T10:19:14.567+0300] {logging_mixin.py:188} INFO - [2026-06-22T10:19:14.566+0300] {dag.py:3954} INFO - Setting next_dagrun for example_python_operator to None, run_after=None
[2026-06-22T10:19:14.592+0300] {processor.py:183} INFO - Processing /media/data/omar/programming course/DEPI/DEPI project/anomx/venv/lib/python3.12/site-packages/airflow/example_dags/example_python_operator.py took 0.065 seconds
[2026-06-22T10:20:06.174+0300] {processor.py:161} INFO - Started process (PID=55492) to work on /media/data/omar/programming course/DEPI/DEPI project/anomx/venv/lib/python3.12/site-packages/airflow/example_dags/example_python_operator.py
[2026-06-22T10:20:06.176+0300] {processor.py:830} INFO - Processing file /media/data/omar/programming course/DEPI/DEPI project/anomx/venv/lib/python3.12/site-packages/airflow/example_dags/example_python_operator.py for tasks to queue
[2026-06-22T10:20:06.178+0300] {logging_mixin.py:188} INFO - [2026-06-22T10:20:06.177+0300] {dagbag.py:540} INFO - Filling up the DagBag from /media/data/omar/programming course/DEPI/DEPI project/anomx/venv/lib/python3.12/site-packages/airflow/example_dags/example_python_operator.py
[2026-06-22T10:20:06.195+0300] {processor.py:840} INFO - DAG(s) 'example_python_operator' retrieved from /media/data/omar/programming course/DEPI/DEPI project/anomx/venv/lib/python3.12/site-packages/airflow/example_dags/example_python_operator.py
[2026-06-22T10:20:06.212+0300] {logging_mixin.py:188} INFO - [2026-06-22T10:20:06.212+0300] {dag.py:3096} INFO - Sync 1 DAGs
[2026-06-22T10:20:06.220+0300] {logging_mixin.py:188} INFO - [2026-06-22T10:20:06.220+0300] {dag.py:3954} INFO - Setting next_dagrun for example_python_operator to None, run_after=None
[2026-06-22T10:20:06.255+0300] {processor.py:183} INFO - Processing /media/data/omar/programming course/DEPI/DEPI project/anomx/venv/lib/python3.12/site-packages/airflow/example_dags/example_python_operator.py took 0.090 seconds
[2026-06-22T10:20:59.533+0300] {processor.py:161} INFO - Started process (PID=55584) to work on /media/data/omar/programming course/DEPI/DEPI project/anomx/venv/lib/python3.12/site-packages/airflow/example_dags/example_python_operator.py
[2026-06-22T10:20:59.534+0300] {processor.py:830} INFO - Processing file /media/data/omar/programming course/DEPI/DEPI project/anomx/venv/lib/python3.12/site-packages/airflow/example_dags/example_python_operator.py for tasks to queue
[2026-06-22T10:20:59.535+0300] {logging_mixin.py:188} INFO - [2026-06-22T10:20:59.535+0300] {dagbag.py:540} INFO - Filling up the DagBag from /media/data/omar/programming course/DEPI/DEPI project/anomx/venv/lib/python3.12/site-packages/airflow/example_dags/example_python_operator.py
[2026-06-22T10:20:59.547+0300] {processor.py:840} INFO - DAG(s) 'example_python_operator' retrieved from /media/data/omar/programming course/DEPI/DEPI project/anomx/venv/lib/python3.12/site-packages/airflow/example_dags/example_python_operator.py
[2026-06-22T10:20:59.564+0300] {logging_mixin.py:188} INFO - [2026-06-22T10:20:59.563+0300] {dag.py:3096} INFO - Sync 1 DAGs
[2026-06-22T10:20:59.572+0300] {logging_mixin.py:188} INFO - [2026-06-22T10:20:59.572+0300] {dag.py:3954} INFO - Setting next_dagrun for example_python_operator to None, run_after=None
[2026-06-22T10:20:59.598+0300] {processor.py:183} INFO - Processing /media/data/omar/programming course/DEPI/DEPI project/anomx/venv/lib/python3.12/site-packages/airflow/example_dags/example_python_operator.py took 0.071 seconds
[2026-06-22T10:21:54.190+0300] {processor.py:161} INFO - Started process (PID=55663) to work on /media/data/omar/programming course/DEPI/DEPI project/anomx/venv/lib/python3.12/site-packages/airflow/example_dags/example_python_operator.py
[2026-06-22T10:21:54.191+0300] {processor.py:830} INFO - Processing file /media/data/omar/programming course/DEPI/DEPI project/anomx/venv/lib/python3.12/site-packages/airflow/example_dags/example_python_operator.py for tasks to queue
[2026-06-22T10:21:54.193+0300] {logging_mixin.py:188} INFO - [2026-06-22T10:21:54.192+0300] {dagbag.py:540} INFO - Filling up the DagBag from /media/data/omar/programming course/DEPI/DEPI project/anomx/venv/lib/python3.12/site-packages/airflow/example_dags/example_python_operator.py
[2026-06-22T10:21:54.208+0300] {processor.py:840} INFO - DAG(s) 'example_python_operator' retrieved from /media/data/omar/programming course/DEPI/DEPI project/anomx/venv/lib/python3.12/site-packages/airflow/example_dags/example_python_operator.py
[2026-06-22T10:21:54.225+0300] {logging_mixin.py:188} INFO - [2026-06-22T10:21:54.224+0300] {dag.py:3096} INFO - Sync 1 DAGs
[2026-06-22T10:21:54.233+0300] {logging_mixin.py:188} INFO - [2026-06-22T10:21:54.233+0300] {dag.py:3954} INFO - Setting next_dagrun for example_python_operator to None, run_after=None
[2026-06-22T10:21:54.262+0300] {processor.py:183} INFO - Processing /media/data/omar/programming course/DEPI/DEPI project/anomx/venv/lib/python3.12/site-packages/airflow/example_dags/example_python_operator.py took 0.085 seconds
[2026-06-22T10:22:48.110+0300] {processor.py:161} INFO - Started process (PID=55757) to work on /media/data/omar/programming course/DEPI/DEPI project/anomx/venv/lib/python3.12/site-packages/airflow/example_dags/example_python_operator.py
[2026-06-22T10:22:48.111+0300] {processor.py:830} INFO - Processing file /media/data/omar/programming course/DEPI/DEPI project/anomx/venv/lib/python3.12/site-packages/airflow/example_dags/example_python_operator.py for tasks to queue
[2026-06-22T10:22:48.113+0300] {logging_mixin.py:188} INFO - [2026-06-22T10:22:48.112+0300] {dagbag.py:540} INFO - Filling up the DagBag from /media/data/omar/programming course/DEPI/DEPI project/anomx/venv/lib/python3.12/site-packages/airflow/example_dags/example_python_operator.py
[2026-06-22T10:22:48.127+0300] {processor.py:840} INFO - DAG(s) 'example_python_operator' retrieved from /media/data/omar/programming course/DEPI/DEPI project/anomx/venv/lib/python3.12/site-packages/airflow/example_dags/example_python_operator.py
[2026-06-22T10:22:48.144+0300] {logging_mixin.py:188} INFO - [2026-06-22T10:22:48.144+0300] {dag.py:3096} INFO - Sync 1 DAGs
[2026-06-22T10:22:48.153+0300] {logging_mixin.py:188} INFO - [2026-06-22T10:22:48.153+0300] {dag.py:3954} INFO - Setting next_dagrun for example_python_operator to None, run_after=None
[2026-06-22T10:22:48.181+0300] {processor.py:183} INFO - Processing /media/data/omar/programming course/DEPI/DEPI project/anomx/venv/lib/python3.12/site-packages/airflow/example_dags/example_python_operator.py took 0.078 seconds
[2026-06-22T10:23:41.371+0300] {processor.py:161} INFO - Started process (PID=55833) to work on /media/data/omar/programming course/DEPI/DEPI project/anomx/venv/lib/python3.12/site-packages/airflow/example_dags/example_python_operator.py
[2026-06-22T10:23:41.372+0300] {processor.py:830} INFO - Processing file /media/data/omar/programming course/DEPI/DEPI project/anomx/venv/lib/python3.12/site-packages/airflow/example_dags/example_python_operator.py for tasks to queue
[2026-06-22T10:23:41.374+0300] {logging_mixin.py:188} INFO - [2026-06-22T10:23:41.373+0300] {dagbag.py:540} INFO - Filling up the DagBag from /media/data/omar/programming course/DEPI/DEPI project/anomx/venv/lib/python3.12/site-packages/airflow/example_dags/example_python_operator.py
[2026-06-22T10:23:41.393+0300] {processor.py:840} INFO - DAG(s) 'example_python_operator' retrieved from /media/data/omar/programming course/DEPI/DEPI project/anomx/venv/lib/python3.12/site-packages/airflow/example_dags/example_python_operator.py
[2026-06-22T10:23:41.413+0300] {logging_mixin.py:188} INFO - [2026-06-22T10:23:41.413+0300] {dag.py:3096} INFO - Sync 1 DAGs
[2026-06-22T10:23:41.422+0300] {logging_mixin.py:188} INFO - [2026-06-22T10:23:41.421+0300] {dag.py:3954} INFO - Setting next_dagrun for example_python_operator to None, run_after=None
[2026-06-22T10:23:41.446+0300] {processor.py:183} INFO - Processing /media/data/omar/programming course/DEPI/DEPI project/anomx/venv/lib/python3.12/site-packages/airflow/example_dags/example_python_operator.py took 0.086 seconds
[2026-06-22T10:24:34.028+0300] {processor.py:161} INFO - Started process (PID=55923) to work on /media/data/omar/programming course/DEPI/DEPI project/anomx/venv/lib/python3.12/site-packages/airflow/example_dags/example_python_operator.py
[2026-06-22T10:24:34.029+0300] {processor.py:830} INFO - Processing file /media/data/omar/programming course/DEPI/DEPI project/anomx/venv/lib/python3.12/site-packages/airflow/example_dags/example_python_operator.py for tasks to queue
[2026-06-22T10:24:34.031+0300] {logging_mixin.py:188} INFO - [2026-06-22T10:24:34.030+0300] {dagbag.py:540} INFO - Filling up the DagBag from /media/data/omar/programming course/DEPI/DEPI project/anomx/venv/lib/python3.12/site-packages/airflow/example_dags/example_python_operator.py
[2026-06-22T10:24:34.048+0300] {processor.py:840} INFO - DAG(s) 'example_python_operator' retrieved from /media/data/omar/programming course/DEPI/DEPI project/anomx/venv/lib/python3.12/site-packages/airflow/example_dags/example_python_operator.py
[2026-06-22T10:24:34.067+0300] {logging_mixin.py:188} INFO - [2026-06-22T10:24:34.067+0300] {dag.py:3096} INFO - Sync 1 DAGs
[2026-06-22T10:24:34.076+0300] {logging_mixin.py:188} INFO - [2026-06-22T10:24:34.075+0300] {dag.py:3954} INFO - Setting next_dagrun for example_python_operator to None, run_after=None
[2026-06-22T10:24:34.103+0300] {processor.py:183} INFO - Processing /media/data/omar/programming course/DEPI/DEPI project/anomx/venv/lib/python3.12/site-packages/airflow/example_dags/example_python_operator.py took 0.083 seconds
[2026-06-22T10:25:31.629+0300] {processor.py:161} INFO - Started process (PID=56006) to work on /media/data/omar/programming course/DEPI/DEPI project/anomx/venv/lib/python3.12/site-packages/airflow/example_dags/example_python_operator.py
[2026-06-22T10:25:31.630+0300] {processor.py:830} INFO - Processing file /media/data/omar/programming course/DEPI/DEPI project/anomx/venv/lib/python3.12/site-packages/airflow/example_dags/example_python_operator.py for tasks to queue
[2026-06-22T10:25:31.631+0300] {logging_mixin.py:188} INFO - [2026-06-22T10:25:31.630+0300] {dagbag.py:540} INFO - Filling up the DagBag from /media/data/omar/programming course/DEPI/DEPI project/anomx/venv/lib/python3.12/site-packages/airflow/example_dags/example_python_operator.py
[2026-06-22T10:25:31.642+0300] {processor.py:840} INFO - DAG(s) 'example_python_operator' retrieved from /media/data/omar/programming course/DEPI/DEPI project/anomx/venv/lib/python3.12/site-packages/airflow/example_dags/example_python_operator.py
[2026-06-22T10:25:31.657+0300] {logging_mixin.py:188} INFO - [2026-06-22T10:25:31.657+0300] {dag.py:3096} INFO - Sync 1 DAGs
[2026-06-22T10:25:31.666+0300] {logging_mixin.py:188} INFO - [2026-06-22T10:25:31.665+0300] {dag.py:3954} INFO - Setting next_dagrun for example_python_operator to None, run_after=None
[2026-06-22T10:25:31.691+0300] {processor.py:183} INFO - Processing /media/data/omar/programming course/DEPI/DEPI project/anomx/venv/lib/python3.12/site-packages/airflow/example_dags/example_python_operator.py took 0.070 seconds
[2026-06-22T10:26:24.965+0300] {processor.py:161} INFO - Started process (PID=56087) to work on /media/data/omar/programming course/DEPI/DEPI project/anomx/venv/lib/python3.12/site-packages/airflow/example_dags/example_python_operator.py
[2026-06-22T10:26:24.967+0300] {processor.py:830} INFO - Processing file /media/data/omar/programming course/DEPI/DEPI project/anomx/venv/lib/python3.12/site-packages/airflow/example_dags/example_python_operator.py for tasks to queue
[2026-06-22T10:26:24.970+0300] {logging_mixin.py:188} INFO - [2026-06-22T10:26:24.968+0300] {dagbag.py:540} INFO - Filling up the DagBag from /media/data/omar/programming course/DEPI/DEPI project/anomx/venv/lib/python3.12/site-packages/airflow/example_dags/example_python_operator.py
[2026-06-22T10:26:24.990+0300] {processor.py:840} INFO - DAG(s) 'example_python_operator' retrieved from /media/data/omar/programming course/DEPI/DEPI project/anomx/venv/lib/python3.12/site-packages/airflow/example_dags/example_python_operator.py
[2026-06-22T10:26:25.007+0300] {logging_mixin.py:188} INFO - [2026-06-22T10:26:25.007+0300] {dag.py:3096} INFO - Sync 1 DAGs
[2026-06-22T10:26:25.017+0300] {logging_mixin.py:188} INFO - [2026-06-22T10:26:25.016+0300] {dag.py:3954} INFO - Setting next_dagrun for example_python_operator to None, run_after=None
[2026-06-22T10:26:25.043+0300] {processor.py:183} INFO - Processing /media/data/omar/programming course/DEPI/DEPI project/anomx/venv/lib/python3.12/site-packages/airflow/example_dags/example_python_operator.py took 0.093 seconds
[2026-06-22T10:27:14.235+0300] {processor.py:161} INFO - Started process (PID=56174) to work on /media/data/omar/programming course/DEPI/DEPI project/anomx/venv/lib/python3.12/site-packages/airflow/example_dags/example_python_operator.py
[2026-06-22T10:27:14.237+0300] {processor.py:830} INFO - Processing file /media/data/omar/programming course/DEPI/DEPI project/anomx/venv/lib/python3.12/site-packages/airflow/example_dags/example_python_operator.py for tasks to queue
[2026-06-22T10:27:14.239+0300] {logging_mixin.py:188} INFO - [2026-06-22T10:27:14.238+0300] {dagbag.py:540} INFO - Filling up the DagBag from /media/data/omar/programming course/DEPI/DEPI project/anomx/venv/lib/python3.12/site-packages/airflow/example_dags/example_python_operator.py
[2026-06-22T10:27:14.258+0300] {processor.py:840} INFO - DAG(s) 'example_python_operator' retrieved from /media/data/omar/programming course/DEPI/DEPI project/anomx/venv/lib/python3.12/site-packages/airflow/example_dags/example_python_operator.py
[2026-06-22T10:27:14.276+0300] {logging_mixin.py:188} INFO - [2026-06-22T10:27:14.275+0300] {dag.py:3096} INFO - Sync 1 DAGs
[2026-06-22T10:27:14.284+0300] {logging_mixin.py:188} INFO - [2026-06-22T10:27:14.284+0300] {dag.py:3954} INFO - Setting next_dagrun for example_python_operator to None, run_after=None
[2026-06-22T10:27:14.309+0300] {processor.py:183} INFO - Processing /media/data/omar/programming course/DEPI/DEPI project/anomx/venv/lib/python3.12/site-packages/airflow/example_dags/example_python_operator.py took 0.087 seconds
[2026-06-22T10:28:04.609+0300] {processor.py:161} INFO - Started process (PID=56248) to work on /media/data/omar/programming course/DEPI/DEPI project/anomx/venv/lib/python3.12/site-packages/airflow/example_dags/example_python_operator.py
[2026-06-22T10:28:04.610+0300] {processor.py:830} INFO - Processing file /media/data/omar/programming course/DEPI/DEPI project/anomx/venv/lib/python3.12/site-packages/airflow/example_dags/example_python_operator.py for tasks to queue
[2026-06-22T10:28:04.611+0300] {logging_mixin.py:188} INFO - [2026-06-22T10:28:04.611+0300] {dagbag.py:540} INFO - Filling up the DagBag from /media/data/omar/programming course/DEPI/DEPI project/anomx/venv/lib/python3.12/site-packages/airflow/example_dags/example_python_operator.py
[2026-06-22T10:28:04.630+0300] {processor.py:840} INFO - DAG(s) 'example_python_operator' retrieved from /media/data/omar/programming course/DEPI/DEPI project/anomx/venv/lib/python3.12/site-packages/airflow/example_dags/example_python_operator.py
[2026-06-22T10:28:04.648+0300] {logging_mixin.py:188} INFO - [2026-06-22T10:28:04.648+0300] {dag.py:3096} INFO - Sync 1 DAGs
[2026-06-22T10:28:04.657+0300] {logging_mixin.py:188} INFO - [2026-06-22T10:28:04.656+0300] {dag.py:3954} INFO - Setting next_dagrun for example_python_operator to None, run_after=None
[2026-06-22T10:28:04.685+0300] {processor.py:183} INFO - Processing /media/data/omar/programming course/DEPI/DEPI project/anomx/venv/lib/python3.12/site-packages/airflow/example_dags/example_python_operator.py took 0.084 seconds
[2026-06-22T10:28:57.347+0300] {processor.py:161} INFO - Started process (PID=56329) to work on /media/data/omar/programming course/DEPI/DEPI project/anomx/venv/lib/python3.12/site-packages/airflow/example_dags/example_python_operator.py
[2026-06-22T10:28:57.348+0300] {processor.py:830} INFO - Processing file /media/data/omar/programming course/DEPI/DEPI project/anomx/venv/lib/python3.12/site-packages/airflow/example_dags/example_python_operator.py for tasks to queue
[2026-06-22T10:28:57.350+0300] {logging_mixin.py:188} INFO - [2026-06-22T10:28:57.349+0300] {dagbag.py:540} INFO - Filling up the DagBag from /media/data/omar/programming course/DEPI/DEPI project/anomx/venv/lib/python3.12/site-packages/airflow/example_dags/example_python_operator.py
[2026-06-22T10:28:57.363+0300] {processor.py:840} INFO - DAG(s) 'example_python_operator' retrieved from /media/data/omar/programming course/DEPI/DEPI project/anomx/venv/lib/python3.12/site-packages/airflow/example_dags/example_python_operator.py
[2026-06-22T10:28:57.381+0300] {logging_mixin.py:188} INFO - [2026-06-22T10:28:57.381+0300] {dag.py:3096} INFO - Sync 1 DAGs
[2026-06-22T10:28:57.390+0300] {logging_mixin.py:188} INFO - [2026-06-22T10:28:57.390+0300] {dag.py:3954} INFO - Setting next_dagrun for example_python_operator to None, run_after=None
[2026-06-22T10:28:57.416+0300] {processor.py:183} INFO - Processing /media/data/omar/programming course/DEPI/DEPI project/anomx/venv/lib/python3.12/site-packages/airflow/example_dags/example_python_operator.py took 0.076 seconds
[2026-06-22T10:29:48.930+0300] {processor.py:161} INFO - Started process (PID=56414) to work on /media/data/omar/programming course/DEPI/DEPI project/anomx/venv/lib/python3.12/site-packages/airflow/example_dags/example_python_operator.py
[2026-06-22T10:29:48.931+0300] {processor.py:830} INFO - Processing file /media/data/omar/programming course/DEPI/DEPI project/anomx/venv/lib/python3.12/site-packages/airflow/example_dags/example_python_operator.py for tasks to queue
[2026-06-22T10:29:48.932+0300] {logging_mixin.py:188} INFO - [2026-06-22T10:29:48.931+0300] {dagbag.py:540} INFO - Filling up the DagBag from /media/data/omar/programming course/DEPI/DEPI project/anomx/venv/lib/python3.12/site-packages/airflow/example_dags/example_python_operator.py
[2026-06-22T10:29:48.944+0300] {processor.py:840} INFO - DAG(s) 'example_python_operator' retrieved from /media/data/omar/programming course/DEPI/DEPI project/anomx/venv/lib/python3.12/site-packages/airflow/example_dags/example_python_operator.py
[2026-06-22T10:29:48.961+0300] {logging_mixin.py:188} INFO - [2026-06-22T10:29:48.961+0300] {dag.py:3096} INFO - Sync 1 DAGs
[2026-06-22T10:29:48.970+0300] {logging_mixin.py:188} INFO - [2026-06-22T10:29:48.970+0300] {dag.py:3954} INFO - Setting next_dagrun for example_python_operator to None, run_after=None
[2026-06-22T10:29:48.999+0300] {processor.py:183} INFO - Processing /media/data/omar/programming course/DEPI/DEPI project/anomx/venv/lib/python3.12/site-packages/airflow/example_dags/example_python_operator.py took 0.076 seconds
[2026-06-22T10:30:46.118+0300] {processor.py:161} INFO - Started process (PID=56501) to work on /media/data/omar/programming course/DEPI/DEPI project/anomx/venv/lib/python3.12/site-packages/airflow/example_dags/example_python_operator.py
[2026-06-22T10:30:46.119+0300] {processor.py:830} INFO - Processing file /media/data/omar/programming course/DEPI/DEPI project/anomx/venv/lib/python3.12/site-packages/airflow/example_dags/example_python_operator.py for tasks to queue
[2026-06-22T10:30:46.120+0300] {logging_mixin.py:188} INFO - [2026-06-22T10:30:46.119+0300] {dagbag.py:540} INFO - Filling up the DagBag from /media/data/omar/programming course/DEPI/DEPI project/anomx/venv/lib/python3.12/site-packages/airflow/example_dags/example_python_operator.py
[2026-06-22T10:30:46.130+0300] {processor.py:840} INFO - DAG(s) 'example_python_operator' retrieved from /media/data/omar/programming course/DEPI/DEPI project/anomx/venv/lib/python3.12/site-packages/airflow/example_dags/example_python_operator.py
[2026-06-22T10:30:46.146+0300] {logging_mixin.py:188} INFO - [2026-06-22T10:30:46.145+0300] {dag.py:3096} INFO - Sync 1 DAGs
[2026-06-22T10:30:46.154+0300] {logging_mixin.py:188} INFO - [2026-06-22T10:30:46.154+0300] {dag.py:3954} INFO - Setting next_dagrun for example_python_operator to None, run_after=None
[2026-06-22T10:30:46.182+0300] {processor.py:183} INFO - Processing /media/data/omar/programming course/DEPI/DEPI project/anomx/venv/lib/python3.12/site-packages/airflow/example_dags/example_python_operator.py took 0.071 seconds
[2026-06-22T10:31:39.539+0300] {processor.py:161} INFO - Started process (PID=56581) to work on /media/data/omar/programming course/DEPI/DEPI project/anomx/venv/lib/python3.12/site-packages/airflow/example_dags/example_python_operator.py
[2026-06-22T10:31:39.540+0300] {processor.py:830} INFO - Processing file /media/data/omar/programming course/DEPI/DEPI project/anomx/venv/lib/python3.12/site-packages/airflow/example_dags/example_python_operator.py for tasks to queue
[2026-06-22T10:31:39.541+0300] {logging_mixin.py:188} INFO - [2026-06-22T10:31:39.541+0300] {dagbag.py:540} INFO - Filling up the DagBag from /media/data/omar/programming course/DEPI/DEPI project/anomx/venv/lib/python3.12/site-packages/airflow/example_dags/example_python_operator.py
[2026-06-22T10:31:39.555+0300] {processor.py:840} INFO - DAG(s) 'example_python_operator' retrieved from /media/data/omar/programming course/DEPI/DEPI project/anomx/venv/lib/python3.12/site-packages/airflow/example_dags/example_python_operator.py
[2026-06-22T10:31:39.571+0300] {logging_mixin.py:188} INFO - [2026-06-22T10:31:39.571+0300] {dag.py:3096} INFO - Sync 1 DAGs
[2026-06-22T10:31:39.580+0300] {logging_mixin.py:188} INFO - [2026-06-22T10:31:39.579+0300] {dag.py:3954} INFO - Setting next_dagrun for example_python_operator to None, run_after=None
[2026-06-22T10:31:39.614+0300] {processor.py:183} INFO - Processing /media/data/omar/programming course/DEPI/DEPI project/anomx/venv/lib/python3.12/site-packages/airflow/example_dags/example_python_operator.py took 0.083 seconds
[2026-06-22T10:32:31.640+0300] {processor.py:161} INFO - Started process (PID=56661) to work on /media/data/omar/programming course/DEPI/DEPI project/anomx/venv/lib/python3.12/site-packages/airflow/example_dags/example_python_operator.py
[2026-06-22T10:32:31.641+0300] {processor.py:830} INFO - Processing file /media/data/omar/programming course/DEPI/DEPI project/anomx/venv/lib/python3.12/site-packages/airflow/example_dags/example_python_operator.py for tasks to queue
[2026-06-22T10:32:31.643+0300] {logging_mixin.py:188} INFO - [2026-06-22T10:32:31.642+0300] {dagbag.py:540} INFO - Filling up the DagBag from /media/data/omar/programming course/DEPI/DEPI project/anomx/venv/lib/python3.12/site-packages/airflow/example_dags/example_python_operator.py
[2026-06-22T10:32:31.665+0300] {processor.py:840} INFO - DAG(s) 'example_python_operator' retrieved from /media/data/omar/programming course/DEPI/DEPI project/anomx/venv/lib/python3.12/site-packages/airflow/example_dags/example_python_operator.py
[2026-06-22T10:32:31.691+0300] {logging_mixin.py:188} INFO - [2026-06-22T10:32:31.691+0300] {dag.py:3096} INFO - Sync 1 DAGs
[2026-06-22T10:32:31.700+0300] {logging_mixin.py:188} INFO - [2026-06-22T10:32:31.700+0300] {dag.py:3954} INFO - Setting next_dagrun for example_python_operator to None, run_after=None
[2026-06-22T10:32:31.732+0300] {processor.py:183} INFO - Processing /media/data/omar/programming course/DEPI/DEPI project/anomx/venv/lib/python3.12/site-packages/airflow/example_dags/example_python_operator.py took 0.103 seconds
[2026-06-22T10:33:24.460+0300] {processor.py:161} INFO - Started process (PID=56747) to work on /media/data/omar/programming course/DEPI/DEPI project/anomx/venv/lib/python3.12/site-packages/airflow/example_dags/example_python_operator.py
[2026-06-22T10:33:24.463+0300] {processor.py:830} INFO - Processing file /media/data/omar/programming course/DEPI/DEPI project/anomx/venv/lib/python3.12/site-packages/airflow/example_dags/example_python_operator.py for tasks to queue
[2026-06-22T10:33:24.467+0300] {logging_mixin.py:188} INFO - [2026-06-22T10:33:24.465+0300] {dagbag.py:540} INFO - Filling up the DagBag from /media/data/omar/programming course/DEPI/DEPI project/anomx/venv/lib/python3.12/site-packages/airflow/example_dags/example_python_operator.py
[2026-06-22T10:33:24.488+0300] {processor.py:840} INFO - DAG(s) 'example_python_operator' retrieved from /media/data/omar/programming course/DEPI/DEPI project/anomx/venv/lib/python3.12/site-packages/airflow/example_dags/example_python_operator.py
[2026-06-22T10:33:24.510+0300] {logging_mixin.py:188} INFO - [2026-06-22T10:33:24.510+0300] {dag.py:3096} INFO - Sync 1 DAGs
[2026-06-22T10:33:24.519+0300] {logging_mixin.py:188} INFO - [2026-06-22T10:33:24.518+0300] {dag.py:3954} INFO - Setting next_dagrun for example_python_operator to None, run_after=None
[2026-06-22T10:33:24.546+0300] {processor.py:183} INFO - Processing /media/data/omar/programming course/DEPI/DEPI project/anomx/venv/lib/python3.12/site-packages/airflow/example_dags/example_python_operator.py took 0.104 seconds
[2026-06-22T10:34:18.420+0300] {processor.py:161} INFO - Started process (PID=56841) to work on /media/data/omar/programming course/DEPI/DEPI project/anomx/venv/lib/python3.12/site-packages/airflow/example_dags/example_python_operator.py
[2026-06-22T10:34:18.421+0300] {processor.py:830} INFO - Processing file /media/data/omar/programming course/DEPI/DEPI project/anomx/venv/lib/python3.12/site-packages/airflow/example_dags/example_python_operator.py for tasks to queue
[2026-06-22T10:34:18.422+0300] {logging_mixin.py:188} INFO - [2026-06-22T10:34:18.422+0300] {dagbag.py:540} INFO - Filling up the DagBag from /media/data/omar/programming course/DEPI/DEPI project/anomx/venv/lib/python3.12/site-packages/airflow/example_dags/example_python_operator.py
[2026-06-22T10:34:18.434+0300] {processor.py:840} INFO - DAG(s) 'example_python_operator' retrieved from /media/data/omar/programming course/DEPI/DEPI project/anomx/venv/lib/python3.12/site-packages/airflow/example_dags/example_python_operator.py
[2026-06-22T10:34:18.451+0300] {logging_mixin.py:188} INFO - [2026-06-22T10:34:18.451+0300] {dag.py:3096} INFO - Sync 1 DAGs
[2026-06-22T10:34:18.460+0300] {logging_mixin.py:188} INFO - [2026-06-22T10:34:18.460+0300] {dag.py:3954} INFO - Setting next_dagrun for example_python_operator to None, run_after=None
[2026-06-22T10:34:18.487+0300] {processor.py:183} INFO - Processing /media/data/omar/programming course/DEPI/DEPI project/anomx/venv/lib/python3.12/site-packages/airflow/example_dags/example_python_operator.py took 0.073 seconds
[2026-06-22T10:35:12.765+0300] {processor.py:161} INFO - Started process (PID=56922) to work on /media/data/omar/programming course/DEPI/DEPI project/anomx/venv/lib/python3.12/site-packages/airflow/example_dags/example_python_operator.py
[2026-06-22T10:35:12.766+0300] {processor.py:830} INFO - Processing file /media/data/omar/programming course/DEPI/DEPI project/anomx/venv/lib/python3.12/site-packages/airflow/example_dags/example_python_operator.py for tasks to queue
[2026-06-22T10:35:12.769+0300] {logging_mixin.py:188} INFO - [2026-06-22T10:35:12.768+0300] {dagbag.py:540} INFO - Filling up the DagBag from /media/data/omar/programming course/DEPI/DEPI project/anomx/venv/lib/python3.12/site-packages/airflow/example_dags/example_python_operator.py
[2026-06-22T10:35:12.786+0300] {processor.py:840} INFO - DAG(s) 'example_python_operator' retrieved from /media/data/omar/programming course/DEPI/DEPI project/anomx/venv/lib/python3.12/site-packages/airflow/example_dags/example_python_operator.py
[2026-06-22T10:35:12.802+0300] {logging_mixin.py:188} INFO - [2026-06-22T10:35:12.802+0300] {dag.py:3096} INFO - Sync 1 DAGs
[2026-06-22T10:35:12.811+0300] {logging_mixin.py:188} INFO - [2026-06-22T10:35:12.811+0300] {dag.py:3954} INFO - Setting next_dagrun for example_python_operator to None, run_after=None
[2026-06-22T10:35:12.840+0300] {processor.py:183} INFO - Processing /media/data/omar/programming course/DEPI/DEPI project/anomx/venv/lib/python3.12/site-packages/airflow/example_dags/example_python_operator.py took 0.088 seconds
[2026-06-22T10:36:08.421+0300] {processor.py:161} INFO - Started process (PID=57001) to work on /media/data/omar/programming course/DEPI/DEPI project/anomx/venv/lib/python3.12/site-packages/airflow/example_dags/example_python_operator.py
[2026-06-22T10:36:08.422+0300] {processor.py:830} INFO - Processing file /media/data/omar/programming course/DEPI/DEPI project/anomx/venv/lib/python3.12/site-packages/airflow/example_dags/example_python_operator.py for tasks to queue
[2026-06-22T10:36:08.423+0300] {logging_mixin.py:188} INFO - [2026-06-22T10:36:08.423+0300] {dagbag.py:540} INFO - Filling up the DagBag from /media/data/omar/programming course/DEPI/DEPI project/anomx/venv/lib/python3.12/site-packages/airflow/example_dags/example_python_operator.py
[2026-06-22T10:36:08.433+0300] {processor.py:840} INFO - DAG(s) 'example_python_operator' retrieved from /media/data/omar/programming course/DEPI/DEPI project/anomx/venv/lib/python3.12/site-packages/airflow/example_dags/example_python_operator.py
[2026-06-22T10:36:08.449+0300] {logging_mixin.py:188} INFO - [2026-06-22T10:36:08.448+0300] {dag.py:3096} INFO - Sync 1 DAGs
[2026-06-22T10:36:08.458+0300] {logging_mixin.py:188} INFO - [2026-06-22T10:36:08.457+0300] {dag.py:3954} INFO - Setting next_dagrun for example_python_operator to None, run_after=None
[2026-06-22T10:36:08.483+0300] {processor.py:183} INFO - Processing /media/data/omar/programming course/DEPI/DEPI project/anomx/venv/lib/python3.12/site-packages/airflow/example_dags/example_python_operator.py took 0.067 seconds
[2026-06-22T10:37:02.875+0300] {processor.py:161} INFO - Started process (PID=57091) to work on /media/data/omar/programming course/DEPI/DEPI project/anomx/venv/lib/python3.12/site-packages/airflow/example_dags/example_python_operator.py
[2026-06-22T10:37:02.877+0300] {processor.py:830} INFO - Processing file /media/data/omar/programming course/DEPI/DEPI project/anomx/venv/lib/python3.12/site-packages/airflow/example_dags/example_python_operator.py for tasks to queue
[2026-06-22T10:37:02.879+0300] {logging_mixin.py:188} INFO - [2026-06-22T10:37:02.878+0300] {dagbag.py:540} INFO - Filling up the DagBag from /media/data/omar/programming course/DEPI/DEPI project/anomx/venv/lib/python3.12/site-packages/airflow/example_dags/example_python_operator.py
[2026-06-22T10:37:02.895+0300] {processor.py:840} INFO - DAG(s) 'example_python_operator' retrieved from /media/data/omar/programming course/DEPI/DEPI project/anomx/venv/lib/python3.12/site-packages/airflow/example_dags/example_python_operator.py
[2026-06-22T10:37:02.910+0300] {logging_mixin.py:188} INFO - [2026-06-22T10:37:02.910+0300] {dag.py:3096} INFO - Sync 1 DAGs
[2026-06-22T10:37:02.919+0300] {logging_mixin.py:188} INFO - [2026-06-22T10:37:02.919+0300] {dag.py:3954} INFO - Setting next_dagrun for example_python_operator to None, run_after=None
[2026-06-22T10:37:02.945+0300] {processor.py:183} INFO - Processing /media/data/omar/programming course/DEPI/DEPI project/anomx/venv/lib/python3.12/site-packages/airflow/example_dags/example_python_operator.py took 0.088 seconds
[2026-06-22T10:37:54.246+0300] {processor.py:161} INFO - Started process (PID=57167) to work on /media/data/omar/programming course/DEPI/DEPI project/anomx/venv/lib/python3.12/site-packages/airflow/example_dags/example_python_operator.py
[2026-06-22T10:37:54.247+0300] {processor.py:830} INFO - Processing file /media/data/omar/programming course/DEPI/DEPI project/anomx/venv/lib/python3.12/site-packages/airflow/example_dags/example_python_operator.py for tasks to queue
[2026-06-22T10:37:54.248+0300] {logging_mixin.py:188} INFO - [2026-06-22T10:37:54.247+0300] {dagbag.py:540} INFO - Filling up the DagBag from /media/data/omar/programming course/DEPI/DEPI project/anomx/venv/lib/python3.12/site-packages/airflow/example_dags/example_python_operator.py
[2026-06-22T10:37:54.259+0300] {processor.py:840} INFO - DAG(s) 'example_python_operator' retrieved from /media/data/omar/programming course/DEPI/DEPI project/anomx/venv/lib/python3.12/site-packages/airflow/example_dags/example_python_operator.py
[2026-06-22T10:37:54.276+0300] {logging_mixin.py:188} INFO - [2026-06-22T10:37:54.276+0300] {dag.py:3096} INFO - Sync 1 DAGs
[2026-06-22T10:37:54.285+0300] {logging_mixin.py:188} INFO - [2026-06-22T10:37:54.284+0300] {dag.py:3954} INFO - Setting next_dagrun for example_python_operator to None, run_after=None
[2026-06-22T10:37:54.311+0300] {processor.py:183} INFO - Processing /media/data/omar/programming course/DEPI/DEPI project/anomx/venv/lib/python3.12/site-packages/airflow/example_dags/example_python_operator.py took 0.071 seconds
[2026-06-22T10:38:46.240+0300] {processor.py:161} INFO - Started process (PID=57245) to work on /media/data/omar/programming course/DEPI/DEPI project/anomx/venv/lib/python3.12/site-packages/airflow/example_dags/example_python_operator.py
[2026-06-22T10:38:46.241+0300] {processor.py:830} INFO - Processing file /media/data/omar/programming course/DEPI/DEPI project/anomx/venv/lib/python3.12/site-packages/airflow/example_dags/example_python_operator.py for tasks to queue
[2026-06-22T10:38:46.243+0300] {logging_mixin.py:188} INFO - [2026-06-22T10:38:46.242+0300] {dagbag.py:540} INFO - Filling up the DagBag from /media/data/omar/programming course/DEPI/DEPI project/anomx/venv/lib/python3.12/site-packages/airflow/example_dags/example_python_operator.py
[2026-06-22T10:38:46.259+0300] {processor.py:840} INFO - DAG(s) 'example_python_operator' retrieved from /media/data/omar/programming course/DEPI/DEPI project/anomx/venv/lib/python3.12/site-packages/airflow/example_dags/example_python_operator.py
[2026-06-22T10:38:46.276+0300] {logging_mixin.py:188} INFO - [2026-06-22T10:38:46.275+0300] {dag.py:3096} INFO - Sync 1 DAGs
[2026-06-22T10:38:46.284+0300] {logging_mixin.py:188} INFO - [2026-06-22T10:38:46.284+0300] {dag.py:3954} INFO - Setting next_dagrun for example_python_operator to None, run_after=None
[2026-06-22T10:38:46.310+0300] {processor.py:183} INFO - Processing /media/data/omar/programming course/DEPI/DEPI project/anomx/venv/lib/python3.12/site-packages/airflow/example_dags/example_python_operator.py took 0.081 seconds
[2026-06-22T10:39:41.184+0300] {processor.py:161} INFO - Started process (PID=57323) to work on /media/data/omar/programming course/DEPI/DEPI project/anomx/venv/lib/python3.12/site-packages/airflow/example_dags/example_python_operator.py
[2026-06-22T10:39:41.185+0300] {processor.py:830} INFO - Processing file /media/data/omar/programming course/DEPI/DEPI project/anomx/venv/lib/python3.12/site-packages/airflow/example_dags/example_python_operator.py for tasks to queue
[2026-06-22T10:39:41.187+0300] {logging_mixin.py:188} INFO - [2026-06-22T10:39:41.186+0300] {dagbag.py:540} INFO - Filling up the DagBag from /media/data/omar/programming course/DEPI/DEPI project/anomx/venv/lib/python3.12/site-packages/airflow/example_dags/example_python_operator.py
[2026-06-22T10:39:41.201+0300] {processor.py:840} INFO - DAG(s) 'example_python_operator' retrieved from /media/data/omar/programming course/DEPI/DEPI project/anomx/venv/lib/python3.12/site-packages/airflow/example_dags/example_python_operator.py
[2026-06-22T10:39:41.217+0300] {logging_mixin.py:188} INFO - [2026-06-22T10:39:41.217+0300] {dag.py:3096} INFO - Sync 1 DAGs
[2026-06-22T10:39:41.225+0300] {logging_mixin.py:188} INFO - [2026-06-22T10:39:41.225+0300] {dag.py:3954} INFO - Setting next_dagrun for example_python_operator to None, run_after=None
[2026-06-22T10:39:41.261+0300] {processor.py:183} INFO - Processing /media/data/omar/programming course/DEPI/DEPI project/anomx/venv/lib/python3.12/site-packages/airflow/example_dags/example_python_operator.py took 0.087 seconds
[2026-06-22T10:40:34.910+0300] {processor.py:161} INFO - Started process (PID=57410) to work on /media/data/omar/programming course/DEPI/DEPI project/anomx/venv/lib/python3.12/site-packages/airflow/example_dags/example_python_operator.py
[2026-06-22T10:40:34.911+0300] {processor.py:830} INFO - Processing file /media/data/omar/programming course/DEPI/DEPI project/anomx/venv/lib/python3.12/site-packages/airflow/example_dags/example_python_operator.py for tasks to queue
[2026-06-22T10:40:34.913+0300] {logging_mixin.py:188} INFO - [2026-06-22T10:40:34.912+0300] {dagbag.py:540} INFO - Filling up the DagBag from /media/data/omar/programming course/DEPI/DEPI project/anomx/venv/lib/python3.12/site-packages/airflow/example_dags/example_python_operator.py
[2026-06-22T10:40:34.929+0300] {processor.py:840} INFO - DAG(s) 'example_python_operator' retrieved from /media/data/omar/programming course/DEPI/DEPI project/anomx/venv/lib/python3.12/site-packages/airflow/example_dags/example_python_operator.py
[2026-06-22T10:40:34.947+0300] {logging_mixin.py:188} INFO - [2026-06-22T10:40:34.946+0300] {dag.py:3096} INFO - Sync 1 DAGs
[2026-06-22T10:40:34.956+0300] {logging_mixin.py:188} INFO - [2026-06-22T10:40:34.956+0300] {dag.py:3954} INFO - Setting next_dagrun for example_python_operator to None, run_after=None
[2026-06-22T10:40:34.995+0300] {processor.py:183} INFO - Processing /media/data/omar/programming course/DEPI/DEPI project/anomx/venv/lib/python3.12/site-packages/airflow/example_dags/example_python_operator.py took 0.099 seconds
[2026-06-22T10:41:29.503+0300] {processor.py:161} INFO - Started process (PID=57500) to work on /media/data/omar/programming course/DEPI/DEPI project/anomx/venv/lib/python3.12/site-packages/airflow/example_dags/example_python_operator.py
[2026-06-22T10:41:29.504+0300] {processor.py:830} INFO - Processing file /media/data/omar/programming course/DEPI/DEPI project/anomx/venv/lib/python3.12/site-packages/airflow/example_dags/example_python_operator.py for tasks to queue
[2026-06-22T10:41:29.504+0300] {logging_mixin.py:188} INFO - [2026-06-22T10:41:29.504+0300] {dagbag.py:540} INFO - Filling up the DagBag from /media/data/omar/programming course/DEPI/DEPI project/anomx/venv/lib/python3.12/site-packages/airflow/example_dags/example_python_operator.py
[2026-06-22T10:41:29.514+0300] {processor.py:840} INFO - DAG(s) 'example_python_operator' retrieved from /media/data/omar/programming course/DEPI/DEPI project/anomx/venv/lib/python3.12/site-packages/airflow/example_dags/example_python_operator.py
[2026-06-22T10:41:29.609+0300] {logging_mixin.py:188} INFO - [2026-06-22T10:41:29.608+0300] {dag.py:3096} INFO - Sync 1 DAGs
[2026-06-22T10:41:29.617+0300] {logging_mixin.py:188} INFO - [2026-06-22T10:41:29.616+0300] {dag.py:3954} INFO - Setting next_dagrun for example_python_operator to None, run_after=None
[2026-06-22T10:41:29.641+0300] {processor.py:183} INFO - Processing /media/data/omar/programming course/DEPI/DEPI project/anomx/venv/lib/python3.12/site-packages/airflow/example_dags/example_python_operator.py took 0.144 seconds
[2026-06-22T10:42:24.535+0300] {processor.py:161} INFO - Started process (PID=57580) to work on /media/data/omar/programming course/DEPI/DEPI project/anomx/venv/lib/python3.12/site-packages/airflow/example_dags/example_python_operator.py
[2026-06-22T10:42:24.536+0300] {processor.py:830} INFO - Processing file /media/data/omar/programming course/DEPI/DEPI project/anomx/venv/lib/python3.12/site-packages/airflow/example_dags/example_python_operator.py for tasks to queue
[2026-06-22T10:42:24.537+0300] {logging_mixin.py:188} INFO - [2026-06-22T10:42:24.537+0300] {dagbag.py:540} INFO - Filling up the DagBag from /media/data/omar/programming course/DEPI/DEPI project/anomx/venv/lib/python3.12/site-packages/airflow/example_dags/example_python_operator.py
[2026-06-22T10:42:24.548+0300] {processor.py:840} INFO - DAG(s) 'example_python_operator' retrieved from /media/data/omar/programming course/DEPI/DEPI project/anomx/venv/lib/python3.12/site-packages/airflow/example_dags/example_python_operator.py
[2026-06-22T10:42:24.564+0300] {logging_mixin.py:188} INFO - [2026-06-22T10:42:24.564+0300] {dag.py:3096} INFO - Sync 1 DAGs
[2026-06-22T10:42:24.573+0300] {logging_mixin.py:188} INFO - [2026-06-22T10:42:24.573+0300] {dag.py:3954} INFO - Setting next_dagrun for example_python_operator to None, run_after=None
[2026-06-22T10:42:24.610+0300] {processor.py:183} INFO - Processing /media/data/omar/programming course/DEPI/DEPI project/anomx/venv/lib/python3.12/site-packages/airflow/example_dags/example_python_operator.py took 0.081 seconds
[2026-06-22T10:43:15.465+0300] {processor.py:161} INFO - Started process (PID=57655) to work on /media/data/omar/programming course/DEPI/DEPI project/anomx/venv/lib/python3.12/site-packages/airflow/example_dags/example_python_operator.py
[2026-06-22T10:43:15.466+0300] {processor.py:830} INFO - Processing file /media/data/omar/programming course/DEPI/DEPI project/anomx/venv/lib/python3.12/site-packages/airflow/example_dags/example_python_operator.py for tasks to queue
[2026-06-22T10:43:15.468+0300] {logging_mixin.py:188} INFO - [2026-06-22T10:43:15.467+0300] {dagbag.py:540} INFO - Filling up the DagBag from /media/data/omar/programming course/DEPI/DEPI project/anomx/venv/lib/python3.12/site-packages/airflow/example_dags/example_python_operator.py
[2026-06-22T10:43:15.486+0300] {processor.py:840} INFO - DAG(s) 'example_python_operator' retrieved from /media/data/omar/programming course/DEPI/DEPI project/anomx/venv/lib/python3.12/site-packages/airflow/example_dags/example_python_operator.py
[2026-06-22T10:43:15.508+0300] {logging_mixin.py:188} INFO - [2026-06-22T10:43:15.508+0300] {dag.py:3096} INFO - Sync 1 DAGs
[2026-06-22T10:43:15.517+0300] {logging_mixin.py:188} INFO - [2026-06-22T10:43:15.516+0300] {dag.py:3954} INFO - Setting next_dagrun for example_python_operator to None, run_after=None
[2026-06-22T10:43:15.546+0300] {processor.py:183} INFO - Processing /media/data/omar/programming course/DEPI/DEPI project/anomx/venv/lib/python3.12/site-packages/airflow/example_dags/example_python_operator.py took 0.091 seconds
[2026-06-22T10:44:05.669+0300] {processor.py:161} INFO - Started process (PID=57730) to work on /media/data/omar/programming course/DEPI/DEPI project/anomx/venv/lib/python3.12/site-packages/airflow/example_dags/example_python_operator.py
[2026-06-22T10:44:05.670+0300] {processor.py:830} INFO - Processing file /media/data/omar/programming course/DEPI/DEPI project/anomx/venv/lib/python3.12/site-packages/airflow/example_dags/example_python_operator.py for tasks to queue
[2026-06-22T10:44:05.672+0300] {logging_mixin.py:188} INFO - [2026-06-22T10:44:05.671+0300] {dagbag.py:540} INFO - Filling up the DagBag from /media/data/omar/programming course/DEPI/DEPI project/anomx/venv/lib/python3.12/site-packages/airflow/example_dags/example_python_operator.py
[2026-06-22T10:44:05.691+0300] {processor.py:840} INFO - DAG(s) 'example_python_operator' retrieved from /media/data/omar/programming course/DEPI/DEPI project/anomx/venv/lib/python3.12/site-packages/airflow/example_dags/example_python_operator.py
[2026-06-22T10:44:05.709+0300] {logging_mixin.py:188} INFO - [2026-06-22T10:44:05.708+0300] {dag.py:3096} INFO - Sync 1 DAGs
[2026-06-22T10:44:05.718+0300] {logging_mixin.py:188} INFO - [2026-06-22T10:44:05.718+0300] {dag.py:3954} INFO - Setting next_dagrun for example_python_operator to None, run_after=None
[2026-06-22T10:44:05.743+0300] {processor.py:183} INFO - Processing /media/data/omar/programming course/DEPI/DEPI project/anomx/venv/lib/python3.12/site-packages/airflow/example_dags/example_python_operator.py took 0.084 seconds
[2026-06-22T10:45:00.457+0300] {processor.py:161} INFO - Started process (PID=57826) to work on /media/data/omar/programming course/DEPI/DEPI project/anomx/venv/lib/python3.12/site-packages/airflow/example_dags/example_python_operator.py
[2026-06-22T10:45:00.458+0300] {processor.py:830} INFO - Processing file /media/data/omar/programming course/DEPI/DEPI project/anomx/venv/lib/python3.12/site-packages/airflow/example_dags/example_python_operator.py for tasks to queue
[2026-06-22T10:45:00.459+0300] {logging_mixin.py:188} INFO - [2026-06-22T10:45:00.459+0300] {dagbag.py:540} INFO - Filling up the DagBag from /media/data/omar/programming course/DEPI/DEPI project/anomx/venv/lib/python3.12/site-packages/airflow/example_dags/example_python_operator.py
[2026-06-22T10:45:00.470+0300] {processor.py:840} INFO - DAG(s) 'example_python_operator' retrieved from /media/data/omar/programming course/DEPI/DEPI project/anomx/venv/lib/python3.12/site-packages/airflow/example_dags/example_python_operator.py
[2026-06-22T10:45:00.485+0300] {logging_mixin.py:188} INFO - [2026-06-22T10:45:00.485+0300] {dag.py:3096} INFO - Sync 1 DAGs
[2026-06-22T10:45:00.494+0300] {logging_mixin.py:188} INFO - [2026-06-22T10:45:00.493+0300] {dag.py:3954} INFO - Setting next_dagrun for example_python_operator to None, run_after=None
[2026-06-22T10:45:00.521+0300] {processor.py:183} INFO - Processing /media/data/omar/programming course/DEPI/DEPI project/anomx/venv/lib/python3.12/site-packages/airflow/example_dags/example_python_operator.py took 0.071 seconds
[2026-06-22T10:45:53.276+0300] {processor.py:161} INFO - Started process (PID=57911) to work on /media/data/omar/programming course/DEPI/DEPI project/anomx/venv/lib/python3.12/site-packages/airflow/example_dags/example_python_operator.py
[2026-06-22T10:45:53.277+0300] {processor.py:830} INFO - Processing file /media/data/omar/programming course/DEPI/DEPI project/anomx/venv/lib/python3.12/site-packages/airflow/example_dags/example_python_operator.py for tasks to queue
[2026-06-22T10:45:53.278+0300] {logging_mixin.py:188} INFO - [2026-06-22T10:45:53.277+0300] {dagbag.py:540} INFO - Filling up the DagBag from /media/data/omar/programming course/DEPI/DEPI project/anomx/venv/lib/python3.12/site-packages/airflow/example_dags/example_python_operator.py
[2026-06-22T10:45:53.290+0300] {processor.py:840} INFO - DAG(s) 'example_python_operator' retrieved from /media/data/omar/programming course/DEPI/DEPI project/anomx/venv/lib/python3.12/site-packages/airflow/example_dags/example_python_operator.py
[2026-06-22T10:45:53.306+0300] {logging_mixin.py:188} INFO - [2026-06-22T10:45:53.306+0300] {dag.py:3096} INFO - Sync 1 DAGs
[2026-06-22T10:45:53.315+0300] {logging_mixin.py:188} INFO - [2026-06-22T10:45:53.315+0300] {dag.py:3954} INFO - Setting next_dagrun for example_python_operator to None, run_after=None
[2026-06-22T10:45:53.343+0300] {processor.py:183} INFO - Processing /media/data/omar/programming course/DEPI/DEPI project/anomx/venv/lib/python3.12/site-packages/airflow/example_dags/example_python_operator.py took 0.072 seconds
[2026-06-22T10:46:49.864+0300] {processor.py:161} INFO - Started process (PID=58009) to work on /media/data/omar/programming course/DEPI/DEPI project/anomx/venv/lib/python3.12/site-packages/airflow/example_dags/example_python_operator.py
[2026-06-22T10:46:49.865+0300] {processor.py:830} INFO - Processing file /media/data/omar/programming course/DEPI/DEPI project/anomx/venv/lib/python3.12/site-packages/airflow/example_dags/example_python_operator.py for tasks to queue
[2026-06-22T10:46:49.867+0300] {logging_mixin.py:188} INFO - [2026-06-22T10:46:49.866+0300] {dagbag.py:540} INFO - Filling up the DagBag from /media/data/omar/programming course/DEPI/DEPI project/anomx/venv/lib/python3.12/site-packages/airflow/example_dags/example_python_operator.py
[2026-06-22T10:46:49.883+0300] {processor.py:840} INFO - DAG(s) 'example_python_operator' retrieved from /media/data/omar/programming course/DEPI/DEPI project/anomx/venv/lib/python3.12/site-packages/airflow/example_dags/example_python_operator.py
[2026-06-22T10:46:49.900+0300] {logging_mixin.py:188} INFO - [2026-06-22T10:46:49.899+0300] {dag.py:3096} INFO - Sync 1 DAGs
[2026-06-22T10:46:49.908+0300] {logging_mixin.py:188} INFO - [2026-06-22T10:46:49.908+0300] {dag.py:3954} INFO - Setting next_dagrun for example_python_operator to None, run_after=None
[2026-06-22T10:46:49.934+0300] {processor.py:183} INFO - Processing /media/data/omar/programming course/DEPI/DEPI project/anomx/venv/lib/python3.12/site-packages/airflow/example_dags/example_python_operator.py took 0.081 seconds
[2026-06-22T10:47:43.042+0300] {processor.py:161} INFO - Started process (PID=58110) to work on /media/data/omar/programming course/DEPI/DEPI project/anomx/venv/lib/python3.12/site-packages/airflow/example_dags/example_python_operator.py
[2026-06-22T10:47:43.043+0300] {processor.py:830} INFO - Processing file /media/data/omar/programming course/DEPI/DEPI project/anomx/venv/lib/python3.12/site-packages/airflow/example_dags/example_python_operator.py for tasks to queue
[2026-06-22T10:47:43.045+0300] {logging_mixin.py:188} INFO - [2026-06-22T10:47:43.044+0300] {dagbag.py:540} INFO - Filling up the DagBag from /media/data/omar/programming course/DEPI/DEPI project/anomx/venv/lib/python3.12/site-packages/airflow/example_dags/example_python_operator.py
[2026-06-22T10:47:43.058+0300] {processor.py:840} INFO - DAG(s) 'example_python_operator' retrieved from /media/data/omar/programming course/DEPI/DEPI project/anomx/venv/lib/python3.12/site-packages/airflow/example_dags/example_python_operator.py
[2026-06-22T10:47:43.075+0300] {logging_mixin.py:188} INFO - [2026-06-22T10:47:43.075+0300] {dag.py:3096} INFO - Sync 1 DAGs
[2026-06-22T10:47:43.084+0300] {logging_mixin.py:188} INFO - [2026-06-22T10:47:43.084+0300] {dag.py:3954} INFO - Setting next_dagrun for example_python_operator to None, run_after=None
[2026-06-22T10:47:43.110+0300] {processor.py:183} INFO - Processing /media/data/omar/programming course/DEPI/DEPI project/anomx/venv/lib/python3.12/site-packages/airflow/example_dags/example_python_operator.py took 0.074 seconds
[2026-06-22T10:48:34.486+0300] {processor.py:161} INFO - Started process (PID=58189) to work on /media/data/omar/programming course/DEPI/DEPI project/anomx/venv/lib/python3.12/site-packages/airflow/example_dags/example_python_operator.py
[2026-06-22T10:48:34.488+0300] {processor.py:830} INFO - Processing file /media/data/omar/programming course/DEPI/DEPI project/anomx/venv/lib/python3.12/site-packages/airflow/example_dags/example_python_operator.py for tasks to queue
[2026-06-22T10:48:34.490+0300] {logging_mixin.py:188} INFO - [2026-06-22T10:48:34.489+0300] {dagbag.py:540} INFO - Filling up the DagBag from /media/data/omar/programming course/DEPI/DEPI project/anomx/venv/lib/python3.12/site-packages/airflow/example_dags/example_python_operator.py
[2026-06-22T10:48:34.504+0300] {processor.py:840} INFO - DAG(s) 'example_python_operator' retrieved from /media/data/omar/programming course/DEPI/DEPI project/anomx/venv/lib/python3.12/site-packages/airflow/example_dags/example_python_operator.py
[2026-06-22T10:48:34.524+0300] {logging_mixin.py:188} INFO - [2026-06-22T10:48:34.523+0300] {dag.py:3096} INFO - Sync 1 DAGs
[2026-06-22T10:48:34.533+0300] {logging_mixin.py:188} INFO - [2026-06-22T10:48:34.532+0300] {dag.py:3954} INFO - Setting next_dagrun for example_python_operator to None, run_after=None
[2026-06-22T10:48:34.558+0300] {processor.py:183} INFO - Processing /media/data/omar/programming course/DEPI/DEPI project/anomx/venv/lib/python3.12/site-packages/airflow/example_dags/example_python_operator.py took 0.088 seconds
[2026-06-22T10:49:22.034+0300] {processor.py:161} INFO - Started process (PID=58272) to work on /media/data/omar/programming course/DEPI/DEPI project/anomx/venv/lib/python3.12/site-packages/airflow/example_dags/example_python_operator.py
[2026-06-22T10:49:22.037+0300] {processor.py:830} INFO - Processing file /media/data/omar/programming course/DEPI/DEPI project/anomx/venv/lib/python3.12/site-packages/airflow/example_dags/example_python_operator.py for tasks to queue
[2026-06-22T10:49:22.039+0300] {logging_mixin.py:188} INFO - [2026-06-22T10:49:22.038+0300] {dagbag.py:540} INFO - Filling up the DagBag from /media/data/omar/programming course/DEPI/DEPI project/anomx/venv/lib/python3.12/site-packages/airflow/example_dags/example_python_operator.py
[2026-06-22T10:49:22.058+0300] {processor.py:840} INFO - DAG(s) 'example_python_operator' retrieved from /media/data/omar/programming course/DEPI/DEPI project/anomx/venv/lib/python3.12/site-packages/airflow/example_dags/example_python_operator.py
[2026-06-22T10:49:22.075+0300] {logging_mixin.py:188} INFO - [2026-06-22T10:49:22.075+0300] {dag.py:3096} INFO - Sync 1 DAGs
[2026-06-22T10:49:22.083+0300] {logging_mixin.py:188} INFO - [2026-06-22T10:49:22.083+0300] {dag.py:3954} INFO - Setting next_dagrun for example_python_operator to None, run_after=None
[2026-06-22T10:49:22.109+0300] {processor.py:183} INFO - Processing /media/data/omar/programming course/DEPI/DEPI project/anomx/venv/lib/python3.12/site-packages/airflow/example_dags/example_python_operator.py took 0.088 seconds
[2026-06-22T10:50:15.865+0300] {processor.py:161} INFO - Started process (PID=58458) to work on /media/data/omar/programming course/DEPI/DEPI project/anomx/venv/lib/python3.12/site-packages/airflow/example_dags/example_python_operator.py
[2026-06-22T10:50:15.866+0300] {processor.py:830} INFO - Processing file /media/data/omar/programming course/DEPI/DEPI project/anomx/venv/lib/python3.12/site-packages/airflow/example_dags/example_python_operator.py for tasks to queue
[2026-06-22T10:50:15.867+0300] {logging_mixin.py:188} INFO - [2026-06-22T10:50:15.867+0300] {dagbag.py:540} INFO - Filling up the DagBag from /media/data/omar/programming course/DEPI/DEPI project/anomx/venv/lib/python3.12/site-packages/airflow/example_dags/example_python_operator.py
[2026-06-22T10:50:15.880+0300] {processor.py:840} INFO - DAG(s) 'example_python_operator' retrieved from /media/data/omar/programming course/DEPI/DEPI project/anomx/venv/lib/python3.12/site-packages/airflow/example_dags/example_python_operator.py
[2026-06-22T10:50:15.902+0300] {logging_mixin.py:188} INFO - [2026-06-22T10:50:15.901+0300] {dag.py:3096} INFO - Sync 1 DAGs
[2026-06-22T10:50:15.917+0300] {logging_mixin.py:188} INFO - [2026-06-22T10:50:15.917+0300] {dag.py:3954} INFO - Setting next_dagrun for example_python_operator to None, run_after=None
[2026-06-22T10:50:15.953+0300] {processor.py:183} INFO - Processing /media/data/omar/programming course/DEPI/DEPI project/anomx/venv/lib/python3.12/site-packages/airflow/example_dags/example_python_operator.py took 0.095 seconds
[2026-06-22T10:51:13.478+0300] {processor.py:161} INFO - Started process (PID=58589) to work on /media/data/omar/programming course/DEPI/DEPI project/anomx/venv/lib/python3.12/site-packages/airflow/example_dags/example_python_operator.py
[2026-06-22T10:51:13.479+0300] {processor.py:830} INFO - Processing file /media/data/omar/programming course/DEPI/DEPI project/anomx/venv/lib/python3.12/site-packages/airflow/example_dags/example_python_operator.py for tasks to queue
[2026-06-22T10:51:13.480+0300] {logging_mixin.py:188} INFO - [2026-06-22T10:51:13.480+0300] {dagbag.py:540} INFO - Filling up the DagBag from /media/data/omar/programming course/DEPI/DEPI project/anomx/venv/lib/python3.12/site-packages/airflow/example_dags/example_python_operator.py
[2026-06-22T10:51:13.493+0300] {processor.py:840} INFO - DAG(s) 'example_python_operator' retrieved from /media/data/omar/programming course/DEPI/DEPI project/anomx/venv/lib/python3.12/site-packages/airflow/example_dags/example_python_operator.py
[2026-06-22T10:51:13.510+0300] {logging_mixin.py:188} INFO - [2026-06-22T10:51:13.509+0300] {dag.py:3096} INFO - Sync 1 DAGs
[2026-06-22T10:51:13.519+0300] {logging_mixin.py:188} INFO - [2026-06-22T10:51:13.519+0300] {dag.py:3954} INFO - Setting next_dagrun for example_python_operator to None, run_after=None
[2026-06-22T10:51:13.546+0300] {processor.py:183} INFO - Processing /media/data/omar/programming course/DEPI/DEPI project/anomx/venv/lib/python3.12/site-packages/airflow/example_dags/example_python_operator.py took 0.076 seconds
[2026-06-22T10:52:12.584+0300] {processor.py:161} INFO - Started process (PID=58736) to work on /media/data/omar/programming course/DEPI/DEPI project/anomx/venv/lib/python3.12/site-packages/airflow/example_dags/example_python_operator.py
[2026-06-22T10:52:12.585+0300] {processor.py:830} INFO - Processing file /media/data/omar/programming course/DEPI/DEPI project/anomx/venv/lib/python3.12/site-packages/airflow/example_dags/example_python_operator.py for tasks to queue
[2026-06-22T10:52:12.587+0300] {logging_mixin.py:188} INFO - [2026-06-22T10:52:12.586+0300] {dagbag.py:540} INFO - Filling up the DagBag from /media/data/omar/programming course/DEPI/DEPI project/anomx/venv/lib/python3.12/site-packages/airflow/example_dags/example_python_operator.py
[2026-06-22T10:52:12.602+0300] {processor.py:840} INFO - DAG(s) 'example_python_operator' retrieved from /media/data/omar/programming course/DEPI/DEPI project/anomx/venv/lib/python3.12/site-packages/airflow/example_dags/example_python_operator.py
[2026-06-22T10:52:12.626+0300] {logging_mixin.py:188} INFO - [2026-06-22T10:52:12.625+0300] {dag.py:3096} INFO - Sync 1 DAGs
[2026-06-22T10:52:12.638+0300] {logging_mixin.py:188} INFO - [2026-06-22T10:52:12.638+0300] {dag.py:3954} INFO - Setting next_dagrun for example_python_operator to None, run_after=None
[2026-06-22T10:52:12.672+0300] {processor.py:183} INFO - Processing /media/data/omar/programming course/DEPI/DEPI project/anomx/venv/lib/python3.12/site-packages/airflow/example_dags/example_python_operator.py took 0.095 seconds
[2026-06-22T10:53:08.334+0300] {processor.py:161} INFO - Started process (PID=58877) to work on /media/data/omar/programming course/DEPI/DEPI project/anomx/venv/lib/python3.12/site-packages/airflow/example_dags/example_python_operator.py
[2026-06-22T10:53:08.335+0300] {processor.py:830} INFO - Processing file /media/data/omar/programming course/DEPI/DEPI project/anomx/venv/lib/python3.12/site-packages/airflow/example_dags/example_python_operator.py for tasks to queue
[2026-06-22T10:53:08.337+0300] {logging_mixin.py:188} INFO - [2026-06-22T10:53:08.336+0300] {dagbag.py:540} INFO - Filling up the DagBag from /media/data/omar/programming course/DEPI/DEPI project/anomx/venv/lib/python3.12/site-packages/airflow/example_dags/example_python_operator.py
[2026-06-22T10:53:08.359+0300] {processor.py:840} INFO - DAG(s) 'example_python_operator' retrieved from /media/data/omar/programming course/DEPI/DEPI project/anomx/venv/lib/python3.12/site-packages/airflow/example_dags/example_python_operator.py
[2026-06-22T10:53:08.384+0300] {logging_mixin.py:188} INFO - [2026-06-22T10:53:08.384+0300] {dag.py:3096} INFO - Sync 1 DAGs
[2026-06-22T10:53:08.393+0300] {logging_mixin.py:188} INFO - [2026-06-22T10:53:08.393+0300] {dag.py:3954} INFO - Setting next_dagrun for example_python_operator to None, run_after=None
[2026-06-22T10:53:08.429+0300] {processor.py:183} INFO - Processing /media/data/omar/programming course/DEPI/DEPI project/anomx/venv/lib/python3.12/site-packages/airflow/example_dags/example_python_operator.py took 0.113 seconds
[2026-06-22T10:54:05.952+0300] {processor.py:161} INFO - Started process (PID=59078) to work on /media/data/omar/programming course/DEPI/DEPI project/anomx/venv/lib/python3.12/site-packages/airflow/example_dags/example_python_operator.py
[2026-06-22T10:54:05.952+0300] {processor.py:830} INFO - Processing file /media/data/omar/programming course/DEPI/DEPI project/anomx/venv/lib/python3.12/site-packages/airflow/example_dags/example_python_operator.py for tasks to queue
[2026-06-22T10:54:05.953+0300] {logging_mixin.py:188} INFO - [2026-06-22T10:54:05.953+0300] {dagbag.py:540} INFO - Filling up the DagBag from /media/data/omar/programming course/DEPI/DEPI project/anomx/venv/lib/python3.12/site-packages/airflow/example_dags/example_python_operator.py
[2026-06-22T10:54:05.972+0300] {processor.py:840} INFO - DAG(s) 'example_python_operator' retrieved from /media/data/omar/programming course/DEPI/DEPI project/anomx/venv/lib/python3.12/site-packages/airflow/example_dags/example_python_operator.py
[2026-06-22T10:54:05.995+0300] {logging_mixin.py:188} INFO - [2026-06-22T10:54:05.995+0300] {dag.py:3096} INFO - Sync 1 DAGs
[2026-06-22T10:54:06.008+0300] {logging_mixin.py:188} INFO - [2026-06-22T10:54:06.008+0300] {dag.py:3954} INFO - Setting next_dagrun for example_python_operator to None, run_after=None
[2026-06-22T10:54:06.039+0300] {processor.py:183} INFO - Processing /media/data/omar/programming course/DEPI/DEPI project/anomx/venv/lib/python3.12/site-packages/airflow/example_dags/example_python_operator.py took 0.094 seconds
[2026-06-22T10:55:00.528+0300] {processor.py:161} INFO - Started process (PID=59267) to work on /media/data/omar/programming course/DEPI/DEPI project/anomx/venv/lib/python3.12/site-packages/airflow/example_dags/example_python_operator.py
[2026-06-22T10:55:00.529+0300] {processor.py:830} INFO - Processing file /media/data/omar/programming course/DEPI/DEPI project/anomx/venv/lib/python3.12/site-packages/airflow/example_dags/example_python_operator.py for tasks to queue
[2026-06-22T10:55:00.531+0300] {logging_mixin.py:188} INFO - [2026-06-22T10:55:00.530+0300] {dagbag.py:540} INFO - Filling up the DagBag from /media/data/omar/programming course/DEPI/DEPI project/anomx/venv/lib/python3.12/site-packages/airflow/example_dags/example_python_operator.py
[2026-06-22T10:55:00.544+0300] {processor.py:840} INFO - DAG(s) 'example_python_operator' retrieved from /media/data/omar/programming course/DEPI/DEPI project/anomx/venv/lib/python3.12/site-packages/airflow/example_dags/example_python_operator.py
[2026-06-22T10:55:00.569+0300] {logging_mixin.py:188} INFO - [2026-06-22T10:55:00.568+0300] {dag.py:3096} INFO - Sync 1 DAGs
[2026-06-22T10:55:00.586+0300] {logging_mixin.py:188} INFO - [2026-06-22T10:55:00.585+0300] {dag.py:3954} INFO - Setting next_dagrun for example_python_operator to None, run_after=None
[2026-06-22T10:55:00.625+0300] {processor.py:183} INFO - Processing /media/data/omar/programming course/DEPI/DEPI project/anomx/venv/lib/python3.12/site-packages/airflow/example_dags/example_python_operator.py took 0.104 seconds
[2026-06-22T10:55:52.943+0300] {processor.py:161} INFO - Started process (PID=59378) to work on /media/data/omar/programming course/DEPI/DEPI project/anomx/venv/lib/python3.12/site-packages/airflow/example_dags/example_python_operator.py
[2026-06-22T10:55:52.945+0300] {processor.py:830} INFO - Processing file /media/data/omar/programming course/DEPI/DEPI project/anomx/venv/lib/python3.12/site-packages/airflow/example_dags/example_python_operator.py for tasks to queue
[2026-06-22T10:55:52.946+0300] {logging_mixin.py:188} INFO - [2026-06-22T10:55:52.945+0300] {dagbag.py:540} INFO - Filling up the DagBag from /media/data/omar/programming course/DEPI/DEPI project/anomx/venv/lib/python3.12/site-packages/airflow/example_dags/example_python_operator.py
[2026-06-22T10:55:52.958+0300] {processor.py:840} INFO - DAG(s) 'example_python_operator' retrieved from /media/data/omar/programming course/DEPI/DEPI project/anomx/venv/lib/python3.12/site-packages/airflow/example_dags/example_python_operator.py
[2026-06-22T10:55:52.977+0300] {logging_mixin.py:188} INFO - [2026-06-22T10:55:52.976+0300] {dag.py:3096} INFO - Sync 1 DAGs
[2026-06-22T10:55:52.987+0300] {logging_mixin.py:188} INFO - [2026-06-22T10:55:52.986+0300] {dag.py:3954} INFO - Setting next_dagrun for example_python_operator to None, run_after=None
[2026-06-22T10:55:53.020+0300] {processor.py:183} INFO - Processing /media/data/omar/programming course/DEPI/DEPI project/anomx/venv/lib/python3.12/site-packages/airflow/example_dags/example_python_operator.py took 0.084 seconds
[2026-06-22T10:56:51.127+0300] {processor.py:161} INFO - Started process (PID=59534) to work on /media/data/omar/programming course/DEPI/DEPI project/anomx/venv/lib/python3.12/site-packages/airflow/example_dags/example_python_operator.py
[2026-06-22T10:56:51.129+0300] {processor.py:830} INFO - Processing file /media/data/omar/programming course/DEPI/DEPI project/anomx/venv/lib/python3.12/site-packages/airflow/example_dags/example_python_operator.py for tasks to queue
[2026-06-22T10:56:51.130+0300] {logging_mixin.py:188} INFO - [2026-06-22T10:56:51.130+0300] {dagbag.py:540} INFO - Filling up the DagBag from /media/data/omar/programming course/DEPI/DEPI project/anomx/venv/lib/python3.12/site-packages/airflow/example_dags/example_python_operator.py
[2026-06-22T10:56:51.143+0300] {processor.py:840} INFO - DAG(s) 'example_python_operator' retrieved from /media/data/omar/programming course/DEPI/DEPI project/anomx/venv/lib/python3.12/site-packages/airflow/example_dags/example_python_operator.py
[2026-06-22T10:56:51.161+0300] {logging_mixin.py:188} INFO - [2026-06-22T10:56:51.161+0300] {dag.py:3096} INFO - Sync 1 DAGs
[2026-06-22T10:56:51.172+0300] {logging_mixin.py:188} INFO - [2026-06-22T10:56:51.172+0300] {dag.py:3954} INFO - Setting next_dagrun for example_python_operator to None, run_after=None
[2026-06-22T10:56:51.201+0300] {processor.py:183} INFO - Processing /media/data/omar/programming course/DEPI/DEPI project/anomx/venv/lib/python3.12/site-packages/airflow/example_dags/example_python_operator.py took 0.089 seconds
[2026-06-22T10:57:46.545+0300] {processor.py:161} INFO - Started process (PID=59628) to work on /media/data/omar/programming course/DEPI/DEPI project/anomx/venv/lib/python3.12/site-packages/airflow/example_dags/example_python_operator.py
[2026-06-22T10:57:46.546+0300] {processor.py:830} INFO - Processing file /media/data/omar/programming course/DEPI/DEPI project/anomx/venv/lib/python3.12/site-packages/airflow/example_dags/example_python_operator.py for tasks to queue
[2026-06-22T10:57:46.548+0300] {logging_mixin.py:188} INFO - [2026-06-22T10:57:46.547+0300] {dagbag.py:540} INFO - Filling up the DagBag from /media/data/omar/programming course/DEPI/DEPI project/anomx/venv/lib/python3.12/site-packages/airflow/example_dags/example_python_operator.py
[2026-06-22T10:57:46.561+0300] {processor.py:840} INFO - DAG(s) 'example_python_operator' retrieved from /media/data/omar/programming course/DEPI/DEPI project/anomx/venv/lib/python3.12/site-packages/airflow/example_dags/example_python_operator.py
[2026-06-22T10:57:46.579+0300] {logging_mixin.py:188} INFO - [2026-06-22T10:57:46.578+0300] {dag.py:3096} INFO - Sync 1 DAGs
[2026-06-22T10:57:46.587+0300] {logging_mixin.py:188} INFO - [2026-06-22T10:57:46.587+0300] {dag.py:3954} INFO - Setting next_dagrun for example_python_operator to None, run_after=None
[2026-06-22T10:57:46.613+0300] {processor.py:183} INFO - Processing /media/data/omar/programming course/DEPI/DEPI project/anomx/venv/lib/python3.12/site-packages/airflow/example_dags/example_python_operator.py took 0.082 seconds
[2026-06-22T10:58:46.354+0300] {processor.py:161} INFO - Started process (PID=59746) to work on /media/data/omar/programming course/DEPI/DEPI project/anomx/venv/lib/python3.12/site-packages/airflow/example_dags/example_python_operator.py
[2026-06-22T10:58:46.355+0300] {processor.py:830} INFO - Processing file /media/data/omar/programming course/DEPI/DEPI project/anomx/venv/lib/python3.12/site-packages/airflow/example_dags/example_python_operator.py for tasks to queue
[2026-06-22T10:58:46.356+0300] {logging_mixin.py:188} INFO - [2026-06-22T10:58:46.355+0300] {dagbag.py:540} INFO - Filling up the DagBag from /media/data/omar/programming course/DEPI/DEPI project/anomx/venv/lib/python3.12/site-packages/airflow/example_dags/example_python_operator.py
[2026-06-22T10:58:46.367+0300] {processor.py:840} INFO - DAG(s) 'example_python_operator' retrieved from /media/data/omar/programming course/DEPI/DEPI project/anomx/venv/lib/python3.12/site-packages/airflow/example_dags/example_python_operator.py
[2026-06-22T10:58:46.386+0300] {logging_mixin.py:188} INFO - [2026-06-22T10:58:46.385+0300] {dag.py:3096} INFO - Sync 1 DAGs
[2026-06-22T10:58:46.395+0300] {logging_mixin.py:188} INFO - [2026-06-22T10:58:46.395+0300] {dag.py:3954} INFO - Setting next_dagrun for example_python_operator to None, run_after=None
[2026-06-22T10:58:46.423+0300] {processor.py:183} INFO - Processing /media/data/omar/programming course/DEPI/DEPI project/anomx/venv/lib/python3.12/site-packages/airflow/example_dags/example_python_operator.py took 0.077 seconds
[2026-06-22T10:59:41.757+0300] {processor.py:161} INFO - Started process (PID=59843) to work on /media/data/omar/programming course/DEPI/DEPI project/anomx/venv/lib/python3.12/site-packages/airflow/example_dags/example_python_operator.py
[2026-06-22T10:59:41.759+0300] {processor.py:830} INFO - Processing file /media/data/omar/programming course/DEPI/DEPI project/anomx/venv/lib/python3.12/site-packages/airflow/example_dags/example_python_operator.py for tasks to queue
[2026-06-22T10:59:41.761+0300] {logging_mixin.py:188} INFO - [2026-06-22T10:59:41.760+0300] {dagbag.py:540} INFO - Filling up the DagBag from /media/data/omar/programming course/DEPI/DEPI project/anomx/venv/lib/python3.12/site-packages/airflow/example_dags/example_python_operator.py
[2026-06-22T10:59:41.774+0300] {processor.py:840} INFO - DAG(s) 'example_python_operator' retrieved from /media/data/omar/programming course/DEPI/DEPI project/anomx/venv/lib/python3.12/site-packages/airflow/example_dags/example_python_operator.py
[2026-06-22T10:59:41.792+0300] {logging_mixin.py:188} INFO - [2026-06-22T10:59:41.791+0300] {dag.py:3096} INFO - Sync 1 DAGs
[2026-06-22T10:59:41.803+0300] {logging_mixin.py:188} INFO - [2026-06-22T10:59:41.803+0300] {dag.py:3954} INFO - Setting next_dagrun for example_python_operator to None, run_after=None
[2026-06-22T10:59:41.835+0300] {processor.py:183} INFO - Processing /media/data/omar/programming course/DEPI/DEPI project/anomx/venv/lib/python3.12/site-packages/airflow/example_dags/example_python_operator.py took 0.090 seconds
[2026-06-22T11:00:33.202+0300] {processor.py:161} INFO - Started process (PID=59925) to work on /media/data/omar/programming course/DEPI/DEPI project/anomx/venv/lib/python3.12/site-packages/airflow/example_dags/example_python_operator.py
[2026-06-22T11:00:33.203+0300] {processor.py:830} INFO - Processing file /media/data/omar/programming course/DEPI/DEPI project/anomx/venv/lib/python3.12/site-packages/airflow/example_dags/example_python_operator.py for tasks to queue
[2026-06-22T11:00:33.205+0300] {logging_mixin.py:188} INFO - [2026-06-22T11:00:33.204+0300] {dagbag.py:540} INFO - Filling up the DagBag from /media/data/omar/programming course/DEPI/DEPI project/anomx/venv/lib/python3.12/site-packages/airflow/example_dags/example_python_operator.py
[2026-06-22T11:00:33.217+0300] {processor.py:840} INFO - DAG(s) 'example_python_operator' retrieved from /media/data/omar/programming course/DEPI/DEPI project/anomx/venv/lib/python3.12/site-packages/airflow/example_dags/example_python_operator.py
[2026-06-22T11:00:33.235+0300] {logging_mixin.py:188} INFO - [2026-06-22T11:00:33.234+0300] {dag.py:3096} INFO - Sync 1 DAGs
[2026-06-22T11:00:33.245+0300] {logging_mixin.py:188} INFO - [2026-06-22T11:00:33.245+0300] {dag.py:3954} INFO - Setting next_dagrun for example_python_operator to None, run_after=None
[2026-06-22T11:00:33.278+0300] {processor.py:183} INFO - Processing /media/data/omar/programming course/DEPI/DEPI project/anomx/venv/lib/python3.12/site-packages/airflow/example_dags/example_python_operator.py took 0.085 seconds
[2026-06-22T11:01:29.477+0300] {processor.py:161} INFO - Started process (PID=60021) to work on /media/data/omar/programming course/DEPI/DEPI project/anomx/venv/lib/python3.12/site-packages/airflow/example_dags/example_python_operator.py
[2026-06-22T11:01:29.479+0300] {processor.py:830} INFO - Processing file /media/data/omar/programming course/DEPI/DEPI project/anomx/venv/lib/python3.12/site-packages/airflow/example_dags/example_python_operator.py for tasks to queue
[2026-06-22T11:01:29.481+0300] {logging_mixin.py:188} INFO - [2026-06-22T11:01:29.480+0300] {dagbag.py:540} INFO - Filling up the DagBag from /media/data/omar/programming course/DEPI/DEPI project/anomx/venv/lib/python3.12/site-packages/airflow/example_dags/example_python_operator.py
[2026-06-22T11:01:29.501+0300] {processor.py:840} INFO - DAG(s) 'example_python_operator' retrieved from /media/data/omar/programming course/DEPI/DEPI project/anomx/venv/lib/python3.12/site-packages/airflow/example_dags/example_python_operator.py
[2026-06-22T11:01:29.520+0300] {logging_mixin.py:188} INFO - [2026-06-22T11:01:29.520+0300] {dag.py:3096} INFO - Sync 1 DAGs
[2026-06-22T11:01:29.532+0300] {logging_mixin.py:188} INFO - [2026-06-22T11:01:29.531+0300] {dag.py:3954} INFO - Setting next_dagrun for example_python_operator to None, run_after=None
[2026-06-22T11:01:29.563+0300] {processor.py:183} INFO - Processing /media/data/omar/programming course/DEPI/DEPI project/anomx/venv/lib/python3.12/site-packages/airflow/example_dags/example_python_operator.py took 0.105 seconds
[2026-06-22T11:02:28.199+0300] {processor.py:161} INFO - Started process (PID=60120) to work on /media/data/omar/programming course/DEPI/DEPI project/anomx/venv/lib/python3.12/site-packages/airflow/example_dags/example_python_operator.py
[2026-06-22T11:02:28.200+0300] {processor.py:830} INFO - Processing file /media/data/omar/programming course/DEPI/DEPI project/anomx/venv/lib/python3.12/site-packages/airflow/example_dags/example_python_operator.py for tasks to queue
[2026-06-22T11:02:28.201+0300] {logging_mixin.py:188} INFO - [2026-06-22T11:02:28.200+0300] {dagbag.py:540} INFO - Filling up the DagBag from /media/data/omar/programming course/DEPI/DEPI project/anomx/venv/lib/python3.12/site-packages/airflow/example_dags/example_python_operator.py
[2026-06-22T11:02:28.213+0300] {processor.py:840} INFO - DAG(s) 'example_python_operator' retrieved from /media/data/omar/programming course/DEPI/DEPI project/anomx/venv/lib/python3.12/site-packages/airflow/example_dags/example_python_operator.py
[2026-06-22T11:02:28.231+0300] {logging_mixin.py:188} INFO - [2026-06-22T11:02:28.231+0300] {dag.py:3096} INFO - Sync 1 DAGs
[2026-06-22T11:02:28.243+0300] {logging_mixin.py:188} INFO - [2026-06-22T11:02:28.242+0300] {dag.py:3954} INFO - Setting next_dagrun for example_python_operator to None, run_after=None
[2026-06-22T11:02:28.274+0300] {processor.py:183} INFO - Processing /media/data/omar/programming course/DEPI/DEPI project/anomx/venv/lib/python3.12/site-packages/airflow/example_dags/example_python_operator.py took 0.082 seconds
