[2026-06-22T08:15:21.815+0300] {processor.py:161} INFO - Started process (PID=42094) to work on /media/data/omar/programming course/DEPI/DEPI project/anomx/venv/lib/python3.12/site-packages/airflow/example_dags/example_local_kubernetes_executor.py
[2026-06-22T08:15:21.816+0300] {processor.py:830} INFO - Processing file /media/data/omar/programming course/DEPI/DEPI project/anomx/venv/lib/python3.12/site-packages/airflow/example_dags/example_local_kubernetes_executor.py for tasks to queue
[2026-06-22T08:15:21.818+0300] {logging_mixin.py:188} INFO - [2026-06-22T08:15:21.817+0300] {dagbag.py:540} INFO - Filling up the DagBag from /media/data/omar/programming course/DEPI/DEPI project/anomx/venv/lib/python3.12/site-packages/airflow/example_dags/example_local_kubernetes_executor.py
[2026-06-22T08:15:21.827+0300] {logging_mixin.py:188} INFO - [2026-06-22T08:15:21.825+0300] {example_local_kubernetes_executor.py:40} WARNING - Could not import DAGs in example_local_kubernetes_executor.py
Traceback (most recent call last):
  File "/media/data/omar/programming course/DEPI/DEPI project/anomx/venv/lib/python3.12/site-packages/airflow/example_dags/example_local_kubernetes_executor.py", line 38, in <module>
    from kubernetes.client import models as k8s
ModuleNotFoundError: No module named 'kubernetes'
[2026-06-22T08:15:21.828+0300] {logging_mixin.py:188} INFO - [2026-06-22T08:15:21.827+0300] {example_local_kubernetes_executor.py:41} WARNING - Install Kubernetes dependencies with: pip install apache-airflow[cncf.kubernetes]
[2026-06-22T08:15:21.828+0300] {processor.py:842} WARNING - No viable dags retrieved from /media/data/omar/programming course/DEPI/DEPI project/anomx/venv/lib/python3.12/site-packages/airflow/example_dags/example_local_kubernetes_executor.py
[2026-06-22T08:15:21.843+0300] {processor.py:183} INFO - Processing /media/data/omar/programming course/DEPI/DEPI project/anomx/venv/lib/python3.12/site-packages/airflow/example_dags/example_local_kubernetes_executor.py took 0.038 seconds
[2026-06-22T08:16:17.327+0300] {processor.py:161} INFO - Started process (PID=42176) to work on /media/data/omar/programming course/DEPI/DEPI project/anomx/venv/lib/python3.12/site-packages/airflow/example_dags/example_local_kubernetes_executor.py
[2026-06-22T08:16:17.328+0300] {processor.py:830} INFO - Processing file /media/data/omar/programming course/DEPI/DEPI project/anomx/venv/lib/python3.12/site-packages/airflow/example_dags/example_local_kubernetes_executor.py for tasks to queue
[2026-06-22T08:16:17.330+0300] {logging_mixin.py:188} INFO - [2026-06-22T08:16:17.329+0300] {dagbag.py:540} INFO - Filling up the DagBag from /media/data/omar/programming course/DEPI/DEPI project/anomx/venv/lib/python3.12/site-packages/airflow/example_dags/example_local_kubernetes_executor.py
[2026-06-22T08:16:17.338+0300] {logging_mixin.py:188} INFO - [2026-06-22T08:16:17.336+0300] {example_local_kubernetes_executor.py:40} WARNING - Could not import DAGs in example_local_kubernetes_executor.py
Traceback (most recent call last):
  File "/media/data/omar/programming course/DEPI/DEPI project/anomx/venv/lib/python3.12/site-packages/airflow/example_dags/example_local_kubernetes_executor.py", line 38, in <module>
    from kubernetes.client import models as k8s
ModuleNotFoundError: No module named 'kubernetes'
[2026-06-22T08:16:17.338+0300] {logging_mixin.py:188} INFO - [2026-06-22T08:16:17.338+0300] {example_local_kubernetes_executor.py:41} WARNING - Install Kubernetes dependencies with: pip install apache-airflow[cncf.kubernetes]
[2026-06-22T08:16:17.339+0300] {processor.py:842} WARNING - No viable dags retrieved from /media/data/omar/programming course/DEPI/DEPI project/anomx/venv/lib/python3.12/site-packages/airflow/example_dags/example_local_kubernetes_executor.py
[2026-06-22T08:16:17.355+0300] {processor.py:183} INFO - Processing /media/data/omar/programming course/DEPI/DEPI project/anomx/venv/lib/python3.12/site-packages/airflow/example_dags/example_local_kubernetes_executor.py took 0.035 seconds
[2026-06-22T08:17:16.436+0300] {processor.py:161} INFO - Started process (PID=42269) to work on /media/data/omar/programming course/DEPI/DEPI project/anomx/venv/lib/python3.12/site-packages/airflow/example_dags/example_local_kubernetes_executor.py
[2026-06-22T08:17:16.437+0300] {processor.py:830} INFO - Processing file /media/data/omar/programming course/DEPI/DEPI project/anomx/venv/lib/python3.12/site-packages/airflow/example_dags/example_local_kubernetes_executor.py for tasks to queue
[2026-06-22T08:17:16.438+0300] {logging_mixin.py:188} INFO - [2026-06-22T08:17:16.438+0300] {dagbag.py:540} INFO - Filling up the DagBag from /media/data/omar/programming course/DEPI/DEPI project/anomx/venv/lib/python3.12/site-packages/airflow/example_dags/example_local_kubernetes_executor.py
[2026-06-22T08:17:16.443+0300] {logging_mixin.py:188} INFO - [2026-06-22T08:17:16.442+0300] {example_local_kubernetes_executor.py:40} WARNING - Could not import DAGs in example_local_kubernetes_executor.py
Traceback (most recent call last):
  File "/media/data/omar/programming course/DEPI/DEPI project/anomx/venv/lib/python3.12/site-packages/airflow/example_dags/example_local_kubernetes_executor.py", line 38, in <module>
    from kubernetes.client import models as k8s
ModuleNotFoundError: No module named 'kubernetes'
[2026-06-22T08:17:16.443+0300] {logging_mixin.py:188} INFO - [2026-06-22T08:17:16.443+0300] {example_local_kubernetes_executor.py:41} WARNING - Install Kubernetes dependencies with: pip install apache-airflow[cncf.kubernetes]
[2026-06-22T08:17:16.444+0300] {processor.py:842} WARNING - No viable dags retrieved from /media/data/omar/programming course/DEPI/DEPI project/anomx/venv/lib/python3.12/site-packages/airflow/example_dags/example_local_kubernetes_executor.py
[2026-06-22T08:17:16.453+0300] {processor.py:183} INFO - Processing /media/data/omar/programming course/DEPI/DEPI project/anomx/venv/lib/python3.12/site-packages/airflow/example_dags/example_local_kubernetes_executor.py took 0.022 seconds
[2026-06-22T08:18:10.530+0300] {processor.py:161} INFO - Started process (PID=42359) to work on /media/data/omar/programming course/DEPI/DEPI project/anomx/venv/lib/python3.12/site-packages/airflow/example_dags/example_local_kubernetes_executor.py
[2026-06-22T08:18:10.532+0300] {processor.py:830} INFO - Processing file /media/data/omar/programming course/DEPI/DEPI project/anomx/venv/lib/python3.12/site-packages/airflow/example_dags/example_local_kubernetes_executor.py for tasks to queue
[2026-06-22T08:18:10.533+0300] {logging_mixin.py:188} INFO - [2026-06-22T08:18:10.533+0300] {dagbag.py:540} INFO - Filling up the DagBag from /media/data/omar/programming course/DEPI/DEPI project/anomx/venv/lib/python3.12/site-packages/airflow/example_dags/example_local_kubernetes_executor.py
[2026-06-22T08:18:10.539+0300] {logging_mixin.py:188} INFO - [2026-06-22T08:18:10.537+0300] {example_local_kubernetes_executor.py:40} WARNING - Could not import DAGs in example_local_kubernetes_executor.py
Traceback (most recent call last):
  File "/media/data/omar/programming course/DEPI/DEPI project/anomx/venv/lib/python3.12/site-packages/airflow/example_dags/example_local_kubernetes_executor.py", line 38, in <module>
    from kubernetes.client import models as k8s
ModuleNotFoundError: No module named 'kubernetes'
[2026-06-22T08:18:10.540+0300] {logging_mixin.py:188} INFO - [2026-06-22T08:18:10.539+0300] {example_local_kubernetes_executor.py:41} WARNING - Install Kubernetes dependencies with: pip install apache-airflow[cncf.kubernetes]
[2026-06-22T08:18:10.540+0300] {processor.py:842} WARNING - No viable dags retrieved from /media/data/omar/programming course/DEPI/DEPI project/anomx/venv/lib/python3.12/site-packages/airflow/example_dags/example_local_kubernetes_executor.py
[2026-06-22T08:18:10.551+0300] {processor.py:183} INFO - Processing /media/data/omar/programming course/DEPI/DEPI project/anomx/venv/lib/python3.12/site-packages/airflow/example_dags/example_local_kubernetes_executor.py took 0.029 seconds
[2026-06-22T08:19:05.373+0300] {processor.py:161} INFO - Started process (PID=42446) to work on /media/data/omar/programming course/DEPI/DEPI project/anomx/venv/lib/python3.12/site-packages/airflow/example_dags/example_local_kubernetes_executor.py
[2026-06-22T08:19:05.374+0300] {processor.py:830} INFO - Processing file /media/data/omar/programming course/DEPI/DEPI project/anomx/venv/lib/python3.12/site-packages/airflow/example_dags/example_local_kubernetes_executor.py for tasks to queue
[2026-06-22T08:19:05.375+0300] {logging_mixin.py:188} INFO - [2026-06-22T08:19:05.374+0300] {dagbag.py:540} INFO - Filling up the DagBag from /media/data/omar/programming course/DEPI/DEPI project/anomx/venv/lib/python3.12/site-packages/airflow/example_dags/example_local_kubernetes_executor.py
[2026-06-22T08:19:05.380+0300] {logging_mixin.py:188} INFO - [2026-06-22T08:19:05.379+0300] {example_local_kubernetes_executor.py:40} WARNING - Could not import DAGs in example_local_kubernetes_executor.py
Traceback (most recent call last):
  File "/media/data/omar/programming course/DEPI/DEPI project/anomx/venv/lib/python3.12/site-packages/airflow/example_dags/example_local_kubernetes_executor.py", line 38, in <module>
    from kubernetes.client import models as k8s
ModuleNotFoundError: No module named 'kubernetes'
[2026-06-22T08:19:05.380+0300] {logging_mixin.py:188} INFO - [2026-06-22T08:19:05.380+0300] {example_local_kubernetes_executor.py:41} WARNING - Install Kubernetes dependencies with: pip install apache-airflow[cncf.kubernetes]
[2026-06-22T08:19:05.381+0300] {processor.py:842} WARNING - No viable dags retrieved from /media/data/omar/programming course/DEPI/DEPI project/anomx/venv/lib/python3.12/site-packages/airflow/example_dags/example_local_kubernetes_executor.py
[2026-06-22T08:19:05.391+0300] {processor.py:183} INFO - Processing /media/data/omar/programming course/DEPI/DEPI project/anomx/venv/lib/python3.12/site-packages/airflow/example_dags/example_local_kubernetes_executor.py took 0.023 seconds
[2026-06-22T08:20:00.902+0300] {processor.py:161} INFO - Started process (PID=42540) to work on /media/data/omar/programming course/DEPI/DEPI project/anomx/venv/lib/python3.12/site-packages/airflow/example_dags/example_local_kubernetes_executor.py
[2026-06-22T08:20:00.903+0300] {processor.py:830} INFO - Processing file /media/data/omar/programming course/DEPI/DEPI project/anomx/venv/lib/python3.12/site-packages/airflow/example_dags/example_local_kubernetes_executor.py for tasks to queue
[2026-06-22T08:20:00.904+0300] {logging_mixin.py:188} INFO - [2026-06-22T08:20:00.904+0300] {dagbag.py:540} INFO - Filling up the DagBag from /media/data/omar/programming course/DEPI/DEPI project/anomx/venv/lib/python3.12/site-packages/airflow/example_dags/example_local_kubernetes_executor.py
[2026-06-22T08:20:00.910+0300] {logging_mixin.py:188} INFO - [2026-06-22T08:20:00.909+0300] {example_local_kubernetes_executor.py:40} WARNING - Could not import DAGs in example_local_kubernetes_executor.py
Traceback (most recent call last):
  File "/media/data/omar/programming course/DEPI/DEPI project/anomx/venv/lib/python3.12/site-packages/airflow/example_dags/example_local_kubernetes_executor.py", line 38, in <module>
    from kubernetes.client import models as k8s
ModuleNotFoundError: No module named 'kubernetes'
[2026-06-22T08:20:00.911+0300] {logging_mixin.py:188} INFO - [2026-06-22T08:20:00.911+0300] {example_local_kubernetes_executor.py:41} WARNING - Install Kubernetes dependencies with: pip install apache-airflow[cncf.kubernetes]
[2026-06-22T08:20:00.912+0300] {processor.py:842} WARNING - No viable dags retrieved from /media/data/omar/programming course/DEPI/DEPI project/anomx/venv/lib/python3.12/site-packages/airflow/example_dags/example_local_kubernetes_executor.py
[2026-06-22T08:20:00.922+0300] {processor.py:183} INFO - Processing /media/data/omar/programming course/DEPI/DEPI project/anomx/venv/lib/python3.12/site-packages/airflow/example_dags/example_local_kubernetes_executor.py took 0.030 seconds
[2026-06-22T08:20:56.843+0300] {processor.py:161} INFO - Started process (PID=42651) to work on /media/data/omar/programming course/DEPI/DEPI project/anomx/venv/lib/python3.12/site-packages/airflow/example_dags/example_local_kubernetes_executor.py
[2026-06-22T08:20:56.844+0300] {processor.py:830} INFO - Processing file /media/data/omar/programming course/DEPI/DEPI project/anomx/venv/lib/python3.12/site-packages/airflow/example_dags/example_local_kubernetes_executor.py for tasks to queue
[2026-06-22T08:20:56.845+0300] {logging_mixin.py:188} INFO - [2026-06-22T08:20:56.845+0300] {dagbag.py:540} INFO - Filling up the DagBag from /media/data/omar/programming course/DEPI/DEPI project/anomx/venv/lib/python3.12/site-packages/airflow/example_dags/example_local_kubernetes_executor.py
[2026-06-22T08:20:56.852+0300] {logging_mixin.py:188} INFO - [2026-06-22T08:20:56.851+0300] {example_local_kubernetes_executor.py:40} WARNING - Could not import DAGs in example_local_kubernetes_executor.py
Traceback (most recent call last):
  File "/media/data/omar/programming course/DEPI/DEPI project/anomx/venv/lib/python3.12/site-packages/airflow/example_dags/example_local_kubernetes_executor.py", line 38, in <module>
    from kubernetes.client import models as k8s
ModuleNotFoundError: No module named 'kubernetes'
[2026-06-22T08:20:56.853+0300] {logging_mixin.py:188} INFO - [2026-06-22T08:20:56.853+0300] {example_local_kubernetes_executor.py:41} WARNING - Install Kubernetes dependencies with: pip install apache-airflow[cncf.kubernetes]
[2026-06-22T08:20:56.854+0300] {processor.py:842} WARNING - No viable dags retrieved from /media/data/omar/programming course/DEPI/DEPI project/anomx/venv/lib/python3.12/site-packages/airflow/example_dags/example_local_kubernetes_executor.py
[2026-06-22T08:20:56.868+0300] {processor.py:183} INFO - Processing /media/data/omar/programming course/DEPI/DEPI project/anomx/venv/lib/python3.12/site-packages/airflow/example_dags/example_local_kubernetes_executor.py took 0.034 seconds
[2026-06-22T08:21:50.900+0300] {processor.py:161} INFO - Started process (PID=42734) to work on /media/data/omar/programming course/DEPI/DEPI project/anomx/venv/lib/python3.12/site-packages/airflow/example_dags/example_local_kubernetes_executor.py
[2026-06-22T08:21:50.901+0300] {processor.py:830} INFO - Processing file /media/data/omar/programming course/DEPI/DEPI project/anomx/venv/lib/python3.12/site-packages/airflow/example_dags/example_local_kubernetes_executor.py for tasks to queue
[2026-06-22T08:21:50.902+0300] {logging_mixin.py:188} INFO - [2026-06-22T08:21:50.901+0300] {dagbag.py:540} INFO - Filling up the DagBag from /media/data/omar/programming course/DEPI/DEPI project/anomx/venv/lib/python3.12/site-packages/airflow/example_dags/example_local_kubernetes_executor.py
[2026-06-22T08:21:50.906+0300] {logging_mixin.py:188} INFO - [2026-06-22T08:21:50.905+0300] {example_local_kubernetes_executor.py:40} WARNING - Could not import DAGs in example_local_kubernetes_executor.py
Traceback (most recent call last):
  File "/media/data/omar/programming course/DEPI/DEPI project/anomx/venv/lib/python3.12/site-packages/airflow/example_dags/example_local_kubernetes_executor.py", line 38, in <module>
    from kubernetes.client import models as k8s
ModuleNotFoundError: No module named 'kubernetes'
[2026-06-22T08:21:50.907+0300] {logging_mixin.py:188} INFO - [2026-06-22T08:21:50.906+0300] {example_local_kubernetes_executor.py:41} WARNING - Install Kubernetes dependencies with: pip install apache-airflow[cncf.kubernetes]
[2026-06-22T08:21:50.907+0300] {processor.py:842} WARNING - No viable dags retrieved from /media/data/omar/programming course/DEPI/DEPI project/anomx/venv/lib/python3.12/site-packages/airflow/example_dags/example_local_kubernetes_executor.py
[2026-06-22T08:21:50.916+0300] {processor.py:183} INFO - Processing /media/data/omar/programming course/DEPI/DEPI project/anomx/venv/lib/python3.12/site-packages/airflow/example_dags/example_local_kubernetes_executor.py took 0.021 seconds
[2026-06-22T08:22:45.966+0300] {processor.py:161} INFO - Started process (PID=42889) to work on /media/data/omar/programming course/DEPI/DEPI project/anomx/venv/lib/python3.12/site-packages/airflow/example_dags/example_local_kubernetes_executor.py
[2026-06-22T08:22:45.967+0300] {processor.py:830} INFO - Processing file /media/data/omar/programming course/DEPI/DEPI project/anomx/venv/lib/python3.12/site-packages/airflow/example_dags/example_local_kubernetes_executor.py for tasks to queue
[2026-06-22T08:22:45.969+0300] {logging_mixin.py:188} INFO - [2026-06-22T08:22:45.968+0300] {dagbag.py:540} INFO - Filling up the DagBag from /media/data/omar/programming course/DEPI/DEPI project/anomx/venv/lib/python3.12/site-packages/airflow/example_dags/example_local_kubernetes_executor.py
[2026-06-22T08:22:45.975+0300] {logging_mixin.py:188} INFO - [2026-06-22T08:22:45.973+0300] {example_local_kubernetes_executor.py:40} WARNING - Could not import DAGs in example_local_kubernetes_executor.py
Traceback (most recent call last):
  File "/media/data/omar/programming course/DEPI/DEPI project/anomx/venv/lib/python3.12/site-packages/airflow/example_dags/example_local_kubernetes_executor.py", line 38, in <module>
    from kubernetes.client import models as k8s
ModuleNotFoundError: No module named 'kubernetes'
[2026-06-22T08:22:45.975+0300] {logging_mixin.py:188} INFO - [2026-06-22T08:22:45.975+0300] {example_local_kubernetes_executor.py:41} WARNING - Install Kubernetes dependencies with: pip install apache-airflow[cncf.kubernetes]
[2026-06-22T08:22:45.976+0300] {processor.py:842} WARNING - No viable dags retrieved from /media/data/omar/programming course/DEPI/DEPI project/anomx/venv/lib/python3.12/site-packages/airflow/example_dags/example_local_kubernetes_executor.py
[2026-06-22T08:22:45.986+0300] {processor.py:183} INFO - Processing /media/data/omar/programming course/DEPI/DEPI project/anomx/venv/lib/python3.12/site-packages/airflow/example_dags/example_local_kubernetes_executor.py took 0.031 seconds
[2026-06-22T08:23:41.988+0300] {processor.py:161} INFO - Started process (PID=42979) to work on /media/data/omar/programming course/DEPI/DEPI project/anomx/venv/lib/python3.12/site-packages/airflow/example_dags/example_local_kubernetes_executor.py
[2026-06-22T08:23:41.989+0300] {processor.py:830} INFO - Processing file /media/data/omar/programming course/DEPI/DEPI project/anomx/venv/lib/python3.12/site-packages/airflow/example_dags/example_local_kubernetes_executor.py for tasks to queue
[2026-06-22T08:23:41.990+0300] {logging_mixin.py:188} INFO - [2026-06-22T08:23:41.989+0300] {dagbag.py:540} INFO - Filling up the DagBag from /media/data/omar/programming course/DEPI/DEPI project/anomx/venv/lib/python3.12/site-packages/airflow/example_dags/example_local_kubernetes_executor.py
[2026-06-22T08:23:41.994+0300] {logging_mixin.py:188} INFO - [2026-06-22T08:23:41.993+0300] {example_local_kubernetes_executor.py:40} WARNING - Could not import DAGs in example_local_kubernetes_executor.py
Traceback (most recent call last):
  File "/media/data/omar/programming course/DEPI/DEPI project/anomx/venv/lib/python3.12/site-packages/airflow/example_dags/example_local_kubernetes_executor.py", line 38, in <module>
    from kubernetes.client import models as k8s
ModuleNotFoundError: No module named 'kubernetes'
[2026-06-22T08:23:41.994+0300] {logging_mixin.py:188} INFO - [2026-06-22T08:23:41.994+0300] {example_local_kubernetes_executor.py:41} WARNING - Install Kubernetes dependencies with: pip install apache-airflow[cncf.kubernetes]
[2026-06-22T08:23:41.995+0300] {processor.py:842} WARNING - No viable dags retrieved from /media/data/omar/programming course/DEPI/DEPI project/anomx/venv/lib/python3.12/site-packages/airflow/example_dags/example_local_kubernetes_executor.py
[2026-06-22T08:23:42.004+0300] {processor.py:183} INFO - Processing /media/data/omar/programming course/DEPI/DEPI project/anomx/venv/lib/python3.12/site-packages/airflow/example_dags/example_local_kubernetes_executor.py took 0.022 seconds
[2026-06-22T08:24:35.202+0300] {processor.py:161} INFO - Started process (PID=43073) to work on /media/data/omar/programming course/DEPI/DEPI project/anomx/venv/lib/python3.12/site-packages/airflow/example_dags/example_local_kubernetes_executor.py
[2026-06-22T08:24:35.204+0300] {processor.py:830} INFO - Processing file /media/data/omar/programming course/DEPI/DEPI project/anomx/venv/lib/python3.12/site-packages/airflow/example_dags/example_local_kubernetes_executor.py for tasks to queue
[2026-06-22T08:24:35.206+0300] {logging_mixin.py:188} INFO - [2026-06-22T08:24:35.205+0300] {dagbag.py:540} INFO - Filling up the DagBag from /media/data/omar/programming course/DEPI/DEPI project/anomx/venv/lib/python3.12/site-packages/airflow/example_dags/example_local_kubernetes_executor.py
[2026-06-22T08:24:35.218+0300] {logging_mixin.py:188} INFO - [2026-06-22T08:24:35.216+0300] {example_local_kubernetes_executor.py:40} WARNING - Could not import DAGs in example_local_kubernetes_executor.py
Traceback (most recent call last):
  File "/media/data/omar/programming course/DEPI/DEPI project/anomx/venv/lib/python3.12/site-packages/airflow/example_dags/example_local_kubernetes_executor.py", line 38, in <module>
    from kubernetes.client import models as k8s
ModuleNotFoundError: No module named 'kubernetes'
[2026-06-22T08:24:35.219+0300] {logging_mixin.py:188} INFO - [2026-06-22T08:24:35.219+0300] {example_local_kubernetes_executor.py:41} WARNING - Install Kubernetes dependencies with: pip install apache-airflow[cncf.kubernetes]
[2026-06-22T08:24:35.220+0300] {processor.py:842} WARNING - No viable dags retrieved from /media/data/omar/programming course/DEPI/DEPI project/anomx/venv/lib/python3.12/site-packages/airflow/example_dags/example_local_kubernetes_executor.py
[2026-06-22T08:24:35.245+0300] {processor.py:183} INFO - Processing /media/data/omar/programming course/DEPI/DEPI project/anomx/venv/lib/python3.12/site-packages/airflow/example_dags/example_local_kubernetes_executor.py took 0.056 seconds
[2026-06-22T08:25:28.150+0300] {processor.py:161} INFO - Started process (PID=43154) to work on /media/data/omar/programming course/DEPI/DEPI project/anomx/venv/lib/python3.12/site-packages/airflow/example_dags/example_local_kubernetes_executor.py
[2026-06-22T08:25:28.151+0300] {processor.py:830} INFO - Processing file /media/data/omar/programming course/DEPI/DEPI project/anomx/venv/lib/python3.12/site-packages/airflow/example_dags/example_local_kubernetes_executor.py for tasks to queue
[2026-06-22T08:25:28.151+0300] {logging_mixin.py:188} INFO - [2026-06-22T08:25:28.151+0300] {dagbag.py:540} INFO - Filling up the DagBag from /media/data/omar/programming course/DEPI/DEPI project/anomx/venv/lib/python3.12/site-packages/airflow/example_dags/example_local_kubernetes_executor.py
[2026-06-22T08:25:28.155+0300] {logging_mixin.py:188} INFO - [2026-06-22T08:25:28.155+0300] {example_local_kubernetes_executor.py:40} WARNING - Could not import DAGs in example_local_kubernetes_executor.py
Traceback (most recent call last):
  File "/media/data/omar/programming course/DEPI/DEPI project/anomx/venv/lib/python3.12/site-packages/airflow/example_dags/example_local_kubernetes_executor.py", line 38, in <module>
    from kubernetes.client import models as k8s
ModuleNotFoundError: No module named 'kubernetes'
[2026-06-22T08:25:28.156+0300] {logging_mixin.py:188} INFO - [2026-06-22T08:25:28.156+0300] {example_local_kubernetes_executor.py:41} WARNING - Install Kubernetes dependencies with: pip install apache-airflow[cncf.kubernetes]
[2026-06-22T08:25:28.156+0300] {processor.py:842} WARNING - No viable dags retrieved from /media/data/omar/programming course/DEPI/DEPI project/anomx/venv/lib/python3.12/site-packages/airflow/example_dags/example_local_kubernetes_executor.py
[2026-06-22T08:25:28.166+0300] {processor.py:183} INFO - Processing /media/data/omar/programming course/DEPI/DEPI project/anomx/venv/lib/python3.12/site-packages/airflow/example_dags/example_local_kubernetes_executor.py took 0.021 seconds
[2026-06-22T08:26:23.920+0300] {processor.py:161} INFO - Started process (PID=43251) to work on /media/data/omar/programming course/DEPI/DEPI project/anomx/venv/lib/python3.12/site-packages/airflow/example_dags/example_local_kubernetes_executor.py
[2026-06-22T08:26:23.921+0300] {processor.py:830} INFO - Processing file /media/data/omar/programming course/DEPI/DEPI project/anomx/venv/lib/python3.12/site-packages/airflow/example_dags/example_local_kubernetes_executor.py for tasks to queue
[2026-06-22T08:26:23.922+0300] {logging_mixin.py:188} INFO - [2026-06-22T08:26:23.921+0300] {dagbag.py:540} INFO - Filling up the DagBag from /media/data/omar/programming course/DEPI/DEPI project/anomx/venv/lib/python3.12/site-packages/airflow/example_dags/example_local_kubernetes_executor.py
[2026-06-22T08:26:23.927+0300] {logging_mixin.py:188} INFO - [2026-06-22T08:26:23.926+0300] {example_local_kubernetes_executor.py:40} WARNING - Could not import DAGs in example_local_kubernetes_executor.py
Traceback (most recent call last):
  File "/media/data/omar/programming course/DEPI/DEPI project/anomx/venv/lib/python3.12/site-packages/airflow/example_dags/example_local_kubernetes_executor.py", line 38, in <module>
    from kubernetes.client import models as k8s
ModuleNotFoundError: No module named 'kubernetes'
[2026-06-22T08:26:23.928+0300] {logging_mixin.py:188} INFO - [2026-06-22T08:26:23.927+0300] {example_local_kubernetes_executor.py:41} WARNING - Install Kubernetes dependencies with: pip install apache-airflow[cncf.kubernetes]
[2026-06-22T08:26:23.928+0300] {processor.py:842} WARNING - No viable dags retrieved from /media/data/omar/programming course/DEPI/DEPI project/anomx/venv/lib/python3.12/site-packages/airflow/example_dags/example_local_kubernetes_executor.py
[2026-06-22T08:26:23.940+0300] {processor.py:183} INFO - Processing /media/data/omar/programming course/DEPI/DEPI project/anomx/venv/lib/python3.12/site-packages/airflow/example_dags/example_local_kubernetes_executor.py took 0.027 seconds
[2026-06-22T08:27:19.128+0300] {processor.py:161} INFO - Started process (PID=43340) to work on /media/data/omar/programming course/DEPI/DEPI project/anomx/venv/lib/python3.12/site-packages/airflow/example_dags/example_local_kubernetes_executor.py
[2026-06-22T08:27:19.129+0300] {processor.py:830} INFO - Processing file /media/data/omar/programming course/DEPI/DEPI project/anomx/venv/lib/python3.12/site-packages/airflow/example_dags/example_local_kubernetes_executor.py for tasks to queue
[2026-06-22T08:27:19.130+0300] {logging_mixin.py:188} INFO - [2026-06-22T08:27:19.129+0300] {dagbag.py:540} INFO - Filling up the DagBag from /media/data/omar/programming course/DEPI/DEPI project/anomx/venv/lib/python3.12/site-packages/airflow/example_dags/example_local_kubernetes_executor.py
[2026-06-22T08:27:19.134+0300] {logging_mixin.py:188} INFO - [2026-06-22T08:27:19.133+0300] {example_local_kubernetes_executor.py:40} WARNING - Could not import DAGs in example_local_kubernetes_executor.py
Traceback (most recent call last):
  File "/media/data/omar/programming course/DEPI/DEPI project/anomx/venv/lib/python3.12/site-packages/airflow/example_dags/example_local_kubernetes_executor.py", line 38, in <module>
    from kubernetes.client import models as k8s
ModuleNotFoundError: No module named 'kubernetes'
[2026-06-22T08:27:19.134+0300] {logging_mixin.py:188} INFO - [2026-06-22T08:27:19.134+0300] {example_local_kubernetes_executor.py:41} WARNING - Install Kubernetes dependencies with: pip install apache-airflow[cncf.kubernetes]
[2026-06-22T08:27:19.135+0300] {processor.py:842} WARNING - No viable dags retrieved from /media/data/omar/programming course/DEPI/DEPI project/anomx/venv/lib/python3.12/site-packages/airflow/example_dags/example_local_kubernetes_executor.py
[2026-06-22T08:27:19.144+0300] {processor.py:183} INFO - Processing /media/data/omar/programming course/DEPI/DEPI project/anomx/venv/lib/python3.12/site-packages/airflow/example_dags/example_local_kubernetes_executor.py took 0.020 seconds
[2026-06-22T08:28:06.821+0300] {processor.py:161} INFO - Started process (PID=43415) to work on /media/data/omar/programming course/DEPI/DEPI project/anomx/venv/lib/python3.12/site-packages/airflow/example_dags/example_local_kubernetes_executor.py
[2026-06-22T08:28:06.822+0300] {processor.py:830} INFO - Processing file /media/data/omar/programming course/DEPI/DEPI project/anomx/venv/lib/python3.12/site-packages/airflow/example_dags/example_local_kubernetes_executor.py for tasks to queue
[2026-06-22T08:28:06.823+0300] {logging_mixin.py:188} INFO - [2026-06-22T08:28:06.822+0300] {dagbag.py:540} INFO - Filling up the DagBag from /media/data/omar/programming course/DEPI/DEPI project/anomx/venv/lib/python3.12/site-packages/airflow/example_dags/example_local_kubernetes_executor.py
[2026-06-22T08:28:06.827+0300] {logging_mixin.py:188} INFO - [2026-06-22T08:28:06.826+0300] {example_local_kubernetes_executor.py:40} WARNING - Could not import DAGs in example_local_kubernetes_executor.py
Traceback (most recent call last):
  File "/media/data/omar/programming course/DEPI/DEPI project/anomx/venv/lib/python3.12/site-packages/airflow/example_dags/example_local_kubernetes_executor.py", line 38, in <module>
    from kubernetes.client import models as k8s
ModuleNotFoundError: No module named 'kubernetes'
[2026-06-22T08:28:06.828+0300] {logging_mixin.py:188} INFO - [2026-06-22T08:28:06.828+0300] {example_local_kubernetes_executor.py:41} WARNING - Install Kubernetes dependencies with: pip install apache-airflow[cncf.kubernetes]
[2026-06-22T08:28:06.828+0300] {processor.py:842} WARNING - No viable dags retrieved from /media/data/omar/programming course/DEPI/DEPI project/anomx/venv/lib/python3.12/site-packages/airflow/example_dags/example_local_kubernetes_executor.py
[2026-06-22T08:28:06.842+0300] {processor.py:183} INFO - Processing /media/data/omar/programming course/DEPI/DEPI project/anomx/venv/lib/python3.12/site-packages/airflow/example_dags/example_local_kubernetes_executor.py took 0.030 seconds
[2026-06-22T08:29:00.548+0300] {processor.py:161} INFO - Started process (PID=43505) to work on /media/data/omar/programming course/DEPI/DEPI project/anomx/venv/lib/python3.12/site-packages/airflow/example_dags/example_local_kubernetes_executor.py
[2026-06-22T08:29:00.549+0300] {processor.py:830} INFO - Processing file /media/data/omar/programming course/DEPI/DEPI project/anomx/venv/lib/python3.12/site-packages/airflow/example_dags/example_local_kubernetes_executor.py for tasks to queue
[2026-06-22T08:29:00.550+0300] {logging_mixin.py:188} INFO - [2026-06-22T08:29:00.549+0300] {dagbag.py:540} INFO - Filling up the DagBag from /media/data/omar/programming course/DEPI/DEPI project/anomx/venv/lib/python3.12/site-packages/airflow/example_dags/example_local_kubernetes_executor.py
[2026-06-22T08:29:00.554+0300] {logging_mixin.py:188} INFO - [2026-06-22T08:29:00.553+0300] {example_local_kubernetes_executor.py:40} WARNING - Could not import DAGs in example_local_kubernetes_executor.py
Traceback (most recent call last):
  File "/media/data/omar/programming course/DEPI/DEPI project/anomx/venv/lib/python3.12/site-packages/airflow/example_dags/example_local_kubernetes_executor.py", line 38, in <module>
    from kubernetes.client import models as k8s
ModuleNotFoundError: No module named 'kubernetes'
[2026-06-22T08:29:00.554+0300] {logging_mixin.py:188} INFO - [2026-06-22T08:29:00.554+0300] {example_local_kubernetes_executor.py:41} WARNING - Install Kubernetes dependencies with: pip install apache-airflow[cncf.kubernetes]
[2026-06-22T08:29:00.555+0300] {processor.py:842} WARNING - No viable dags retrieved from /media/data/omar/programming course/DEPI/DEPI project/anomx/venv/lib/python3.12/site-packages/airflow/example_dags/example_local_kubernetes_executor.py
[2026-06-22T08:29:00.564+0300] {processor.py:183} INFO - Processing /media/data/omar/programming course/DEPI/DEPI project/anomx/venv/lib/python3.12/site-packages/airflow/example_dags/example_local_kubernetes_executor.py took 0.021 seconds
[2026-06-22T08:29:54.055+0300] {processor.py:161} INFO - Started process (PID=43585) to work on /media/data/omar/programming course/DEPI/DEPI project/anomx/venv/lib/python3.12/site-packages/airflow/example_dags/example_local_kubernetes_executor.py
[2026-06-22T08:29:54.056+0300] {processor.py:830} INFO - Processing file /media/data/omar/programming course/DEPI/DEPI project/anomx/venv/lib/python3.12/site-packages/airflow/example_dags/example_local_kubernetes_executor.py for tasks to queue
[2026-06-22T08:29:54.058+0300] {logging_mixin.py:188} INFO - [2026-06-22T08:29:54.057+0300] {dagbag.py:540} INFO - Filling up the DagBag from /media/data/omar/programming course/DEPI/DEPI project/anomx/venv/lib/python3.12/site-packages/airflow/example_dags/example_local_kubernetes_executor.py
[2026-06-22T08:29:54.067+0300] {logging_mixin.py:188} INFO - [2026-06-22T08:29:54.065+0300] {example_local_kubernetes_executor.py:40} WARNING - Could not import DAGs in example_local_kubernetes_executor.py
Traceback (most recent call last):
  File "/media/data/omar/programming course/DEPI/DEPI project/anomx/venv/lib/python3.12/site-packages/airflow/example_dags/example_local_kubernetes_executor.py", line 38, in <module>
    from kubernetes.client import models as k8s
ModuleNotFoundError: No module named 'kubernetes'
[2026-06-22T08:29:54.068+0300] {logging_mixin.py:188} INFO - [2026-06-22T08:29:54.067+0300] {example_local_kubernetes_executor.py:41} WARNING - Install Kubernetes dependencies with: pip install apache-airflow[cncf.kubernetes]
[2026-06-22T08:29:54.068+0300] {processor.py:842} WARNING - No viable dags retrieved from /media/data/omar/programming course/DEPI/DEPI project/anomx/venv/lib/python3.12/site-packages/airflow/example_dags/example_local_kubernetes_executor.py
[2026-06-22T08:29:54.084+0300] {processor.py:183} INFO - Processing /media/data/omar/programming course/DEPI/DEPI project/anomx/venv/lib/python3.12/site-packages/airflow/example_dags/example_local_kubernetes_executor.py took 0.039 seconds
[2026-06-22T08:30:45.436+0300] {processor.py:161} INFO - Started process (PID=43673) to work on /media/data/omar/programming course/DEPI/DEPI project/anomx/venv/lib/python3.12/site-packages/airflow/example_dags/example_local_kubernetes_executor.py
[2026-06-22T08:30:45.437+0300] {processor.py:830} INFO - Processing file /media/data/omar/programming course/DEPI/DEPI project/anomx/venv/lib/python3.12/site-packages/airflow/example_dags/example_local_kubernetes_executor.py for tasks to queue
[2026-06-22T08:30:45.438+0300] {logging_mixin.py:188} INFO - [2026-06-22T08:30:45.438+0300] {dagbag.py:540} INFO - Filling up the DagBag from /media/data/omar/programming course/DEPI/DEPI project/anomx/venv/lib/python3.12/site-packages/airflow/example_dags/example_local_kubernetes_executor.py
[2026-06-22T08:30:45.442+0300] {logging_mixin.py:188} INFO - [2026-06-22T08:30:45.441+0300] {example_local_kubernetes_executor.py:40} WARNING - Could not import DAGs in example_local_kubernetes_executor.py
Traceback (most recent call last):
  File "/media/data/omar/programming course/DEPI/DEPI project/anomx/venv/lib/python3.12/site-packages/airflow/example_dags/example_local_kubernetes_executor.py", line 38, in <module>
    from kubernetes.client import models as k8s
ModuleNotFoundError: No module named 'kubernetes'
[2026-06-22T08:30:45.443+0300] {logging_mixin.py:188} INFO - [2026-06-22T08:30:45.443+0300] {example_local_kubernetes_executor.py:41} WARNING - Install Kubernetes dependencies with: pip install apache-airflow[cncf.kubernetes]
[2026-06-22T08:30:45.443+0300] {processor.py:842} WARNING - No viable dags retrieved from /media/data/omar/programming course/DEPI/DEPI project/anomx/venv/lib/python3.12/site-packages/airflow/example_dags/example_local_kubernetes_executor.py
[2026-06-22T08:30:45.453+0300] {processor.py:183} INFO - Processing /media/data/omar/programming course/DEPI/DEPI project/anomx/venv/lib/python3.12/site-packages/airflow/example_dags/example_local_kubernetes_executor.py took 0.022 seconds
[2026-06-22T08:31:40.320+0300] {processor.py:161} INFO - Started process (PID=43779) to work on /media/data/omar/programming course/DEPI/DEPI project/anomx/venv/lib/python3.12/site-packages/airflow/example_dags/example_local_kubernetes_executor.py
[2026-06-22T08:31:40.320+0300] {processor.py:830} INFO - Processing file /media/data/omar/programming course/DEPI/DEPI project/anomx/venv/lib/python3.12/site-packages/airflow/example_dags/example_local_kubernetes_executor.py for tasks to queue
[2026-06-22T08:31:40.321+0300] {logging_mixin.py:188} INFO - [2026-06-22T08:31:40.321+0300] {dagbag.py:540} INFO - Filling up the DagBag from /media/data/omar/programming course/DEPI/DEPI project/anomx/venv/lib/python3.12/site-packages/airflow/example_dags/example_local_kubernetes_executor.py
[2026-06-22T08:31:40.325+0300] {logging_mixin.py:188} INFO - [2026-06-22T08:31:40.324+0300] {example_local_kubernetes_executor.py:40} WARNING - Could not import DAGs in example_local_kubernetes_executor.py
Traceback (most recent call last):
  File "/media/data/omar/programming course/DEPI/DEPI project/anomx/venv/lib/python3.12/site-packages/airflow/example_dags/example_local_kubernetes_executor.py", line 38, in <module>
    from kubernetes.client import models as k8s
ModuleNotFoundError: No module named 'kubernetes'
[2026-06-22T08:31:40.326+0300] {logging_mixin.py:188} INFO - [2026-06-22T08:31:40.325+0300] {example_local_kubernetes_executor.py:41} WARNING - Install Kubernetes dependencies with: pip install apache-airflow[cncf.kubernetes]
[2026-06-22T08:31:40.326+0300] {processor.py:842} WARNING - No viable dags retrieved from /media/data/omar/programming course/DEPI/DEPI project/anomx/venv/lib/python3.12/site-packages/airflow/example_dags/example_local_kubernetes_executor.py
[2026-06-22T08:31:40.335+0300] {processor.py:183} INFO - Processing /media/data/omar/programming course/DEPI/DEPI project/anomx/venv/lib/python3.12/site-packages/airflow/example_dags/example_local_kubernetes_executor.py took 0.021 seconds
[2026-06-22T08:32:32.826+0300] {processor.py:161} INFO - Started process (PID=43861) to work on /media/data/omar/programming course/DEPI/DEPI project/anomx/venv/lib/python3.12/site-packages/airflow/example_dags/example_local_kubernetes_executor.py
[2026-06-22T08:32:32.827+0300] {processor.py:830} INFO - Processing file /media/data/omar/programming course/DEPI/DEPI project/anomx/venv/lib/python3.12/site-packages/airflow/example_dags/example_local_kubernetes_executor.py for tasks to queue
[2026-06-22T08:32:32.827+0300] {logging_mixin.py:188} INFO - [2026-06-22T08:32:32.827+0300] {dagbag.py:540} INFO - Filling up the DagBag from /media/data/omar/programming course/DEPI/DEPI project/anomx/venv/lib/python3.12/site-packages/airflow/example_dags/example_local_kubernetes_executor.py
[2026-06-22T08:32:32.831+0300] {logging_mixin.py:188} INFO - [2026-06-22T08:32:32.831+0300] {example_local_kubernetes_executor.py:40} WARNING - Could not import DAGs in example_local_kubernetes_executor.py
Traceback (most recent call last):
  File "/media/data/omar/programming course/DEPI/DEPI project/anomx/venv/lib/python3.12/site-packages/airflow/example_dags/example_local_kubernetes_executor.py", line 38, in <module>
    from kubernetes.client import models as k8s
ModuleNotFoundError: No module named 'kubernetes'
[2026-06-22T08:32:32.832+0300] {logging_mixin.py:188} INFO - [2026-06-22T08:32:32.832+0300] {example_local_kubernetes_executor.py:41} WARNING - Install Kubernetes dependencies with: pip install apache-airflow[cncf.kubernetes]
[2026-06-22T08:32:32.832+0300] {processor.py:842} WARNING - No viable dags retrieved from /media/data/omar/programming course/DEPI/DEPI project/anomx/venv/lib/python3.12/site-packages/airflow/example_dags/example_local_kubernetes_executor.py
[2026-06-22T08:32:32.842+0300] {processor.py:183} INFO - Processing /media/data/omar/programming course/DEPI/DEPI project/anomx/venv/lib/python3.12/site-packages/airflow/example_dags/example_local_kubernetes_executor.py took 0.021 seconds
[2026-06-22T08:33:21.174+0300] {processor.py:161} INFO - Started process (PID=43947) to work on /media/data/omar/programming course/DEPI/DEPI project/anomx/venv/lib/python3.12/site-packages/airflow/example_dags/example_local_kubernetes_executor.py
[2026-06-22T08:33:21.175+0300] {processor.py:830} INFO - Processing file /media/data/omar/programming course/DEPI/DEPI project/anomx/venv/lib/python3.12/site-packages/airflow/example_dags/example_local_kubernetes_executor.py for tasks to queue
[2026-06-22T08:33:21.176+0300] {logging_mixin.py:188} INFO - [2026-06-22T08:33:21.175+0300] {dagbag.py:540} INFO - Filling up the DagBag from /media/data/omar/programming course/DEPI/DEPI project/anomx/venv/lib/python3.12/site-packages/airflow/example_dags/example_local_kubernetes_executor.py
[2026-06-22T08:33:21.181+0300] {logging_mixin.py:188} INFO - [2026-06-22T08:33:21.180+0300] {example_local_kubernetes_executor.py:40} WARNING - Could not import DAGs in example_local_kubernetes_executor.py
Traceback (most recent call last):
  File "/media/data/omar/programming course/DEPI/DEPI project/anomx/venv/lib/python3.12/site-packages/airflow/example_dags/example_local_kubernetes_executor.py", line 38, in <module>
    from kubernetes.client import models as k8s
ModuleNotFoundError: No module named 'kubernetes'
[2026-06-22T08:33:21.181+0300] {logging_mixin.py:188} INFO - [2026-06-22T08:33:21.181+0300] {example_local_kubernetes_executor.py:41} WARNING - Install Kubernetes dependencies with: pip install apache-airflow[cncf.kubernetes]
[2026-06-22T08:33:21.182+0300] {processor.py:842} WARNING - No viable dags retrieved from /media/data/omar/programming course/DEPI/DEPI project/anomx/venv/lib/python3.12/site-packages/airflow/example_dags/example_local_kubernetes_executor.py
[2026-06-22T08:33:21.193+0300] {processor.py:183} INFO - Processing /media/data/omar/programming course/DEPI/DEPI project/anomx/venv/lib/python3.12/site-packages/airflow/example_dags/example_local_kubernetes_executor.py took 0.025 seconds
[2026-06-22T08:34:13.321+0300] {processor.py:161} INFO - Started process (PID=44024) to work on /media/data/omar/programming course/DEPI/DEPI project/anomx/venv/lib/python3.12/site-packages/airflow/example_dags/example_local_kubernetes_executor.py
[2026-06-22T08:34:13.322+0300] {processor.py:830} INFO - Processing file /media/data/omar/programming course/DEPI/DEPI project/anomx/venv/lib/python3.12/site-packages/airflow/example_dags/example_local_kubernetes_executor.py for tasks to queue
[2026-06-22T08:34:13.323+0300] {logging_mixin.py:188} INFO - [2026-06-22T08:34:13.322+0300] {dagbag.py:540} INFO - Filling up the DagBag from /media/data/omar/programming course/DEPI/DEPI project/anomx/venv/lib/python3.12/site-packages/airflow/example_dags/example_local_kubernetes_executor.py
[2026-06-22T08:34:13.327+0300] {logging_mixin.py:188} INFO - [2026-06-22T08:34:13.326+0300] {example_local_kubernetes_executor.py:40} WARNING - Could not import DAGs in example_local_kubernetes_executor.py
Traceback (most recent call last):
  File "/media/data/omar/programming course/DEPI/DEPI project/anomx/venv/lib/python3.12/site-packages/airflow/example_dags/example_local_kubernetes_executor.py", line 38, in <module>
    from kubernetes.client import models as k8s
ModuleNotFoundError: No module named 'kubernetes'
[2026-06-22T08:34:13.328+0300] {logging_mixin.py:188} INFO - [2026-06-22T08:34:13.327+0300] {example_local_kubernetes_executor.py:41} WARNING - Install Kubernetes dependencies with: pip install apache-airflow[cncf.kubernetes]
[2026-06-22T08:34:13.328+0300] {processor.py:842} WARNING - No viable dags retrieved from /media/data/omar/programming course/DEPI/DEPI project/anomx/venv/lib/python3.12/site-packages/airflow/example_dags/example_local_kubernetes_executor.py
[2026-06-22T08:34:13.337+0300] {processor.py:183} INFO - Processing /media/data/omar/programming course/DEPI/DEPI project/anomx/venv/lib/python3.12/site-packages/airflow/example_dags/example_local_kubernetes_executor.py took 0.021 seconds
[2026-06-22T08:35:03.610+0300] {processor.py:161} INFO - Started process (PID=44103) to work on /media/data/omar/programming course/DEPI/DEPI project/anomx/venv/lib/python3.12/site-packages/airflow/example_dags/example_local_kubernetes_executor.py
[2026-06-22T08:35:03.611+0300] {processor.py:830} INFO - Processing file /media/data/omar/programming course/DEPI/DEPI project/anomx/venv/lib/python3.12/site-packages/airflow/example_dags/example_local_kubernetes_executor.py for tasks to queue
[2026-06-22T08:35:03.612+0300] {logging_mixin.py:188} INFO - [2026-06-22T08:35:03.611+0300] {dagbag.py:540} INFO - Filling up the DagBag from /media/data/omar/programming course/DEPI/DEPI project/anomx/venv/lib/python3.12/site-packages/airflow/example_dags/example_local_kubernetes_executor.py
[2026-06-22T08:35:03.617+0300] {logging_mixin.py:188} INFO - [2026-06-22T08:35:03.616+0300] {example_local_kubernetes_executor.py:40} WARNING - Could not import DAGs in example_local_kubernetes_executor.py
Traceback (most recent call last):
  File "/media/data/omar/programming course/DEPI/DEPI project/anomx/venv/lib/python3.12/site-packages/airflow/example_dags/example_local_kubernetes_executor.py", line 38, in <module>
    from kubernetes.client import models as k8s
ModuleNotFoundError: No module named 'kubernetes'
[2026-06-22T08:35:03.617+0300] {logging_mixin.py:188} INFO - [2026-06-22T08:35:03.617+0300] {example_local_kubernetes_executor.py:41} WARNING - Install Kubernetes dependencies with: pip install apache-airflow[cncf.kubernetes]
[2026-06-22T08:35:03.618+0300] {processor.py:842} WARNING - No viable dags retrieved from /media/data/omar/programming course/DEPI/DEPI project/anomx/venv/lib/python3.12/site-packages/airflow/example_dags/example_local_kubernetes_executor.py
[2026-06-22T08:35:03.627+0300] {processor.py:183} INFO - Processing /media/data/omar/programming course/DEPI/DEPI project/anomx/venv/lib/python3.12/site-packages/airflow/example_dags/example_local_kubernetes_executor.py took 0.022 seconds
[2026-06-22T08:35:51.020+0300] {processor.py:161} INFO - Started process (PID=44180) to work on /media/data/omar/programming course/DEPI/DEPI project/anomx/venv/lib/python3.12/site-packages/airflow/example_dags/example_local_kubernetes_executor.py
[2026-06-22T08:35:51.021+0300] {processor.py:830} INFO - Processing file /media/data/omar/programming course/DEPI/DEPI project/anomx/venv/lib/python3.12/site-packages/airflow/example_dags/example_local_kubernetes_executor.py for tasks to queue
[2026-06-22T08:35:51.022+0300] {logging_mixin.py:188} INFO - [2026-06-22T08:35:51.021+0300] {dagbag.py:540} INFO - Filling up the DagBag from /media/data/omar/programming course/DEPI/DEPI project/anomx/venv/lib/python3.12/site-packages/airflow/example_dags/example_local_kubernetes_executor.py
[2026-06-22T08:35:51.026+0300] {logging_mixin.py:188} INFO - [2026-06-22T08:35:51.025+0300] {example_local_kubernetes_executor.py:40} WARNING - Could not import DAGs in example_local_kubernetes_executor.py
Traceback (most recent call last):
  File "/media/data/omar/programming course/DEPI/DEPI project/anomx/venv/lib/python3.12/site-packages/airflow/example_dags/example_local_kubernetes_executor.py", line 38, in <module>
    from kubernetes.client import models as k8s
ModuleNotFoundError: No module named 'kubernetes'
[2026-06-22T08:35:51.026+0300] {logging_mixin.py:188} INFO - [2026-06-22T08:35:51.026+0300] {example_local_kubernetes_executor.py:41} WARNING - Install Kubernetes dependencies with: pip install apache-airflow[cncf.kubernetes]
[2026-06-22T08:35:51.027+0300] {processor.py:842} WARNING - No viable dags retrieved from /media/data/omar/programming course/DEPI/DEPI project/anomx/venv/lib/python3.12/site-packages/airflow/example_dags/example_local_kubernetes_executor.py
[2026-06-22T08:35:51.036+0300] {processor.py:183} INFO - Processing /media/data/omar/programming course/DEPI/DEPI project/anomx/venv/lib/python3.12/site-packages/airflow/example_dags/example_local_kubernetes_executor.py took 0.020 seconds
[2026-06-22T08:36:42.989+0300] {processor.py:161} INFO - Started process (PID=44254) to work on /media/data/omar/programming course/DEPI/DEPI project/anomx/venv/lib/python3.12/site-packages/airflow/example_dags/example_local_kubernetes_executor.py
[2026-06-22T08:36:42.990+0300] {processor.py:830} INFO - Processing file /media/data/omar/programming course/DEPI/DEPI project/anomx/venv/lib/python3.12/site-packages/airflow/example_dags/example_local_kubernetes_executor.py for tasks to queue
[2026-06-22T08:36:42.991+0300] {logging_mixin.py:188} INFO - [2026-06-22T08:36:42.990+0300] {dagbag.py:540} INFO - Filling up the DagBag from /media/data/omar/programming course/DEPI/DEPI project/anomx/venv/lib/python3.12/site-packages/airflow/example_dags/example_local_kubernetes_executor.py
[2026-06-22T08:36:42.995+0300] {logging_mixin.py:188} INFO - [2026-06-22T08:36:42.994+0300] {example_local_kubernetes_executor.py:40} WARNING - Could not import DAGs in example_local_kubernetes_executor.py
Traceback (most recent call last):
  File "/media/data/omar/programming course/DEPI/DEPI project/anomx/venv/lib/python3.12/site-packages/airflow/example_dags/example_local_kubernetes_executor.py", line 38, in <module>
    from kubernetes.client import models as k8s
ModuleNotFoundError: No module named 'kubernetes'
[2026-06-22T08:36:42.995+0300] {logging_mixin.py:188} INFO - [2026-06-22T08:36:42.995+0300] {example_local_kubernetes_executor.py:41} WARNING - Install Kubernetes dependencies with: pip install apache-airflow[cncf.kubernetes]
[2026-06-22T08:36:42.995+0300] {processor.py:842} WARNING - No viable dags retrieved from /media/data/omar/programming course/DEPI/DEPI project/anomx/venv/lib/python3.12/site-packages/airflow/example_dags/example_local_kubernetes_executor.py
[2026-06-22T08:36:43.005+0300] {processor.py:183} INFO - Processing /media/data/omar/programming course/DEPI/DEPI project/anomx/venv/lib/python3.12/site-packages/airflow/example_dags/example_local_kubernetes_executor.py took 0.021 seconds
[2026-06-22T08:37:33.892+0300] {processor.py:161} INFO - Started process (PID=44330) to work on /media/data/omar/programming course/DEPI/DEPI project/anomx/venv/lib/python3.12/site-packages/airflow/example_dags/example_local_kubernetes_executor.py
[2026-06-22T08:37:33.893+0300] {processor.py:830} INFO - Processing file /media/data/omar/programming course/DEPI/DEPI project/anomx/venv/lib/python3.12/site-packages/airflow/example_dags/example_local_kubernetes_executor.py for tasks to queue
[2026-06-22T08:37:33.895+0300] {logging_mixin.py:188} INFO - [2026-06-22T08:37:33.894+0300] {dagbag.py:540} INFO - Filling up the DagBag from /media/data/omar/programming course/DEPI/DEPI project/anomx/venv/lib/python3.12/site-packages/airflow/example_dags/example_local_kubernetes_executor.py
[2026-06-22T08:37:33.902+0300] {logging_mixin.py:188} INFO - [2026-06-22T08:37:33.901+0300] {example_local_kubernetes_executor.py:40} WARNING - Could not import DAGs in example_local_kubernetes_executor.py
Traceback (most recent call last):
  File "/media/data/omar/programming course/DEPI/DEPI project/anomx/venv/lib/python3.12/site-packages/airflow/example_dags/example_local_kubernetes_executor.py", line 38, in <module>
    from kubernetes.client import models as k8s
ModuleNotFoundError: No module named 'kubernetes'
[2026-06-22T08:37:33.902+0300] {logging_mixin.py:188} INFO - [2026-06-22T08:37:33.902+0300] {example_local_kubernetes_executor.py:41} WARNING - Install Kubernetes dependencies with: pip install apache-airflow[cncf.kubernetes]
[2026-06-22T08:37:33.903+0300] {processor.py:842} WARNING - No viable dags retrieved from /media/data/omar/programming course/DEPI/DEPI project/anomx/venv/lib/python3.12/site-packages/airflow/example_dags/example_local_kubernetes_executor.py
[2026-06-22T08:37:33.914+0300] {processor.py:183} INFO - Processing /media/data/omar/programming course/DEPI/DEPI project/anomx/venv/lib/python3.12/site-packages/airflow/example_dags/example_local_kubernetes_executor.py took 0.037 seconds
[2026-06-22T08:38:23.713+0300] {processor.py:161} INFO - Started process (PID=44419) to work on /media/data/omar/programming course/DEPI/DEPI project/anomx/venv/lib/python3.12/site-packages/airflow/example_dags/example_local_kubernetes_executor.py
[2026-06-22T08:38:23.714+0300] {processor.py:830} INFO - Processing file /media/data/omar/programming course/DEPI/DEPI project/anomx/venv/lib/python3.12/site-packages/airflow/example_dags/example_local_kubernetes_executor.py for tasks to queue
[2026-06-22T08:38:23.716+0300] {logging_mixin.py:188} INFO - [2026-06-22T08:38:23.715+0300] {dagbag.py:540} INFO - Filling up the DagBag from /media/data/omar/programming course/DEPI/DEPI project/anomx/venv/lib/python3.12/site-packages/airflow/example_dags/example_local_kubernetes_executor.py
[2026-06-22T08:38:23.723+0300] {logging_mixin.py:188} INFO - [2026-06-22T08:38:23.722+0300] {example_local_kubernetes_executor.py:40} WARNING - Could not import DAGs in example_local_kubernetes_executor.py
Traceback (most recent call last):
  File "/media/data/omar/programming course/DEPI/DEPI project/anomx/venv/lib/python3.12/site-packages/airflow/example_dags/example_local_kubernetes_executor.py", line 38, in <module>
    from kubernetes.client import models as k8s
ModuleNotFoundError: No module named 'kubernetes'
[2026-06-22T08:38:23.724+0300] {logging_mixin.py:188} INFO - [2026-06-22T08:38:23.724+0300] {example_local_kubernetes_executor.py:41} WARNING - Install Kubernetes dependencies with: pip install apache-airflow[cncf.kubernetes]
[2026-06-22T08:38:23.725+0300] {processor.py:842} WARNING - No viable dags retrieved from /media/data/omar/programming course/DEPI/DEPI project/anomx/venv/lib/python3.12/site-packages/airflow/example_dags/example_local_kubernetes_executor.py
[2026-06-22T08:38:23.735+0300] {processor.py:183} INFO - Processing /media/data/omar/programming course/DEPI/DEPI project/anomx/venv/lib/python3.12/site-packages/airflow/example_dags/example_local_kubernetes_executor.py took 0.037 seconds
[2026-06-22T08:39:15.132+0300] {processor.py:161} INFO - Started process (PID=44503) to work on /media/data/omar/programming course/DEPI/DEPI project/anomx/venv/lib/python3.12/site-packages/airflow/example_dags/example_local_kubernetes_executor.py
[2026-06-22T08:39:15.133+0300] {processor.py:830} INFO - Processing file /media/data/omar/programming course/DEPI/DEPI project/anomx/venv/lib/python3.12/site-packages/airflow/example_dags/example_local_kubernetes_executor.py for tasks to queue
[2026-06-22T08:39:15.134+0300] {logging_mixin.py:188} INFO - [2026-06-22T08:39:15.134+0300] {dagbag.py:540} INFO - Filling up the DagBag from /media/data/omar/programming course/DEPI/DEPI project/anomx/venv/lib/python3.12/site-packages/airflow/example_dags/example_local_kubernetes_executor.py
[2026-06-22T08:39:15.140+0300] {logging_mixin.py:188} INFO - [2026-06-22T08:39:15.139+0300] {example_local_kubernetes_executor.py:40} WARNING - Could not import DAGs in example_local_kubernetes_executor.py
Traceback (most recent call last):
  File "/media/data/omar/programming course/DEPI/DEPI project/anomx/venv/lib/python3.12/site-packages/airflow/example_dags/example_local_kubernetes_executor.py", line 38, in <module>
    from kubernetes.client import models as k8s
ModuleNotFoundError: No module named 'kubernetes'
[2026-06-22T08:39:15.141+0300] {logging_mixin.py:188} INFO - [2026-06-22T08:39:15.141+0300] {example_local_kubernetes_executor.py:41} WARNING - Install Kubernetes dependencies with: pip install apache-airflow[cncf.kubernetes]
[2026-06-22T08:39:15.141+0300] {processor.py:842} WARNING - No viable dags retrieved from /media/data/omar/programming course/DEPI/DEPI project/anomx/venv/lib/python3.12/site-packages/airflow/example_dags/example_local_kubernetes_executor.py
[2026-06-22T08:39:15.154+0300] {processor.py:183} INFO - Processing /media/data/omar/programming course/DEPI/DEPI project/anomx/venv/lib/python3.12/site-packages/airflow/example_dags/example_local_kubernetes_executor.py took 0.028 seconds
[2026-06-22T08:40:08.751+0300] {processor.py:161} INFO - Started process (PID=44585) to work on /media/data/omar/programming course/DEPI/DEPI project/anomx/venv/lib/python3.12/site-packages/airflow/example_dags/example_local_kubernetes_executor.py
[2026-06-22T08:40:08.752+0300] {processor.py:830} INFO - Processing file /media/data/omar/programming course/DEPI/DEPI project/anomx/venv/lib/python3.12/site-packages/airflow/example_dags/example_local_kubernetes_executor.py for tasks to queue
[2026-06-22T08:40:08.754+0300] {logging_mixin.py:188} INFO - [2026-06-22T08:40:08.753+0300] {dagbag.py:540} INFO - Filling up the DagBag from /media/data/omar/programming course/DEPI/DEPI project/anomx/venv/lib/python3.12/site-packages/airflow/example_dags/example_local_kubernetes_executor.py
[2026-06-22T08:40:08.759+0300] {logging_mixin.py:188} INFO - [2026-06-22T08:40:08.758+0300] {example_local_kubernetes_executor.py:40} WARNING - Could not import DAGs in example_local_kubernetes_executor.py
Traceback (most recent call last):
  File "/media/data/omar/programming course/DEPI/DEPI project/anomx/venv/lib/python3.12/site-packages/airflow/example_dags/example_local_kubernetes_executor.py", line 38, in <module>
    from kubernetes.client import models as k8s
ModuleNotFoundError: No module named 'kubernetes'
[2026-06-22T08:40:08.760+0300] {logging_mixin.py:188} INFO - [2026-06-22T08:40:08.760+0300] {example_local_kubernetes_executor.py:41} WARNING - Install Kubernetes dependencies with: pip install apache-airflow[cncf.kubernetes]
[2026-06-22T08:40:08.761+0300] {processor.py:842} WARNING - No viable dags retrieved from /media/data/omar/programming course/DEPI/DEPI project/anomx/venv/lib/python3.12/site-packages/airflow/example_dags/example_local_kubernetes_executor.py
[2026-06-22T08:40:08.774+0300] {processor.py:183} INFO - Processing /media/data/omar/programming course/DEPI/DEPI project/anomx/venv/lib/python3.12/site-packages/airflow/example_dags/example_local_kubernetes_executor.py took 0.033 seconds
[2026-06-22T08:41:04.302+0300] {processor.py:161} INFO - Started process (PID=44687) to work on /media/data/omar/programming course/DEPI/DEPI project/anomx/venv/lib/python3.12/site-packages/airflow/example_dags/example_local_kubernetes_executor.py
[2026-06-22T08:41:04.303+0300] {processor.py:830} INFO - Processing file /media/data/omar/programming course/DEPI/DEPI project/anomx/venv/lib/python3.12/site-packages/airflow/example_dags/example_local_kubernetes_executor.py for tasks to queue
[2026-06-22T08:41:04.304+0300] {logging_mixin.py:188} INFO - [2026-06-22T08:41:04.304+0300] {dagbag.py:540} INFO - Filling up the DagBag from /media/data/omar/programming course/DEPI/DEPI project/anomx/venv/lib/python3.12/site-packages/airflow/example_dags/example_local_kubernetes_executor.py
[2026-06-22T08:41:04.310+0300] {logging_mixin.py:188} INFO - [2026-06-22T08:41:04.309+0300] {example_local_kubernetes_executor.py:40} WARNING - Could not import DAGs in example_local_kubernetes_executor.py
Traceback (most recent call last):
  File "/media/data/omar/programming course/DEPI/DEPI project/anomx/venv/lib/python3.12/site-packages/airflow/example_dags/example_local_kubernetes_executor.py", line 38, in <module>
    from kubernetes.client import models as k8s
ModuleNotFoundError: No module named 'kubernetes'
[2026-06-22T08:41:04.311+0300] {logging_mixin.py:188} INFO - [2026-06-22T08:41:04.311+0300] {example_local_kubernetes_executor.py:41} WARNING - Install Kubernetes dependencies with: pip install apache-airflow[cncf.kubernetes]
[2026-06-22T08:41:04.311+0300] {processor.py:842} WARNING - No viable dags retrieved from /media/data/omar/programming course/DEPI/DEPI project/anomx/venv/lib/python3.12/site-packages/airflow/example_dags/example_local_kubernetes_executor.py
[2026-06-22T08:41:04.323+0300] {processor.py:183} INFO - Processing /media/data/omar/programming course/DEPI/DEPI project/anomx/venv/lib/python3.12/site-packages/airflow/example_dags/example_local_kubernetes_executor.py took 0.027 seconds
[2026-06-22T08:41:59.867+0300] {processor.py:161} INFO - Started process (PID=44767) to work on /media/data/omar/programming course/DEPI/DEPI project/anomx/venv/lib/python3.12/site-packages/airflow/example_dags/example_local_kubernetes_executor.py
[2026-06-22T08:41:59.868+0300] {processor.py:830} INFO - Processing file /media/data/omar/programming course/DEPI/DEPI project/anomx/venv/lib/python3.12/site-packages/airflow/example_dags/example_local_kubernetes_executor.py for tasks to queue
[2026-06-22T08:41:59.870+0300] {logging_mixin.py:188} INFO - [2026-06-22T08:41:59.869+0300] {dagbag.py:540} INFO - Filling up the DagBag from /media/data/omar/programming course/DEPI/DEPI project/anomx/venv/lib/python3.12/site-packages/airflow/example_dags/example_local_kubernetes_executor.py
[2026-06-22T08:41:59.875+0300] {logging_mixin.py:188} INFO - [2026-06-22T08:41:59.874+0300] {example_local_kubernetes_executor.py:40} WARNING - Could not import DAGs in example_local_kubernetes_executor.py
Traceback (most recent call last):
  File "/media/data/omar/programming course/DEPI/DEPI project/anomx/venv/lib/python3.12/site-packages/airflow/example_dags/example_local_kubernetes_executor.py", line 38, in <module>
    from kubernetes.client import models as k8s
ModuleNotFoundError: No module named 'kubernetes'
[2026-06-22T08:41:59.876+0300] {logging_mixin.py:188} INFO - [2026-06-22T08:41:59.875+0300] {example_local_kubernetes_executor.py:41} WARNING - Install Kubernetes dependencies with: pip install apache-airflow[cncf.kubernetes]
[2026-06-22T08:41:59.876+0300] {processor.py:842} WARNING - No viable dags retrieved from /media/data/omar/programming course/DEPI/DEPI project/anomx/venv/lib/python3.12/site-packages/airflow/example_dags/example_local_kubernetes_executor.py
[2026-06-22T08:41:59.889+0300] {processor.py:183} INFO - Processing /media/data/omar/programming course/DEPI/DEPI project/anomx/venv/lib/python3.12/site-packages/airflow/example_dags/example_local_kubernetes_executor.py took 0.029 seconds
[2026-06-22T08:42:50.896+0300] {processor.py:161} INFO - Started process (PID=44851) to work on /media/data/omar/programming course/DEPI/DEPI project/anomx/venv/lib/python3.12/site-packages/airflow/example_dags/example_local_kubernetes_executor.py
[2026-06-22T08:42:50.897+0300] {processor.py:830} INFO - Processing file /media/data/omar/programming course/DEPI/DEPI project/anomx/venv/lib/python3.12/site-packages/airflow/example_dags/example_local_kubernetes_executor.py for tasks to queue
[2026-06-22T08:42:50.899+0300] {logging_mixin.py:188} INFO - [2026-06-22T08:42:50.898+0300] {dagbag.py:540} INFO - Filling up the DagBag from /media/data/omar/programming course/DEPI/DEPI project/anomx/venv/lib/python3.12/site-packages/airflow/example_dags/example_local_kubernetes_executor.py
[2026-06-22T08:42:50.906+0300] {logging_mixin.py:188} INFO - [2026-06-22T08:42:50.904+0300] {example_local_kubernetes_executor.py:40} WARNING - Could not import DAGs in example_local_kubernetes_executor.py
Traceback (most recent call last):
  File "/media/data/omar/programming course/DEPI/DEPI project/anomx/venv/lib/python3.12/site-packages/airflow/example_dags/example_local_kubernetes_executor.py", line 38, in <module>
    from kubernetes.client import models as k8s
ModuleNotFoundError: No module named 'kubernetes'
[2026-06-22T08:42:50.907+0300] {logging_mixin.py:188} INFO - [2026-06-22T08:42:50.907+0300] {example_local_kubernetes_executor.py:41} WARNING - Install Kubernetes dependencies with: pip install apache-airflow[cncf.kubernetes]
[2026-06-22T08:42:50.907+0300] {processor.py:842} WARNING - No viable dags retrieved from /media/data/omar/programming course/DEPI/DEPI project/anomx/venv/lib/python3.12/site-packages/airflow/example_dags/example_local_kubernetes_executor.py
[2026-06-22T08:42:50.923+0300] {processor.py:183} INFO - Processing /media/data/omar/programming course/DEPI/DEPI project/anomx/venv/lib/python3.12/site-packages/airflow/example_dags/example_local_kubernetes_executor.py took 0.036 seconds
[2026-06-22T08:43:44.148+0300] {processor.py:161} INFO - Started process (PID=44945) to work on /media/data/omar/programming course/DEPI/DEPI project/anomx/venv/lib/python3.12/site-packages/airflow/example_dags/example_local_kubernetes_executor.py
[2026-06-22T08:43:44.149+0300] {processor.py:830} INFO - Processing file /media/data/omar/programming course/DEPI/DEPI project/anomx/venv/lib/python3.12/site-packages/airflow/example_dags/example_local_kubernetes_executor.py for tasks to queue
[2026-06-22T08:43:44.150+0300] {logging_mixin.py:188} INFO - [2026-06-22T08:43:44.149+0300] {dagbag.py:540} INFO - Filling up the DagBag from /media/data/omar/programming course/DEPI/DEPI project/anomx/venv/lib/python3.12/site-packages/airflow/example_dags/example_local_kubernetes_executor.py
[2026-06-22T08:43:44.155+0300] {logging_mixin.py:188} INFO - [2026-06-22T08:43:44.154+0300] {example_local_kubernetes_executor.py:40} WARNING - Could not import DAGs in example_local_kubernetes_executor.py
Traceback (most recent call last):
  File "/media/data/omar/programming course/DEPI/DEPI project/anomx/venv/lib/python3.12/site-packages/airflow/example_dags/example_local_kubernetes_executor.py", line 38, in <module>
    from kubernetes.client import models as k8s
ModuleNotFoundError: No module named 'kubernetes'
[2026-06-22T08:43:44.156+0300] {logging_mixin.py:188} INFO - [2026-06-22T08:43:44.155+0300] {example_local_kubernetes_executor.py:41} WARNING - Install Kubernetes dependencies with: pip install apache-airflow[cncf.kubernetes]
[2026-06-22T08:43:44.156+0300] {processor.py:842} WARNING - No viable dags retrieved from /media/data/omar/programming course/DEPI/DEPI project/anomx/venv/lib/python3.12/site-packages/airflow/example_dags/example_local_kubernetes_executor.py
[2026-06-22T08:43:44.168+0300] {processor.py:183} INFO - Processing /media/data/omar/programming course/DEPI/DEPI project/anomx/venv/lib/python3.12/site-packages/airflow/example_dags/example_local_kubernetes_executor.py took 0.028 seconds
[2026-06-22T08:44:36.703+0300] {processor.py:161} INFO - Started process (PID=45021) to work on /media/data/omar/programming course/DEPI/DEPI project/anomx/venv/lib/python3.12/site-packages/airflow/example_dags/example_local_kubernetes_executor.py
[2026-06-22T08:44:36.704+0300] {processor.py:830} INFO - Processing file /media/data/omar/programming course/DEPI/DEPI project/anomx/venv/lib/python3.12/site-packages/airflow/example_dags/example_local_kubernetes_executor.py for tasks to queue
[2026-06-22T08:44:36.706+0300] {logging_mixin.py:188} INFO - [2026-06-22T08:44:36.705+0300] {dagbag.py:540} INFO - Filling up the DagBag from /media/data/omar/programming course/DEPI/DEPI project/anomx/venv/lib/python3.12/site-packages/airflow/example_dags/example_local_kubernetes_executor.py
[2026-06-22T08:44:36.712+0300] {logging_mixin.py:188} INFO - [2026-06-22T08:44:36.710+0300] {example_local_kubernetes_executor.py:40} WARNING - Could not import DAGs in example_local_kubernetes_executor.py
Traceback (most recent call last):
  File "/media/data/omar/programming course/DEPI/DEPI project/anomx/venv/lib/python3.12/site-packages/airflow/example_dags/example_local_kubernetes_executor.py", line 38, in <module>
    from kubernetes.client import models as k8s
ModuleNotFoundError: No module named 'kubernetes'
[2026-06-22T08:44:36.714+0300] {logging_mixin.py:188} INFO - [2026-06-22T08:44:36.713+0300] {example_local_kubernetes_executor.py:41} WARNING - Install Kubernetes dependencies with: pip install apache-airflow[cncf.kubernetes]
[2026-06-22T08:44:36.714+0300] {processor.py:842} WARNING - No viable dags retrieved from /media/data/omar/programming course/DEPI/DEPI project/anomx/venv/lib/python3.12/site-packages/airflow/example_dags/example_local_kubernetes_executor.py
[2026-06-22T08:44:36.731+0300] {processor.py:183} INFO - Processing /media/data/omar/programming course/DEPI/DEPI project/anomx/venv/lib/python3.12/site-packages/airflow/example_dags/example_local_kubernetes_executor.py took 0.036 seconds
[2026-06-22T08:45:47.498+0300] {processor.py:161} INFO - Started process (PID=45145) to work on /media/data/omar/programming course/DEPI/DEPI project/anomx/venv/lib/python3.12/site-packages/airflow/example_dags/example_local_kubernetes_executor.py
[2026-06-22T08:45:47.499+0300] {processor.py:830} INFO - Processing file /media/data/omar/programming course/DEPI/DEPI project/anomx/venv/lib/python3.12/site-packages/airflow/example_dags/example_local_kubernetes_executor.py for tasks to queue
[2026-06-22T08:45:47.501+0300] {logging_mixin.py:188} INFO - [2026-06-22T08:45:47.500+0300] {dagbag.py:540} INFO - Filling up the DagBag from /media/data/omar/programming course/DEPI/DEPI project/anomx/venv/lib/python3.12/site-packages/airflow/example_dags/example_local_kubernetes_executor.py
[2026-06-22T08:45:47.507+0300] {logging_mixin.py:188} INFO - [2026-06-22T08:45:47.506+0300] {example_local_kubernetes_executor.py:40} WARNING - Could not import DAGs in example_local_kubernetes_executor.py
Traceback (most recent call last):
  File "/media/data/omar/programming course/DEPI/DEPI project/anomx/venv/lib/python3.12/site-packages/airflow/example_dags/example_local_kubernetes_executor.py", line 38, in <module>
    from kubernetes.client import models as k8s
ModuleNotFoundError: No module named 'kubernetes'
[2026-06-22T08:45:47.508+0300] {logging_mixin.py:188} INFO - [2026-06-22T08:45:47.508+0300] {example_local_kubernetes_executor.py:41} WARNING - Install Kubernetes dependencies with: pip install apache-airflow[cncf.kubernetes]
[2026-06-22T08:45:47.509+0300] {processor.py:842} WARNING - No viable dags retrieved from /media/data/omar/programming course/DEPI/DEPI project/anomx/venv/lib/python3.12/site-packages/airflow/example_dags/example_local_kubernetes_executor.py
[2026-06-22T08:45:47.521+0300] {processor.py:183} INFO - Processing /media/data/omar/programming course/DEPI/DEPI project/anomx/venv/lib/python3.12/site-packages/airflow/example_dags/example_local_kubernetes_executor.py took 0.032 seconds
[2026-06-22T08:46:39.548+0300] {processor.py:161} INFO - Started process (PID=45220) to work on /media/data/omar/programming course/DEPI/DEPI project/anomx/venv/lib/python3.12/site-packages/airflow/example_dags/example_local_kubernetes_executor.py
[2026-06-22T08:46:39.549+0300] {processor.py:830} INFO - Processing file /media/data/omar/programming course/DEPI/DEPI project/anomx/venv/lib/python3.12/site-packages/airflow/example_dags/example_local_kubernetes_executor.py for tasks to queue
[2026-06-22T08:46:39.551+0300] {logging_mixin.py:188} INFO - [2026-06-22T08:46:39.550+0300] {dagbag.py:540} INFO - Filling up the DagBag from /media/data/omar/programming course/DEPI/DEPI project/anomx/venv/lib/python3.12/site-packages/airflow/example_dags/example_local_kubernetes_executor.py
[2026-06-22T08:46:39.559+0300] {logging_mixin.py:188} INFO - [2026-06-22T08:46:39.558+0300] {example_local_kubernetes_executor.py:40} WARNING - Could not import DAGs in example_local_kubernetes_executor.py
Traceback (most recent call last):
  File "/media/data/omar/programming course/DEPI/DEPI project/anomx/venv/lib/python3.12/site-packages/airflow/example_dags/example_local_kubernetes_executor.py", line 38, in <module>
    from kubernetes.client import models as k8s
ModuleNotFoundError: No module named 'kubernetes'
[2026-06-22T08:46:39.560+0300] {logging_mixin.py:188} INFO - [2026-06-22T08:46:39.560+0300] {example_local_kubernetes_executor.py:41} WARNING - Install Kubernetes dependencies with: pip install apache-airflow[cncf.kubernetes]
[2026-06-22T08:46:39.561+0300] {processor.py:842} WARNING - No viable dags retrieved from /media/data/omar/programming course/DEPI/DEPI project/anomx/venv/lib/python3.12/site-packages/airflow/example_dags/example_local_kubernetes_executor.py
[2026-06-22T08:46:39.573+0300] {processor.py:183} INFO - Processing /media/data/omar/programming course/DEPI/DEPI project/anomx/venv/lib/python3.12/site-packages/airflow/example_dags/example_local_kubernetes_executor.py took 0.035 seconds
[2026-06-22T08:47:31.248+0300] {processor.py:161} INFO - Started process (PID=45307) to work on /media/data/omar/programming course/DEPI/DEPI project/anomx/venv/lib/python3.12/site-packages/airflow/example_dags/example_local_kubernetes_executor.py
[2026-06-22T08:47:31.249+0300] {processor.py:830} INFO - Processing file /media/data/omar/programming course/DEPI/DEPI project/anomx/venv/lib/python3.12/site-packages/airflow/example_dags/example_local_kubernetes_executor.py for tasks to queue
[2026-06-22T08:47:31.250+0300] {logging_mixin.py:188} INFO - [2026-06-22T08:47:31.250+0300] {dagbag.py:540} INFO - Filling up the DagBag from /media/data/omar/programming course/DEPI/DEPI project/anomx/venv/lib/python3.12/site-packages/airflow/example_dags/example_local_kubernetes_executor.py
[2026-06-22T08:47:31.256+0300] {logging_mixin.py:188} INFO - [2026-06-22T08:47:31.254+0300] {example_local_kubernetes_executor.py:40} WARNING - Could not import DAGs in example_local_kubernetes_executor.py
Traceback (most recent call last):
  File "/media/data/omar/programming course/DEPI/DEPI project/anomx/venv/lib/python3.12/site-packages/airflow/example_dags/example_local_kubernetes_executor.py", line 38, in <module>
    from kubernetes.client import models as k8s
ModuleNotFoundError: No module named 'kubernetes'
[2026-06-22T08:47:31.256+0300] {logging_mixin.py:188} INFO - [2026-06-22T08:47:31.256+0300] {example_local_kubernetes_executor.py:41} WARNING - Install Kubernetes dependencies with: pip install apache-airflow[cncf.kubernetes]
[2026-06-22T08:47:31.257+0300] {processor.py:842} WARNING - No viable dags retrieved from /media/data/omar/programming course/DEPI/DEPI project/anomx/venv/lib/python3.12/site-packages/airflow/example_dags/example_local_kubernetes_executor.py
[2026-06-22T08:47:31.267+0300] {processor.py:183} INFO - Processing /media/data/omar/programming course/DEPI/DEPI project/anomx/venv/lib/python3.12/site-packages/airflow/example_dags/example_local_kubernetes_executor.py took 0.026 seconds
[2026-06-22T08:48:19.908+0300] {processor.py:161} INFO - Started process (PID=45394) to work on /media/data/omar/programming course/DEPI/DEPI project/anomx/venv/lib/python3.12/site-packages/airflow/example_dags/example_local_kubernetes_executor.py
[2026-06-22T08:48:19.909+0300] {processor.py:830} INFO - Processing file /media/data/omar/programming course/DEPI/DEPI project/anomx/venv/lib/python3.12/site-packages/airflow/example_dags/example_local_kubernetes_executor.py for tasks to queue
[2026-06-22T08:48:19.911+0300] {logging_mixin.py:188} INFO - [2026-06-22T08:48:19.910+0300] {dagbag.py:540} INFO - Filling up the DagBag from /media/data/omar/programming course/DEPI/DEPI project/anomx/venv/lib/python3.12/site-packages/airflow/example_dags/example_local_kubernetes_executor.py
[2026-06-22T08:48:19.920+0300] {logging_mixin.py:188} INFO - [2026-06-22T08:48:19.918+0300] {example_local_kubernetes_executor.py:40} WARNING - Could not import DAGs in example_local_kubernetes_executor.py
Traceback (most recent call last):
  File "/media/data/omar/programming course/DEPI/DEPI project/anomx/venv/lib/python3.12/site-packages/airflow/example_dags/example_local_kubernetes_executor.py", line 38, in <module>
    from kubernetes.client import models as k8s
ModuleNotFoundError: No module named 'kubernetes'
[2026-06-22T08:48:19.920+0300] {logging_mixin.py:188} INFO - [2026-06-22T08:48:19.920+0300] {example_local_kubernetes_executor.py:41} WARNING - Install Kubernetes dependencies with: pip install apache-airflow[cncf.kubernetes]
[2026-06-22T08:48:19.921+0300] {processor.py:842} WARNING - No viable dags retrieved from /media/data/omar/programming course/DEPI/DEPI project/anomx/venv/lib/python3.12/site-packages/airflow/example_dags/example_local_kubernetes_executor.py
[2026-06-22T08:48:19.931+0300] {processor.py:183} INFO - Processing /media/data/omar/programming course/DEPI/DEPI project/anomx/venv/lib/python3.12/site-packages/airflow/example_dags/example_local_kubernetes_executor.py took 0.035 seconds
[2026-06-22T08:49:10.930+0300] {processor.py:161} INFO - Started process (PID=45482) to work on /media/data/omar/programming course/DEPI/DEPI project/anomx/venv/lib/python3.12/site-packages/airflow/example_dags/example_local_kubernetes_executor.py
[2026-06-22T08:49:10.932+0300] {processor.py:830} INFO - Processing file /media/data/omar/programming course/DEPI/DEPI project/anomx/venv/lib/python3.12/site-packages/airflow/example_dags/example_local_kubernetes_executor.py for tasks to queue
[2026-06-22T08:49:10.933+0300] {logging_mixin.py:188} INFO - [2026-06-22T08:49:10.933+0300] {dagbag.py:540} INFO - Filling up the DagBag from /media/data/omar/programming course/DEPI/DEPI project/anomx/venv/lib/python3.12/site-packages/airflow/example_dags/example_local_kubernetes_executor.py
[2026-06-22T08:49:10.940+0300] {logging_mixin.py:188} INFO - [2026-06-22T08:49:10.939+0300] {example_local_kubernetes_executor.py:40} WARNING - Could not import DAGs in example_local_kubernetes_executor.py
Traceback (most recent call last):
  File "/media/data/omar/programming course/DEPI/DEPI project/anomx/venv/lib/python3.12/site-packages/airflow/example_dags/example_local_kubernetes_executor.py", line 38, in <module>
    from kubernetes.client import models as k8s
ModuleNotFoundError: No module named 'kubernetes'
[2026-06-22T08:49:10.941+0300] {logging_mixin.py:188} INFO - [2026-06-22T08:49:10.941+0300] {example_local_kubernetes_executor.py:41} WARNING - Install Kubernetes dependencies with: pip install apache-airflow[cncf.kubernetes]
[2026-06-22T08:49:10.942+0300] {processor.py:842} WARNING - No viable dags retrieved from /media/data/omar/programming course/DEPI/DEPI project/anomx/venv/lib/python3.12/site-packages/airflow/example_dags/example_local_kubernetes_executor.py
[2026-06-22T08:49:10.958+0300] {processor.py:183} INFO - Processing /media/data/omar/programming course/DEPI/DEPI project/anomx/venv/lib/python3.12/site-packages/airflow/example_dags/example_local_kubernetes_executor.py took 0.041 seconds
[2026-06-22T08:50:05.882+0300] {processor.py:161} INFO - Started process (PID=45558) to work on /media/data/omar/programming course/DEPI/DEPI project/anomx/venv/lib/python3.12/site-packages/airflow/example_dags/example_local_kubernetes_executor.py
[2026-06-22T08:50:05.884+0300] {processor.py:830} INFO - Processing file /media/data/omar/programming course/DEPI/DEPI project/anomx/venv/lib/python3.12/site-packages/airflow/example_dags/example_local_kubernetes_executor.py for tasks to queue
[2026-06-22T08:50:05.887+0300] {logging_mixin.py:188} INFO - [2026-06-22T08:50:05.886+0300] {dagbag.py:540} INFO - Filling up the DagBag from /media/data/omar/programming course/DEPI/DEPI project/anomx/venv/lib/python3.12/site-packages/airflow/example_dags/example_local_kubernetes_executor.py
[2026-06-22T08:50:05.902+0300] {logging_mixin.py:188} INFO - [2026-06-22T08:50:05.899+0300] {example_local_kubernetes_executor.py:40} WARNING - Could not import DAGs in example_local_kubernetes_executor.py
Traceback (most recent call last):
  File "/media/data/omar/programming course/DEPI/DEPI project/anomx/venv/lib/python3.12/site-packages/airflow/example_dags/example_local_kubernetes_executor.py", line 38, in <module>
    from kubernetes.client import models as k8s
ModuleNotFoundError: No module named 'kubernetes'
[2026-06-22T08:50:05.904+0300] {logging_mixin.py:188} INFO - [2026-06-22T08:50:05.903+0300] {example_local_kubernetes_executor.py:41} WARNING - Install Kubernetes dependencies with: pip install apache-airflow[cncf.kubernetes]
[2026-06-22T08:50:05.905+0300] {processor.py:842} WARNING - No viable dags retrieved from /media/data/omar/programming course/DEPI/DEPI project/anomx/venv/lib/python3.12/site-packages/airflow/example_dags/example_local_kubernetes_executor.py
[2026-06-22T08:50:05.923+0300] {processor.py:183} INFO - Processing /media/data/omar/programming course/DEPI/DEPI project/anomx/venv/lib/python3.12/site-packages/airflow/example_dags/example_local_kubernetes_executor.py took 0.053 seconds
[2026-06-22T08:50:58.635+0300] {processor.py:161} INFO - Started process (PID=45651) to work on /media/data/omar/programming course/DEPI/DEPI project/anomx/venv/lib/python3.12/site-packages/airflow/example_dags/example_local_kubernetes_executor.py
[2026-06-22T08:50:58.636+0300] {processor.py:830} INFO - Processing file /media/data/omar/programming course/DEPI/DEPI project/anomx/venv/lib/python3.12/site-packages/airflow/example_dags/example_local_kubernetes_executor.py for tasks to queue
[2026-06-22T08:50:58.638+0300] {logging_mixin.py:188} INFO - [2026-06-22T08:50:58.637+0300] {dagbag.py:540} INFO - Filling up the DagBag from /media/data/omar/programming course/DEPI/DEPI project/anomx/venv/lib/python3.12/site-packages/airflow/example_dags/example_local_kubernetes_executor.py
[2026-06-22T08:50:58.644+0300] {logging_mixin.py:188} INFO - [2026-06-22T08:50:58.642+0300] {example_local_kubernetes_executor.py:40} WARNING - Could not import DAGs in example_local_kubernetes_executor.py
Traceback (most recent call last):
  File "/media/data/omar/programming course/DEPI/DEPI project/anomx/venv/lib/python3.12/site-packages/airflow/example_dags/example_local_kubernetes_executor.py", line 38, in <module>
    from kubernetes.client import models as k8s
ModuleNotFoundError: No module named 'kubernetes'
[2026-06-22T08:50:58.644+0300] {logging_mixin.py:188} INFO - [2026-06-22T08:50:58.644+0300] {example_local_kubernetes_executor.py:41} WARNING - Install Kubernetes dependencies with: pip install apache-airflow[cncf.kubernetes]
[2026-06-22T08:50:58.645+0300] {processor.py:842} WARNING - No viable dags retrieved from /media/data/omar/programming course/DEPI/DEPI project/anomx/venv/lib/python3.12/site-packages/airflow/example_dags/example_local_kubernetes_executor.py
[2026-06-22T08:50:58.658+0300] {processor.py:183} INFO - Processing /media/data/omar/programming course/DEPI/DEPI project/anomx/venv/lib/python3.12/site-packages/airflow/example_dags/example_local_kubernetes_executor.py took 0.029 seconds
[2026-06-22T08:51:52.610+0300] {processor.py:161} INFO - Started process (PID=45896) to work on /media/data/omar/programming course/DEPI/DEPI project/anomx/venv/lib/python3.12/site-packages/airflow/example_dags/example_local_kubernetes_executor.py
[2026-06-22T08:51:52.612+0300] {processor.py:830} INFO - Processing file /media/data/omar/programming course/DEPI/DEPI project/anomx/venv/lib/python3.12/site-packages/airflow/example_dags/example_local_kubernetes_executor.py for tasks to queue
[2026-06-22T08:51:52.614+0300] {logging_mixin.py:188} INFO - [2026-06-22T08:51:52.613+0300] {dagbag.py:540} INFO - Filling up the DagBag from /media/data/omar/programming course/DEPI/DEPI project/anomx/venv/lib/python3.12/site-packages/airflow/example_dags/example_local_kubernetes_executor.py
[2026-06-22T08:51:52.620+0300] {logging_mixin.py:188} INFO - [2026-06-22T08:51:52.619+0300] {example_local_kubernetes_executor.py:40} WARNING - Could not import DAGs in example_local_kubernetes_executor.py
Traceback (most recent call last):
  File "/media/data/omar/programming course/DEPI/DEPI project/anomx/venv/lib/python3.12/site-packages/airflow/example_dags/example_local_kubernetes_executor.py", line 38, in <module>
    from kubernetes.client import models as k8s
ModuleNotFoundError: No module named 'kubernetes'
[2026-06-22T08:51:52.621+0300] {logging_mixin.py:188} INFO - [2026-06-22T08:51:52.620+0300] {example_local_kubernetes_executor.py:41} WARNING - Install Kubernetes dependencies with: pip install apache-airflow[cncf.kubernetes]
[2026-06-22T08:51:52.621+0300] {processor.py:842} WARNING - No viable dags retrieved from /media/data/omar/programming course/DEPI/DEPI project/anomx/venv/lib/python3.12/site-packages/airflow/example_dags/example_local_kubernetes_executor.py
[2026-06-22T08:51:52.632+0300] {processor.py:183} INFO - Processing /media/data/omar/programming course/DEPI/DEPI project/anomx/venv/lib/python3.12/site-packages/airflow/example_dags/example_local_kubernetes_executor.py took 0.032 seconds
[2026-06-22T08:52:46.172+0300] {processor.py:161} INFO - Started process (PID=45982) to work on /media/data/omar/programming course/DEPI/DEPI project/anomx/venv/lib/python3.12/site-packages/airflow/example_dags/example_local_kubernetes_executor.py
[2026-06-22T08:52:46.173+0300] {processor.py:830} INFO - Processing file /media/data/omar/programming course/DEPI/DEPI project/anomx/venv/lib/python3.12/site-packages/airflow/example_dags/example_local_kubernetes_executor.py for tasks to queue
[2026-06-22T08:52:46.174+0300] {logging_mixin.py:188} INFO - [2026-06-22T08:52:46.173+0300] {dagbag.py:540} INFO - Filling up the DagBag from /media/data/omar/programming course/DEPI/DEPI project/anomx/venv/lib/python3.12/site-packages/airflow/example_dags/example_local_kubernetes_executor.py
[2026-06-22T08:52:46.179+0300] {logging_mixin.py:188} INFO - [2026-06-22T08:52:46.178+0300] {example_local_kubernetes_executor.py:40} WARNING - Could not import DAGs in example_local_kubernetes_executor.py
Traceback (most recent call last):
  File "/media/data/omar/programming course/DEPI/DEPI project/anomx/venv/lib/python3.12/site-packages/airflow/example_dags/example_local_kubernetes_executor.py", line 38, in <module>
    from kubernetes.client import models as k8s
ModuleNotFoundError: No module named 'kubernetes'
[2026-06-22T08:52:46.179+0300] {logging_mixin.py:188} INFO - [2026-06-22T08:52:46.179+0300] {example_local_kubernetes_executor.py:41} WARNING - Install Kubernetes dependencies with: pip install apache-airflow[cncf.kubernetes]
[2026-06-22T08:52:46.180+0300] {processor.py:842} WARNING - No viable dags retrieved from /media/data/omar/programming course/DEPI/DEPI project/anomx/venv/lib/python3.12/site-packages/airflow/example_dags/example_local_kubernetes_executor.py
[2026-06-22T08:52:46.192+0300] {processor.py:183} INFO - Processing /media/data/omar/programming course/DEPI/DEPI project/anomx/venv/lib/python3.12/site-packages/airflow/example_dags/example_local_kubernetes_executor.py took 0.028 seconds
[2026-06-22T08:53:40.730+0300] {processor.py:161} INFO - Started process (PID=46057) to work on /media/data/omar/programming course/DEPI/DEPI project/anomx/venv/lib/python3.12/site-packages/airflow/example_dags/example_local_kubernetes_executor.py
[2026-06-22T08:53:40.731+0300] {processor.py:830} INFO - Processing file /media/data/omar/programming course/DEPI/DEPI project/anomx/venv/lib/python3.12/site-packages/airflow/example_dags/example_local_kubernetes_executor.py for tasks to queue
[2026-06-22T08:53:40.732+0300] {logging_mixin.py:188} INFO - [2026-06-22T08:53:40.732+0300] {dagbag.py:540} INFO - Filling up the DagBag from /media/data/omar/programming course/DEPI/DEPI project/anomx/venv/lib/python3.12/site-packages/airflow/example_dags/example_local_kubernetes_executor.py
[2026-06-22T08:53:40.737+0300] {logging_mixin.py:188} INFO - [2026-06-22T08:53:40.737+0300] {example_local_kubernetes_executor.py:40} WARNING - Could not import DAGs in example_local_kubernetes_executor.py
Traceback (most recent call last):
  File "/media/data/omar/programming course/DEPI/DEPI project/anomx/venv/lib/python3.12/site-packages/airflow/example_dags/example_local_kubernetes_executor.py", line 38, in <module>
    from kubernetes.client import models as k8s
ModuleNotFoundError: No module named 'kubernetes'
[2026-06-22T08:53:40.738+0300] {logging_mixin.py:188} INFO - [2026-06-22T08:53:40.738+0300] {example_local_kubernetes_executor.py:41} WARNING - Install Kubernetes dependencies with: pip install apache-airflow[cncf.kubernetes]
[2026-06-22T08:53:40.738+0300] {processor.py:842} WARNING - No viable dags retrieved from /media/data/omar/programming course/DEPI/DEPI project/anomx/venv/lib/python3.12/site-packages/airflow/example_dags/example_local_kubernetes_executor.py
[2026-06-22T08:53:40.748+0300] {processor.py:183} INFO - Processing /media/data/omar/programming course/DEPI/DEPI project/anomx/venv/lib/python3.12/site-packages/airflow/example_dags/example_local_kubernetes_executor.py took 0.026 seconds
[2026-06-22T08:54:34.789+0300] {processor.py:161} INFO - Started process (PID=46140) to work on /media/data/omar/programming course/DEPI/DEPI project/anomx/venv/lib/python3.12/site-packages/airflow/example_dags/example_local_kubernetes_executor.py
[2026-06-22T08:54:34.790+0300] {processor.py:830} INFO - Processing file /media/data/omar/programming course/DEPI/DEPI project/anomx/venv/lib/python3.12/site-packages/airflow/example_dags/example_local_kubernetes_executor.py for tasks to queue
[2026-06-22T08:54:34.791+0300] {logging_mixin.py:188} INFO - [2026-06-22T08:54:34.791+0300] {dagbag.py:540} INFO - Filling up the DagBag from /media/data/omar/programming course/DEPI/DEPI project/anomx/venv/lib/python3.12/site-packages/airflow/example_dags/example_local_kubernetes_executor.py
[2026-06-22T08:54:34.798+0300] {logging_mixin.py:188} INFO - [2026-06-22T08:54:34.796+0300] {example_local_kubernetes_executor.py:40} WARNING - Could not import DAGs in example_local_kubernetes_executor.py
Traceback (most recent call last):
  File "/media/data/omar/programming course/DEPI/DEPI project/anomx/venv/lib/python3.12/site-packages/airflow/example_dags/example_local_kubernetes_executor.py", line 38, in <module>
    from kubernetes.client import models as k8s
ModuleNotFoundError: No module named 'kubernetes'
[2026-06-22T08:54:34.798+0300] {logging_mixin.py:188} INFO - [2026-06-22T08:54:34.798+0300] {example_local_kubernetes_executor.py:41} WARNING - Install Kubernetes dependencies with: pip install apache-airflow[cncf.kubernetes]
[2026-06-22T08:54:34.799+0300] {processor.py:842} WARNING - No viable dags retrieved from /media/data/omar/programming course/DEPI/DEPI project/anomx/venv/lib/python3.12/site-packages/airflow/example_dags/example_local_kubernetes_executor.py
[2026-06-22T08:54:34.812+0300] {processor.py:183} INFO - Processing /media/data/omar/programming course/DEPI/DEPI project/anomx/venv/lib/python3.12/site-packages/airflow/example_dags/example_local_kubernetes_executor.py took 0.030 seconds
[2026-06-22T08:55:28.951+0300] {processor.py:161} INFO - Started process (PID=46221) to work on /media/data/omar/programming course/DEPI/DEPI project/anomx/venv/lib/python3.12/site-packages/airflow/example_dags/example_local_kubernetes_executor.py
[2026-06-22T08:55:28.952+0300] {processor.py:830} INFO - Processing file /media/data/omar/programming course/DEPI/DEPI project/anomx/venv/lib/python3.12/site-packages/airflow/example_dags/example_local_kubernetes_executor.py for tasks to queue
[2026-06-22T08:55:28.953+0300] {logging_mixin.py:188} INFO - [2026-06-22T08:55:28.952+0300] {dagbag.py:540} INFO - Filling up the DagBag from /media/data/omar/programming course/DEPI/DEPI project/anomx/venv/lib/python3.12/site-packages/airflow/example_dags/example_local_kubernetes_executor.py
[2026-06-22T08:55:28.957+0300] {logging_mixin.py:188} INFO - [2026-06-22T08:55:28.956+0300] {example_local_kubernetes_executor.py:40} WARNING - Could not import DAGs in example_local_kubernetes_executor.py
Traceback (most recent call last):
  File "/media/data/omar/programming course/DEPI/DEPI project/anomx/venv/lib/python3.12/site-packages/airflow/example_dags/example_local_kubernetes_executor.py", line 38, in <module>
    from kubernetes.client import models as k8s
ModuleNotFoundError: No module named 'kubernetes'
[2026-06-22T08:55:28.958+0300] {logging_mixin.py:188} INFO - [2026-06-22T08:55:28.958+0300] {example_local_kubernetes_executor.py:41} WARNING - Install Kubernetes dependencies with: pip install apache-airflow[cncf.kubernetes]
[2026-06-22T08:55:28.959+0300] {processor.py:842} WARNING - No viable dags retrieved from /media/data/omar/programming course/DEPI/DEPI project/anomx/venv/lib/python3.12/site-packages/airflow/example_dags/example_local_kubernetes_executor.py
[2026-06-22T08:55:28.971+0300] {processor.py:183} INFO - Processing /media/data/omar/programming course/DEPI/DEPI project/anomx/venv/lib/python3.12/site-packages/airflow/example_dags/example_local_kubernetes_executor.py took 0.027 seconds
[2026-06-22T08:56:21.016+0300] {processor.py:161} INFO - Started process (PID=46309) to work on /media/data/omar/programming course/DEPI/DEPI project/anomx/venv/lib/python3.12/site-packages/airflow/example_dags/example_local_kubernetes_executor.py
[2026-06-22T08:56:21.018+0300] {processor.py:830} INFO - Processing file /media/data/omar/programming course/DEPI/DEPI project/anomx/venv/lib/python3.12/site-packages/airflow/example_dags/example_local_kubernetes_executor.py for tasks to queue
[2026-06-22T08:56:21.020+0300] {logging_mixin.py:188} INFO - [2026-06-22T08:56:21.019+0300] {dagbag.py:540} INFO - Filling up the DagBag from /media/data/omar/programming course/DEPI/DEPI project/anomx/venv/lib/python3.12/site-packages/airflow/example_dags/example_local_kubernetes_executor.py
[2026-06-22T08:56:21.031+0300] {logging_mixin.py:188} INFO - [2026-06-22T08:56:21.028+0300] {example_local_kubernetes_executor.py:40} WARNING - Could not import DAGs in example_local_kubernetes_executor.py
Traceback (most recent call last):
  File "/media/data/omar/programming course/DEPI/DEPI project/anomx/venv/lib/python3.12/site-packages/airflow/example_dags/example_local_kubernetes_executor.py", line 38, in <module>
    from kubernetes.client import models as k8s
ModuleNotFoundError: No module named 'kubernetes'
[2026-06-22T08:56:21.032+0300] {logging_mixin.py:188} INFO - [2026-06-22T08:56:21.031+0300] {example_local_kubernetes_executor.py:41} WARNING - Install Kubernetes dependencies with: pip install apache-airflow[cncf.kubernetes]
[2026-06-22T08:56:21.033+0300] {processor.py:842} WARNING - No viable dags retrieved from /media/data/omar/programming course/DEPI/DEPI project/anomx/venv/lib/python3.12/site-packages/airflow/example_dags/example_local_kubernetes_executor.py
[2026-06-22T08:56:21.048+0300] {processor.py:183} INFO - Processing /media/data/omar/programming course/DEPI/DEPI project/anomx/venv/lib/python3.12/site-packages/airflow/example_dags/example_local_kubernetes_executor.py took 0.045 seconds
[2026-06-22T08:57:14.889+0300] {processor.py:161} INFO - Started process (PID=46401) to work on /media/data/omar/programming course/DEPI/DEPI project/anomx/venv/lib/python3.12/site-packages/airflow/example_dags/example_local_kubernetes_executor.py
[2026-06-22T08:57:14.891+0300] {processor.py:830} INFO - Processing file /media/data/omar/programming course/DEPI/DEPI project/anomx/venv/lib/python3.12/site-packages/airflow/example_dags/example_local_kubernetes_executor.py for tasks to queue
[2026-06-22T08:57:14.893+0300] {logging_mixin.py:188} INFO - [2026-06-22T08:57:14.892+0300] {dagbag.py:540} INFO - Filling up the DagBag from /media/data/omar/programming course/DEPI/DEPI project/anomx/venv/lib/python3.12/site-packages/airflow/example_dags/example_local_kubernetes_executor.py
[2026-06-22T08:57:14.902+0300] {logging_mixin.py:188} INFO - [2026-06-22T08:57:14.900+0300] {example_local_kubernetes_executor.py:40} WARNING - Could not import DAGs in example_local_kubernetes_executor.py
Traceback (most recent call last):
  File "/media/data/omar/programming course/DEPI/DEPI project/anomx/venv/lib/python3.12/site-packages/airflow/example_dags/example_local_kubernetes_executor.py", line 38, in <module>
    from kubernetes.client import models as k8s
ModuleNotFoundError: No module named 'kubernetes'
[2026-06-22T08:57:14.903+0300] {logging_mixin.py:188} INFO - [2026-06-22T08:57:14.903+0300] {example_local_kubernetes_executor.py:41} WARNING - Install Kubernetes dependencies with: pip install apache-airflow[cncf.kubernetes]
[2026-06-22T08:57:14.904+0300] {processor.py:842} WARNING - No viable dags retrieved from /media/data/omar/programming course/DEPI/DEPI project/anomx/venv/lib/python3.12/site-packages/airflow/example_dags/example_local_kubernetes_executor.py
[2026-06-22T08:57:14.917+0300] {processor.py:183} INFO - Processing /media/data/omar/programming course/DEPI/DEPI project/anomx/venv/lib/python3.12/site-packages/airflow/example_dags/example_local_kubernetes_executor.py took 0.039 seconds
[2026-06-22T08:58:10.058+0300] {processor.py:161} INFO - Started process (PID=46470) to work on /media/data/omar/programming course/DEPI/DEPI project/anomx/venv/lib/python3.12/site-packages/airflow/example_dags/example_local_kubernetes_executor.py
[2026-06-22T08:58:10.059+0300] {processor.py:830} INFO - Processing file /media/data/omar/programming course/DEPI/DEPI project/anomx/venv/lib/python3.12/site-packages/airflow/example_dags/example_local_kubernetes_executor.py for tasks to queue
[2026-06-22T08:58:10.061+0300] {logging_mixin.py:188} INFO - [2026-06-22T08:58:10.060+0300] {dagbag.py:540} INFO - Filling up the DagBag from /media/data/omar/programming course/DEPI/DEPI project/anomx/venv/lib/python3.12/site-packages/airflow/example_dags/example_local_kubernetes_executor.py
[2026-06-22T08:58:10.068+0300] {logging_mixin.py:188} INFO - [2026-06-22T08:58:10.066+0300] {example_local_kubernetes_executor.py:40} WARNING - Could not import DAGs in example_local_kubernetes_executor.py
Traceback (most recent call last):
  File "/media/data/omar/programming course/DEPI/DEPI project/anomx/venv/lib/python3.12/site-packages/airflow/example_dags/example_local_kubernetes_executor.py", line 38, in <module>
    from kubernetes.client import models as k8s
ModuleNotFoundError: No module named 'kubernetes'
[2026-06-22T08:58:10.069+0300] {logging_mixin.py:188} INFO - [2026-06-22T08:58:10.069+0300] {example_local_kubernetes_executor.py:41} WARNING - Install Kubernetes dependencies with: pip install apache-airflow[cncf.kubernetes]
[2026-06-22T08:58:10.069+0300] {processor.py:842} WARNING - No viable dags retrieved from /media/data/omar/programming course/DEPI/DEPI project/anomx/venv/lib/python3.12/site-packages/airflow/example_dags/example_local_kubernetes_executor.py
[2026-06-22T08:58:10.086+0300] {processor.py:183} INFO - Processing /media/data/omar/programming course/DEPI/DEPI project/anomx/venv/lib/python3.12/site-packages/airflow/example_dags/example_local_kubernetes_executor.py took 0.036 seconds
[2026-06-22T08:58:58.568+0300] {processor.py:161} INFO - Started process (PID=46547) to work on /media/data/omar/programming course/DEPI/DEPI project/anomx/venv/lib/python3.12/site-packages/airflow/example_dags/example_local_kubernetes_executor.py
[2026-06-22T08:58:58.570+0300] {processor.py:830} INFO - Processing file /media/data/omar/programming course/DEPI/DEPI project/anomx/venv/lib/python3.12/site-packages/airflow/example_dags/example_local_kubernetes_executor.py for tasks to queue
[2026-06-22T08:58:58.571+0300] {logging_mixin.py:188} INFO - [2026-06-22T08:58:58.570+0300] {dagbag.py:540} INFO - Filling up the DagBag from /media/data/omar/programming course/DEPI/DEPI project/anomx/venv/lib/python3.12/site-packages/airflow/example_dags/example_local_kubernetes_executor.py
[2026-06-22T08:58:58.577+0300] {logging_mixin.py:188} INFO - [2026-06-22T08:58:58.576+0300] {example_local_kubernetes_executor.py:40} WARNING - Could not import DAGs in example_local_kubernetes_executor.py
Traceback (most recent call last):
  File "/media/data/omar/programming course/DEPI/DEPI project/anomx/venv/lib/python3.12/site-packages/airflow/example_dags/example_local_kubernetes_executor.py", line 38, in <module>
    from kubernetes.client import models as k8s
ModuleNotFoundError: No module named 'kubernetes'
[2026-06-22T08:58:58.578+0300] {logging_mixin.py:188} INFO - [2026-06-22T08:58:58.578+0300] {example_local_kubernetes_executor.py:41} WARNING - Install Kubernetes dependencies with: pip install apache-airflow[cncf.kubernetes]
[2026-06-22T08:58:58.579+0300] {processor.py:842} WARNING - No viable dags retrieved from /media/data/omar/programming course/DEPI/DEPI project/anomx/venv/lib/python3.12/site-packages/airflow/example_dags/example_local_kubernetes_executor.py
[2026-06-22T08:58:58.590+0300] {processor.py:183} INFO - Processing /media/data/omar/programming course/DEPI/DEPI project/anomx/venv/lib/python3.12/site-packages/airflow/example_dags/example_local_kubernetes_executor.py took 0.035 seconds
[2026-06-22T08:59:49.640+0300] {processor.py:161} INFO - Started process (PID=46630) to work on /media/data/omar/programming course/DEPI/DEPI project/anomx/venv/lib/python3.12/site-packages/airflow/example_dags/example_local_kubernetes_executor.py
[2026-06-22T08:59:49.641+0300] {processor.py:830} INFO - Processing file /media/data/omar/programming course/DEPI/DEPI project/anomx/venv/lib/python3.12/site-packages/airflow/example_dags/example_local_kubernetes_executor.py for tasks to queue
[2026-06-22T08:59:49.642+0300] {logging_mixin.py:188} INFO - [2026-06-22T08:59:49.642+0300] {dagbag.py:540} INFO - Filling up the DagBag from /media/data/omar/programming course/DEPI/DEPI project/anomx/venv/lib/python3.12/site-packages/airflow/example_dags/example_local_kubernetes_executor.py
[2026-06-22T08:59:49.647+0300] {logging_mixin.py:188} INFO - [2026-06-22T08:59:49.646+0300] {example_local_kubernetes_executor.py:40} WARNING - Could not import DAGs in example_local_kubernetes_executor.py
Traceback (most recent call last):
  File "/media/data/omar/programming course/DEPI/DEPI project/anomx/venv/lib/python3.12/site-packages/airflow/example_dags/example_local_kubernetes_executor.py", line 38, in <module>
    from kubernetes.client import models as k8s
ModuleNotFoundError: No module named 'kubernetes'
[2026-06-22T08:59:49.648+0300] {logging_mixin.py:188} INFO - [2026-06-22T08:59:49.647+0300] {example_local_kubernetes_executor.py:41} WARNING - Install Kubernetes dependencies with: pip install apache-airflow[cncf.kubernetes]
[2026-06-22T08:59:49.648+0300] {processor.py:842} WARNING - No viable dags retrieved from /media/data/omar/programming course/DEPI/DEPI project/anomx/venv/lib/python3.12/site-packages/airflow/example_dags/example_local_kubernetes_executor.py
[2026-06-22T08:59:49.660+0300] {processor.py:183} INFO - Processing /media/data/omar/programming course/DEPI/DEPI project/anomx/venv/lib/python3.12/site-packages/airflow/example_dags/example_local_kubernetes_executor.py took 0.026 seconds
[2026-06-22T09:00:46.224+0300] {processor.py:161} INFO - Started process (PID=46714) to work on /media/data/omar/programming course/DEPI/DEPI project/anomx/venv/lib/python3.12/site-packages/airflow/example_dags/example_local_kubernetes_executor.py
[2026-06-22T09:00:46.226+0300] {processor.py:830} INFO - Processing file /media/data/omar/programming course/DEPI/DEPI project/anomx/venv/lib/python3.12/site-packages/airflow/example_dags/example_local_kubernetes_executor.py for tasks to queue
[2026-06-22T09:00:46.228+0300] {logging_mixin.py:188} INFO - [2026-06-22T09:00:46.227+0300] {dagbag.py:540} INFO - Filling up the DagBag from /media/data/omar/programming course/DEPI/DEPI project/anomx/venv/lib/python3.12/site-packages/airflow/example_dags/example_local_kubernetes_executor.py
[2026-06-22T09:00:46.235+0300] {logging_mixin.py:188} INFO - [2026-06-22T09:00:46.234+0300] {example_local_kubernetes_executor.py:40} WARNING - Could not import DAGs in example_local_kubernetes_executor.py
Traceback (most recent call last):
  File "/media/data/omar/programming course/DEPI/DEPI project/anomx/venv/lib/python3.12/site-packages/airflow/example_dags/example_local_kubernetes_executor.py", line 38, in <module>
    from kubernetes.client import models as k8s
ModuleNotFoundError: No module named 'kubernetes'
[2026-06-22T09:00:46.237+0300] {logging_mixin.py:188} INFO - [2026-06-22T09:00:46.236+0300] {example_local_kubernetes_executor.py:41} WARNING - Install Kubernetes dependencies with: pip install apache-airflow[cncf.kubernetes]
[2026-06-22T09:00:46.237+0300] {processor.py:842} WARNING - No viable dags retrieved from /media/data/omar/programming course/DEPI/DEPI project/anomx/venv/lib/python3.12/site-packages/airflow/example_dags/example_local_kubernetes_executor.py
[2026-06-22T09:00:46.251+0300] {processor.py:183} INFO - Processing /media/data/omar/programming course/DEPI/DEPI project/anomx/venv/lib/python3.12/site-packages/airflow/example_dags/example_local_kubernetes_executor.py took 0.044 seconds
[2026-06-22T09:01:39.837+0300] {processor.py:161} INFO - Started process (PID=46791) to work on /media/data/omar/programming course/DEPI/DEPI project/anomx/venv/lib/python3.12/site-packages/airflow/example_dags/example_local_kubernetes_executor.py
[2026-06-22T09:01:39.838+0300] {processor.py:830} INFO - Processing file /media/data/omar/programming course/DEPI/DEPI project/anomx/venv/lib/python3.12/site-packages/airflow/example_dags/example_local_kubernetes_executor.py for tasks to queue
[2026-06-22T09:01:39.840+0300] {logging_mixin.py:188} INFO - [2026-06-22T09:01:39.839+0300] {dagbag.py:540} INFO - Filling up the DagBag from /media/data/omar/programming course/DEPI/DEPI project/anomx/venv/lib/python3.12/site-packages/airflow/example_dags/example_local_kubernetes_executor.py
[2026-06-22T09:01:39.847+0300] {logging_mixin.py:188} INFO - [2026-06-22T09:01:39.846+0300] {example_local_kubernetes_executor.py:40} WARNING - Could not import DAGs in example_local_kubernetes_executor.py
Traceback (most recent call last):
  File "/media/data/omar/programming course/DEPI/DEPI project/anomx/venv/lib/python3.12/site-packages/airflow/example_dags/example_local_kubernetes_executor.py", line 38, in <module>
    from kubernetes.client import models as k8s
ModuleNotFoundError: No module named 'kubernetes'
[2026-06-22T09:01:39.848+0300] {logging_mixin.py:188} INFO - [2026-06-22T09:01:39.848+0300] {example_local_kubernetes_executor.py:41} WARNING - Install Kubernetes dependencies with: pip install apache-airflow[cncf.kubernetes]
[2026-06-22T09:01:39.848+0300] {processor.py:842} WARNING - No viable dags retrieved from /media/data/omar/programming course/DEPI/DEPI project/anomx/venv/lib/python3.12/site-packages/airflow/example_dags/example_local_kubernetes_executor.py
[2026-06-22T09:01:39.860+0300] {processor.py:183} INFO - Processing /media/data/omar/programming course/DEPI/DEPI project/anomx/venv/lib/python3.12/site-packages/airflow/example_dags/example_local_kubernetes_executor.py took 0.038 seconds
[2026-06-22T09:02:29.319+0300] {processor.py:161} INFO - Started process (PID=46872) to work on /media/data/omar/programming course/DEPI/DEPI project/anomx/venv/lib/python3.12/site-packages/airflow/example_dags/example_local_kubernetes_executor.py
[2026-06-22T09:02:29.321+0300] {processor.py:830} INFO - Processing file /media/data/omar/programming course/DEPI/DEPI project/anomx/venv/lib/python3.12/site-packages/airflow/example_dags/example_local_kubernetes_executor.py for tasks to queue
[2026-06-22T09:02:29.324+0300] {logging_mixin.py:188} INFO - [2026-06-22T09:02:29.323+0300] {dagbag.py:540} INFO - Filling up the DagBag from /media/data/omar/programming course/DEPI/DEPI project/anomx/venv/lib/python3.12/site-packages/airflow/example_dags/example_local_kubernetes_executor.py
[2026-06-22T09:02:29.334+0300] {logging_mixin.py:188} INFO - [2026-06-22T09:02:29.332+0300] {example_local_kubernetes_executor.py:40} WARNING - Could not import DAGs in example_local_kubernetes_executor.py
Traceback (most recent call last):
  File "/media/data/omar/programming course/DEPI/DEPI project/anomx/venv/lib/python3.12/site-packages/airflow/example_dags/example_local_kubernetes_executor.py", line 38, in <module>
    from kubernetes.client import models as k8s
ModuleNotFoundError: No module named 'kubernetes'
[2026-06-22T09:02:29.335+0300] {logging_mixin.py:188} INFO - [2026-06-22T09:02:29.334+0300] {example_local_kubernetes_executor.py:41} WARNING - Install Kubernetes dependencies with: pip install apache-airflow[cncf.kubernetes]
[2026-06-22T09:02:29.335+0300] {processor.py:842} WARNING - No viable dags retrieved from /media/data/omar/programming course/DEPI/DEPI project/anomx/venv/lib/python3.12/site-packages/airflow/example_dags/example_local_kubernetes_executor.py
[2026-06-22T09:02:29.348+0300] {processor.py:183} INFO - Processing /media/data/omar/programming course/DEPI/DEPI project/anomx/venv/lib/python3.12/site-packages/airflow/example_dags/example_local_kubernetes_executor.py took 0.042 seconds
[2026-06-22T09:03:22.111+0300] {processor.py:161} INFO - Started process (PID=46956) to work on /media/data/omar/programming course/DEPI/DEPI project/anomx/venv/lib/python3.12/site-packages/airflow/example_dags/example_local_kubernetes_executor.py
[2026-06-22T09:03:22.112+0300] {processor.py:830} INFO - Processing file /media/data/omar/programming course/DEPI/DEPI project/anomx/venv/lib/python3.12/site-packages/airflow/example_dags/example_local_kubernetes_executor.py for tasks to queue
[2026-06-22T09:03:22.114+0300] {logging_mixin.py:188} INFO - [2026-06-22T09:03:22.113+0300] {dagbag.py:540} INFO - Filling up the DagBag from /media/data/omar/programming course/DEPI/DEPI project/anomx/venv/lib/python3.12/site-packages/airflow/example_dags/example_local_kubernetes_executor.py
[2026-06-22T09:03:22.122+0300] {logging_mixin.py:188} INFO - [2026-06-22T09:03:22.121+0300] {example_local_kubernetes_executor.py:40} WARNING - Could not import DAGs in example_local_kubernetes_executor.py
Traceback (most recent call last):
  File "/media/data/omar/programming course/DEPI/DEPI project/anomx/venv/lib/python3.12/site-packages/airflow/example_dags/example_local_kubernetes_executor.py", line 38, in <module>
    from kubernetes.client import models as k8s
ModuleNotFoundError: No module named 'kubernetes'
[2026-06-22T09:03:22.123+0300] {logging_mixin.py:188} INFO - [2026-06-22T09:03:22.123+0300] {example_local_kubernetes_executor.py:41} WARNING - Install Kubernetes dependencies with: pip install apache-airflow[cncf.kubernetes]
[2026-06-22T09:03:22.124+0300] {processor.py:842} WARNING - No viable dags retrieved from /media/data/omar/programming course/DEPI/DEPI project/anomx/venv/lib/python3.12/site-packages/airflow/example_dags/example_local_kubernetes_executor.py
[2026-06-22T09:03:22.136+0300] {processor.py:183} INFO - Processing /media/data/omar/programming course/DEPI/DEPI project/anomx/venv/lib/python3.12/site-packages/airflow/example_dags/example_local_kubernetes_executor.py took 0.041 seconds
[2026-06-22T09:04:18.946+0300] {processor.py:161} INFO - Started process (PID=47038) to work on /media/data/omar/programming course/DEPI/DEPI project/anomx/venv/lib/python3.12/site-packages/airflow/example_dags/example_local_kubernetes_executor.py
[2026-06-22T09:04:18.948+0300] {processor.py:830} INFO - Processing file /media/data/omar/programming course/DEPI/DEPI project/anomx/venv/lib/python3.12/site-packages/airflow/example_dags/example_local_kubernetes_executor.py for tasks to queue
[2026-06-22T09:04:18.949+0300] {logging_mixin.py:188} INFO - [2026-06-22T09:04:18.949+0300] {dagbag.py:540} INFO - Filling up the DagBag from /media/data/omar/programming course/DEPI/DEPI project/anomx/venv/lib/python3.12/site-packages/airflow/example_dags/example_local_kubernetes_executor.py
[2026-06-22T09:04:18.956+0300] {logging_mixin.py:188} INFO - [2026-06-22T09:04:18.955+0300] {example_local_kubernetes_executor.py:40} WARNING - Could not import DAGs in example_local_kubernetes_executor.py
Traceback (most recent call last):
  File "/media/data/omar/programming course/DEPI/DEPI project/anomx/venv/lib/python3.12/site-packages/airflow/example_dags/example_local_kubernetes_executor.py", line 38, in <module>
    from kubernetes.client import models as k8s
ModuleNotFoundError: No module named 'kubernetes'
[2026-06-22T09:04:18.957+0300] {logging_mixin.py:188} INFO - [2026-06-22T09:04:18.957+0300] {example_local_kubernetes_executor.py:41} WARNING - Install Kubernetes dependencies with: pip install apache-airflow[cncf.kubernetes]
[2026-06-22T09:04:18.958+0300] {processor.py:842} WARNING - No viable dags retrieved from /media/data/omar/programming course/DEPI/DEPI project/anomx/venv/lib/python3.12/site-packages/airflow/example_dags/example_local_kubernetes_executor.py
[2026-06-22T09:04:18.974+0300] {processor.py:183} INFO - Processing /media/data/omar/programming course/DEPI/DEPI project/anomx/venv/lib/python3.12/site-packages/airflow/example_dags/example_local_kubernetes_executor.py took 0.037 seconds
[2026-06-22T09:05:11.815+0300] {processor.py:161} INFO - Started process (PID=47119) to work on /media/data/omar/programming course/DEPI/DEPI project/anomx/venv/lib/python3.12/site-packages/airflow/example_dags/example_local_kubernetes_executor.py
[2026-06-22T09:05:11.817+0300] {processor.py:830} INFO - Processing file /media/data/omar/programming course/DEPI/DEPI project/anomx/venv/lib/python3.12/site-packages/airflow/example_dags/example_local_kubernetes_executor.py for tasks to queue
[2026-06-22T09:05:11.819+0300] {logging_mixin.py:188} INFO - [2026-06-22T09:05:11.818+0300] {dagbag.py:540} INFO - Filling up the DagBag from /media/data/omar/programming course/DEPI/DEPI project/anomx/venv/lib/python3.12/site-packages/airflow/example_dags/example_local_kubernetes_executor.py
[2026-06-22T09:05:11.829+0300] {logging_mixin.py:188} INFO - [2026-06-22T09:05:11.827+0300] {example_local_kubernetes_executor.py:40} WARNING - Could not import DAGs in example_local_kubernetes_executor.py
Traceback (most recent call last):
  File "/media/data/omar/programming course/DEPI/DEPI project/anomx/venv/lib/python3.12/site-packages/airflow/example_dags/example_local_kubernetes_executor.py", line 38, in <module>
    from kubernetes.client import models as k8s
ModuleNotFoundError: No module named 'kubernetes'
[2026-06-22T09:05:11.831+0300] {logging_mixin.py:188} INFO - [2026-06-22T09:05:11.830+0300] {example_local_kubernetes_executor.py:41} WARNING - Install Kubernetes dependencies with: pip install apache-airflow[cncf.kubernetes]
[2026-06-22T09:05:11.831+0300] {processor.py:842} WARNING - No viable dags retrieved from /media/data/omar/programming course/DEPI/DEPI project/anomx/venv/lib/python3.12/site-packages/airflow/example_dags/example_local_kubernetes_executor.py
[2026-06-22T09:05:11.847+0300] {processor.py:183} INFO - Processing /media/data/omar/programming course/DEPI/DEPI project/anomx/venv/lib/python3.12/site-packages/airflow/example_dags/example_local_kubernetes_executor.py took 0.047 seconds
[2026-06-22T09:06:01.391+0300] {processor.py:161} INFO - Started process (PID=47191) to work on /media/data/omar/programming course/DEPI/DEPI project/anomx/venv/lib/python3.12/site-packages/airflow/example_dags/example_local_kubernetes_executor.py
[2026-06-22T09:06:01.392+0300] {processor.py:830} INFO - Processing file /media/data/omar/programming course/DEPI/DEPI project/anomx/venv/lib/python3.12/site-packages/airflow/example_dags/example_local_kubernetes_executor.py for tasks to queue
[2026-06-22T09:06:01.393+0300] {logging_mixin.py:188} INFO - [2026-06-22T09:06:01.393+0300] {dagbag.py:540} INFO - Filling up the DagBag from /media/data/omar/programming course/DEPI/DEPI project/anomx/venv/lib/python3.12/site-packages/airflow/example_dags/example_local_kubernetes_executor.py
[2026-06-22T09:06:01.399+0300] {logging_mixin.py:188} INFO - [2026-06-22T09:06:01.398+0300] {example_local_kubernetes_executor.py:40} WARNING - Could not import DAGs in example_local_kubernetes_executor.py
Traceback (most recent call last):
  File "/media/data/omar/programming course/DEPI/DEPI project/anomx/venv/lib/python3.12/site-packages/airflow/example_dags/example_local_kubernetes_executor.py", line 38, in <module>
    from kubernetes.client import models as k8s
ModuleNotFoundError: No module named 'kubernetes'
[2026-06-22T09:06:01.400+0300] {logging_mixin.py:188} INFO - [2026-06-22T09:06:01.399+0300] {example_local_kubernetes_executor.py:41} WARNING - Install Kubernetes dependencies with: pip install apache-airflow[cncf.kubernetes]
[2026-06-22T09:06:01.400+0300] {processor.py:842} WARNING - No viable dags retrieved from /media/data/omar/programming course/DEPI/DEPI project/anomx/venv/lib/python3.12/site-packages/airflow/example_dags/example_local_kubernetes_executor.py
[2026-06-22T09:06:01.411+0300] {processor.py:183} INFO - Processing /media/data/omar/programming course/DEPI/DEPI project/anomx/venv/lib/python3.12/site-packages/airflow/example_dags/example_local_kubernetes_executor.py took 0.029 seconds
[2026-06-22T09:06:54.372+0300] {processor.py:161} INFO - Started process (PID=47286) to work on /media/data/omar/programming course/DEPI/DEPI project/anomx/venv/lib/python3.12/site-packages/airflow/example_dags/example_local_kubernetes_executor.py
[2026-06-22T09:06:54.373+0300] {processor.py:830} INFO - Processing file /media/data/omar/programming course/DEPI/DEPI project/anomx/venv/lib/python3.12/site-packages/airflow/example_dags/example_local_kubernetes_executor.py for tasks to queue
[2026-06-22T09:06:54.375+0300] {logging_mixin.py:188} INFO - [2026-06-22T09:06:54.374+0300] {dagbag.py:540} INFO - Filling up the DagBag from /media/data/omar/programming course/DEPI/DEPI project/anomx/venv/lib/python3.12/site-packages/airflow/example_dags/example_local_kubernetes_executor.py
[2026-06-22T09:06:54.381+0300] {logging_mixin.py:188} INFO - [2026-06-22T09:06:54.380+0300] {example_local_kubernetes_executor.py:40} WARNING - Could not import DAGs in example_local_kubernetes_executor.py
Traceback (most recent call last):
  File "/media/data/omar/programming course/DEPI/DEPI project/anomx/venv/lib/python3.12/site-packages/airflow/example_dags/example_local_kubernetes_executor.py", line 38, in <module>
    from kubernetes.client import models as k8s
ModuleNotFoundError: No module named 'kubernetes'
[2026-06-22T09:06:54.381+0300] {logging_mixin.py:188} INFO - [2026-06-22T09:06:54.381+0300] {example_local_kubernetes_executor.py:41} WARNING - Install Kubernetes dependencies with: pip install apache-airflow[cncf.kubernetes]
[2026-06-22T09:06:54.382+0300] {processor.py:842} WARNING - No viable dags retrieved from /media/data/omar/programming course/DEPI/DEPI project/anomx/venv/lib/python3.12/site-packages/airflow/example_dags/example_local_kubernetes_executor.py
[2026-06-22T09:06:54.393+0300] {processor.py:183} INFO - Processing /media/data/omar/programming course/DEPI/DEPI project/anomx/venv/lib/python3.12/site-packages/airflow/example_dags/example_local_kubernetes_executor.py took 0.031 seconds
[2026-06-22T09:07:47.339+0300] {processor.py:161} INFO - Started process (PID=47363) to work on /media/data/omar/programming course/DEPI/DEPI project/anomx/venv/lib/python3.12/site-packages/airflow/example_dags/example_local_kubernetes_executor.py
[2026-06-22T09:07:47.341+0300] {processor.py:830} INFO - Processing file /media/data/omar/programming course/DEPI/DEPI project/anomx/venv/lib/python3.12/site-packages/airflow/example_dags/example_local_kubernetes_executor.py for tasks to queue
[2026-06-22T09:07:47.344+0300] {logging_mixin.py:188} INFO - [2026-06-22T09:07:47.342+0300] {dagbag.py:540} INFO - Filling up the DagBag from /media/data/omar/programming course/DEPI/DEPI project/anomx/venv/lib/python3.12/site-packages/airflow/example_dags/example_local_kubernetes_executor.py
[2026-06-22T09:07:47.352+0300] {logging_mixin.py:188} INFO - [2026-06-22T09:07:47.351+0300] {example_local_kubernetes_executor.py:40} WARNING - Could not import DAGs in example_local_kubernetes_executor.py
Traceback (most recent call last):
  File "/media/data/omar/programming course/DEPI/DEPI project/anomx/venv/lib/python3.12/site-packages/airflow/example_dags/example_local_kubernetes_executor.py", line 38, in <module>
    from kubernetes.client import models as k8s
ModuleNotFoundError: No module named 'kubernetes'
[2026-06-22T09:07:47.354+0300] {logging_mixin.py:188} INFO - [2026-06-22T09:07:47.353+0300] {example_local_kubernetes_executor.py:41} WARNING - Install Kubernetes dependencies with: pip install apache-airflow[cncf.kubernetes]
[2026-06-22T09:07:47.355+0300] {processor.py:842} WARNING - No viable dags retrieved from /media/data/omar/programming course/DEPI/DEPI project/anomx/venv/lib/python3.12/site-packages/airflow/example_dags/example_local_kubernetes_executor.py
[2026-06-22T09:07:47.374+0300] {processor.py:183} INFO - Processing /media/data/omar/programming course/DEPI/DEPI project/anomx/venv/lib/python3.12/site-packages/airflow/example_dags/example_local_kubernetes_executor.py took 0.048 seconds
[2026-06-22T09:08:43.544+0300] {processor.py:161} INFO - Started process (PID=47445) to work on /media/data/omar/programming course/DEPI/DEPI project/anomx/venv/lib/python3.12/site-packages/airflow/example_dags/example_local_kubernetes_executor.py
[2026-06-22T09:08:43.546+0300] {processor.py:830} INFO - Processing file /media/data/omar/programming course/DEPI/DEPI project/anomx/venv/lib/python3.12/site-packages/airflow/example_dags/example_local_kubernetes_executor.py for tasks to queue
[2026-06-22T09:08:43.547+0300] {logging_mixin.py:188} INFO - [2026-06-22T09:08:43.547+0300] {dagbag.py:540} INFO - Filling up the DagBag from /media/data/omar/programming course/DEPI/DEPI project/anomx/venv/lib/python3.12/site-packages/airflow/example_dags/example_local_kubernetes_executor.py
[2026-06-22T09:08:43.554+0300] {logging_mixin.py:188} INFO - [2026-06-22T09:08:43.553+0300] {example_local_kubernetes_executor.py:40} WARNING - Could not import DAGs in example_local_kubernetes_executor.py
Traceback (most recent call last):
  File "/media/data/omar/programming course/DEPI/DEPI project/anomx/venv/lib/python3.12/site-packages/airflow/example_dags/example_local_kubernetes_executor.py", line 38, in <module>
    from kubernetes.client import models as k8s
ModuleNotFoundError: No module named 'kubernetes'
[2026-06-22T09:08:43.555+0300] {logging_mixin.py:188} INFO - [2026-06-22T09:08:43.554+0300] {example_local_kubernetes_executor.py:41} WARNING - Install Kubernetes dependencies with: pip install apache-airflow[cncf.kubernetes]
[2026-06-22T09:08:43.555+0300] {processor.py:842} WARNING - No viable dags retrieved from /media/data/omar/programming course/DEPI/DEPI project/anomx/venv/lib/python3.12/site-packages/airflow/example_dags/example_local_kubernetes_executor.py
[2026-06-22T09:08:43.565+0300] {processor.py:183} INFO - Processing /media/data/omar/programming course/DEPI/DEPI project/anomx/venv/lib/python3.12/site-packages/airflow/example_dags/example_local_kubernetes_executor.py took 0.035 seconds
[2026-06-22T09:09:34.800+0300] {processor.py:161} INFO - Started process (PID=47522) to work on /media/data/omar/programming course/DEPI/DEPI project/anomx/venv/lib/python3.12/site-packages/airflow/example_dags/example_local_kubernetes_executor.py
[2026-06-22T09:09:34.802+0300] {processor.py:830} INFO - Processing file /media/data/omar/programming course/DEPI/DEPI project/anomx/venv/lib/python3.12/site-packages/airflow/example_dags/example_local_kubernetes_executor.py for tasks to queue
[2026-06-22T09:09:34.804+0300] {logging_mixin.py:188} INFO - [2026-06-22T09:09:34.803+0300] {dagbag.py:540} INFO - Filling up the DagBag from /media/data/omar/programming course/DEPI/DEPI project/anomx/venv/lib/python3.12/site-packages/airflow/example_dags/example_local_kubernetes_executor.py
[2026-06-22T09:09:34.810+0300] {logging_mixin.py:188} INFO - [2026-06-22T09:09:34.808+0300] {example_local_kubernetes_executor.py:40} WARNING - Could not import DAGs in example_local_kubernetes_executor.py
Traceback (most recent call last):
  File "/media/data/omar/programming course/DEPI/DEPI project/anomx/venv/lib/python3.12/site-packages/airflow/example_dags/example_local_kubernetes_executor.py", line 38, in <module>
    from kubernetes.client import models as k8s
ModuleNotFoundError: No module named 'kubernetes'
[2026-06-22T09:09:34.810+0300] {logging_mixin.py:188} INFO - [2026-06-22T09:09:34.810+0300] {example_local_kubernetes_executor.py:41} WARNING - Install Kubernetes dependencies with: pip install apache-airflow[cncf.kubernetes]
[2026-06-22T09:09:34.811+0300] {processor.py:842} WARNING - No viable dags retrieved from /media/data/omar/programming course/DEPI/DEPI project/anomx/venv/lib/python3.12/site-packages/airflow/example_dags/example_local_kubernetes_executor.py
[2026-06-22T09:09:34.824+0300] {processor.py:183} INFO - Processing /media/data/omar/programming course/DEPI/DEPI project/anomx/venv/lib/python3.12/site-packages/airflow/example_dags/example_local_kubernetes_executor.py took 0.031 seconds
[2026-06-22T09:10:25.985+0300] {processor.py:161} INFO - Started process (PID=47612) to work on /media/data/omar/programming course/DEPI/DEPI project/anomx/venv/lib/python3.12/site-packages/airflow/example_dags/example_local_kubernetes_executor.py
[2026-06-22T09:10:25.986+0300] {processor.py:830} INFO - Processing file /media/data/omar/programming course/DEPI/DEPI project/anomx/venv/lib/python3.12/site-packages/airflow/example_dags/example_local_kubernetes_executor.py for tasks to queue
[2026-06-22T09:10:25.988+0300] {logging_mixin.py:188} INFO - [2026-06-22T09:10:25.987+0300] {dagbag.py:540} INFO - Filling up the DagBag from /media/data/omar/programming course/DEPI/DEPI project/anomx/venv/lib/python3.12/site-packages/airflow/example_dags/example_local_kubernetes_executor.py
[2026-06-22T09:10:25.997+0300] {logging_mixin.py:188} INFO - [2026-06-22T09:10:25.995+0300] {example_local_kubernetes_executor.py:40} WARNING - Could not import DAGs in example_local_kubernetes_executor.py
Traceback (most recent call last):
  File "/media/data/omar/programming course/DEPI/DEPI project/anomx/venv/lib/python3.12/site-packages/airflow/example_dags/example_local_kubernetes_executor.py", line 38, in <module>
    from kubernetes.client import models as k8s
ModuleNotFoundError: No module named 'kubernetes'
[2026-06-22T09:10:25.998+0300] {logging_mixin.py:188} INFO - [2026-06-22T09:10:25.998+0300] {example_local_kubernetes_executor.py:41} WARNING - Install Kubernetes dependencies with: pip install apache-airflow[cncf.kubernetes]
[2026-06-22T09:10:25.999+0300] {processor.py:842} WARNING - No viable dags retrieved from /media/data/omar/programming course/DEPI/DEPI project/anomx/venv/lib/python3.12/site-packages/airflow/example_dags/example_local_kubernetes_executor.py
[2026-06-22T09:10:26.017+0300] {processor.py:183} INFO - Processing /media/data/omar/programming course/DEPI/DEPI project/anomx/venv/lib/python3.12/site-packages/airflow/example_dags/example_local_kubernetes_executor.py took 0.043 seconds
[2026-06-22T09:11:19.289+0300] {processor.py:161} INFO - Started process (PID=47849) to work on /media/data/omar/programming course/DEPI/DEPI project/anomx/venv/lib/python3.12/site-packages/airflow/example_dags/example_local_kubernetes_executor.py
[2026-06-22T09:11:19.291+0300] {processor.py:830} INFO - Processing file /media/data/omar/programming course/DEPI/DEPI project/anomx/venv/lib/python3.12/site-packages/airflow/example_dags/example_local_kubernetes_executor.py for tasks to queue
[2026-06-22T09:11:19.294+0300] {logging_mixin.py:188} INFO - [2026-06-22T09:11:19.292+0300] {dagbag.py:540} INFO - Filling up the DagBag from /media/data/omar/programming course/DEPI/DEPI project/anomx/venv/lib/python3.12/site-packages/airflow/example_dags/example_local_kubernetes_executor.py
[2026-06-22T09:11:19.302+0300] {logging_mixin.py:188} INFO - [2026-06-22T09:11:19.301+0300] {example_local_kubernetes_executor.py:40} WARNING - Could not import DAGs in example_local_kubernetes_executor.py
Traceback (most recent call last):
  File "/media/data/omar/programming course/DEPI/DEPI project/anomx/venv/lib/python3.12/site-packages/airflow/example_dags/example_local_kubernetes_executor.py", line 38, in <module>
    from kubernetes.client import models as k8s
ModuleNotFoundError: No module named 'kubernetes'
[2026-06-22T09:11:19.303+0300] {logging_mixin.py:188} INFO - [2026-06-22T09:11:19.303+0300] {example_local_kubernetes_executor.py:41} WARNING - Install Kubernetes dependencies with: pip install apache-airflow[cncf.kubernetes]
[2026-06-22T09:11:19.304+0300] {processor.py:842} WARNING - No viable dags retrieved from /media/data/omar/programming course/DEPI/DEPI project/anomx/venv/lib/python3.12/site-packages/airflow/example_dags/example_local_kubernetes_executor.py
[2026-06-22T09:11:19.317+0300] {processor.py:183} INFO - Processing /media/data/omar/programming course/DEPI/DEPI project/anomx/venv/lib/python3.12/site-packages/airflow/example_dags/example_local_kubernetes_executor.py took 0.043 seconds
[2026-06-22T09:12:12.607+0300] {processor.py:161} INFO - Started process (PID=47990) to work on /media/data/omar/programming course/DEPI/DEPI project/anomx/venv/lib/python3.12/site-packages/airflow/example_dags/example_local_kubernetes_executor.py
[2026-06-22T09:12:12.608+0300] {processor.py:830} INFO - Processing file /media/data/omar/programming course/DEPI/DEPI project/anomx/venv/lib/python3.12/site-packages/airflow/example_dags/example_local_kubernetes_executor.py for tasks to queue
[2026-06-22T09:12:12.609+0300] {logging_mixin.py:188} INFO - [2026-06-22T09:12:12.608+0300] {dagbag.py:540} INFO - Filling up the DagBag from /media/data/omar/programming course/DEPI/DEPI project/anomx/venv/lib/python3.12/site-packages/airflow/example_dags/example_local_kubernetes_executor.py
[2026-06-22T09:12:12.620+0300] {logging_mixin.py:188} INFO - [2026-06-22T09:12:12.615+0300] {example_local_kubernetes_executor.py:40} WARNING - Could not import DAGs in example_local_kubernetes_executor.py
Traceback (most recent call last):
  File "/media/data/omar/programming course/DEPI/DEPI project/anomx/venv/lib/python3.12/site-packages/airflow/example_dags/example_local_kubernetes_executor.py", line 38, in <module>
    from kubernetes.client import models as k8s
ModuleNotFoundError: No module named 'kubernetes'
[2026-06-22T09:12:12.623+0300] {logging_mixin.py:188} INFO - [2026-06-22T09:12:12.621+0300] {example_local_kubernetes_executor.py:41} WARNING - Install Kubernetes dependencies with: pip install apache-airflow[cncf.kubernetes]
[2026-06-22T09:12:12.624+0300] {processor.py:842} WARNING - No viable dags retrieved from /media/data/omar/programming course/DEPI/DEPI project/anomx/venv/lib/python3.12/site-packages/airflow/example_dags/example_local_kubernetes_executor.py
[2026-06-22T09:12:12.643+0300] {processor.py:183} INFO - Processing /media/data/omar/programming course/DEPI/DEPI project/anomx/venv/lib/python3.12/site-packages/airflow/example_dags/example_local_kubernetes_executor.py took 0.049 seconds
[2026-06-22T09:13:06.210+0300] {processor.py:161} INFO - Started process (PID=48072) to work on /media/data/omar/programming course/DEPI/DEPI project/anomx/venv/lib/python3.12/site-packages/airflow/example_dags/example_local_kubernetes_executor.py
[2026-06-22T09:13:06.211+0300] {processor.py:830} INFO - Processing file /media/data/omar/programming course/DEPI/DEPI project/anomx/venv/lib/python3.12/site-packages/airflow/example_dags/example_local_kubernetes_executor.py for tasks to queue
[2026-06-22T09:13:06.212+0300] {logging_mixin.py:188} INFO - [2026-06-22T09:13:06.211+0300] {dagbag.py:540} INFO - Filling up the DagBag from /media/data/omar/programming course/DEPI/DEPI project/anomx/venv/lib/python3.12/site-packages/airflow/example_dags/example_local_kubernetes_executor.py
[2026-06-22T09:13:06.216+0300] {logging_mixin.py:188} INFO - [2026-06-22T09:13:06.215+0300] {example_local_kubernetes_executor.py:40} WARNING - Could not import DAGs in example_local_kubernetes_executor.py
Traceback (most recent call last):
  File "/media/data/omar/programming course/DEPI/DEPI project/anomx/venv/lib/python3.12/site-packages/airflow/example_dags/example_local_kubernetes_executor.py", line 38, in <module>
    from kubernetes.client import models as k8s
ModuleNotFoundError: No module named 'kubernetes'
[2026-06-22T09:13:06.217+0300] {logging_mixin.py:188} INFO - [2026-06-22T09:13:06.217+0300] {example_local_kubernetes_executor.py:41} WARNING - Install Kubernetes dependencies with: pip install apache-airflow[cncf.kubernetes]
[2026-06-22T09:13:06.217+0300] {processor.py:842} WARNING - No viable dags retrieved from /media/data/omar/programming course/DEPI/DEPI project/anomx/venv/lib/python3.12/site-packages/airflow/example_dags/example_local_kubernetes_executor.py
[2026-06-22T09:13:06.227+0300] {processor.py:183} INFO - Processing /media/data/omar/programming course/DEPI/DEPI project/anomx/venv/lib/python3.12/site-packages/airflow/example_dags/example_local_kubernetes_executor.py took 0.022 seconds
[2026-06-22T09:13:58.815+0300] {processor.py:161} INFO - Started process (PID=48164) to work on /media/data/omar/programming course/DEPI/DEPI project/anomx/venv/lib/python3.12/site-packages/airflow/example_dags/example_local_kubernetes_executor.py
[2026-06-22T09:13:58.816+0300] {processor.py:830} INFO - Processing file /media/data/omar/programming course/DEPI/DEPI project/anomx/venv/lib/python3.12/site-packages/airflow/example_dags/example_local_kubernetes_executor.py for tasks to queue
[2026-06-22T09:13:58.817+0300] {logging_mixin.py:188} INFO - [2026-06-22T09:13:58.817+0300] {dagbag.py:540} INFO - Filling up the DagBag from /media/data/omar/programming course/DEPI/DEPI project/anomx/venv/lib/python3.12/site-packages/airflow/example_dags/example_local_kubernetes_executor.py
[2026-06-22T09:13:58.823+0300] {logging_mixin.py:188} INFO - [2026-06-22T09:13:58.822+0300] {example_local_kubernetes_executor.py:40} WARNING - Could not import DAGs in example_local_kubernetes_executor.py
Traceback (most recent call last):
  File "/media/data/omar/programming course/DEPI/DEPI project/anomx/venv/lib/python3.12/site-packages/airflow/example_dags/example_local_kubernetes_executor.py", line 38, in <module>
    from kubernetes.client import models as k8s
ModuleNotFoundError: No module named 'kubernetes'
[2026-06-22T09:13:58.824+0300] {logging_mixin.py:188} INFO - [2026-06-22T09:13:58.823+0300] {example_local_kubernetes_executor.py:41} WARNING - Install Kubernetes dependencies with: pip install apache-airflow[cncf.kubernetes]
[2026-06-22T09:13:58.824+0300] {processor.py:842} WARNING - No viable dags retrieved from /media/data/omar/programming course/DEPI/DEPI project/anomx/venv/lib/python3.12/site-packages/airflow/example_dags/example_local_kubernetes_executor.py
[2026-06-22T09:13:58.834+0300] {processor.py:183} INFO - Processing /media/data/omar/programming course/DEPI/DEPI project/anomx/venv/lib/python3.12/site-packages/airflow/example_dags/example_local_kubernetes_executor.py took 0.030 seconds
[2026-06-22T09:14:55.204+0300] {processor.py:161} INFO - Started process (PID=48251) to work on /media/data/omar/programming course/DEPI/DEPI project/anomx/venv/lib/python3.12/site-packages/airflow/example_dags/example_local_kubernetes_executor.py
[2026-06-22T09:14:55.208+0300] {processor.py:830} INFO - Processing file /media/data/omar/programming course/DEPI/DEPI project/anomx/venv/lib/python3.12/site-packages/airflow/example_dags/example_local_kubernetes_executor.py for tasks to queue
[2026-06-22T09:14:55.211+0300] {logging_mixin.py:188} INFO - [2026-06-22T09:14:55.209+0300] {dagbag.py:540} INFO - Filling up the DagBag from /media/data/omar/programming course/DEPI/DEPI project/anomx/venv/lib/python3.12/site-packages/airflow/example_dags/example_local_kubernetes_executor.py
[2026-06-22T09:14:55.233+0300] {logging_mixin.py:188} INFO - [2026-06-22T09:14:55.227+0300] {example_local_kubernetes_executor.py:40} WARNING - Could not import DAGs in example_local_kubernetes_executor.py
Traceback (most recent call last):
  File "/media/data/omar/programming course/DEPI/DEPI project/anomx/venv/lib/python3.12/site-packages/airflow/example_dags/example_local_kubernetes_executor.py", line 38, in <module>
    from kubernetes.client import models as k8s
ModuleNotFoundError: No module named 'kubernetes'
[2026-06-22T09:14:55.234+0300] {logging_mixin.py:188} INFO - [2026-06-22T09:14:55.234+0300] {example_local_kubernetes_executor.py:41} WARNING - Install Kubernetes dependencies with: pip install apache-airflow[cncf.kubernetes]
[2026-06-22T09:14:55.235+0300] {processor.py:842} WARNING - No viable dags retrieved from /media/data/omar/programming course/DEPI/DEPI project/anomx/venv/lib/python3.12/site-packages/airflow/example_dags/example_local_kubernetes_executor.py
[2026-06-22T09:14:55.259+0300] {processor.py:183} INFO - Processing /media/data/omar/programming course/DEPI/DEPI project/anomx/venv/lib/python3.12/site-packages/airflow/example_dags/example_local_kubernetes_executor.py took 0.076 seconds
[2026-06-22T09:15:46.227+0300] {processor.py:161} INFO - Started process (PID=48355) to work on /media/data/omar/programming course/DEPI/DEPI project/anomx/venv/lib/python3.12/site-packages/airflow/example_dags/example_local_kubernetes_executor.py
[2026-06-22T09:15:46.228+0300] {processor.py:830} INFO - Processing file /media/data/omar/programming course/DEPI/DEPI project/anomx/venv/lib/python3.12/site-packages/airflow/example_dags/example_local_kubernetes_executor.py for tasks to queue
[2026-06-22T09:15:46.229+0300] {logging_mixin.py:188} INFO - [2026-06-22T09:15:46.229+0300] {dagbag.py:540} INFO - Filling up the DagBag from /media/data/omar/programming course/DEPI/DEPI project/anomx/venv/lib/python3.12/site-packages/airflow/example_dags/example_local_kubernetes_executor.py
[2026-06-22T09:15:46.234+0300] {logging_mixin.py:188} INFO - [2026-06-22T09:15:46.233+0300] {example_local_kubernetes_executor.py:40} WARNING - Could not import DAGs in example_local_kubernetes_executor.py
Traceback (most recent call last):
  File "/media/data/omar/programming course/DEPI/DEPI project/anomx/venv/lib/python3.12/site-packages/airflow/example_dags/example_local_kubernetes_executor.py", line 38, in <module>
    from kubernetes.client import models as k8s
ModuleNotFoundError: No module named 'kubernetes'
[2026-06-22T09:15:46.234+0300] {logging_mixin.py:188} INFO - [2026-06-22T09:15:46.234+0300] {example_local_kubernetes_executor.py:41} WARNING - Install Kubernetes dependencies with: pip install apache-airflow[cncf.kubernetes]
[2026-06-22T09:15:46.235+0300] {processor.py:842} WARNING - No viable dags retrieved from /media/data/omar/programming course/DEPI/DEPI project/anomx/venv/lib/python3.12/site-packages/airflow/example_dags/example_local_kubernetes_executor.py
[2026-06-22T09:15:46.249+0300] {processor.py:183} INFO - Processing /media/data/omar/programming course/DEPI/DEPI project/anomx/venv/lib/python3.12/site-packages/airflow/example_dags/example_local_kubernetes_executor.py took 0.031 seconds
[2026-06-22T09:16:49.893+0300] {processor.py:161} INFO - Started process (PID=48459) to work on /media/data/omar/programming course/DEPI/DEPI project/anomx/venv/lib/python3.12/site-packages/airflow/example_dags/example_local_kubernetes_executor.py
[2026-06-22T09:16:49.896+0300] {processor.py:830} INFO - Processing file /media/data/omar/programming course/DEPI/DEPI project/anomx/venv/lib/python3.12/site-packages/airflow/example_dags/example_local_kubernetes_executor.py for tasks to queue
[2026-06-22T09:16:49.901+0300] {logging_mixin.py:188} INFO - [2026-06-22T09:16:49.899+0300] {dagbag.py:540} INFO - Filling up the DagBag from /media/data/omar/programming course/DEPI/DEPI project/anomx/venv/lib/python3.12/site-packages/airflow/example_dags/example_local_kubernetes_executor.py
[2026-06-22T09:16:49.908+0300] {logging_mixin.py:188} INFO - [2026-06-22T09:16:49.906+0300] {example_local_kubernetes_executor.py:40} WARNING - Could not import DAGs in example_local_kubernetes_executor.py
Traceback (most recent call last):
  File "/media/data/omar/programming course/DEPI/DEPI project/anomx/venv/lib/python3.12/site-packages/airflow/example_dags/example_local_kubernetes_executor.py", line 38, in <module>
    from kubernetes.client import models as k8s
ModuleNotFoundError: No module named 'kubernetes'
[2026-06-22T09:16:49.909+0300] {logging_mixin.py:188} INFO - [2026-06-22T09:16:49.908+0300] {example_local_kubernetes_executor.py:41} WARNING - Install Kubernetes dependencies with: pip install apache-airflow[cncf.kubernetes]
[2026-06-22T09:16:49.909+0300] {processor.py:842} WARNING - No viable dags retrieved from /media/data/omar/programming course/DEPI/DEPI project/anomx/venv/lib/python3.12/site-packages/airflow/example_dags/example_local_kubernetes_executor.py
[2026-06-22T09:16:49.921+0300] {processor.py:183} INFO - Processing /media/data/omar/programming course/DEPI/DEPI project/anomx/venv/lib/python3.12/site-packages/airflow/example_dags/example_local_kubernetes_executor.py took 0.047 seconds
[2026-06-22T09:17:48.278+0300] {processor.py:161} INFO - Started process (PID=48569) to work on /media/data/omar/programming course/DEPI/DEPI project/anomx/venv/lib/python3.12/site-packages/airflow/example_dags/example_local_kubernetes_executor.py
[2026-06-22T09:17:48.278+0300] {processor.py:830} INFO - Processing file /media/data/omar/programming course/DEPI/DEPI project/anomx/venv/lib/python3.12/site-packages/airflow/example_dags/example_local_kubernetes_executor.py for tasks to queue
[2026-06-22T09:17:48.279+0300] {logging_mixin.py:188} INFO - [2026-06-22T09:17:48.279+0300] {dagbag.py:540} INFO - Filling up the DagBag from /media/data/omar/programming course/DEPI/DEPI project/anomx/venv/lib/python3.12/site-packages/airflow/example_dags/example_local_kubernetes_executor.py
[2026-06-22T09:17:48.284+0300] {logging_mixin.py:188} INFO - [2026-06-22T09:17:48.283+0300] {example_local_kubernetes_executor.py:40} WARNING - Could not import DAGs in example_local_kubernetes_executor.py
Traceback (most recent call last):
  File "/media/data/omar/programming course/DEPI/DEPI project/anomx/venv/lib/python3.12/site-packages/airflow/example_dags/example_local_kubernetes_executor.py", line 38, in <module>
    from kubernetes.client import models as k8s
ModuleNotFoundError: No module named 'kubernetes'
[2026-06-22T09:17:48.285+0300] {logging_mixin.py:188} INFO - [2026-06-22T09:17:48.285+0300] {example_local_kubernetes_executor.py:41} WARNING - Install Kubernetes dependencies with: pip install apache-airflow[cncf.kubernetes]
[2026-06-22T09:17:48.285+0300] {processor.py:842} WARNING - No viable dags retrieved from /media/data/omar/programming course/DEPI/DEPI project/anomx/venv/lib/python3.12/site-packages/airflow/example_dags/example_local_kubernetes_executor.py
[2026-06-22T09:17:48.298+0300] {processor.py:183} INFO - Processing /media/data/omar/programming course/DEPI/DEPI project/anomx/venv/lib/python3.12/site-packages/airflow/example_dags/example_local_kubernetes_executor.py took 0.026 seconds
[2026-06-22T09:18:50.174+0300] {processor.py:161} INFO - Started process (PID=48698) to work on /media/data/omar/programming course/DEPI/DEPI project/anomx/venv/lib/python3.12/site-packages/airflow/example_dags/example_local_kubernetes_executor.py
[2026-06-22T09:18:50.177+0300] {processor.py:830} INFO - Processing file /media/data/omar/programming course/DEPI/DEPI project/anomx/venv/lib/python3.12/site-packages/airflow/example_dags/example_local_kubernetes_executor.py for tasks to queue
[2026-06-22T09:18:50.181+0300] {logging_mixin.py:188} INFO - [2026-06-22T09:18:50.179+0300] {dagbag.py:540} INFO - Filling up the DagBag from /media/data/omar/programming course/DEPI/DEPI project/anomx/venv/lib/python3.12/site-packages/airflow/example_dags/example_local_kubernetes_executor.py
[2026-06-22T09:18:50.209+0300] {logging_mixin.py:188} INFO - [2026-06-22T09:18:50.205+0300] {example_local_kubernetes_executor.py:40} WARNING - Could not import DAGs in example_local_kubernetes_executor.py
Traceback (most recent call last):
  File "/media/data/omar/programming course/DEPI/DEPI project/anomx/venv/lib/python3.12/site-packages/airflow/example_dags/example_local_kubernetes_executor.py", line 38, in <module>
    from kubernetes.client import models as k8s
ModuleNotFoundError: No module named 'kubernetes'
[2026-06-22T09:18:50.212+0300] {logging_mixin.py:188} INFO - [2026-06-22T09:18:50.211+0300] {example_local_kubernetes_executor.py:41} WARNING - Install Kubernetes dependencies with: pip install apache-airflow[cncf.kubernetes]
[2026-06-22T09:18:50.213+0300] {processor.py:842} WARNING - No viable dags retrieved from /media/data/omar/programming course/DEPI/DEPI project/anomx/venv/lib/python3.12/site-packages/airflow/example_dags/example_local_kubernetes_executor.py
[2026-06-22T09:18:50.253+0300] {processor.py:183} INFO - Processing /media/data/omar/programming course/DEPI/DEPI project/anomx/venv/lib/python3.12/site-packages/airflow/example_dags/example_local_kubernetes_executor.py took 0.105 seconds
[2026-06-22T09:20:02.290+0300] {processor.py:161} INFO - Started process (PID=48975) to work on /media/data/omar/programming course/DEPI/DEPI project/anomx/venv/lib/python3.12/site-packages/airflow/example_dags/example_local_kubernetes_executor.py
[2026-06-22T09:20:02.292+0300] {processor.py:830} INFO - Processing file /media/data/omar/programming course/DEPI/DEPI project/anomx/venv/lib/python3.12/site-packages/airflow/example_dags/example_local_kubernetes_executor.py for tasks to queue
[2026-06-22T09:20:02.295+0300] {logging_mixin.py:188} INFO - [2026-06-22T09:20:02.293+0300] {dagbag.py:540} INFO - Filling up the DagBag from /media/data/omar/programming course/DEPI/DEPI project/anomx/venv/lib/python3.12/site-packages/airflow/example_dags/example_local_kubernetes_executor.py
[2026-06-22T09:20:02.305+0300] {logging_mixin.py:188} INFO - [2026-06-22T09:20:02.301+0300] {example_local_kubernetes_executor.py:40} WARNING - Could not import DAGs in example_local_kubernetes_executor.py
Traceback (most recent call last):
  File "/media/data/omar/programming course/DEPI/DEPI project/anomx/venv/lib/python3.12/site-packages/airflow/example_dags/example_local_kubernetes_executor.py", line 38, in <module>
    from kubernetes.client import models as k8s
ModuleNotFoundError: No module named 'kubernetes'
[2026-06-22T09:20:02.307+0300] {logging_mixin.py:188} INFO - [2026-06-22T09:20:02.306+0300] {example_local_kubernetes_executor.py:41} WARNING - Install Kubernetes dependencies with: pip install apache-airflow[cncf.kubernetes]
[2026-06-22T09:20:02.308+0300] {processor.py:842} WARNING - No viable dags retrieved from /media/data/omar/programming course/DEPI/DEPI project/anomx/venv/lib/python3.12/site-packages/airflow/example_dags/example_local_kubernetes_executor.py
[2026-06-22T09:20:02.334+0300] {processor.py:183} INFO - Processing /media/data/omar/programming course/DEPI/DEPI project/anomx/venv/lib/python3.12/site-packages/airflow/example_dags/example_local_kubernetes_executor.py took 0.054 seconds
[2026-06-22T09:21:10.381+0300] {processor.py:161} INFO - Started process (PID=49143) to work on /media/data/omar/programming course/DEPI/DEPI project/anomx/venv/lib/python3.12/site-packages/airflow/example_dags/example_local_kubernetes_executor.py
[2026-06-22T09:21:10.383+0300] {processor.py:830} INFO - Processing file /media/data/omar/programming course/DEPI/DEPI project/anomx/venv/lib/python3.12/site-packages/airflow/example_dags/example_local_kubernetes_executor.py for tasks to queue
[2026-06-22T09:21:10.390+0300] {logging_mixin.py:188} INFO - [2026-06-22T09:21:10.385+0300] {dagbag.py:540} INFO - Filling up the DagBag from /media/data/omar/programming course/DEPI/DEPI project/anomx/venv/lib/python3.12/site-packages/airflow/example_dags/example_local_kubernetes_executor.py
[2026-06-22T09:21:10.437+0300] {logging_mixin.py:188} INFO - [2026-06-22T09:21:10.425+0300] {example_local_kubernetes_executor.py:40} WARNING - Could not import DAGs in example_local_kubernetes_executor.py
Traceback (most recent call last):
  File "/media/data/omar/programming course/DEPI/DEPI project/anomx/venv/lib/python3.12/site-packages/airflow/example_dags/example_local_kubernetes_executor.py", line 38, in <module>
    from kubernetes.client import models as k8s
ModuleNotFoundError: No module named 'kubernetes'
[2026-06-22T09:21:10.441+0300] {logging_mixin.py:188} INFO - [2026-06-22T09:21:10.440+0300] {example_local_kubernetes_executor.py:41} WARNING - Install Kubernetes dependencies with: pip install apache-airflow[cncf.kubernetes]
[2026-06-22T09:21:10.443+0300] {processor.py:842} WARNING - No viable dags retrieved from /media/data/omar/programming course/DEPI/DEPI project/anomx/venv/lib/python3.12/site-packages/airflow/example_dags/example_local_kubernetes_executor.py
[2026-06-22T09:21:10.481+0300] {processor.py:183} INFO - Processing /media/data/omar/programming course/DEPI/DEPI project/anomx/venv/lib/python3.12/site-packages/airflow/example_dags/example_local_kubernetes_executor.py took 0.115 seconds
[2026-06-22T09:22:21.901+0300] {processor.py:161} INFO - Started process (PID=49332) to work on /media/data/omar/programming course/DEPI/DEPI project/anomx/venv/lib/python3.12/site-packages/airflow/example_dags/example_local_kubernetes_executor.py
[2026-06-22T09:22:21.903+0300] {processor.py:830} INFO - Processing file /media/data/omar/programming course/DEPI/DEPI project/anomx/venv/lib/python3.12/site-packages/airflow/example_dags/example_local_kubernetes_executor.py for tasks to queue
[2026-06-22T09:22:21.905+0300] {logging_mixin.py:188} INFO - [2026-06-22T09:22:21.904+0300] {dagbag.py:540} INFO - Filling up the DagBag from /media/data/omar/programming course/DEPI/DEPI project/anomx/venv/lib/python3.12/site-packages/airflow/example_dags/example_local_kubernetes_executor.py
[2026-06-22T09:22:21.913+0300] {logging_mixin.py:188} INFO - [2026-06-22T09:22:21.911+0300] {example_local_kubernetes_executor.py:40} WARNING - Could not import DAGs in example_local_kubernetes_executor.py
Traceback (most recent call last):
  File "/media/data/omar/programming course/DEPI/DEPI project/anomx/venv/lib/python3.12/site-packages/airflow/example_dags/example_local_kubernetes_executor.py", line 38, in <module>
    from kubernetes.client import models as k8s
ModuleNotFoundError: No module named 'kubernetes'
[2026-06-22T09:22:21.914+0300] {logging_mixin.py:188} INFO - [2026-06-22T09:22:21.914+0300] {example_local_kubernetes_executor.py:41} WARNING - Install Kubernetes dependencies with: pip install apache-airflow[cncf.kubernetes]
[2026-06-22T09:22:21.915+0300] {processor.py:842} WARNING - No viable dags retrieved from /media/data/omar/programming course/DEPI/DEPI project/anomx/venv/lib/python3.12/site-packages/airflow/example_dags/example_local_kubernetes_executor.py
[2026-06-22T09:22:21.931+0300] {processor.py:183} INFO - Processing /media/data/omar/programming course/DEPI/DEPI project/anomx/venv/lib/python3.12/site-packages/airflow/example_dags/example_local_kubernetes_executor.py took 0.043 seconds
[2026-06-22T09:23:25.746+0300] {processor.py:161} INFO - Started process (PID=49451) to work on /media/data/omar/programming course/DEPI/DEPI project/anomx/venv/lib/python3.12/site-packages/airflow/example_dags/example_local_kubernetes_executor.py
[2026-06-22T09:23:25.747+0300] {processor.py:830} INFO - Processing file /media/data/omar/programming course/DEPI/DEPI project/anomx/venv/lib/python3.12/site-packages/airflow/example_dags/example_local_kubernetes_executor.py for tasks to queue
[2026-06-22T09:23:25.748+0300] {logging_mixin.py:188} INFO - [2026-06-22T09:23:25.748+0300] {dagbag.py:540} INFO - Filling up the DagBag from /media/data/omar/programming course/DEPI/DEPI project/anomx/venv/lib/python3.12/site-packages/airflow/example_dags/example_local_kubernetes_executor.py
[2026-06-22T09:23:25.753+0300] {logging_mixin.py:188} INFO - [2026-06-22T09:23:25.752+0300] {example_local_kubernetes_executor.py:40} WARNING - Could not import DAGs in example_local_kubernetes_executor.py
Traceback (most recent call last):
  File "/media/data/omar/programming course/DEPI/DEPI project/anomx/venv/lib/python3.12/site-packages/airflow/example_dags/example_local_kubernetes_executor.py", line 38, in <module>
    from kubernetes.client import models as k8s
ModuleNotFoundError: No module named 'kubernetes'
[2026-06-22T09:23:25.753+0300] {logging_mixin.py:188} INFO - [2026-06-22T09:23:25.753+0300] {example_local_kubernetes_executor.py:41} WARNING - Install Kubernetes dependencies with: pip install apache-airflow[cncf.kubernetes]
[2026-06-22T09:23:25.754+0300] {processor.py:842} WARNING - No viable dags retrieved from /media/data/omar/programming course/DEPI/DEPI project/anomx/venv/lib/python3.12/site-packages/airflow/example_dags/example_local_kubernetes_executor.py
[2026-06-22T09:23:25.771+0300] {processor.py:183} INFO - Processing /media/data/omar/programming course/DEPI/DEPI project/anomx/venv/lib/python3.12/site-packages/airflow/example_dags/example_local_kubernetes_executor.py took 0.033 seconds
[2026-06-22T09:24:33.764+0300] {processor.py:161} INFO - Started process (PID=49643) to work on /media/data/omar/programming course/DEPI/DEPI project/anomx/venv/lib/python3.12/site-packages/airflow/example_dags/example_local_kubernetes_executor.py
[2026-06-22T09:24:33.765+0300] {processor.py:830} INFO - Processing file /media/data/omar/programming course/DEPI/DEPI project/anomx/venv/lib/python3.12/site-packages/airflow/example_dags/example_local_kubernetes_executor.py for tasks to queue
[2026-06-22T09:24:33.767+0300] {logging_mixin.py:188} INFO - [2026-06-22T09:24:33.766+0300] {dagbag.py:540} INFO - Filling up the DagBag from /media/data/omar/programming course/DEPI/DEPI project/anomx/venv/lib/python3.12/site-packages/airflow/example_dags/example_local_kubernetes_executor.py
[2026-06-22T09:24:33.772+0300] {logging_mixin.py:188} INFO - [2026-06-22T09:24:33.771+0300] {example_local_kubernetes_executor.py:40} WARNING - Could not import DAGs in example_local_kubernetes_executor.py
Traceback (most recent call last):
  File "/media/data/omar/programming course/DEPI/DEPI project/anomx/venv/lib/python3.12/site-packages/airflow/example_dags/example_local_kubernetes_executor.py", line 38, in <module>
    from kubernetes.client import models as k8s
ModuleNotFoundError: No module named 'kubernetes'
[2026-06-22T09:24:33.772+0300] {logging_mixin.py:188} INFO - [2026-06-22T09:24:33.772+0300] {example_local_kubernetes_executor.py:41} WARNING - Install Kubernetes dependencies with: pip install apache-airflow[cncf.kubernetes]
[2026-06-22T09:24:33.772+0300] {processor.py:842} WARNING - No viable dags retrieved from /media/data/omar/programming course/DEPI/DEPI project/anomx/venv/lib/python3.12/site-packages/airflow/example_dags/example_local_kubernetes_executor.py
[2026-06-22T09:24:33.789+0300] {processor.py:183} INFO - Processing /media/data/omar/programming course/DEPI/DEPI project/anomx/venv/lib/python3.12/site-packages/airflow/example_dags/example_local_kubernetes_executor.py took 0.033 seconds
[2026-06-22T09:25:44.058+0300] {processor.py:161} INFO - Started process (PID=49833) to work on /media/data/omar/programming course/DEPI/DEPI project/anomx/venv/lib/python3.12/site-packages/airflow/example_dags/example_local_kubernetes_executor.py
[2026-06-22T09:25:44.060+0300] {processor.py:830} INFO - Processing file /media/data/omar/programming course/DEPI/DEPI project/anomx/venv/lib/python3.12/site-packages/airflow/example_dags/example_local_kubernetes_executor.py for tasks to queue
[2026-06-22T09:25:44.062+0300] {logging_mixin.py:188} INFO - [2026-06-22T09:25:44.061+0300] {dagbag.py:540} INFO - Filling up the DagBag from /media/data/omar/programming course/DEPI/DEPI project/anomx/venv/lib/python3.12/site-packages/airflow/example_dags/example_local_kubernetes_executor.py
[2026-06-22T09:25:44.067+0300] {logging_mixin.py:188} INFO - [2026-06-22T09:25:44.066+0300] {example_local_kubernetes_executor.py:40} WARNING - Could not import DAGs in example_local_kubernetes_executor.py
Traceback (most recent call last):
  File "/media/data/omar/programming course/DEPI/DEPI project/anomx/venv/lib/python3.12/site-packages/airflow/example_dags/example_local_kubernetes_executor.py", line 38, in <module>
    from kubernetes.client import models as k8s
ModuleNotFoundError: No module named 'kubernetes'
[2026-06-22T09:25:44.069+0300] {logging_mixin.py:188} INFO - [2026-06-22T09:25:44.068+0300] {example_local_kubernetes_executor.py:41} WARNING - Install Kubernetes dependencies with: pip install apache-airflow[cncf.kubernetes]
[2026-06-22T09:25:44.071+0300] {processor.py:842} WARNING - No viable dags retrieved from /media/data/omar/programming course/DEPI/DEPI project/anomx/venv/lib/python3.12/site-packages/airflow/example_dags/example_local_kubernetes_executor.py
[2026-06-22T09:25:44.096+0300] {processor.py:183} INFO - Processing /media/data/omar/programming course/DEPI/DEPI project/anomx/venv/lib/python3.12/site-packages/airflow/example_dags/example_local_kubernetes_executor.py took 0.049 seconds
[2026-06-22T09:26:56.323+0300] {processor.py:161} INFO - Started process (PID=50020) to work on /media/data/omar/programming course/DEPI/DEPI project/anomx/venv/lib/python3.12/site-packages/airflow/example_dags/example_local_kubernetes_executor.py
[2026-06-22T09:26:56.326+0300] {processor.py:830} INFO - Processing file /media/data/omar/programming course/DEPI/DEPI project/anomx/venv/lib/python3.12/site-packages/airflow/example_dags/example_local_kubernetes_executor.py for tasks to queue
[2026-06-22T09:26:56.330+0300] {logging_mixin.py:188} INFO - [2026-06-22T09:26:56.328+0300] {dagbag.py:540} INFO - Filling up the DagBag from /media/data/omar/programming course/DEPI/DEPI project/anomx/venv/lib/python3.12/site-packages/airflow/example_dags/example_local_kubernetes_executor.py
[2026-06-22T09:26:56.339+0300] {logging_mixin.py:188} INFO - [2026-06-22T09:26:56.337+0300] {example_local_kubernetes_executor.py:40} WARNING - Could not import DAGs in example_local_kubernetes_executor.py
Traceback (most recent call last):
  File "/media/data/omar/programming course/DEPI/DEPI project/anomx/venv/lib/python3.12/site-packages/airflow/example_dags/example_local_kubernetes_executor.py", line 38, in <module>
    from kubernetes.client import models as k8s
ModuleNotFoundError: No module named 'kubernetes'
[2026-06-22T09:26:56.340+0300] {logging_mixin.py:188} INFO - [2026-06-22T09:26:56.340+0300] {example_local_kubernetes_executor.py:41} WARNING - Install Kubernetes dependencies with: pip install apache-airflow[cncf.kubernetes]
[2026-06-22T09:26:56.341+0300] {processor.py:842} WARNING - No viable dags retrieved from /media/data/omar/programming course/DEPI/DEPI project/anomx/venv/lib/python3.12/site-packages/airflow/example_dags/example_local_kubernetes_executor.py
[2026-06-22T09:26:56.362+0300] {processor.py:183} INFO - Processing /media/data/omar/programming course/DEPI/DEPI project/anomx/venv/lib/python3.12/site-packages/airflow/example_dags/example_local_kubernetes_executor.py took 0.057 seconds
[2026-06-22T09:28:07.708+0300] {processor.py:161} INFO - Started process (PID=50227) to work on /media/data/omar/programming course/DEPI/DEPI project/anomx/venv/lib/python3.12/site-packages/airflow/example_dags/example_local_kubernetes_executor.py
[2026-06-22T09:28:07.710+0300] {processor.py:830} INFO - Processing file /media/data/omar/programming course/DEPI/DEPI project/anomx/venv/lib/python3.12/site-packages/airflow/example_dags/example_local_kubernetes_executor.py for tasks to queue
[2026-06-22T09:28:07.712+0300] {logging_mixin.py:188} INFO - [2026-06-22T09:28:07.711+0300] {dagbag.py:540} INFO - Filling up the DagBag from /media/data/omar/programming course/DEPI/DEPI project/anomx/venv/lib/python3.12/site-packages/airflow/example_dags/example_local_kubernetes_executor.py
[2026-06-22T09:28:07.720+0300] {logging_mixin.py:188} INFO - [2026-06-22T09:28:07.719+0300] {example_local_kubernetes_executor.py:40} WARNING - Could not import DAGs in example_local_kubernetes_executor.py
Traceback (most recent call last):
  File "/media/data/omar/programming course/DEPI/DEPI project/anomx/venv/lib/python3.12/site-packages/airflow/example_dags/example_local_kubernetes_executor.py", line 38, in <module>
    from kubernetes.client import models as k8s
ModuleNotFoundError: No module named 'kubernetes'
[2026-06-22T09:28:07.721+0300] {logging_mixin.py:188} INFO - [2026-06-22T09:28:07.720+0300] {example_local_kubernetes_executor.py:41} WARNING - Install Kubernetes dependencies with: pip install apache-airflow[cncf.kubernetes]
[2026-06-22T09:28:07.721+0300] {processor.py:842} WARNING - No viable dags retrieved from /media/data/omar/programming course/DEPI/DEPI project/anomx/venv/lib/python3.12/site-packages/airflow/example_dags/example_local_kubernetes_executor.py
[2026-06-22T09:28:07.741+0300] {processor.py:183} INFO - Processing /media/data/omar/programming course/DEPI/DEPI project/anomx/venv/lib/python3.12/site-packages/airflow/example_dags/example_local_kubernetes_executor.py took 0.043 seconds
[2026-06-22T09:29:15.843+0300] {processor.py:161} INFO - Started process (PID=50369) to work on /media/data/omar/programming course/DEPI/DEPI project/anomx/venv/lib/python3.12/site-packages/airflow/example_dags/example_local_kubernetes_executor.py
[2026-06-22T09:29:15.845+0300] {processor.py:830} INFO - Processing file /media/data/omar/programming course/DEPI/DEPI project/anomx/venv/lib/python3.12/site-packages/airflow/example_dags/example_local_kubernetes_executor.py for tasks to queue
[2026-06-22T09:29:15.847+0300] {logging_mixin.py:188} INFO - [2026-06-22T09:29:15.846+0300] {dagbag.py:540} INFO - Filling up the DagBag from /media/data/omar/programming course/DEPI/DEPI project/anomx/venv/lib/python3.12/site-packages/airflow/example_dags/example_local_kubernetes_executor.py
[2026-06-22T09:29:15.853+0300] {logging_mixin.py:188} INFO - [2026-06-22T09:29:15.851+0300] {example_local_kubernetes_executor.py:40} WARNING - Could not import DAGs in example_local_kubernetes_executor.py
Traceback (most recent call last):
  File "/media/data/omar/programming course/DEPI/DEPI project/anomx/venv/lib/python3.12/site-packages/airflow/example_dags/example_local_kubernetes_executor.py", line 38, in <module>
    from kubernetes.client import models as k8s
ModuleNotFoundError: No module named 'kubernetes'
[2026-06-22T09:29:15.853+0300] {logging_mixin.py:188} INFO - [2026-06-22T09:29:15.853+0300] {example_local_kubernetes_executor.py:41} WARNING - Install Kubernetes dependencies with: pip install apache-airflow[cncf.kubernetes]
[2026-06-22T09:29:15.854+0300] {processor.py:842} WARNING - No viable dags retrieved from /media/data/omar/programming course/DEPI/DEPI project/anomx/venv/lib/python3.12/site-packages/airflow/example_dags/example_local_kubernetes_executor.py
[2026-06-22T09:29:15.871+0300] {processor.py:183} INFO - Processing /media/data/omar/programming course/DEPI/DEPI project/anomx/venv/lib/python3.12/site-packages/airflow/example_dags/example_local_kubernetes_executor.py took 0.038 seconds
[2026-06-22T09:30:24.026+0300] {processor.py:161} INFO - Started process (PID=50535) to work on /media/data/omar/programming course/DEPI/DEPI project/anomx/venv/lib/python3.12/site-packages/airflow/example_dags/example_local_kubernetes_executor.py
[2026-06-22T09:30:24.028+0300] {processor.py:830} INFO - Processing file /media/data/omar/programming course/DEPI/DEPI project/anomx/venv/lib/python3.12/site-packages/airflow/example_dags/example_local_kubernetes_executor.py for tasks to queue
[2026-06-22T09:30:24.029+0300] {logging_mixin.py:188} INFO - [2026-06-22T09:30:24.028+0300] {dagbag.py:540} INFO - Filling up the DagBag from /media/data/omar/programming course/DEPI/DEPI project/anomx/venv/lib/python3.12/site-packages/airflow/example_dags/example_local_kubernetes_executor.py
[2026-06-22T09:30:24.035+0300] {logging_mixin.py:188} INFO - [2026-06-22T09:30:24.034+0300] {example_local_kubernetes_executor.py:40} WARNING - Could not import DAGs in example_local_kubernetes_executor.py
Traceback (most recent call last):
  File "/media/data/omar/programming course/DEPI/DEPI project/anomx/venv/lib/python3.12/site-packages/airflow/example_dags/example_local_kubernetes_executor.py", line 38, in <module>
    from kubernetes.client import models as k8s
ModuleNotFoundError: No module named 'kubernetes'
[2026-06-22T09:30:24.036+0300] {logging_mixin.py:188} INFO - [2026-06-22T09:30:24.035+0300] {example_local_kubernetes_executor.py:41} WARNING - Install Kubernetes dependencies with: pip install apache-airflow[cncf.kubernetes]
[2026-06-22T09:30:24.036+0300] {processor.py:842} WARNING - No viable dags retrieved from /media/data/omar/programming course/DEPI/DEPI project/anomx/venv/lib/python3.12/site-packages/airflow/example_dags/example_local_kubernetes_executor.py
[2026-06-22T09:30:24.058+0300] {processor.py:183} INFO - Processing /media/data/omar/programming course/DEPI/DEPI project/anomx/venv/lib/python3.12/site-packages/airflow/example_dags/example_local_kubernetes_executor.py took 0.051 seconds
[2026-06-22T09:31:36.561+0300] {processor.py:161} INFO - Started process (PID=50724) to work on /media/data/omar/programming course/DEPI/DEPI project/anomx/venv/lib/python3.12/site-packages/airflow/example_dags/example_local_kubernetes_executor.py
[2026-06-22T09:31:36.563+0300] {processor.py:830} INFO - Processing file /media/data/omar/programming course/DEPI/DEPI project/anomx/venv/lib/python3.12/site-packages/airflow/example_dags/example_local_kubernetes_executor.py for tasks to queue
[2026-06-22T09:31:36.566+0300] {logging_mixin.py:188} INFO - [2026-06-22T09:31:36.565+0300] {dagbag.py:540} INFO - Filling up the DagBag from /media/data/omar/programming course/DEPI/DEPI project/anomx/venv/lib/python3.12/site-packages/airflow/example_dags/example_local_kubernetes_executor.py
[2026-06-22T09:31:36.574+0300] {logging_mixin.py:188} INFO - [2026-06-22T09:31:36.572+0300] {example_local_kubernetes_executor.py:40} WARNING - Could not import DAGs in example_local_kubernetes_executor.py
Traceback (most recent call last):
  File "/media/data/omar/programming course/DEPI/DEPI project/anomx/venv/lib/python3.12/site-packages/airflow/example_dags/example_local_kubernetes_executor.py", line 38, in <module>
    from kubernetes.client import models as k8s
ModuleNotFoundError: No module named 'kubernetes'
[2026-06-22T09:31:36.575+0300] {logging_mixin.py:188} INFO - [2026-06-22T09:31:36.574+0300] {example_local_kubernetes_executor.py:41} WARNING - Install Kubernetes dependencies with: pip install apache-airflow[cncf.kubernetes]
[2026-06-22T09:31:36.575+0300] {processor.py:842} WARNING - No viable dags retrieved from /media/data/omar/programming course/DEPI/DEPI project/anomx/venv/lib/python3.12/site-packages/airflow/example_dags/example_local_kubernetes_executor.py
[2026-06-22T09:31:36.587+0300] {processor.py:183} INFO - Processing /media/data/omar/programming course/DEPI/DEPI project/anomx/venv/lib/python3.12/site-packages/airflow/example_dags/example_local_kubernetes_executor.py took 0.046 seconds
[2026-06-22T09:32:32.524+0300] {processor.py:161} INFO - Started process (PID=50806) to work on /media/data/omar/programming course/DEPI/DEPI project/anomx/venv/lib/python3.12/site-packages/airflow/example_dags/example_local_kubernetes_executor.py
[2026-06-22T09:32:32.525+0300] {processor.py:830} INFO - Processing file /media/data/omar/programming course/DEPI/DEPI project/anomx/venv/lib/python3.12/site-packages/airflow/example_dags/example_local_kubernetes_executor.py for tasks to queue
[2026-06-22T09:32:32.527+0300] {logging_mixin.py:188} INFO - [2026-06-22T09:32:32.526+0300] {dagbag.py:540} INFO - Filling up the DagBag from /media/data/omar/programming course/DEPI/DEPI project/anomx/venv/lib/python3.12/site-packages/airflow/example_dags/example_local_kubernetes_executor.py
[2026-06-22T09:32:32.534+0300] {logging_mixin.py:188} INFO - [2026-06-22T09:32:32.532+0300] {example_local_kubernetes_executor.py:40} WARNING - Could not import DAGs in example_local_kubernetes_executor.py
Traceback (most recent call last):
  File "/media/data/omar/programming course/DEPI/DEPI project/anomx/venv/lib/python3.12/site-packages/airflow/example_dags/example_local_kubernetes_executor.py", line 38, in <module>
    from kubernetes.client import models as k8s
ModuleNotFoundError: No module named 'kubernetes'
[2026-06-22T09:32:32.535+0300] {logging_mixin.py:188} INFO - [2026-06-22T09:32:32.535+0300] {example_local_kubernetes_executor.py:41} WARNING - Install Kubernetes dependencies with: pip install apache-airflow[cncf.kubernetes]
[2026-06-22T09:32:32.536+0300] {processor.py:842} WARNING - No viable dags retrieved from /media/data/omar/programming course/DEPI/DEPI project/anomx/venv/lib/python3.12/site-packages/airflow/example_dags/example_local_kubernetes_executor.py
[2026-06-22T09:32:32.550+0300] {processor.py:183} INFO - Processing /media/data/omar/programming course/DEPI/DEPI project/anomx/venv/lib/python3.12/site-packages/airflow/example_dags/example_local_kubernetes_executor.py took 0.034 seconds
[2026-06-22T09:33:26.456+0300] {processor.py:161} INFO - Started process (PID=50895) to work on /media/data/omar/programming course/DEPI/DEPI project/anomx/venv/lib/python3.12/site-packages/airflow/example_dags/example_local_kubernetes_executor.py
[2026-06-22T09:33:26.457+0300] {processor.py:830} INFO - Processing file /media/data/omar/programming course/DEPI/DEPI project/anomx/venv/lib/python3.12/site-packages/airflow/example_dags/example_local_kubernetes_executor.py for tasks to queue
[2026-06-22T09:33:26.459+0300] {logging_mixin.py:188} INFO - [2026-06-22T09:33:26.458+0300] {dagbag.py:540} INFO - Filling up the DagBag from /media/data/omar/programming course/DEPI/DEPI project/anomx/venv/lib/python3.12/site-packages/airflow/example_dags/example_local_kubernetes_executor.py
[2026-06-22T09:33:26.467+0300] {logging_mixin.py:188} INFO - [2026-06-22T09:33:26.465+0300] {example_local_kubernetes_executor.py:40} WARNING - Could not import DAGs in example_local_kubernetes_executor.py
Traceback (most recent call last):
  File "/media/data/omar/programming course/DEPI/DEPI project/anomx/venv/lib/python3.12/site-packages/airflow/example_dags/example_local_kubernetes_executor.py", line 38, in <module>
    from kubernetes.client import models as k8s
ModuleNotFoundError: No module named 'kubernetes'
[2026-06-22T09:33:26.468+0300] {logging_mixin.py:188} INFO - [2026-06-22T09:33:26.467+0300] {example_local_kubernetes_executor.py:41} WARNING - Install Kubernetes dependencies with: pip install apache-airflow[cncf.kubernetes]
[2026-06-22T09:33:26.469+0300] {processor.py:842} WARNING - No viable dags retrieved from /media/data/omar/programming course/DEPI/DEPI project/anomx/venv/lib/python3.12/site-packages/airflow/example_dags/example_local_kubernetes_executor.py
[2026-06-22T09:33:26.484+0300] {processor.py:183} INFO - Processing /media/data/omar/programming course/DEPI/DEPI project/anomx/venv/lib/python3.12/site-packages/airflow/example_dags/example_local_kubernetes_executor.py took 0.039 seconds
[2026-06-22T09:34:17.594+0300] {processor.py:161} INFO - Started process (PID=50991) to work on /media/data/omar/programming course/DEPI/DEPI project/anomx/venv/lib/python3.12/site-packages/airflow/example_dags/example_local_kubernetes_executor.py
[2026-06-22T09:34:17.596+0300] {processor.py:830} INFO - Processing file /media/data/omar/programming course/DEPI/DEPI project/anomx/venv/lib/python3.12/site-packages/airflow/example_dags/example_local_kubernetes_executor.py for tasks to queue
[2026-06-22T09:34:17.599+0300] {logging_mixin.py:188} INFO - [2026-06-22T09:34:17.597+0300] {dagbag.py:540} INFO - Filling up the DagBag from /media/data/omar/programming course/DEPI/DEPI project/anomx/venv/lib/python3.12/site-packages/airflow/example_dags/example_local_kubernetes_executor.py
[2026-06-22T09:34:17.608+0300] {logging_mixin.py:188} INFO - [2026-06-22T09:34:17.606+0300] {example_local_kubernetes_executor.py:40} WARNING - Could not import DAGs in example_local_kubernetes_executor.py
Traceback (most recent call last):
  File "/media/data/omar/programming course/DEPI/DEPI project/anomx/venv/lib/python3.12/site-packages/airflow/example_dags/example_local_kubernetes_executor.py", line 38, in <module>
    from kubernetes.client import models as k8s
ModuleNotFoundError: No module named 'kubernetes'
[2026-06-22T09:34:17.609+0300] {logging_mixin.py:188} INFO - [2026-06-22T09:34:17.609+0300] {example_local_kubernetes_executor.py:41} WARNING - Install Kubernetes dependencies with: pip install apache-airflow[cncf.kubernetes]
[2026-06-22T09:34:17.610+0300] {processor.py:842} WARNING - No viable dags retrieved from /media/data/omar/programming course/DEPI/DEPI project/anomx/venv/lib/python3.12/site-packages/airflow/example_dags/example_local_kubernetes_executor.py
[2026-06-22T09:34:17.627+0300] {processor.py:183} INFO - Processing /media/data/omar/programming course/DEPI/DEPI project/anomx/venv/lib/python3.12/site-packages/airflow/example_dags/example_local_kubernetes_executor.py took 0.051 seconds
[2026-06-22T09:35:06.245+0300] {processor.py:161} INFO - Started process (PID=51066) to work on /media/data/omar/programming course/DEPI/DEPI project/anomx/venv/lib/python3.12/site-packages/airflow/example_dags/example_local_kubernetes_executor.py
[2026-06-22T09:35:06.246+0300] {processor.py:830} INFO - Processing file /media/data/omar/programming course/DEPI/DEPI project/anomx/venv/lib/python3.12/site-packages/airflow/example_dags/example_local_kubernetes_executor.py for tasks to queue
[2026-06-22T09:35:06.247+0300] {logging_mixin.py:188} INFO - [2026-06-22T09:35:06.247+0300] {dagbag.py:540} INFO - Filling up the DagBag from /media/data/omar/programming course/DEPI/DEPI project/anomx/venv/lib/python3.12/site-packages/airflow/example_dags/example_local_kubernetes_executor.py
[2026-06-22T09:35:06.253+0300] {logging_mixin.py:188} INFO - [2026-06-22T09:35:06.252+0300] {example_local_kubernetes_executor.py:40} WARNING - Could not import DAGs in example_local_kubernetes_executor.py
Traceback (most recent call last):
  File "/media/data/omar/programming course/DEPI/DEPI project/anomx/venv/lib/python3.12/site-packages/airflow/example_dags/example_local_kubernetes_executor.py", line 38, in <module>
    from kubernetes.client import models as k8s
ModuleNotFoundError: No module named 'kubernetes'
[2026-06-22T09:35:06.254+0300] {logging_mixin.py:188} INFO - [2026-06-22T09:35:06.254+0300] {example_local_kubernetes_executor.py:41} WARNING - Install Kubernetes dependencies with: pip install apache-airflow[cncf.kubernetes]
[2026-06-22T09:35:06.255+0300] {processor.py:842} WARNING - No viable dags retrieved from /media/data/omar/programming course/DEPI/DEPI project/anomx/venv/lib/python3.12/site-packages/airflow/example_dags/example_local_kubernetes_executor.py
[2026-06-22T09:35:06.267+0300] {processor.py:183} INFO - Processing /media/data/omar/programming course/DEPI/DEPI project/anomx/venv/lib/python3.12/site-packages/airflow/example_dags/example_local_kubernetes_executor.py took 0.030 seconds
[2026-06-22T09:36:01.360+0300] {processor.py:161} INFO - Started process (PID=51143) to work on /media/data/omar/programming course/DEPI/DEPI project/anomx/venv/lib/python3.12/site-packages/airflow/example_dags/example_local_kubernetes_executor.py
[2026-06-22T09:36:01.362+0300] {processor.py:830} INFO - Processing file /media/data/omar/programming course/DEPI/DEPI project/anomx/venv/lib/python3.12/site-packages/airflow/example_dags/example_local_kubernetes_executor.py for tasks to queue
[2026-06-22T09:36:01.363+0300] {logging_mixin.py:188} INFO - [2026-06-22T09:36:01.363+0300] {dagbag.py:540} INFO - Filling up the DagBag from /media/data/omar/programming course/DEPI/DEPI project/anomx/venv/lib/python3.12/site-packages/airflow/example_dags/example_local_kubernetes_executor.py
[2026-06-22T09:36:01.373+0300] {logging_mixin.py:188} INFO - [2026-06-22T09:36:01.371+0300] {example_local_kubernetes_executor.py:40} WARNING - Could not import DAGs in example_local_kubernetes_executor.py
Traceback (most recent call last):
  File "/media/data/omar/programming course/DEPI/DEPI project/anomx/venv/lib/python3.12/site-packages/airflow/example_dags/example_local_kubernetes_executor.py", line 38, in <module>
    from kubernetes.client import models as k8s
ModuleNotFoundError: No module named 'kubernetes'
[2026-06-22T09:36:01.374+0300] {logging_mixin.py:188} INFO - [2026-06-22T09:36:01.374+0300] {example_local_kubernetes_executor.py:41} WARNING - Install Kubernetes dependencies with: pip install apache-airflow[cncf.kubernetes]
[2026-06-22T09:36:01.375+0300] {processor.py:842} WARNING - No viable dags retrieved from /media/data/omar/programming course/DEPI/DEPI project/anomx/venv/lib/python3.12/site-packages/airflow/example_dags/example_local_kubernetes_executor.py
[2026-06-22T09:36:01.388+0300] {processor.py:183} INFO - Processing /media/data/omar/programming course/DEPI/DEPI project/anomx/venv/lib/python3.12/site-packages/airflow/example_dags/example_local_kubernetes_executor.py took 0.039 seconds
[2026-06-22T09:36:56.282+0300] {processor.py:161} INFO - Started process (PID=51247) to work on /media/data/omar/programming course/DEPI/DEPI project/anomx/venv/lib/python3.12/site-packages/airflow/example_dags/example_local_kubernetes_executor.py
[2026-06-22T09:36:56.285+0300] {processor.py:830} INFO - Processing file /media/data/omar/programming course/DEPI/DEPI project/anomx/venv/lib/python3.12/site-packages/airflow/example_dags/example_local_kubernetes_executor.py for tasks to queue
[2026-06-22T09:36:56.288+0300] {logging_mixin.py:188} INFO - [2026-06-22T09:36:56.286+0300] {dagbag.py:540} INFO - Filling up the DagBag from /media/data/omar/programming course/DEPI/DEPI project/anomx/venv/lib/python3.12/site-packages/airflow/example_dags/example_local_kubernetes_executor.py
[2026-06-22T09:36:56.298+0300] {logging_mixin.py:188} INFO - [2026-06-22T09:36:56.296+0300] {example_local_kubernetes_executor.py:40} WARNING - Could not import DAGs in example_local_kubernetes_executor.py
Traceback (most recent call last):
  File "/media/data/omar/programming course/DEPI/DEPI project/anomx/venv/lib/python3.12/site-packages/airflow/example_dags/example_local_kubernetes_executor.py", line 38, in <module>
    from kubernetes.client import models as k8s
ModuleNotFoundError: No module named 'kubernetes'
[2026-06-22T09:36:56.299+0300] {logging_mixin.py:188} INFO - [2026-06-22T09:36:56.299+0300] {example_local_kubernetes_executor.py:41} WARNING - Install Kubernetes dependencies with: pip install apache-airflow[cncf.kubernetes]
[2026-06-22T09:36:56.300+0300] {processor.py:842} WARNING - No viable dags retrieved from /media/data/omar/programming course/DEPI/DEPI project/anomx/venv/lib/python3.12/site-packages/airflow/example_dags/example_local_kubernetes_executor.py
[2026-06-22T09:36:56.312+0300] {processor.py:183} INFO - Processing /media/data/omar/programming course/DEPI/DEPI project/anomx/venv/lib/python3.12/site-packages/airflow/example_dags/example_local_kubernetes_executor.py took 0.048 seconds
[2026-06-22T09:37:47.132+0300] {processor.py:161} INFO - Started process (PID=51325) to work on /media/data/omar/programming course/DEPI/DEPI project/anomx/venv/lib/python3.12/site-packages/airflow/example_dags/example_local_kubernetes_executor.py
[2026-06-22T09:37:47.133+0300] {processor.py:830} INFO - Processing file /media/data/omar/programming course/DEPI/DEPI project/anomx/venv/lib/python3.12/site-packages/airflow/example_dags/example_local_kubernetes_executor.py for tasks to queue
[2026-06-22T09:37:47.135+0300] {logging_mixin.py:188} INFO - [2026-06-22T09:37:47.134+0300] {dagbag.py:540} INFO - Filling up the DagBag from /media/data/omar/programming course/DEPI/DEPI project/anomx/venv/lib/python3.12/site-packages/airflow/example_dags/example_local_kubernetes_executor.py
[2026-06-22T09:37:47.142+0300] {logging_mixin.py:188} INFO - [2026-06-22T09:37:47.140+0300] {example_local_kubernetes_executor.py:40} WARNING - Could not import DAGs in example_local_kubernetes_executor.py
Traceback (most recent call last):
  File "/media/data/omar/programming course/DEPI/DEPI project/anomx/venv/lib/python3.12/site-packages/airflow/example_dags/example_local_kubernetes_executor.py", line 38, in <module>
    from kubernetes.client import models as k8s
ModuleNotFoundError: No module named 'kubernetes'
[2026-06-22T09:37:47.143+0300] {logging_mixin.py:188} INFO - [2026-06-22T09:37:47.142+0300] {example_local_kubernetes_executor.py:41} WARNING - Install Kubernetes dependencies with: pip install apache-airflow[cncf.kubernetes]
[2026-06-22T09:37:47.143+0300] {processor.py:842} WARNING - No viable dags retrieved from /media/data/omar/programming course/DEPI/DEPI project/anomx/venv/lib/python3.12/site-packages/airflow/example_dags/example_local_kubernetes_executor.py
[2026-06-22T09:37:47.155+0300] {processor.py:183} INFO - Processing /media/data/omar/programming course/DEPI/DEPI project/anomx/venv/lib/python3.12/site-packages/airflow/example_dags/example_local_kubernetes_executor.py took 0.031 seconds
[2026-06-22T09:38:41.461+0300] {processor.py:161} INFO - Started process (PID=51406) to work on /media/data/omar/programming course/DEPI/DEPI project/anomx/venv/lib/python3.12/site-packages/airflow/example_dags/example_local_kubernetes_executor.py
[2026-06-22T09:38:41.463+0300] {processor.py:830} INFO - Processing file /media/data/omar/programming course/DEPI/DEPI project/anomx/venv/lib/python3.12/site-packages/airflow/example_dags/example_local_kubernetes_executor.py for tasks to queue
[2026-06-22T09:38:41.465+0300] {logging_mixin.py:188} INFO - [2026-06-22T09:38:41.464+0300] {dagbag.py:540} INFO - Filling up the DagBag from /media/data/omar/programming course/DEPI/DEPI project/anomx/venv/lib/python3.12/site-packages/airflow/example_dags/example_local_kubernetes_executor.py
[2026-06-22T09:38:41.476+0300] {logging_mixin.py:188} INFO - [2026-06-22T09:38:41.473+0300] {example_local_kubernetes_executor.py:40} WARNING - Could not import DAGs in example_local_kubernetes_executor.py
Traceback (most recent call last):
  File "/media/data/omar/programming course/DEPI/DEPI project/anomx/venv/lib/python3.12/site-packages/airflow/example_dags/example_local_kubernetes_executor.py", line 38, in <module>
    from kubernetes.client import models as k8s
ModuleNotFoundError: No module named 'kubernetes'
[2026-06-22T09:38:41.477+0300] {logging_mixin.py:188} INFO - [2026-06-22T09:38:41.477+0300] {example_local_kubernetes_executor.py:41} WARNING - Install Kubernetes dependencies with: pip install apache-airflow[cncf.kubernetes]
[2026-06-22T09:38:41.478+0300] {processor.py:842} WARNING - No viable dags retrieved from /media/data/omar/programming course/DEPI/DEPI project/anomx/venv/lib/python3.12/site-packages/airflow/example_dags/example_local_kubernetes_executor.py
[2026-06-22T09:38:41.497+0300] {processor.py:183} INFO - Processing /media/data/omar/programming course/DEPI/DEPI project/anomx/venv/lib/python3.12/site-packages/airflow/example_dags/example_local_kubernetes_executor.py took 0.049 seconds
[2026-06-22T09:39:36.319+0300] {processor.py:161} INFO - Started process (PID=51484) to work on /media/data/omar/programming course/DEPI/DEPI project/anomx/venv/lib/python3.12/site-packages/airflow/example_dags/example_local_kubernetes_executor.py
[2026-06-22T09:39:36.320+0300] {processor.py:830} INFO - Processing file /media/data/omar/programming course/DEPI/DEPI project/anomx/venv/lib/python3.12/site-packages/airflow/example_dags/example_local_kubernetes_executor.py for tasks to queue
[2026-06-22T09:39:36.321+0300] {logging_mixin.py:188} INFO - [2026-06-22T09:39:36.320+0300] {dagbag.py:540} INFO - Filling up the DagBag from /media/data/omar/programming course/DEPI/DEPI project/anomx/venv/lib/python3.12/site-packages/airflow/example_dags/example_local_kubernetes_executor.py
[2026-06-22T09:39:36.328+0300] {logging_mixin.py:188} INFO - [2026-06-22T09:39:36.326+0300] {example_local_kubernetes_executor.py:40} WARNING - Could not import DAGs in example_local_kubernetes_executor.py
Traceback (most recent call last):
  File "/media/data/omar/programming course/DEPI/DEPI project/anomx/venv/lib/python3.12/site-packages/airflow/example_dags/example_local_kubernetes_executor.py", line 38, in <module>
    from kubernetes.client import models as k8s
ModuleNotFoundError: No module named 'kubernetes'
[2026-06-22T09:39:36.328+0300] {logging_mixin.py:188} INFO - [2026-06-22T09:39:36.328+0300] {example_local_kubernetes_executor.py:41} WARNING - Install Kubernetes dependencies with: pip install apache-airflow[cncf.kubernetes]
[2026-06-22T09:39:36.329+0300] {processor.py:842} WARNING - No viable dags retrieved from /media/data/omar/programming course/DEPI/DEPI project/anomx/venv/lib/python3.12/site-packages/airflow/example_dags/example_local_kubernetes_executor.py
[2026-06-22T09:39:36.343+0300] {processor.py:183} INFO - Processing /media/data/omar/programming course/DEPI/DEPI project/anomx/venv/lib/python3.12/site-packages/airflow/example_dags/example_local_kubernetes_executor.py took 0.031 seconds
[2026-06-22T09:40:31.070+0300] {processor.py:161} INFO - Started process (PID=51577) to work on /media/data/omar/programming course/DEPI/DEPI project/anomx/venv/lib/python3.12/site-packages/airflow/example_dags/example_local_kubernetes_executor.py
[2026-06-22T09:40:31.072+0300] {processor.py:830} INFO - Processing file /media/data/omar/programming course/DEPI/DEPI project/anomx/venv/lib/python3.12/site-packages/airflow/example_dags/example_local_kubernetes_executor.py for tasks to queue
[2026-06-22T09:40:31.074+0300] {logging_mixin.py:188} INFO - [2026-06-22T09:40:31.073+0300] {dagbag.py:540} INFO - Filling up the DagBag from /media/data/omar/programming course/DEPI/DEPI project/anomx/venv/lib/python3.12/site-packages/airflow/example_dags/example_local_kubernetes_executor.py
[2026-06-22T09:40:31.083+0300] {logging_mixin.py:188} INFO - [2026-06-22T09:40:31.081+0300] {example_local_kubernetes_executor.py:40} WARNING - Could not import DAGs in example_local_kubernetes_executor.py
Traceback (most recent call last):
  File "/media/data/omar/programming course/DEPI/DEPI project/anomx/venv/lib/python3.12/site-packages/airflow/example_dags/example_local_kubernetes_executor.py", line 38, in <module>
    from kubernetes.client import models as k8s
ModuleNotFoundError: No module named 'kubernetes'
[2026-06-22T09:40:31.084+0300] {logging_mixin.py:188} INFO - [2026-06-22T09:40:31.083+0300] {example_local_kubernetes_executor.py:41} WARNING - Install Kubernetes dependencies with: pip install apache-airflow[cncf.kubernetes]
[2026-06-22T09:40:31.084+0300] {processor.py:842} WARNING - No viable dags retrieved from /media/data/omar/programming course/DEPI/DEPI project/anomx/venv/lib/python3.12/site-packages/airflow/example_dags/example_local_kubernetes_executor.py
[2026-06-22T09:40:31.097+0300] {processor.py:183} INFO - Processing /media/data/omar/programming course/DEPI/DEPI project/anomx/venv/lib/python3.12/site-packages/airflow/example_dags/example_local_kubernetes_executor.py took 0.040 seconds
[2026-06-22T09:41:26.338+0300] {processor.py:161} INFO - Started process (PID=51657) to work on /media/data/omar/programming course/DEPI/DEPI project/anomx/venv/lib/python3.12/site-packages/airflow/example_dags/example_local_kubernetes_executor.py
[2026-06-22T09:41:26.339+0300] {processor.py:830} INFO - Processing file /media/data/omar/programming course/DEPI/DEPI project/anomx/venv/lib/python3.12/site-packages/airflow/example_dags/example_local_kubernetes_executor.py for tasks to queue
[2026-06-22T09:41:26.340+0300] {logging_mixin.py:188} INFO - [2026-06-22T09:41:26.339+0300] {dagbag.py:540} INFO - Filling up the DagBag from /media/data/omar/programming course/DEPI/DEPI project/anomx/venv/lib/python3.12/site-packages/airflow/example_dags/example_local_kubernetes_executor.py
[2026-06-22T09:41:26.344+0300] {logging_mixin.py:188} INFO - [2026-06-22T09:41:26.343+0300] {example_local_kubernetes_executor.py:40} WARNING - Could not import DAGs in example_local_kubernetes_executor.py
Traceback (most recent call last):
  File "/media/data/omar/programming course/DEPI/DEPI project/anomx/venv/lib/python3.12/site-packages/airflow/example_dags/example_local_kubernetes_executor.py", line 38, in <module>
    from kubernetes.client import models as k8s
ModuleNotFoundError: No module named 'kubernetes'
[2026-06-22T09:41:26.344+0300] {logging_mixin.py:188} INFO - [2026-06-22T09:41:26.344+0300] {example_local_kubernetes_executor.py:41} WARNING - Install Kubernetes dependencies with: pip install apache-airflow[cncf.kubernetes]
[2026-06-22T09:41:26.345+0300] {processor.py:842} WARNING - No viable dags retrieved from /media/data/omar/programming course/DEPI/DEPI project/anomx/venv/lib/python3.12/site-packages/airflow/example_dags/example_local_kubernetes_executor.py
[2026-06-22T09:41:26.354+0300] {processor.py:183} INFO - Processing /media/data/omar/programming course/DEPI/DEPI project/anomx/venv/lib/python3.12/site-packages/airflow/example_dags/example_local_kubernetes_executor.py took 0.021 seconds
[2026-06-22T09:42:17.392+0300] {processor.py:161} INFO - Started process (PID=51838) to work on /media/data/omar/programming course/DEPI/DEPI project/anomx/venv/lib/python3.12/site-packages/airflow/example_dags/example_local_kubernetes_executor.py
[2026-06-22T09:42:17.394+0300] {processor.py:830} INFO - Processing file /media/data/omar/programming course/DEPI/DEPI project/anomx/venv/lib/python3.12/site-packages/airflow/example_dags/example_local_kubernetes_executor.py for tasks to queue
[2026-06-22T09:42:17.396+0300] {logging_mixin.py:188} INFO - [2026-06-22T09:42:17.395+0300] {dagbag.py:540} INFO - Filling up the DagBag from /media/data/omar/programming course/DEPI/DEPI project/anomx/venv/lib/python3.12/site-packages/airflow/example_dags/example_local_kubernetes_executor.py
[2026-06-22T09:42:17.403+0300] {logging_mixin.py:188} INFO - [2026-06-22T09:42:17.402+0300] {example_local_kubernetes_executor.py:40} WARNING - Could not import DAGs in example_local_kubernetes_executor.py
Traceback (most recent call last):
  File "/media/data/omar/programming course/DEPI/DEPI project/anomx/venv/lib/python3.12/site-packages/airflow/example_dags/example_local_kubernetes_executor.py", line 38, in <module>
    from kubernetes.client import models as k8s
ModuleNotFoundError: No module named 'kubernetes'
[2026-06-22T09:42:17.404+0300] {logging_mixin.py:188} INFO - [2026-06-22T09:42:17.404+0300] {example_local_kubernetes_executor.py:41} WARNING - Install Kubernetes dependencies with: pip install apache-airflow[cncf.kubernetes]
[2026-06-22T09:42:17.404+0300] {processor.py:842} WARNING - No viable dags retrieved from /media/data/omar/programming course/DEPI/DEPI project/anomx/venv/lib/python3.12/site-packages/airflow/example_dags/example_local_kubernetes_executor.py
[2026-06-22T09:42:17.416+0300] {processor.py:183} INFO - Processing /media/data/omar/programming course/DEPI/DEPI project/anomx/venv/lib/python3.12/site-packages/airflow/example_dags/example_local_kubernetes_executor.py took 0.041 seconds
[2026-06-22T09:43:08.363+0300] {processor.py:161} INFO - Started process (PID=51916) to work on /media/data/omar/programming course/DEPI/DEPI project/anomx/venv/lib/python3.12/site-packages/airflow/example_dags/example_local_kubernetes_executor.py
[2026-06-22T09:43:08.364+0300] {processor.py:830} INFO - Processing file /media/data/omar/programming course/DEPI/DEPI project/anomx/venv/lib/python3.12/site-packages/airflow/example_dags/example_local_kubernetes_executor.py for tasks to queue
[2026-06-22T09:43:08.366+0300] {logging_mixin.py:188} INFO - [2026-06-22T09:43:08.365+0300] {dagbag.py:540} INFO - Filling up the DagBag from /media/data/omar/programming course/DEPI/DEPI project/anomx/venv/lib/python3.12/site-packages/airflow/example_dags/example_local_kubernetes_executor.py
[2026-06-22T09:43:08.374+0300] {logging_mixin.py:188} INFO - [2026-06-22T09:43:08.373+0300] {example_local_kubernetes_executor.py:40} WARNING - Could not import DAGs in example_local_kubernetes_executor.py
Traceback (most recent call last):
  File "/media/data/omar/programming course/DEPI/DEPI project/anomx/venv/lib/python3.12/site-packages/airflow/example_dags/example_local_kubernetes_executor.py", line 38, in <module>
    from kubernetes.client import models as k8s
ModuleNotFoundError: No module named 'kubernetes'
[2026-06-22T09:43:08.376+0300] {logging_mixin.py:188} INFO - [2026-06-22T09:43:08.375+0300] {example_local_kubernetes_executor.py:41} WARNING - Install Kubernetes dependencies with: pip install apache-airflow[cncf.kubernetes]
[2026-06-22T09:43:08.376+0300] {processor.py:842} WARNING - No viable dags retrieved from /media/data/omar/programming course/DEPI/DEPI project/anomx/venv/lib/python3.12/site-packages/airflow/example_dags/example_local_kubernetes_executor.py
[2026-06-22T09:43:08.396+0300] {processor.py:183} INFO - Processing /media/data/omar/programming course/DEPI/DEPI project/anomx/venv/lib/python3.12/site-packages/airflow/example_dags/example_local_kubernetes_executor.py took 0.043 seconds
[2026-06-22T09:44:00.990+0300] {processor.py:161} INFO - Started process (PID=51990) to work on /media/data/omar/programming course/DEPI/DEPI project/anomx/venv/lib/python3.12/site-packages/airflow/example_dags/example_local_kubernetes_executor.py
[2026-06-22T09:44:00.993+0300] {processor.py:830} INFO - Processing file /media/data/omar/programming course/DEPI/DEPI project/anomx/venv/lib/python3.12/site-packages/airflow/example_dags/example_local_kubernetes_executor.py for tasks to queue
[2026-06-22T09:44:00.995+0300] {logging_mixin.py:188} INFO - [2026-06-22T09:44:00.994+0300] {dagbag.py:540} INFO - Filling up the DagBag from /media/data/omar/programming course/DEPI/DEPI project/anomx/venv/lib/python3.12/site-packages/airflow/example_dags/example_local_kubernetes_executor.py
[2026-06-22T09:44:01.003+0300] {logging_mixin.py:188} INFO - [2026-06-22T09:44:01.002+0300] {example_local_kubernetes_executor.py:40} WARNING - Could not import DAGs in example_local_kubernetes_executor.py
Traceback (most recent call last):
  File "/media/data/omar/programming course/DEPI/DEPI project/anomx/venv/lib/python3.12/site-packages/airflow/example_dags/example_local_kubernetes_executor.py", line 38, in <module>
    from kubernetes.client import models as k8s
ModuleNotFoundError: No module named 'kubernetes'
[2026-06-22T09:44:01.004+0300] {logging_mixin.py:188} INFO - [2026-06-22T09:44:01.004+0300] {example_local_kubernetes_executor.py:41} WARNING - Install Kubernetes dependencies with: pip install apache-airflow[cncf.kubernetes]
[2026-06-22T09:44:01.005+0300] {processor.py:842} WARNING - No viable dags retrieved from /media/data/omar/programming course/DEPI/DEPI project/anomx/venv/lib/python3.12/site-packages/airflow/example_dags/example_local_kubernetes_executor.py
[2026-06-22T09:44:01.017+0300] {processor.py:183} INFO - Processing /media/data/omar/programming course/DEPI/DEPI project/anomx/venv/lib/python3.12/site-packages/airflow/example_dags/example_local_kubernetes_executor.py took 0.045 seconds
[2026-06-22T09:45:13.250+0300] {processor.py:161} INFO - Started process (PID=52112) to work on /media/data/omar/programming course/DEPI/DEPI project/anomx/venv/lib/python3.12/site-packages/airflow/example_dags/example_local_kubernetes_executor.py
[2026-06-22T09:45:13.251+0300] {processor.py:830} INFO - Processing file /media/data/omar/programming course/DEPI/DEPI project/anomx/venv/lib/python3.12/site-packages/airflow/example_dags/example_local_kubernetes_executor.py for tasks to queue
[2026-06-22T09:45:13.252+0300] {logging_mixin.py:188} INFO - [2026-06-22T09:45:13.251+0300] {dagbag.py:540} INFO - Filling up the DagBag from /media/data/omar/programming course/DEPI/DEPI project/anomx/venv/lib/python3.12/site-packages/airflow/example_dags/example_local_kubernetes_executor.py
[2026-06-22T09:45:13.256+0300] {logging_mixin.py:188} INFO - [2026-06-22T09:45:13.255+0300] {example_local_kubernetes_executor.py:40} WARNING - Could not import DAGs in example_local_kubernetes_executor.py
Traceback (most recent call last):
  File "/media/data/omar/programming course/DEPI/DEPI project/anomx/venv/lib/python3.12/site-packages/airflow/example_dags/example_local_kubernetes_executor.py", line 38, in <module>
    from kubernetes.client import models as k8s
ModuleNotFoundError: No module named 'kubernetes'
[2026-06-22T09:45:13.257+0300] {logging_mixin.py:188} INFO - [2026-06-22T09:45:13.256+0300] {example_local_kubernetes_executor.py:41} WARNING - Install Kubernetes dependencies with: pip install apache-airflow[cncf.kubernetes]
[2026-06-22T09:45:13.257+0300] {processor.py:842} WARNING - No viable dags retrieved from /media/data/omar/programming course/DEPI/DEPI project/anomx/venv/lib/python3.12/site-packages/airflow/example_dags/example_local_kubernetes_executor.py
[2026-06-22T09:45:13.267+0300] {processor.py:183} INFO - Processing /media/data/omar/programming course/DEPI/DEPI project/anomx/venv/lib/python3.12/site-packages/airflow/example_dags/example_local_kubernetes_executor.py took 0.022 seconds
[2026-06-22T09:46:08.643+0300] {processor.py:161} INFO - Started process (PID=52193) to work on /media/data/omar/programming course/DEPI/DEPI project/anomx/venv/lib/python3.12/site-packages/airflow/example_dags/example_local_kubernetes_executor.py
[2026-06-22T09:46:08.644+0300] {processor.py:830} INFO - Processing file /media/data/omar/programming course/DEPI/DEPI project/anomx/venv/lib/python3.12/site-packages/airflow/example_dags/example_local_kubernetes_executor.py for tasks to queue
[2026-06-22T09:46:08.646+0300] {logging_mixin.py:188} INFO - [2026-06-22T09:46:08.645+0300] {dagbag.py:540} INFO - Filling up the DagBag from /media/data/omar/programming course/DEPI/DEPI project/anomx/venv/lib/python3.12/site-packages/airflow/example_dags/example_local_kubernetes_executor.py
[2026-06-22T09:46:08.653+0300] {logging_mixin.py:188} INFO - [2026-06-22T09:46:08.652+0300] {example_local_kubernetes_executor.py:40} WARNING - Could not import DAGs in example_local_kubernetes_executor.py
Traceback (most recent call last):
  File "/media/data/omar/programming course/DEPI/DEPI project/anomx/venv/lib/python3.12/site-packages/airflow/example_dags/example_local_kubernetes_executor.py", line 38, in <module>
    from kubernetes.client import models as k8s
ModuleNotFoundError: No module named 'kubernetes'
[2026-06-22T09:46:08.654+0300] {logging_mixin.py:188} INFO - [2026-06-22T09:46:08.654+0300] {example_local_kubernetes_executor.py:41} WARNING - Install Kubernetes dependencies with: pip install apache-airflow[cncf.kubernetes]
[2026-06-22T09:46:08.655+0300] {processor.py:842} WARNING - No viable dags retrieved from /media/data/omar/programming course/DEPI/DEPI project/anomx/venv/lib/python3.12/site-packages/airflow/example_dags/example_local_kubernetes_executor.py
[2026-06-22T09:46:08.665+0300] {processor.py:183} INFO - Processing /media/data/omar/programming course/DEPI/DEPI project/anomx/venv/lib/python3.12/site-packages/airflow/example_dags/example_local_kubernetes_executor.py took 0.036 seconds
[2026-06-22T09:47:00.562+0300] {processor.py:161} INFO - Started process (PID=52279) to work on /media/data/omar/programming course/DEPI/DEPI project/anomx/venv/lib/python3.12/site-packages/airflow/example_dags/example_local_kubernetes_executor.py
[2026-06-22T09:47:00.565+0300] {processor.py:830} INFO - Processing file /media/data/omar/programming course/DEPI/DEPI project/anomx/venv/lib/python3.12/site-packages/airflow/example_dags/example_local_kubernetes_executor.py for tasks to queue
[2026-06-22T09:47:00.568+0300] {logging_mixin.py:188} INFO - [2026-06-22T09:47:00.566+0300] {dagbag.py:540} INFO - Filling up the DagBag from /media/data/omar/programming course/DEPI/DEPI project/anomx/venv/lib/python3.12/site-packages/airflow/example_dags/example_local_kubernetes_executor.py
[2026-06-22T09:47:00.586+0300] {logging_mixin.py:188} INFO - [2026-06-22T09:47:00.582+0300] {example_local_kubernetes_executor.py:40} WARNING - Could not import DAGs in example_local_kubernetes_executor.py
Traceback (most recent call last):
  File "/media/data/omar/programming course/DEPI/DEPI project/anomx/venv/lib/python3.12/site-packages/airflow/example_dags/example_local_kubernetes_executor.py", line 38, in <module>
    from kubernetes.client import models as k8s
ModuleNotFoundError: No module named 'kubernetes'
[2026-06-22T09:47:00.588+0300] {logging_mixin.py:188} INFO - [2026-06-22T09:47:00.587+0300] {example_local_kubernetes_executor.py:41} WARNING - Install Kubernetes dependencies with: pip install apache-airflow[cncf.kubernetes]
[2026-06-22T09:47:00.590+0300] {processor.py:842} WARNING - No viable dags retrieved from /media/data/omar/programming course/DEPI/DEPI project/anomx/venv/lib/python3.12/site-packages/airflow/example_dags/example_local_kubernetes_executor.py
[2026-06-22T09:47:00.620+0300] {processor.py:183} INFO - Processing /media/data/omar/programming course/DEPI/DEPI project/anomx/venv/lib/python3.12/site-packages/airflow/example_dags/example_local_kubernetes_executor.py took 0.078 seconds
[2026-06-22T09:47:53.634+0300] {processor.py:161} INFO - Started process (PID=52356) to work on /media/data/omar/programming course/DEPI/DEPI project/anomx/venv/lib/python3.12/site-packages/airflow/example_dags/example_local_kubernetes_executor.py
[2026-06-22T09:47:53.635+0300] {processor.py:830} INFO - Processing file /media/data/omar/programming course/DEPI/DEPI project/anomx/venv/lib/python3.12/site-packages/airflow/example_dags/example_local_kubernetes_executor.py for tasks to queue
[2026-06-22T09:47:53.636+0300] {logging_mixin.py:188} INFO - [2026-06-22T09:47:53.635+0300] {dagbag.py:540} INFO - Filling up the DagBag from /media/data/omar/programming course/DEPI/DEPI project/anomx/venv/lib/python3.12/site-packages/airflow/example_dags/example_local_kubernetes_executor.py
[2026-06-22T09:47:53.641+0300] {logging_mixin.py:188} INFO - [2026-06-22T09:47:53.640+0300] {example_local_kubernetes_executor.py:40} WARNING - Could not import DAGs in example_local_kubernetes_executor.py
Traceback (most recent call last):
  File "/media/data/omar/programming course/DEPI/DEPI project/anomx/venv/lib/python3.12/site-packages/airflow/example_dags/example_local_kubernetes_executor.py", line 38, in <module>
    from kubernetes.client import models as k8s
ModuleNotFoundError: No module named 'kubernetes'
[2026-06-22T09:47:53.642+0300] {logging_mixin.py:188} INFO - [2026-06-22T09:47:53.641+0300] {example_local_kubernetes_executor.py:41} WARNING - Install Kubernetes dependencies with: pip install apache-airflow[cncf.kubernetes]
[2026-06-22T09:47:53.642+0300] {processor.py:842} WARNING - No viable dags retrieved from /media/data/omar/programming course/DEPI/DEPI project/anomx/venv/lib/python3.12/site-packages/airflow/example_dags/example_local_kubernetes_executor.py
[2026-06-22T09:47:53.652+0300] {processor.py:183} INFO - Processing /media/data/omar/programming course/DEPI/DEPI project/anomx/venv/lib/python3.12/site-packages/airflow/example_dags/example_local_kubernetes_executor.py took 0.026 seconds
[2026-06-22T09:48:49.334+0300] {processor.py:161} INFO - Started process (PID=52448) to work on /media/data/omar/programming course/DEPI/DEPI project/anomx/venv/lib/python3.12/site-packages/airflow/example_dags/example_local_kubernetes_executor.py
[2026-06-22T09:48:49.336+0300] {processor.py:830} INFO - Processing file /media/data/omar/programming course/DEPI/DEPI project/anomx/venv/lib/python3.12/site-packages/airflow/example_dags/example_local_kubernetes_executor.py for tasks to queue
[2026-06-22T09:48:49.339+0300] {logging_mixin.py:188} INFO - [2026-06-22T09:48:49.338+0300] {dagbag.py:540} INFO - Filling up the DagBag from /media/data/omar/programming course/DEPI/DEPI project/anomx/venv/lib/python3.12/site-packages/airflow/example_dags/example_local_kubernetes_executor.py
[2026-06-22T09:48:49.347+0300] {logging_mixin.py:188} INFO - [2026-06-22T09:48:49.345+0300] {example_local_kubernetes_executor.py:40} WARNING - Could not import DAGs in example_local_kubernetes_executor.py
Traceback (most recent call last):
  File "/media/data/omar/programming course/DEPI/DEPI project/anomx/venv/lib/python3.12/site-packages/airflow/example_dags/example_local_kubernetes_executor.py", line 38, in <module>
    from kubernetes.client import models as k8s
ModuleNotFoundError: No module named 'kubernetes'
[2026-06-22T09:48:49.348+0300] {logging_mixin.py:188} INFO - [2026-06-22T09:48:49.347+0300] {example_local_kubernetes_executor.py:41} WARNING - Install Kubernetes dependencies with: pip install apache-airflow[cncf.kubernetes]
[2026-06-22T09:48:49.348+0300] {processor.py:842} WARNING - No viable dags retrieved from /media/data/omar/programming course/DEPI/DEPI project/anomx/venv/lib/python3.12/site-packages/airflow/example_dags/example_local_kubernetes_executor.py
[2026-06-22T09:48:49.360+0300] {processor.py:183} INFO - Processing /media/data/omar/programming course/DEPI/DEPI project/anomx/venv/lib/python3.12/site-packages/airflow/example_dags/example_local_kubernetes_executor.py took 0.044 seconds
[2026-06-22T09:49:41.539+0300] {processor.py:161} INFO - Started process (PID=52525) to work on /media/data/omar/programming course/DEPI/DEPI project/anomx/venv/lib/python3.12/site-packages/airflow/example_dags/example_local_kubernetes_executor.py
[2026-06-22T09:49:41.540+0300] {processor.py:830} INFO - Processing file /media/data/omar/programming course/DEPI/DEPI project/anomx/venv/lib/python3.12/site-packages/airflow/example_dags/example_local_kubernetes_executor.py for tasks to queue
[2026-06-22T09:49:41.541+0300] {logging_mixin.py:188} INFO - [2026-06-22T09:49:41.541+0300] {dagbag.py:540} INFO - Filling up the DagBag from /media/data/omar/programming course/DEPI/DEPI project/anomx/venv/lib/python3.12/site-packages/airflow/example_dags/example_local_kubernetes_executor.py
[2026-06-22T09:49:41.546+0300] {logging_mixin.py:188} INFO - [2026-06-22T09:49:41.545+0300] {example_local_kubernetes_executor.py:40} WARNING - Could not import DAGs in example_local_kubernetes_executor.py
Traceback (most recent call last):
  File "/media/data/omar/programming course/DEPI/DEPI project/anomx/venv/lib/python3.12/site-packages/airflow/example_dags/example_local_kubernetes_executor.py", line 38, in <module>
    from kubernetes.client import models as k8s
ModuleNotFoundError: No module named 'kubernetes'
[2026-06-22T09:49:41.546+0300] {logging_mixin.py:188} INFO - [2026-06-22T09:49:41.546+0300] {example_local_kubernetes_executor.py:41} WARNING - Install Kubernetes dependencies with: pip install apache-airflow[cncf.kubernetes]
[2026-06-22T09:49:41.547+0300] {processor.py:842} WARNING - No viable dags retrieved from /media/data/omar/programming course/DEPI/DEPI project/anomx/venv/lib/python3.12/site-packages/airflow/example_dags/example_local_kubernetes_executor.py
[2026-06-22T09:49:41.556+0300] {processor.py:183} INFO - Processing /media/data/omar/programming course/DEPI/DEPI project/anomx/venv/lib/python3.12/site-packages/airflow/example_dags/example_local_kubernetes_executor.py took 0.023 seconds
[2026-06-22T09:50:34.972+0300] {processor.py:161} INFO - Started process (PID=52617) to work on /media/data/omar/programming course/DEPI/DEPI project/anomx/venv/lib/python3.12/site-packages/airflow/example_dags/example_local_kubernetes_executor.py
[2026-06-22T09:50:34.973+0300] {processor.py:830} INFO - Processing file /media/data/omar/programming course/DEPI/DEPI project/anomx/venv/lib/python3.12/site-packages/airflow/example_dags/example_local_kubernetes_executor.py for tasks to queue
[2026-06-22T09:50:34.975+0300] {logging_mixin.py:188} INFO - [2026-06-22T09:50:34.974+0300] {dagbag.py:540} INFO - Filling up the DagBag from /media/data/omar/programming course/DEPI/DEPI project/anomx/venv/lib/python3.12/site-packages/airflow/example_dags/example_local_kubernetes_executor.py
[2026-06-22T09:50:34.982+0300] {logging_mixin.py:188} INFO - [2026-06-22T09:50:34.981+0300] {example_local_kubernetes_executor.py:40} WARNING - Could not import DAGs in example_local_kubernetes_executor.py
Traceback (most recent call last):
  File "/media/data/omar/programming course/DEPI/DEPI project/anomx/venv/lib/python3.12/site-packages/airflow/example_dags/example_local_kubernetes_executor.py", line 38, in <module>
    from kubernetes.client import models as k8s
ModuleNotFoundError: No module named 'kubernetes'
[2026-06-22T09:50:34.983+0300] {logging_mixin.py:188} INFO - [2026-06-22T09:50:34.983+0300] {example_local_kubernetes_executor.py:41} WARNING - Install Kubernetes dependencies with: pip install apache-airflow[cncf.kubernetes]
[2026-06-22T09:50:34.984+0300] {processor.py:842} WARNING - No viable dags retrieved from /media/data/omar/programming course/DEPI/DEPI project/anomx/venv/lib/python3.12/site-packages/airflow/example_dags/example_local_kubernetes_executor.py
[2026-06-22T09:50:34.998+0300] {processor.py:183} INFO - Processing /media/data/omar/programming course/DEPI/DEPI project/anomx/venv/lib/python3.12/site-packages/airflow/example_dags/example_local_kubernetes_executor.py took 0.035 seconds
[2026-06-22T09:51:30.058+0300] {processor.py:161} INFO - Started process (PID=52698) to work on /media/data/omar/programming course/DEPI/DEPI project/anomx/venv/lib/python3.12/site-packages/airflow/example_dags/example_local_kubernetes_executor.py
[2026-06-22T09:51:30.058+0300] {processor.py:830} INFO - Processing file /media/data/omar/programming course/DEPI/DEPI project/anomx/venv/lib/python3.12/site-packages/airflow/example_dags/example_local_kubernetes_executor.py for tasks to queue
[2026-06-22T09:51:30.059+0300] {logging_mixin.py:188} INFO - [2026-06-22T09:51:30.059+0300] {dagbag.py:540} INFO - Filling up the DagBag from /media/data/omar/programming course/DEPI/DEPI project/anomx/venv/lib/python3.12/site-packages/airflow/example_dags/example_local_kubernetes_executor.py
[2026-06-22T09:51:30.064+0300] {logging_mixin.py:188} INFO - [2026-06-22T09:51:30.063+0300] {example_local_kubernetes_executor.py:40} WARNING - Could not import DAGs in example_local_kubernetes_executor.py
Traceback (most recent call last):
  File "/media/data/omar/programming course/DEPI/DEPI project/anomx/venv/lib/python3.12/site-packages/airflow/example_dags/example_local_kubernetes_executor.py", line 38, in <module>
    from kubernetes.client import models as k8s
ModuleNotFoundError: No module named 'kubernetes'
[2026-06-22T09:51:30.064+0300] {logging_mixin.py:188} INFO - [2026-06-22T09:51:30.064+0300] {example_local_kubernetes_executor.py:41} WARNING - Install Kubernetes dependencies with: pip install apache-airflow[cncf.kubernetes]
[2026-06-22T09:51:30.064+0300] {processor.py:842} WARNING - No viable dags retrieved from /media/data/omar/programming course/DEPI/DEPI project/anomx/venv/lib/python3.12/site-packages/airflow/example_dags/example_local_kubernetes_executor.py
[2026-06-22T09:51:30.074+0300] {processor.py:183} INFO - Processing /media/data/omar/programming course/DEPI/DEPI project/anomx/venv/lib/python3.12/site-packages/airflow/example_dags/example_local_kubernetes_executor.py took 0.021 seconds
[2026-06-22T09:52:22.640+0300] {processor.py:161} INFO - Started process (PID=52777) to work on /media/data/omar/programming course/DEPI/DEPI project/anomx/venv/lib/python3.12/site-packages/airflow/example_dags/example_local_kubernetes_executor.py
[2026-06-22T09:52:22.641+0300] {processor.py:830} INFO - Processing file /media/data/omar/programming course/DEPI/DEPI project/anomx/venv/lib/python3.12/site-packages/airflow/example_dags/example_local_kubernetes_executor.py for tasks to queue
[2026-06-22T09:52:22.642+0300] {logging_mixin.py:188} INFO - [2026-06-22T09:52:22.642+0300] {dagbag.py:540} INFO - Filling up the DagBag from /media/data/omar/programming course/DEPI/DEPI project/anomx/venv/lib/python3.12/site-packages/airflow/example_dags/example_local_kubernetes_executor.py
[2026-06-22T09:52:22.647+0300] {logging_mixin.py:188} INFO - [2026-06-22T09:52:22.646+0300] {example_local_kubernetes_executor.py:40} WARNING - Could not import DAGs in example_local_kubernetes_executor.py
Traceback (most recent call last):
  File "/media/data/omar/programming course/DEPI/DEPI project/anomx/venv/lib/python3.12/site-packages/airflow/example_dags/example_local_kubernetes_executor.py", line 38, in <module>
    from kubernetes.client import models as k8s
ModuleNotFoundError: No module named 'kubernetes'
[2026-06-22T09:52:22.648+0300] {logging_mixin.py:188} INFO - [2026-06-22T09:52:22.648+0300] {example_local_kubernetes_executor.py:41} WARNING - Install Kubernetes dependencies with: pip install apache-airflow[cncf.kubernetes]
[2026-06-22T09:52:22.648+0300] {processor.py:842} WARNING - No viable dags retrieved from /media/data/omar/programming course/DEPI/DEPI project/anomx/venv/lib/python3.12/site-packages/airflow/example_dags/example_local_kubernetes_executor.py
[2026-06-22T09:52:22.659+0300] {processor.py:183} INFO - Processing /media/data/omar/programming course/DEPI/DEPI project/anomx/venv/lib/python3.12/site-packages/airflow/example_dags/example_local_kubernetes_executor.py took 0.024 seconds
[2026-06-22T09:53:12.616+0300] {processor.py:161} INFO - Started process (PID=52854) to work on /media/data/omar/programming course/DEPI/DEPI project/anomx/venv/lib/python3.12/site-packages/airflow/example_dags/example_local_kubernetes_executor.py
[2026-06-22T09:53:12.617+0300] {processor.py:830} INFO - Processing file /media/data/omar/programming course/DEPI/DEPI project/anomx/venv/lib/python3.12/site-packages/airflow/example_dags/example_local_kubernetes_executor.py for tasks to queue
[2026-06-22T09:53:12.618+0300] {logging_mixin.py:188} INFO - [2026-06-22T09:53:12.618+0300] {dagbag.py:540} INFO - Filling up the DagBag from /media/data/omar/programming course/DEPI/DEPI project/anomx/venv/lib/python3.12/site-packages/airflow/example_dags/example_local_kubernetes_executor.py
[2026-06-22T09:53:12.622+0300] {logging_mixin.py:188} INFO - [2026-06-22T09:53:12.621+0300] {example_local_kubernetes_executor.py:40} WARNING - Could not import DAGs in example_local_kubernetes_executor.py
Traceback (most recent call last):
  File "/media/data/omar/programming course/DEPI/DEPI project/anomx/venv/lib/python3.12/site-packages/airflow/example_dags/example_local_kubernetes_executor.py", line 38, in <module>
    from kubernetes.client import models as k8s
ModuleNotFoundError: No module named 'kubernetes'
[2026-06-22T09:53:12.623+0300] {logging_mixin.py:188} INFO - [2026-06-22T09:53:12.622+0300] {example_local_kubernetes_executor.py:41} WARNING - Install Kubernetes dependencies with: pip install apache-airflow[cncf.kubernetes]
[2026-06-22T09:53:12.623+0300] {processor.py:842} WARNING - No viable dags retrieved from /media/data/omar/programming course/DEPI/DEPI project/anomx/venv/lib/python3.12/site-packages/airflow/example_dags/example_local_kubernetes_executor.py
[2026-06-22T09:53:12.632+0300] {processor.py:183} INFO - Processing /media/data/omar/programming course/DEPI/DEPI project/anomx/venv/lib/python3.12/site-packages/airflow/example_dags/example_local_kubernetes_executor.py took 0.023 seconds
[2026-06-22T09:54:01.622+0300] {processor.py:161} INFO - Started process (PID=52927) to work on /media/data/omar/programming course/DEPI/DEPI project/anomx/venv/lib/python3.12/site-packages/airflow/example_dags/example_local_kubernetes_executor.py
[2026-06-22T09:54:01.623+0300] {processor.py:830} INFO - Processing file /media/data/omar/programming course/DEPI/DEPI project/anomx/venv/lib/python3.12/site-packages/airflow/example_dags/example_local_kubernetes_executor.py for tasks to queue
[2026-06-22T09:54:01.624+0300] {logging_mixin.py:188} INFO - [2026-06-22T09:54:01.623+0300] {dagbag.py:540} INFO - Filling up the DagBag from /media/data/omar/programming course/DEPI/DEPI project/anomx/venv/lib/python3.12/site-packages/airflow/example_dags/example_local_kubernetes_executor.py
[2026-06-22T09:54:01.628+0300] {logging_mixin.py:188} INFO - [2026-06-22T09:54:01.627+0300] {example_local_kubernetes_executor.py:40} WARNING - Could not import DAGs in example_local_kubernetes_executor.py
Traceback (most recent call last):
  File "/media/data/omar/programming course/DEPI/DEPI project/anomx/venv/lib/python3.12/site-packages/airflow/example_dags/example_local_kubernetes_executor.py", line 38, in <module>
    from kubernetes.client import models as k8s
ModuleNotFoundError: No module named 'kubernetes'
[2026-06-22T09:54:01.628+0300] {logging_mixin.py:188} INFO - [2026-06-22T09:54:01.628+0300] {example_local_kubernetes_executor.py:41} WARNING - Install Kubernetes dependencies with: pip install apache-airflow[cncf.kubernetes]
[2026-06-22T09:54:01.629+0300] {processor.py:842} WARNING - No viable dags retrieved from /media/data/omar/programming course/DEPI/DEPI project/anomx/venv/lib/python3.12/site-packages/airflow/example_dags/example_local_kubernetes_executor.py
[2026-06-22T09:54:01.638+0300] {processor.py:183} INFO - Processing /media/data/omar/programming course/DEPI/DEPI project/anomx/venv/lib/python3.12/site-packages/airflow/example_dags/example_local_kubernetes_executor.py took 0.021 seconds
[2026-06-22T09:54:57.384+0300] {processor.py:161} INFO - Started process (PID=53006) to work on /media/data/omar/programming course/DEPI/DEPI project/anomx/venv/lib/python3.12/site-packages/airflow/example_dags/example_local_kubernetes_executor.py
[2026-06-22T09:54:57.385+0300] {processor.py:830} INFO - Processing file /media/data/omar/programming course/DEPI/DEPI project/anomx/venv/lib/python3.12/site-packages/airflow/example_dags/example_local_kubernetes_executor.py for tasks to queue
[2026-06-22T09:54:57.386+0300] {logging_mixin.py:188} INFO - [2026-06-22T09:54:57.385+0300] {dagbag.py:540} INFO - Filling up the DagBag from /media/data/omar/programming course/DEPI/DEPI project/anomx/venv/lib/python3.12/site-packages/airflow/example_dags/example_local_kubernetes_executor.py
[2026-06-22T09:54:57.390+0300] {logging_mixin.py:188} INFO - [2026-06-22T09:54:57.389+0300] {example_local_kubernetes_executor.py:40} WARNING - Could not import DAGs in example_local_kubernetes_executor.py
Traceback (most recent call last):
  File "/media/data/omar/programming course/DEPI/DEPI project/anomx/venv/lib/python3.12/site-packages/airflow/example_dags/example_local_kubernetes_executor.py", line 38, in <module>
    from kubernetes.client import models as k8s
ModuleNotFoundError: No module named 'kubernetes'
[2026-06-22T09:54:57.390+0300] {logging_mixin.py:188} INFO - [2026-06-22T09:54:57.390+0300] {example_local_kubernetes_executor.py:41} WARNING - Install Kubernetes dependencies with: pip install apache-airflow[cncf.kubernetes]
[2026-06-22T09:54:57.391+0300] {processor.py:842} WARNING - No viable dags retrieved from /media/data/omar/programming course/DEPI/DEPI project/anomx/venv/lib/python3.12/site-packages/airflow/example_dags/example_local_kubernetes_executor.py
[2026-06-22T09:54:57.400+0300] {processor.py:183} INFO - Processing /media/data/omar/programming course/DEPI/DEPI project/anomx/venv/lib/python3.12/site-packages/airflow/example_dags/example_local_kubernetes_executor.py took 0.020 seconds
[2026-06-22T09:55:48.278+0300] {processor.py:161} INFO - Started process (PID=53102) to work on /media/data/omar/programming course/DEPI/DEPI project/anomx/venv/lib/python3.12/site-packages/airflow/example_dags/example_local_kubernetes_executor.py
[2026-06-22T09:55:48.280+0300] {processor.py:830} INFO - Processing file /media/data/omar/programming course/DEPI/DEPI project/anomx/venv/lib/python3.12/site-packages/airflow/example_dags/example_local_kubernetes_executor.py for tasks to queue
[2026-06-22T09:55:48.282+0300] {logging_mixin.py:188} INFO - [2026-06-22T09:55:48.281+0300] {dagbag.py:540} INFO - Filling up the DagBag from /media/data/omar/programming course/DEPI/DEPI project/anomx/venv/lib/python3.12/site-packages/airflow/example_dags/example_local_kubernetes_executor.py
[2026-06-22T09:55:48.290+0300] {logging_mixin.py:188} INFO - [2026-06-22T09:55:48.288+0300] {example_local_kubernetes_executor.py:40} WARNING - Could not import DAGs in example_local_kubernetes_executor.py
Traceback (most recent call last):
  File "/media/data/omar/programming course/DEPI/DEPI project/anomx/venv/lib/python3.12/site-packages/airflow/example_dags/example_local_kubernetes_executor.py", line 38, in <module>
    from kubernetes.client import models as k8s
ModuleNotFoundError: No module named 'kubernetes'
[2026-06-22T09:55:48.291+0300] {logging_mixin.py:188} INFO - [2026-06-22T09:55:48.291+0300] {example_local_kubernetes_executor.py:41} WARNING - Install Kubernetes dependencies with: pip install apache-airflow[cncf.kubernetes]
[2026-06-22T09:55:48.292+0300] {processor.py:842} WARNING - No viable dags retrieved from /media/data/omar/programming course/DEPI/DEPI project/anomx/venv/lib/python3.12/site-packages/airflow/example_dags/example_local_kubernetes_executor.py
[2026-06-22T09:55:48.311+0300] {processor.py:183} INFO - Processing /media/data/omar/programming course/DEPI/DEPI project/anomx/venv/lib/python3.12/site-packages/airflow/example_dags/example_local_kubernetes_executor.py took 0.042 seconds
[2026-06-22T09:56:39.348+0300] {processor.py:161} INFO - Started process (PID=53180) to work on /media/data/omar/programming course/DEPI/DEPI project/anomx/venv/lib/python3.12/site-packages/airflow/example_dags/example_local_kubernetes_executor.py
[2026-06-22T09:56:39.350+0300] {processor.py:830} INFO - Processing file /media/data/omar/programming course/DEPI/DEPI project/anomx/venv/lib/python3.12/site-packages/airflow/example_dags/example_local_kubernetes_executor.py for tasks to queue
[2026-06-22T09:56:39.353+0300] {logging_mixin.py:188} INFO - [2026-06-22T09:56:39.352+0300] {dagbag.py:540} INFO - Filling up the DagBag from /media/data/omar/programming course/DEPI/DEPI project/anomx/venv/lib/python3.12/site-packages/airflow/example_dags/example_local_kubernetes_executor.py
[2026-06-22T09:56:39.364+0300] {logging_mixin.py:188} INFO - [2026-06-22T09:56:39.361+0300] {example_local_kubernetes_executor.py:40} WARNING - Could not import DAGs in example_local_kubernetes_executor.py
Traceback (most recent call last):
  File "/media/data/omar/programming course/DEPI/DEPI project/anomx/venv/lib/python3.12/site-packages/airflow/example_dags/example_local_kubernetes_executor.py", line 38, in <module>
    from kubernetes.client import models as k8s
ModuleNotFoundError: No module named 'kubernetes'
[2026-06-22T09:56:39.365+0300] {logging_mixin.py:188} INFO - [2026-06-22T09:56:39.364+0300] {example_local_kubernetes_executor.py:41} WARNING - Install Kubernetes dependencies with: pip install apache-airflow[cncf.kubernetes]
[2026-06-22T09:56:39.366+0300] {processor.py:842} WARNING - No viable dags retrieved from /media/data/omar/programming course/DEPI/DEPI project/anomx/venv/lib/python3.12/site-packages/airflow/example_dags/example_local_kubernetes_executor.py
[2026-06-22T09:56:39.380+0300] {processor.py:183} INFO - Processing /media/data/omar/programming course/DEPI/DEPI project/anomx/venv/lib/python3.12/site-packages/airflow/example_dags/example_local_kubernetes_executor.py took 0.045 seconds
[2026-06-22T09:57:31.152+0300] {processor.py:161} INFO - Started process (PID=53268) to work on /media/data/omar/programming course/DEPI/DEPI project/anomx/venv/lib/python3.12/site-packages/airflow/example_dags/example_local_kubernetes_executor.py
[2026-06-22T09:57:31.153+0300] {processor.py:830} INFO - Processing file /media/data/omar/programming course/DEPI/DEPI project/anomx/venv/lib/python3.12/site-packages/airflow/example_dags/example_local_kubernetes_executor.py for tasks to queue
[2026-06-22T09:57:31.155+0300] {logging_mixin.py:188} INFO - [2026-06-22T09:57:31.154+0300] {dagbag.py:540} INFO - Filling up the DagBag from /media/data/omar/programming course/DEPI/DEPI project/anomx/venv/lib/python3.12/site-packages/airflow/example_dags/example_local_kubernetes_executor.py
[2026-06-22T09:57:31.164+0300] {logging_mixin.py:188} INFO - [2026-06-22T09:57:31.162+0300] {example_local_kubernetes_executor.py:40} WARNING - Could not import DAGs in example_local_kubernetes_executor.py
Traceback (most recent call last):
  File "/media/data/omar/programming course/DEPI/DEPI project/anomx/venv/lib/python3.12/site-packages/airflow/example_dags/example_local_kubernetes_executor.py", line 38, in <module>
    from kubernetes.client import models as k8s
ModuleNotFoundError: No module named 'kubernetes'
[2026-06-22T09:57:31.165+0300] {logging_mixin.py:188} INFO - [2026-06-22T09:57:31.164+0300] {example_local_kubernetes_executor.py:41} WARNING - Install Kubernetes dependencies with: pip install apache-airflow[cncf.kubernetes]
[2026-06-22T09:57:31.165+0300] {processor.py:842} WARNING - No viable dags retrieved from /media/data/omar/programming course/DEPI/DEPI project/anomx/venv/lib/python3.12/site-packages/airflow/example_dags/example_local_kubernetes_executor.py
[2026-06-22T09:57:31.179+0300] {processor.py:183} INFO - Processing /media/data/omar/programming course/DEPI/DEPI project/anomx/venv/lib/python3.12/site-packages/airflow/example_dags/example_local_kubernetes_executor.py took 0.037 seconds
[2026-06-22T09:58:21.296+0300] {processor.py:161} INFO - Started process (PID=53360) to work on /media/data/omar/programming course/DEPI/DEPI project/anomx/venv/lib/python3.12/site-packages/airflow/example_dags/example_local_kubernetes_executor.py
[2026-06-22T09:58:21.298+0300] {processor.py:830} INFO - Processing file /media/data/omar/programming course/DEPI/DEPI project/anomx/venv/lib/python3.12/site-packages/airflow/example_dags/example_local_kubernetes_executor.py for tasks to queue
[2026-06-22T09:58:21.300+0300] {logging_mixin.py:188} INFO - [2026-06-22T09:58:21.299+0300] {dagbag.py:540} INFO - Filling up the DagBag from /media/data/omar/programming course/DEPI/DEPI project/anomx/venv/lib/python3.12/site-packages/airflow/example_dags/example_local_kubernetes_executor.py
[2026-06-22T09:58:21.307+0300] {logging_mixin.py:188} INFO - [2026-06-22T09:58:21.305+0300] {example_local_kubernetes_executor.py:40} WARNING - Could not import DAGs in example_local_kubernetes_executor.py
Traceback (most recent call last):
  File "/media/data/omar/programming course/DEPI/DEPI project/anomx/venv/lib/python3.12/site-packages/airflow/example_dags/example_local_kubernetes_executor.py", line 38, in <module>
    from kubernetes.client import models as k8s
ModuleNotFoundError: No module named 'kubernetes'
[2026-06-22T09:58:21.308+0300] {logging_mixin.py:188} INFO - [2026-06-22T09:58:21.307+0300] {example_local_kubernetes_executor.py:41} WARNING - Install Kubernetes dependencies with: pip install apache-airflow[cncf.kubernetes]
[2026-06-22T09:58:21.308+0300] {processor.py:842} WARNING - No viable dags retrieved from /media/data/omar/programming course/DEPI/DEPI project/anomx/venv/lib/python3.12/site-packages/airflow/example_dags/example_local_kubernetes_executor.py
[2026-06-22T09:58:21.319+0300] {processor.py:183} INFO - Processing /media/data/omar/programming course/DEPI/DEPI project/anomx/venv/lib/python3.12/site-packages/airflow/example_dags/example_local_kubernetes_executor.py took 0.041 seconds
[2026-06-22T09:59:09.221+0300] {processor.py:161} INFO - Started process (PID=53434) to work on /media/data/omar/programming course/DEPI/DEPI project/anomx/venv/lib/python3.12/site-packages/airflow/example_dags/example_local_kubernetes_executor.py
[2026-06-22T09:59:09.222+0300] {processor.py:830} INFO - Processing file /media/data/omar/programming course/DEPI/DEPI project/anomx/venv/lib/python3.12/site-packages/airflow/example_dags/example_local_kubernetes_executor.py for tasks to queue
[2026-06-22T09:59:09.223+0300] {logging_mixin.py:188} INFO - [2026-06-22T09:59:09.223+0300] {dagbag.py:540} INFO - Filling up the DagBag from /media/data/omar/programming course/DEPI/DEPI project/anomx/venv/lib/python3.12/site-packages/airflow/example_dags/example_local_kubernetes_executor.py
[2026-06-22T09:59:09.230+0300] {logging_mixin.py:188} INFO - [2026-06-22T09:59:09.229+0300] {example_local_kubernetes_executor.py:40} WARNING - Could not import DAGs in example_local_kubernetes_executor.py
Traceback (most recent call last):
  File "/media/data/omar/programming course/DEPI/DEPI project/anomx/venv/lib/python3.12/site-packages/airflow/example_dags/example_local_kubernetes_executor.py", line 38, in <module>
    from kubernetes.client import models as k8s
ModuleNotFoundError: No module named 'kubernetes'
[2026-06-22T09:59:09.231+0300] {logging_mixin.py:188} INFO - [2026-06-22T09:59:09.231+0300] {example_local_kubernetes_executor.py:41} WARNING - Install Kubernetes dependencies with: pip install apache-airflow[cncf.kubernetes]
[2026-06-22T09:59:09.232+0300] {processor.py:842} WARNING - No viable dags retrieved from /media/data/omar/programming course/DEPI/DEPI project/anomx/venv/lib/python3.12/site-packages/airflow/example_dags/example_local_kubernetes_executor.py
[2026-06-22T09:59:09.246+0300] {processor.py:183} INFO - Processing /media/data/omar/programming course/DEPI/DEPI project/anomx/venv/lib/python3.12/site-packages/airflow/example_dags/example_local_kubernetes_executor.py took 0.033 seconds
[2026-06-22T10:00:01.477+0300] {processor.py:161} INFO - Started process (PID=53524) to work on /media/data/omar/programming course/DEPI/DEPI project/anomx/venv/lib/python3.12/site-packages/airflow/example_dags/example_local_kubernetes_executor.py
[2026-06-22T10:00:01.478+0300] {processor.py:830} INFO - Processing file /media/data/omar/programming course/DEPI/DEPI project/anomx/venv/lib/python3.12/site-packages/airflow/example_dags/example_local_kubernetes_executor.py for tasks to queue
[2026-06-22T10:00:01.479+0300] {logging_mixin.py:188} INFO - [2026-06-22T10:00:01.479+0300] {dagbag.py:540} INFO - Filling up the DagBag from /media/data/omar/programming course/DEPI/DEPI project/anomx/venv/lib/python3.12/site-packages/airflow/example_dags/example_local_kubernetes_executor.py
[2026-06-22T10:00:01.483+0300] {logging_mixin.py:188} INFO - [2026-06-22T10:00:01.482+0300] {example_local_kubernetes_executor.py:40} WARNING - Could not import DAGs in example_local_kubernetes_executor.py
Traceback (most recent call last):
  File "/media/data/omar/programming course/DEPI/DEPI project/anomx/venv/lib/python3.12/site-packages/airflow/example_dags/example_local_kubernetes_executor.py", line 38, in <module>
    from kubernetes.client import models as k8s
ModuleNotFoundError: No module named 'kubernetes'
[2026-06-22T10:00:01.484+0300] {logging_mixin.py:188} INFO - [2026-06-22T10:00:01.483+0300] {example_local_kubernetes_executor.py:41} WARNING - Install Kubernetes dependencies with: pip install apache-airflow[cncf.kubernetes]
[2026-06-22T10:00:01.484+0300] {processor.py:842} WARNING - No viable dags retrieved from /media/data/omar/programming course/DEPI/DEPI project/anomx/venv/lib/python3.12/site-packages/airflow/example_dags/example_local_kubernetes_executor.py
[2026-06-22T10:00:01.494+0300] {processor.py:183} INFO - Processing /media/data/omar/programming course/DEPI/DEPI project/anomx/venv/lib/python3.12/site-packages/airflow/example_dags/example_local_kubernetes_executor.py took 0.022 seconds
[2026-06-22T10:00:53.708+0300] {processor.py:161} INFO - Started process (PID=53607) to work on /media/data/omar/programming course/DEPI/DEPI project/anomx/venv/lib/python3.12/site-packages/airflow/example_dags/example_local_kubernetes_executor.py
[2026-06-22T10:00:53.709+0300] {processor.py:830} INFO - Processing file /media/data/omar/programming course/DEPI/DEPI project/anomx/venv/lib/python3.12/site-packages/airflow/example_dags/example_local_kubernetes_executor.py for tasks to queue
[2026-06-22T10:00:53.710+0300] {logging_mixin.py:188} INFO - [2026-06-22T10:00:53.709+0300] {dagbag.py:540} INFO - Filling up the DagBag from /media/data/omar/programming course/DEPI/DEPI project/anomx/venv/lib/python3.12/site-packages/airflow/example_dags/example_local_kubernetes_executor.py
[2026-06-22T10:00:53.714+0300] {logging_mixin.py:188} INFO - [2026-06-22T10:00:53.713+0300] {example_local_kubernetes_executor.py:40} WARNING - Could not import DAGs in example_local_kubernetes_executor.py
Traceback (most recent call last):
  File "/media/data/omar/programming course/DEPI/DEPI project/anomx/venv/lib/python3.12/site-packages/airflow/example_dags/example_local_kubernetes_executor.py", line 38, in <module>
    from kubernetes.client import models as k8s
ModuleNotFoundError: No module named 'kubernetes'
[2026-06-22T10:00:53.715+0300] {logging_mixin.py:188} INFO - [2026-06-22T10:00:53.715+0300] {example_local_kubernetes_executor.py:41} WARNING - Install Kubernetes dependencies with: pip install apache-airflow[cncf.kubernetes]
[2026-06-22T10:00:53.715+0300] {processor.py:842} WARNING - No viable dags retrieved from /media/data/omar/programming course/DEPI/DEPI project/anomx/venv/lib/python3.12/site-packages/airflow/example_dags/example_local_kubernetes_executor.py
[2026-06-22T10:00:53.726+0300] {processor.py:183} INFO - Processing /media/data/omar/programming course/DEPI/DEPI project/anomx/venv/lib/python3.12/site-packages/airflow/example_dags/example_local_kubernetes_executor.py took 0.025 seconds
[2026-06-22T10:01:46.942+0300] {processor.py:161} INFO - Started process (PID=53696) to work on /media/data/omar/programming course/DEPI/DEPI project/anomx/venv/lib/python3.12/site-packages/airflow/example_dags/example_local_kubernetes_executor.py
[2026-06-22T10:01:46.943+0300] {processor.py:830} INFO - Processing file /media/data/omar/programming course/DEPI/DEPI project/anomx/venv/lib/python3.12/site-packages/airflow/example_dags/example_local_kubernetes_executor.py for tasks to queue
[2026-06-22T10:01:46.945+0300] {logging_mixin.py:188} INFO - [2026-06-22T10:01:46.944+0300] {dagbag.py:540} INFO - Filling up the DagBag from /media/data/omar/programming course/DEPI/DEPI project/anomx/venv/lib/python3.12/site-packages/airflow/example_dags/example_local_kubernetes_executor.py
[2026-06-22T10:01:46.954+0300] {logging_mixin.py:188} INFO - [2026-06-22T10:01:46.952+0300] {example_local_kubernetes_executor.py:40} WARNING - Could not import DAGs in example_local_kubernetes_executor.py
Traceback (most recent call last):
  File "/media/data/omar/programming course/DEPI/DEPI project/anomx/venv/lib/python3.12/site-packages/airflow/example_dags/example_local_kubernetes_executor.py", line 38, in <module>
    from kubernetes.client import models as k8s
ModuleNotFoundError: No module named 'kubernetes'
[2026-06-22T10:01:46.955+0300] {logging_mixin.py:188} INFO - [2026-06-22T10:01:46.954+0300] {example_local_kubernetes_executor.py:41} WARNING - Install Kubernetes dependencies with: pip install apache-airflow[cncf.kubernetes]
[2026-06-22T10:01:46.956+0300] {processor.py:842} WARNING - No viable dags retrieved from /media/data/omar/programming course/DEPI/DEPI project/anomx/venv/lib/python3.12/site-packages/airflow/example_dags/example_local_kubernetes_executor.py
[2026-06-22T10:01:46.971+0300] {processor.py:183} INFO - Processing /media/data/omar/programming course/DEPI/DEPI project/anomx/venv/lib/python3.12/site-packages/airflow/example_dags/example_local_kubernetes_executor.py took 0.038 seconds
[2026-06-22T10:02:39.324+0300] {processor.py:161} INFO - Started process (PID=53859) to work on /media/data/omar/programming course/DEPI/DEPI project/anomx/venv/lib/python3.12/site-packages/airflow/example_dags/example_local_kubernetes_executor.py
[2026-06-22T10:02:39.325+0300] {processor.py:830} INFO - Processing file /media/data/omar/programming course/DEPI/DEPI project/anomx/venv/lib/python3.12/site-packages/airflow/example_dags/example_local_kubernetes_executor.py for tasks to queue
[2026-06-22T10:02:39.328+0300] {logging_mixin.py:188} INFO - [2026-06-22T10:02:39.326+0300] {dagbag.py:540} INFO - Filling up the DagBag from /media/data/omar/programming course/DEPI/DEPI project/anomx/venv/lib/python3.12/site-packages/airflow/example_dags/example_local_kubernetes_executor.py
[2026-06-22T10:02:39.335+0300] {logging_mixin.py:188} INFO - [2026-06-22T10:02:39.334+0300] {example_local_kubernetes_executor.py:40} WARNING - Could not import DAGs in example_local_kubernetes_executor.py
Traceback (most recent call last):
  File "/media/data/omar/programming course/DEPI/DEPI project/anomx/venv/lib/python3.12/site-packages/airflow/example_dags/example_local_kubernetes_executor.py", line 38, in <module>
    from kubernetes.client import models as k8s
ModuleNotFoundError: No module named 'kubernetes'
[2026-06-22T10:02:39.336+0300] {logging_mixin.py:188} INFO - [2026-06-22T10:02:39.336+0300] {example_local_kubernetes_executor.py:41} WARNING - Install Kubernetes dependencies with: pip install apache-airflow[cncf.kubernetes]
[2026-06-22T10:02:39.337+0300] {processor.py:842} WARNING - No viable dags retrieved from /media/data/omar/programming course/DEPI/DEPI project/anomx/venv/lib/python3.12/site-packages/airflow/example_dags/example_local_kubernetes_executor.py
[2026-06-22T10:02:39.347+0300] {processor.py:183} INFO - Processing /media/data/omar/programming course/DEPI/DEPI project/anomx/venv/lib/python3.12/site-packages/airflow/example_dags/example_local_kubernetes_executor.py took 0.041 seconds
[2026-06-22T10:03:32.706+0300] {processor.py:161} INFO - Started process (PID=53937) to work on /media/data/omar/programming course/DEPI/DEPI project/anomx/venv/lib/python3.12/site-packages/airflow/example_dags/example_local_kubernetes_executor.py
[2026-06-22T10:03:32.708+0300] {processor.py:830} INFO - Processing file /media/data/omar/programming course/DEPI/DEPI project/anomx/venv/lib/python3.12/site-packages/airflow/example_dags/example_local_kubernetes_executor.py for tasks to queue
[2026-06-22T10:03:32.711+0300] {logging_mixin.py:188} INFO - [2026-06-22T10:03:32.710+0300] {dagbag.py:540} INFO - Filling up the DagBag from /media/data/omar/programming course/DEPI/DEPI project/anomx/venv/lib/python3.12/site-packages/airflow/example_dags/example_local_kubernetes_executor.py
[2026-06-22T10:03:32.722+0300] {logging_mixin.py:188} INFO - [2026-06-22T10:03:32.720+0300] {example_local_kubernetes_executor.py:40} WARNING - Could not import DAGs in example_local_kubernetes_executor.py
Traceback (most recent call last):
  File "/media/data/omar/programming course/DEPI/DEPI project/anomx/venv/lib/python3.12/site-packages/airflow/example_dags/example_local_kubernetes_executor.py", line 38, in <module>
    from kubernetes.client import models as k8s
ModuleNotFoundError: No module named 'kubernetes'
[2026-06-22T10:03:32.724+0300] {logging_mixin.py:188} INFO - [2026-06-22T10:03:32.723+0300] {example_local_kubernetes_executor.py:41} WARNING - Install Kubernetes dependencies with: pip install apache-airflow[cncf.kubernetes]
[2026-06-22T10:03:32.724+0300] {processor.py:842} WARNING - No viable dags retrieved from /media/data/omar/programming course/DEPI/DEPI project/anomx/venv/lib/python3.12/site-packages/airflow/example_dags/example_local_kubernetes_executor.py
[2026-06-22T10:03:32.740+0300] {processor.py:183} INFO - Processing /media/data/omar/programming course/DEPI/DEPI project/anomx/venv/lib/python3.12/site-packages/airflow/example_dags/example_local_kubernetes_executor.py took 0.046 seconds
[2026-06-22T10:04:24.680+0300] {processor.py:161} INFO - Started process (PID=54015) to work on /media/data/omar/programming course/DEPI/DEPI project/anomx/venv/lib/python3.12/site-packages/airflow/example_dags/example_local_kubernetes_executor.py
[2026-06-22T10:04:24.681+0300] {processor.py:830} INFO - Processing file /media/data/omar/programming course/DEPI/DEPI project/anomx/venv/lib/python3.12/site-packages/airflow/example_dags/example_local_kubernetes_executor.py for tasks to queue
[2026-06-22T10:04:24.682+0300] {logging_mixin.py:188} INFO - [2026-06-22T10:04:24.681+0300] {dagbag.py:540} INFO - Filling up the DagBag from /media/data/omar/programming course/DEPI/DEPI project/anomx/venv/lib/python3.12/site-packages/airflow/example_dags/example_local_kubernetes_executor.py
[2026-06-22T10:04:24.688+0300] {logging_mixin.py:188} INFO - [2026-06-22T10:04:24.686+0300] {example_local_kubernetes_executor.py:40} WARNING - Could not import DAGs in example_local_kubernetes_executor.py
Traceback (most recent call last):
  File "/media/data/omar/programming course/DEPI/DEPI project/anomx/venv/lib/python3.12/site-packages/airflow/example_dags/example_local_kubernetes_executor.py", line 38, in <module>
    from kubernetes.client import models as k8s
ModuleNotFoundError: No module named 'kubernetes'
[2026-06-22T10:04:24.688+0300] {logging_mixin.py:188} INFO - [2026-06-22T10:04:24.688+0300] {example_local_kubernetes_executor.py:41} WARNING - Install Kubernetes dependencies with: pip install apache-airflow[cncf.kubernetes]
[2026-06-22T10:04:24.689+0300] {processor.py:842} WARNING - No viable dags retrieved from /media/data/omar/programming course/DEPI/DEPI project/anomx/venv/lib/python3.12/site-packages/airflow/example_dags/example_local_kubernetes_executor.py
[2026-06-22T10:04:24.703+0300] {processor.py:183} INFO - Processing /media/data/omar/programming course/DEPI/DEPI project/anomx/venv/lib/python3.12/site-packages/airflow/example_dags/example_local_kubernetes_executor.py took 0.031 seconds
[2026-06-22T10:05:17.751+0300] {processor.py:161} INFO - Started process (PID=54111) to work on /media/data/omar/programming course/DEPI/DEPI project/anomx/venv/lib/python3.12/site-packages/airflow/example_dags/example_local_kubernetes_executor.py
[2026-06-22T10:05:17.753+0300] {processor.py:830} INFO - Processing file /media/data/omar/programming course/DEPI/DEPI project/anomx/venv/lib/python3.12/site-packages/airflow/example_dags/example_local_kubernetes_executor.py for tasks to queue
[2026-06-22T10:05:17.755+0300] {logging_mixin.py:188} INFO - [2026-06-22T10:05:17.754+0300] {dagbag.py:540} INFO - Filling up the DagBag from /media/data/omar/programming course/DEPI/DEPI project/anomx/venv/lib/python3.12/site-packages/airflow/example_dags/example_local_kubernetes_executor.py
[2026-06-22T10:05:17.764+0300] {logging_mixin.py:188} INFO - [2026-06-22T10:05:17.761+0300] {example_local_kubernetes_executor.py:40} WARNING - Could not import DAGs in example_local_kubernetes_executor.py
Traceback (most recent call last):
  File "/media/data/omar/programming course/DEPI/DEPI project/anomx/venv/lib/python3.12/site-packages/airflow/example_dags/example_local_kubernetes_executor.py", line 38, in <module>
    from kubernetes.client import models as k8s
ModuleNotFoundError: No module named 'kubernetes'
[2026-06-22T10:05:17.765+0300] {logging_mixin.py:188} INFO - [2026-06-22T10:05:17.765+0300] {example_local_kubernetes_executor.py:41} WARNING - Install Kubernetes dependencies with: pip install apache-airflow[cncf.kubernetes]
[2026-06-22T10:05:17.766+0300] {processor.py:842} WARNING - No viable dags retrieved from /media/data/omar/programming course/DEPI/DEPI project/anomx/venv/lib/python3.12/site-packages/airflow/example_dags/example_local_kubernetes_executor.py
[2026-06-22T10:05:17.792+0300] {processor.py:183} INFO - Processing /media/data/omar/programming course/DEPI/DEPI project/anomx/venv/lib/python3.12/site-packages/airflow/example_dags/example_local_kubernetes_executor.py took 0.050 seconds
[2026-06-22T10:06:07.723+0300] {processor.py:161} INFO - Started process (PID=54189) to work on /media/data/omar/programming course/DEPI/DEPI project/anomx/venv/lib/python3.12/site-packages/airflow/example_dags/example_local_kubernetes_executor.py
[2026-06-22T10:06:07.725+0300] {processor.py:830} INFO - Processing file /media/data/omar/programming course/DEPI/DEPI project/anomx/venv/lib/python3.12/site-packages/airflow/example_dags/example_local_kubernetes_executor.py for tasks to queue
[2026-06-22T10:06:07.727+0300] {logging_mixin.py:188} INFO - [2026-06-22T10:06:07.726+0300] {dagbag.py:540} INFO - Filling up the DagBag from /media/data/omar/programming course/DEPI/DEPI project/anomx/venv/lib/python3.12/site-packages/airflow/example_dags/example_local_kubernetes_executor.py
[2026-06-22T10:06:07.737+0300] {logging_mixin.py:188} INFO - [2026-06-22T10:06:07.735+0300] {example_local_kubernetes_executor.py:40} WARNING - Could not import DAGs in example_local_kubernetes_executor.py
Traceback (most recent call last):
  File "/media/data/omar/programming course/DEPI/DEPI project/anomx/venv/lib/python3.12/site-packages/airflow/example_dags/example_local_kubernetes_executor.py", line 38, in <module>
    from kubernetes.client import models as k8s
ModuleNotFoundError: No module named 'kubernetes'
[2026-06-22T10:06:07.738+0300] {logging_mixin.py:188} INFO - [2026-06-22T10:06:07.738+0300] {example_local_kubernetes_executor.py:41} WARNING - Install Kubernetes dependencies with: pip install apache-airflow[cncf.kubernetes]
[2026-06-22T10:06:07.739+0300] {processor.py:842} WARNING - No viable dags retrieved from /media/data/omar/programming course/DEPI/DEPI project/anomx/venv/lib/python3.12/site-packages/airflow/example_dags/example_local_kubernetes_executor.py
[2026-06-22T10:06:07.752+0300] {processor.py:183} INFO - Processing /media/data/omar/programming course/DEPI/DEPI project/anomx/venv/lib/python3.12/site-packages/airflow/example_dags/example_local_kubernetes_executor.py took 0.042 seconds
[2026-06-22T10:06:57.900+0300] {processor.py:161} INFO - Started process (PID=54265) to work on /media/data/omar/programming course/DEPI/DEPI project/anomx/venv/lib/python3.12/site-packages/airflow/example_dags/example_local_kubernetes_executor.py
[2026-06-22T10:06:57.902+0300] {processor.py:830} INFO - Processing file /media/data/omar/programming course/DEPI/DEPI project/anomx/venv/lib/python3.12/site-packages/airflow/example_dags/example_local_kubernetes_executor.py for tasks to queue
[2026-06-22T10:06:57.904+0300] {logging_mixin.py:188} INFO - [2026-06-22T10:06:57.903+0300] {dagbag.py:540} INFO - Filling up the DagBag from /media/data/omar/programming course/DEPI/DEPI project/anomx/venv/lib/python3.12/site-packages/airflow/example_dags/example_local_kubernetes_executor.py
[2026-06-22T10:06:57.912+0300] {logging_mixin.py:188} INFO - [2026-06-22T10:06:57.910+0300] {example_local_kubernetes_executor.py:40} WARNING - Could not import DAGs in example_local_kubernetes_executor.py
Traceback (most recent call last):
  File "/media/data/omar/programming course/DEPI/DEPI project/anomx/venv/lib/python3.12/site-packages/airflow/example_dags/example_local_kubernetes_executor.py", line 38, in <module>
    from kubernetes.client import models as k8s
ModuleNotFoundError: No module named 'kubernetes'
[2026-06-22T10:06:57.913+0300] {logging_mixin.py:188} INFO - [2026-06-22T10:06:57.912+0300] {example_local_kubernetes_executor.py:41} WARNING - Install Kubernetes dependencies with: pip install apache-airflow[cncf.kubernetes]
[2026-06-22T10:06:57.913+0300] {processor.py:842} WARNING - No viable dags retrieved from /media/data/omar/programming course/DEPI/DEPI project/anomx/venv/lib/python3.12/site-packages/airflow/example_dags/example_local_kubernetes_executor.py
[2026-06-22T10:06:57.925+0300] {processor.py:183} INFO - Processing /media/data/omar/programming course/DEPI/DEPI project/anomx/venv/lib/python3.12/site-packages/airflow/example_dags/example_local_kubernetes_executor.py took 0.044 seconds
[2026-06-22T10:07:51.848+0300] {processor.py:161} INFO - Started process (PID=54343) to work on /media/data/omar/programming course/DEPI/DEPI project/anomx/venv/lib/python3.12/site-packages/airflow/example_dags/example_local_kubernetes_executor.py
[2026-06-22T10:07:51.851+0300] {processor.py:830} INFO - Processing file /media/data/omar/programming course/DEPI/DEPI project/anomx/venv/lib/python3.12/site-packages/airflow/example_dags/example_local_kubernetes_executor.py for tasks to queue
[2026-06-22T10:07:51.853+0300] {logging_mixin.py:188} INFO - [2026-06-22T10:07:51.852+0300] {dagbag.py:540} INFO - Filling up the DagBag from /media/data/omar/programming course/DEPI/DEPI project/anomx/venv/lib/python3.12/site-packages/airflow/example_dags/example_local_kubernetes_executor.py
[2026-06-22T10:07:51.864+0300] {logging_mixin.py:188} INFO - [2026-06-22T10:07:51.862+0300] {example_local_kubernetes_executor.py:40} WARNING - Could not import DAGs in example_local_kubernetes_executor.py
Traceback (most recent call last):
  File "/media/data/omar/programming course/DEPI/DEPI project/anomx/venv/lib/python3.12/site-packages/airflow/example_dags/example_local_kubernetes_executor.py", line 38, in <module>
    from kubernetes.client import models as k8s
ModuleNotFoundError: No module named 'kubernetes'
[2026-06-22T10:07:51.866+0300] {logging_mixin.py:188} INFO - [2026-06-22T10:07:51.865+0300] {example_local_kubernetes_executor.py:41} WARNING - Install Kubernetes dependencies with: pip install apache-airflow[cncf.kubernetes]
[2026-06-22T10:07:51.867+0300] {processor.py:842} WARNING - No viable dags retrieved from /media/data/omar/programming course/DEPI/DEPI project/anomx/venv/lib/python3.12/site-packages/airflow/example_dags/example_local_kubernetes_executor.py
[2026-06-22T10:07:51.882+0300] {processor.py:183} INFO - Processing /media/data/omar/programming course/DEPI/DEPI project/anomx/venv/lib/python3.12/site-packages/airflow/example_dags/example_local_kubernetes_executor.py took 0.047 seconds
[2026-06-22T10:08:44.404+0300] {processor.py:161} INFO - Started process (PID=54421) to work on /media/data/omar/programming course/DEPI/DEPI project/anomx/venv/lib/python3.12/site-packages/airflow/example_dags/example_local_kubernetes_executor.py
[2026-06-22T10:08:44.405+0300] {processor.py:830} INFO - Processing file /media/data/omar/programming course/DEPI/DEPI project/anomx/venv/lib/python3.12/site-packages/airflow/example_dags/example_local_kubernetes_executor.py for tasks to queue
[2026-06-22T10:08:44.407+0300] {logging_mixin.py:188} INFO - [2026-06-22T10:08:44.406+0300] {dagbag.py:540} INFO - Filling up the DagBag from /media/data/omar/programming course/DEPI/DEPI project/anomx/venv/lib/python3.12/site-packages/airflow/example_dags/example_local_kubernetes_executor.py
[2026-06-22T10:08:44.412+0300] {logging_mixin.py:188} INFO - [2026-06-22T10:08:44.411+0300] {example_local_kubernetes_executor.py:40} WARNING - Could not import DAGs in example_local_kubernetes_executor.py
Traceback (most recent call last):
  File "/media/data/omar/programming course/DEPI/DEPI project/anomx/venv/lib/python3.12/site-packages/airflow/example_dags/example_local_kubernetes_executor.py", line 38, in <module>
    from kubernetes.client import models as k8s
ModuleNotFoundError: No module named 'kubernetes'
[2026-06-22T10:08:44.413+0300] {logging_mixin.py:188} INFO - [2026-06-22T10:08:44.413+0300] {example_local_kubernetes_executor.py:41} WARNING - Install Kubernetes dependencies with: pip install apache-airflow[cncf.kubernetes]
[2026-06-22T10:08:44.413+0300] {processor.py:842} WARNING - No viable dags retrieved from /media/data/omar/programming course/DEPI/DEPI project/anomx/venv/lib/python3.12/site-packages/airflow/example_dags/example_local_kubernetes_executor.py
[2026-06-22T10:08:44.424+0300] {processor.py:183} INFO - Processing /media/data/omar/programming course/DEPI/DEPI project/anomx/venv/lib/python3.12/site-packages/airflow/example_dags/example_local_kubernetes_executor.py took 0.029 seconds
[2026-06-22T10:09:35.694+0300] {processor.py:161} INFO - Started process (PID=54499) to work on /media/data/omar/programming course/DEPI/DEPI project/anomx/venv/lib/python3.12/site-packages/airflow/example_dags/example_local_kubernetes_executor.py
[2026-06-22T10:09:35.695+0300] {processor.py:830} INFO - Processing file /media/data/omar/programming course/DEPI/DEPI project/anomx/venv/lib/python3.12/site-packages/airflow/example_dags/example_local_kubernetes_executor.py for tasks to queue
[2026-06-22T10:09:35.697+0300] {logging_mixin.py:188} INFO - [2026-06-22T10:09:35.696+0300] {dagbag.py:540} INFO - Filling up the DagBag from /media/data/omar/programming course/DEPI/DEPI project/anomx/venv/lib/python3.12/site-packages/airflow/example_dags/example_local_kubernetes_executor.py
[2026-06-22T10:09:35.703+0300] {logging_mixin.py:188} INFO - [2026-06-22T10:09:35.702+0300] {example_local_kubernetes_executor.py:40} WARNING - Could not import DAGs in example_local_kubernetes_executor.py
Traceback (most recent call last):
  File "/media/data/omar/programming course/DEPI/DEPI project/anomx/venv/lib/python3.12/site-packages/airflow/example_dags/example_local_kubernetes_executor.py", line 38, in <module>
    from kubernetes.client import models as k8s
ModuleNotFoundError: No module named 'kubernetes'
[2026-06-22T10:09:35.704+0300] {logging_mixin.py:188} INFO - [2026-06-22T10:09:35.703+0300] {example_local_kubernetes_executor.py:41} WARNING - Install Kubernetes dependencies with: pip install apache-airflow[cncf.kubernetes]
[2026-06-22T10:09:35.704+0300] {processor.py:842} WARNING - No viable dags retrieved from /media/data/omar/programming course/DEPI/DEPI project/anomx/venv/lib/python3.12/site-packages/airflow/example_dags/example_local_kubernetes_executor.py
[2026-06-22T10:09:35.715+0300] {processor.py:183} INFO - Processing /media/data/omar/programming course/DEPI/DEPI project/anomx/venv/lib/python3.12/site-packages/airflow/example_dags/example_local_kubernetes_executor.py took 0.034 seconds
[2026-06-22T10:10:27.048+0300] {processor.py:161} INFO - Started process (PID=54591) to work on /media/data/omar/programming course/DEPI/DEPI project/anomx/venv/lib/python3.12/site-packages/airflow/example_dags/example_local_kubernetes_executor.py
[2026-06-22T10:10:27.049+0300] {processor.py:830} INFO - Processing file /media/data/omar/programming course/DEPI/DEPI project/anomx/venv/lib/python3.12/site-packages/airflow/example_dags/example_local_kubernetes_executor.py for tasks to queue
[2026-06-22T10:10:27.050+0300] {logging_mixin.py:188} INFO - [2026-06-22T10:10:27.049+0300] {dagbag.py:540} INFO - Filling up the DagBag from /media/data/omar/programming course/DEPI/DEPI project/anomx/venv/lib/python3.12/site-packages/airflow/example_dags/example_local_kubernetes_executor.py
[2026-06-22T10:10:27.056+0300] {logging_mixin.py:188} INFO - [2026-06-22T10:10:27.054+0300] {example_local_kubernetes_executor.py:40} WARNING - Could not import DAGs in example_local_kubernetes_executor.py
Traceback (most recent call last):
  File "/media/data/omar/programming course/DEPI/DEPI project/anomx/venv/lib/python3.12/site-packages/airflow/example_dags/example_local_kubernetes_executor.py", line 38, in <module>
    from kubernetes.client import models as k8s
ModuleNotFoundError: No module named 'kubernetes'
[2026-06-22T10:10:27.056+0300] {logging_mixin.py:188} INFO - [2026-06-22T10:10:27.056+0300] {example_local_kubernetes_executor.py:41} WARNING - Install Kubernetes dependencies with: pip install apache-airflow[cncf.kubernetes]
[2026-06-22T10:10:27.056+0300] {processor.py:842} WARNING - No viable dags retrieved from /media/data/omar/programming course/DEPI/DEPI project/anomx/venv/lib/python3.12/site-packages/airflow/example_dags/example_local_kubernetes_executor.py
[2026-06-22T10:10:27.066+0300] {processor.py:183} INFO - Processing /media/data/omar/programming course/DEPI/DEPI project/anomx/venv/lib/python3.12/site-packages/airflow/example_dags/example_local_kubernetes_executor.py took 0.028 seconds
[2026-06-22T10:11:16.827+0300] {processor.py:161} INFO - Started process (PID=54665) to work on /media/data/omar/programming course/DEPI/DEPI project/anomx/venv/lib/python3.12/site-packages/airflow/example_dags/example_local_kubernetes_executor.py
[2026-06-22T10:11:16.829+0300] {processor.py:830} INFO - Processing file /media/data/omar/programming course/DEPI/DEPI project/anomx/venv/lib/python3.12/site-packages/airflow/example_dags/example_local_kubernetes_executor.py for tasks to queue
[2026-06-22T10:11:16.831+0300] {logging_mixin.py:188} INFO - [2026-06-22T10:11:16.830+0300] {dagbag.py:540} INFO - Filling up the DagBag from /media/data/omar/programming course/DEPI/DEPI project/anomx/venv/lib/python3.12/site-packages/airflow/example_dags/example_local_kubernetes_executor.py
[2026-06-22T10:11:16.840+0300] {logging_mixin.py:188} INFO - [2026-06-22T10:11:16.838+0300] {example_local_kubernetes_executor.py:40} WARNING - Could not import DAGs in example_local_kubernetes_executor.py
Traceback (most recent call last):
  File "/media/data/omar/programming course/DEPI/DEPI project/anomx/venv/lib/python3.12/site-packages/airflow/example_dags/example_local_kubernetes_executor.py", line 38, in <module>
    from kubernetes.client import models as k8s
ModuleNotFoundError: No module named 'kubernetes'
[2026-06-22T10:11:16.841+0300] {logging_mixin.py:188} INFO - [2026-06-22T10:11:16.840+0300] {example_local_kubernetes_executor.py:41} WARNING - Install Kubernetes dependencies with: pip install apache-airflow[cncf.kubernetes]
[2026-06-22T10:11:16.841+0300] {processor.py:842} WARNING - No viable dags retrieved from /media/data/omar/programming course/DEPI/DEPI project/anomx/venv/lib/python3.12/site-packages/airflow/example_dags/example_local_kubernetes_executor.py
[2026-06-22T10:11:16.852+0300] {processor.py:183} INFO - Processing /media/data/omar/programming course/DEPI/DEPI project/anomx/venv/lib/python3.12/site-packages/airflow/example_dags/example_local_kubernetes_executor.py took 0.037 seconds
[2026-06-22T10:12:09.552+0300] {processor.py:161} INFO - Started process (PID=54742) to work on /media/data/omar/programming course/DEPI/DEPI project/anomx/venv/lib/python3.12/site-packages/airflow/example_dags/example_local_kubernetes_executor.py
[2026-06-22T10:12:09.555+0300] {processor.py:830} INFO - Processing file /media/data/omar/programming course/DEPI/DEPI project/anomx/venv/lib/python3.12/site-packages/airflow/example_dags/example_local_kubernetes_executor.py for tasks to queue
[2026-06-22T10:12:09.559+0300] {logging_mixin.py:188} INFO - [2026-06-22T10:12:09.557+0300] {dagbag.py:540} INFO - Filling up the DagBag from /media/data/omar/programming course/DEPI/DEPI project/anomx/venv/lib/python3.12/site-packages/airflow/example_dags/example_local_kubernetes_executor.py
[2026-06-22T10:12:09.568+0300] {logging_mixin.py:188} INFO - [2026-06-22T10:12:09.566+0300] {example_local_kubernetes_executor.py:40} WARNING - Could not import DAGs in example_local_kubernetes_executor.py
Traceback (most recent call last):
  File "/media/data/omar/programming course/DEPI/DEPI project/anomx/venv/lib/python3.12/site-packages/airflow/example_dags/example_local_kubernetes_executor.py", line 38, in <module>
    from kubernetes.client import models as k8s
ModuleNotFoundError: No module named 'kubernetes'
[2026-06-22T10:12:09.568+0300] {logging_mixin.py:188} INFO - [2026-06-22T10:12:09.568+0300] {example_local_kubernetes_executor.py:41} WARNING - Install Kubernetes dependencies with: pip install apache-airflow[cncf.kubernetes]
[2026-06-22T10:12:09.569+0300] {processor.py:842} WARNING - No viable dags retrieved from /media/data/omar/programming course/DEPI/DEPI project/anomx/venv/lib/python3.12/site-packages/airflow/example_dags/example_local_kubernetes_executor.py
[2026-06-22T10:12:09.581+0300] {processor.py:183} INFO - Processing /media/data/omar/programming course/DEPI/DEPI project/anomx/venv/lib/python3.12/site-packages/airflow/example_dags/example_local_kubernetes_executor.py took 0.047 seconds
[2026-06-22T10:13:06.087+0300] {processor.py:161} INFO - Started process (PID=54824) to work on /media/data/omar/programming course/DEPI/DEPI project/anomx/venv/lib/python3.12/site-packages/airflow/example_dags/example_local_kubernetes_executor.py
[2026-06-22T10:13:06.088+0300] {processor.py:830} INFO - Processing file /media/data/omar/programming course/DEPI/DEPI project/anomx/venv/lib/python3.12/site-packages/airflow/example_dags/example_local_kubernetes_executor.py for tasks to queue
[2026-06-22T10:13:06.090+0300] {logging_mixin.py:188} INFO - [2026-06-22T10:13:06.089+0300] {dagbag.py:540} INFO - Filling up the DagBag from /media/data/omar/programming course/DEPI/DEPI project/anomx/venv/lib/python3.12/site-packages/airflow/example_dags/example_local_kubernetes_executor.py
[2026-06-22T10:13:06.094+0300] {logging_mixin.py:188} INFO - [2026-06-22T10:13:06.093+0300] {example_local_kubernetes_executor.py:40} WARNING - Could not import DAGs in example_local_kubernetes_executor.py
Traceback (most recent call last):
  File "/media/data/omar/programming course/DEPI/DEPI project/anomx/venv/lib/python3.12/site-packages/airflow/example_dags/example_local_kubernetes_executor.py", line 38, in <module>
    from kubernetes.client import models as k8s
ModuleNotFoundError: No module named 'kubernetes'
[2026-06-22T10:13:06.095+0300] {logging_mixin.py:188} INFO - [2026-06-22T10:13:06.094+0300] {example_local_kubernetes_executor.py:41} WARNING - Install Kubernetes dependencies with: pip install apache-airflow[cncf.kubernetes]
[2026-06-22T10:13:06.095+0300] {processor.py:842} WARNING - No viable dags retrieved from /media/data/omar/programming course/DEPI/DEPI project/anomx/venv/lib/python3.12/site-packages/airflow/example_dags/example_local_kubernetes_executor.py
[2026-06-22T10:13:06.105+0300] {processor.py:183} INFO - Processing /media/data/omar/programming course/DEPI/DEPI project/anomx/venv/lib/python3.12/site-packages/airflow/example_dags/example_local_kubernetes_executor.py took 0.024 seconds
[2026-06-22T10:14:00.085+0300] {processor.py:161} INFO - Started process (PID=54911) to work on /media/data/omar/programming course/DEPI/DEPI project/anomx/venv/lib/python3.12/site-packages/airflow/example_dags/example_local_kubernetes_executor.py
[2026-06-22T10:14:00.086+0300] {processor.py:830} INFO - Processing file /media/data/omar/programming course/DEPI/DEPI project/anomx/venv/lib/python3.12/site-packages/airflow/example_dags/example_local_kubernetes_executor.py for tasks to queue
[2026-06-22T10:14:00.087+0300] {logging_mixin.py:188} INFO - [2026-06-22T10:14:00.086+0300] {dagbag.py:540} INFO - Filling up the DagBag from /media/data/omar/programming course/DEPI/DEPI project/anomx/venv/lib/python3.12/site-packages/airflow/example_dags/example_local_kubernetes_executor.py
[2026-06-22T10:14:00.091+0300] {logging_mixin.py:188} INFO - [2026-06-22T10:14:00.090+0300] {example_local_kubernetes_executor.py:40} WARNING - Could not import DAGs in example_local_kubernetes_executor.py
Traceback (most recent call last):
  File "/media/data/omar/programming course/DEPI/DEPI project/anomx/venv/lib/python3.12/site-packages/airflow/example_dags/example_local_kubernetes_executor.py", line 38, in <module>
    from kubernetes.client import models as k8s
ModuleNotFoundError: No module named 'kubernetes'
[2026-06-22T10:14:00.091+0300] {logging_mixin.py:188} INFO - [2026-06-22T10:14:00.091+0300] {example_local_kubernetes_executor.py:41} WARNING - Install Kubernetes dependencies with: pip install apache-airflow[cncf.kubernetes]
[2026-06-22T10:14:00.092+0300] {processor.py:842} WARNING - No viable dags retrieved from /media/data/omar/programming course/DEPI/DEPI project/anomx/venv/lib/python3.12/site-packages/airflow/example_dags/example_local_kubernetes_executor.py
[2026-06-22T10:14:00.103+0300] {processor.py:183} INFO - Processing /media/data/omar/programming course/DEPI/DEPI project/anomx/venv/lib/python3.12/site-packages/airflow/example_dags/example_local_kubernetes_executor.py took 0.023 seconds
[2026-06-22T10:14:54.873+0300] {processor.py:161} INFO - Started process (PID=54991) to work on /media/data/omar/programming course/DEPI/DEPI project/anomx/venv/lib/python3.12/site-packages/airflow/example_dags/example_local_kubernetes_executor.py
[2026-06-22T10:14:54.875+0300] {processor.py:830} INFO - Processing file /media/data/omar/programming course/DEPI/DEPI project/anomx/venv/lib/python3.12/site-packages/airflow/example_dags/example_local_kubernetes_executor.py for tasks to queue
[2026-06-22T10:14:54.877+0300] {logging_mixin.py:188} INFO - [2026-06-22T10:14:54.876+0300] {dagbag.py:540} INFO - Filling up the DagBag from /media/data/omar/programming course/DEPI/DEPI project/anomx/venv/lib/python3.12/site-packages/airflow/example_dags/example_local_kubernetes_executor.py
[2026-06-22T10:14:54.884+0300] {logging_mixin.py:188} INFO - [2026-06-22T10:14:54.883+0300] {example_local_kubernetes_executor.py:40} WARNING - Could not import DAGs in example_local_kubernetes_executor.py
Traceback (most recent call last):
  File "/media/data/omar/programming course/DEPI/DEPI project/anomx/venv/lib/python3.12/site-packages/airflow/example_dags/example_local_kubernetes_executor.py", line 38, in <module>
    from kubernetes.client import models as k8s
ModuleNotFoundError: No module named 'kubernetes'
[2026-06-22T10:14:54.885+0300] {logging_mixin.py:188} INFO - [2026-06-22T10:14:54.885+0300] {example_local_kubernetes_executor.py:41} WARNING - Install Kubernetes dependencies with: pip install apache-airflow[cncf.kubernetes]
[2026-06-22T10:14:54.886+0300] {processor.py:842} WARNING - No viable dags retrieved from /media/data/omar/programming course/DEPI/DEPI project/anomx/venv/lib/python3.12/site-packages/airflow/example_dags/example_local_kubernetes_executor.py
[2026-06-22T10:14:54.896+0300] {processor.py:183} INFO - Processing /media/data/omar/programming course/DEPI/DEPI project/anomx/venv/lib/python3.12/site-packages/airflow/example_dags/example_local_kubernetes_executor.py took 0.035 seconds
[2026-06-22T10:15:50.603+0300] {processor.py:161} INFO - Started process (PID=55080) to work on /media/data/omar/programming course/DEPI/DEPI project/anomx/venv/lib/python3.12/site-packages/airflow/example_dags/example_local_kubernetes_executor.py
[2026-06-22T10:15:50.605+0300] {processor.py:830} INFO - Processing file /media/data/omar/programming course/DEPI/DEPI project/anomx/venv/lib/python3.12/site-packages/airflow/example_dags/example_local_kubernetes_executor.py for tasks to queue
[2026-06-22T10:15:50.607+0300] {logging_mixin.py:188} INFO - [2026-06-22T10:15:50.606+0300] {dagbag.py:540} INFO - Filling up the DagBag from /media/data/omar/programming course/DEPI/DEPI project/anomx/venv/lib/python3.12/site-packages/airflow/example_dags/example_local_kubernetes_executor.py
[2026-06-22T10:15:50.616+0300] {logging_mixin.py:188} INFO - [2026-06-22T10:15:50.614+0300] {example_local_kubernetes_executor.py:40} WARNING - Could not import DAGs in example_local_kubernetes_executor.py
Traceback (most recent call last):
  File "/media/data/omar/programming course/DEPI/DEPI project/anomx/venv/lib/python3.12/site-packages/airflow/example_dags/example_local_kubernetes_executor.py", line 38, in <module>
    from kubernetes.client import models as k8s
ModuleNotFoundError: No module named 'kubernetes'
[2026-06-22T10:15:50.616+0300] {logging_mixin.py:188} INFO - [2026-06-22T10:15:50.616+0300] {example_local_kubernetes_executor.py:41} WARNING - Install Kubernetes dependencies with: pip install apache-airflow[cncf.kubernetes]
[2026-06-22T10:15:50.617+0300] {processor.py:842} WARNING - No viable dags retrieved from /media/data/omar/programming course/DEPI/DEPI project/anomx/venv/lib/python3.12/site-packages/airflow/example_dags/example_local_kubernetes_executor.py
[2026-06-22T10:15:50.628+0300] {processor.py:183} INFO - Processing /media/data/omar/programming course/DEPI/DEPI project/anomx/venv/lib/python3.12/site-packages/airflow/example_dags/example_local_kubernetes_executor.py took 0.047 seconds
[2026-06-22T10:16:45.798+0300] {processor.py:161} INFO - Started process (PID=55173) to work on /media/data/omar/programming course/DEPI/DEPI project/anomx/venv/lib/python3.12/site-packages/airflow/example_dags/example_local_kubernetes_executor.py
[2026-06-22T10:16:45.799+0300] {processor.py:830} INFO - Processing file /media/data/omar/programming course/DEPI/DEPI project/anomx/venv/lib/python3.12/site-packages/airflow/example_dags/example_local_kubernetes_executor.py for tasks to queue
[2026-06-22T10:16:45.801+0300] {logging_mixin.py:188} INFO - [2026-06-22T10:16:45.800+0300] {dagbag.py:540} INFO - Filling up the DagBag from /media/data/omar/programming course/DEPI/DEPI project/anomx/venv/lib/python3.12/site-packages/airflow/example_dags/example_local_kubernetes_executor.py
[2026-06-22T10:16:45.808+0300] {logging_mixin.py:188} INFO - [2026-06-22T10:16:45.806+0300] {example_local_kubernetes_executor.py:40} WARNING - Could not import DAGs in example_local_kubernetes_executor.py
Traceback (most recent call last):
  File "/media/data/omar/programming course/DEPI/DEPI project/anomx/venv/lib/python3.12/site-packages/airflow/example_dags/example_local_kubernetes_executor.py", line 38, in <module>
    from kubernetes.client import models as k8s
ModuleNotFoundError: No module named 'kubernetes'
[2026-06-22T10:16:45.809+0300] {logging_mixin.py:188} INFO - [2026-06-22T10:16:45.808+0300] {example_local_kubernetes_executor.py:41} WARNING - Install Kubernetes dependencies with: pip install apache-airflow[cncf.kubernetes]
[2026-06-22T10:16:45.809+0300] {processor.py:842} WARNING - No viable dags retrieved from /media/data/omar/programming course/DEPI/DEPI project/anomx/venv/lib/python3.12/site-packages/airflow/example_dags/example_local_kubernetes_executor.py
[2026-06-22T10:16:45.824+0300] {processor.py:183} INFO - Processing /media/data/omar/programming course/DEPI/DEPI project/anomx/venv/lib/python3.12/site-packages/airflow/example_dags/example_local_kubernetes_executor.py took 0.034 seconds
[2026-06-22T10:17:36.741+0300] {processor.py:161} INFO - Started process (PID=55253) to work on /media/data/omar/programming course/DEPI/DEPI project/anomx/venv/lib/python3.12/site-packages/airflow/example_dags/example_local_kubernetes_executor.py
[2026-06-22T10:17:36.743+0300] {processor.py:830} INFO - Processing file /media/data/omar/programming course/DEPI/DEPI project/anomx/venv/lib/python3.12/site-packages/airflow/example_dags/example_local_kubernetes_executor.py for tasks to queue
[2026-06-22T10:17:36.745+0300] {logging_mixin.py:188} INFO - [2026-06-22T10:17:36.744+0300] {dagbag.py:540} INFO - Filling up the DagBag from /media/data/omar/programming course/DEPI/DEPI project/anomx/venv/lib/python3.12/site-packages/airflow/example_dags/example_local_kubernetes_executor.py
[2026-06-22T10:17:36.753+0300] {logging_mixin.py:188} INFO - [2026-06-22T10:17:36.752+0300] {example_local_kubernetes_executor.py:40} WARNING - Could not import DAGs in example_local_kubernetes_executor.py
Traceback (most recent call last):
  File "/media/data/omar/programming course/DEPI/DEPI project/anomx/venv/lib/python3.12/site-packages/airflow/example_dags/example_local_kubernetes_executor.py", line 38, in <module>
    from kubernetes.client import models as k8s
ModuleNotFoundError: No module named 'kubernetes'
[2026-06-22T10:17:36.754+0300] {logging_mixin.py:188} INFO - [2026-06-22T10:17:36.754+0300] {example_local_kubernetes_executor.py:41} WARNING - Install Kubernetes dependencies with: pip install apache-airflow[cncf.kubernetes]
[2026-06-22T10:17:36.755+0300] {processor.py:842} WARNING - No viable dags retrieved from /media/data/omar/programming course/DEPI/DEPI project/anomx/venv/lib/python3.12/site-packages/airflow/example_dags/example_local_kubernetes_executor.py
[2026-06-22T10:17:36.770+0300] {processor.py:183} INFO - Processing /media/data/omar/programming course/DEPI/DEPI project/anomx/venv/lib/python3.12/site-packages/airflow/example_dags/example_local_kubernetes_executor.py took 0.048 seconds
[2026-06-22T10:18:27.285+0300] {processor.py:161} INFO - Started process (PID=55332) to work on /media/data/omar/programming course/DEPI/DEPI project/anomx/venv/lib/python3.12/site-packages/airflow/example_dags/example_local_kubernetes_executor.py
[2026-06-22T10:18:27.286+0300] {processor.py:830} INFO - Processing file /media/data/omar/programming course/DEPI/DEPI project/anomx/venv/lib/python3.12/site-packages/airflow/example_dags/example_local_kubernetes_executor.py for tasks to queue
[2026-06-22T10:18:27.287+0300] {logging_mixin.py:188} INFO - [2026-06-22T10:18:27.287+0300] {dagbag.py:540} INFO - Filling up the DagBag from /media/data/omar/programming course/DEPI/DEPI project/anomx/venv/lib/python3.12/site-packages/airflow/example_dags/example_local_kubernetes_executor.py
[2026-06-22T10:18:27.292+0300] {logging_mixin.py:188} INFO - [2026-06-22T10:18:27.291+0300] {example_local_kubernetes_executor.py:40} WARNING - Could not import DAGs in example_local_kubernetes_executor.py
Traceback (most recent call last):
  File "/media/data/omar/programming course/DEPI/DEPI project/anomx/venv/lib/python3.12/site-packages/airflow/example_dags/example_local_kubernetes_executor.py", line 38, in <module>
    from kubernetes.client import models as k8s
ModuleNotFoundError: No module named 'kubernetes'
[2026-06-22T10:18:27.292+0300] {logging_mixin.py:188} INFO - [2026-06-22T10:18:27.292+0300] {example_local_kubernetes_executor.py:41} WARNING - Install Kubernetes dependencies with: pip install apache-airflow[cncf.kubernetes]
[2026-06-22T10:18:27.293+0300] {processor.py:842} WARNING - No viable dags retrieved from /media/data/omar/programming course/DEPI/DEPI project/anomx/venv/lib/python3.12/site-packages/airflow/example_dags/example_local_kubernetes_executor.py
[2026-06-22T10:18:27.302+0300] {processor.py:183} INFO - Processing /media/data/omar/programming course/DEPI/DEPI project/anomx/venv/lib/python3.12/site-packages/airflow/example_dags/example_local_kubernetes_executor.py took 0.023 seconds
[2026-06-22T10:19:19.514+0300] {processor.py:161} INFO - Started process (PID=55407) to work on /media/data/omar/programming course/DEPI/DEPI project/anomx/venv/lib/python3.12/site-packages/airflow/example_dags/example_local_kubernetes_executor.py
[2026-06-22T10:19:19.515+0300] {processor.py:830} INFO - Processing file /media/data/omar/programming course/DEPI/DEPI project/anomx/venv/lib/python3.12/site-packages/airflow/example_dags/example_local_kubernetes_executor.py for tasks to queue
[2026-06-22T10:19:19.517+0300] {logging_mixin.py:188} INFO - [2026-06-22T10:19:19.516+0300] {dagbag.py:540} INFO - Filling up the DagBag from /media/data/omar/programming course/DEPI/DEPI project/anomx/venv/lib/python3.12/site-packages/airflow/example_dags/example_local_kubernetes_executor.py
[2026-06-22T10:19:19.525+0300] {logging_mixin.py:188} INFO - [2026-06-22T10:19:19.523+0300] {example_local_kubernetes_executor.py:40} WARNING - Could not import DAGs in example_local_kubernetes_executor.py
Traceback (most recent call last):
  File "/media/data/omar/programming course/DEPI/DEPI project/anomx/venv/lib/python3.12/site-packages/airflow/example_dags/example_local_kubernetes_executor.py", line 38, in <module>
    from kubernetes.client import models as k8s
ModuleNotFoundError: No module named 'kubernetes'
[2026-06-22T10:19:19.526+0300] {logging_mixin.py:188} INFO - [2026-06-22T10:19:19.525+0300] {example_local_kubernetes_executor.py:41} WARNING - Install Kubernetes dependencies with: pip install apache-airflow[cncf.kubernetes]
[2026-06-22T10:19:19.526+0300] {processor.py:842} WARNING - No viable dags retrieved from /media/data/omar/programming course/DEPI/DEPI project/anomx/venv/lib/python3.12/site-packages/airflow/example_dags/example_local_kubernetes_executor.py
[2026-06-22T10:19:19.537+0300] {processor.py:183} INFO - Processing /media/data/omar/programming course/DEPI/DEPI project/anomx/venv/lib/python3.12/site-packages/airflow/example_dags/example_local_kubernetes_executor.py took 0.036 seconds
[2026-06-22T10:20:11.445+0300] {processor.py:161} INFO - Started process (PID=55498) to work on /media/data/omar/programming course/DEPI/DEPI project/anomx/venv/lib/python3.12/site-packages/airflow/example_dags/example_local_kubernetes_executor.py
[2026-06-22T10:20:11.446+0300] {processor.py:830} INFO - Processing file /media/data/omar/programming course/DEPI/DEPI project/anomx/venv/lib/python3.12/site-packages/airflow/example_dags/example_local_kubernetes_executor.py for tasks to queue
[2026-06-22T10:20:11.447+0300] {logging_mixin.py:188} INFO - [2026-06-22T10:20:11.446+0300] {dagbag.py:540} INFO - Filling up the DagBag from /media/data/omar/programming course/DEPI/DEPI project/anomx/venv/lib/python3.12/site-packages/airflow/example_dags/example_local_kubernetes_executor.py
[2026-06-22T10:20:11.451+0300] {logging_mixin.py:188} INFO - [2026-06-22T10:20:11.450+0300] {example_local_kubernetes_executor.py:40} WARNING - Could not import DAGs in example_local_kubernetes_executor.py
Traceback (most recent call last):
  File "/media/data/omar/programming course/DEPI/DEPI project/anomx/venv/lib/python3.12/site-packages/airflow/example_dags/example_local_kubernetes_executor.py", line 38, in <module>
    from kubernetes.client import models as k8s
ModuleNotFoundError: No module named 'kubernetes'
[2026-06-22T10:20:11.451+0300] {logging_mixin.py:188} INFO - [2026-06-22T10:20:11.451+0300] {example_local_kubernetes_executor.py:41} WARNING - Install Kubernetes dependencies with: pip install apache-airflow[cncf.kubernetes]
[2026-06-22T10:20:11.452+0300] {processor.py:842} WARNING - No viable dags retrieved from /media/data/omar/programming course/DEPI/DEPI project/anomx/venv/lib/python3.12/site-packages/airflow/example_dags/example_local_kubernetes_executor.py
[2026-06-22T10:20:11.461+0300] {processor.py:183} INFO - Processing /media/data/omar/programming course/DEPI/DEPI project/anomx/venv/lib/python3.12/site-packages/airflow/example_dags/example_local_kubernetes_executor.py took 0.021 seconds
[2026-06-22T10:21:04.711+0300] {processor.py:161} INFO - Started process (PID=55589) to work on /media/data/omar/programming course/DEPI/DEPI project/anomx/venv/lib/python3.12/site-packages/airflow/example_dags/example_local_kubernetes_executor.py
[2026-06-22T10:21:04.712+0300] {processor.py:830} INFO - Processing file /media/data/omar/programming course/DEPI/DEPI project/anomx/venv/lib/python3.12/site-packages/airflow/example_dags/example_local_kubernetes_executor.py for tasks to queue
[2026-06-22T10:21:04.713+0300] {logging_mixin.py:188} INFO - [2026-06-22T10:21:04.713+0300] {dagbag.py:540} INFO - Filling up the DagBag from /media/data/omar/programming course/DEPI/DEPI project/anomx/venv/lib/python3.12/site-packages/airflow/example_dags/example_local_kubernetes_executor.py
[2026-06-22T10:21:04.718+0300] {logging_mixin.py:188} INFO - [2026-06-22T10:21:04.717+0300] {example_local_kubernetes_executor.py:40} WARNING - Could not import DAGs in example_local_kubernetes_executor.py
Traceback (most recent call last):
  File "/media/data/omar/programming course/DEPI/DEPI project/anomx/venv/lib/python3.12/site-packages/airflow/example_dags/example_local_kubernetes_executor.py", line 38, in <module>
    from kubernetes.client import models as k8s
ModuleNotFoundError: No module named 'kubernetes'
[2026-06-22T10:21:04.719+0300] {logging_mixin.py:188} INFO - [2026-06-22T10:21:04.718+0300] {example_local_kubernetes_executor.py:41} WARNING - Install Kubernetes dependencies with: pip install apache-airflow[cncf.kubernetes]
[2026-06-22T10:21:04.719+0300] {processor.py:842} WARNING - No viable dags retrieved from /media/data/omar/programming course/DEPI/DEPI project/anomx/venv/lib/python3.12/site-packages/airflow/example_dags/example_local_kubernetes_executor.py
[2026-06-22T10:21:04.729+0300] {processor.py:183} INFO - Processing /media/data/omar/programming course/DEPI/DEPI project/anomx/venv/lib/python3.12/site-packages/airflow/example_dags/example_local_kubernetes_executor.py took 0.024 seconds
[2026-06-22T10:21:59.527+0300] {processor.py:161} INFO - Started process (PID=55668) to work on /media/data/omar/programming course/DEPI/DEPI project/anomx/venv/lib/python3.12/site-packages/airflow/example_dags/example_local_kubernetes_executor.py
[2026-06-22T10:21:59.528+0300] {processor.py:830} INFO - Processing file /media/data/omar/programming course/DEPI/DEPI project/anomx/venv/lib/python3.12/site-packages/airflow/example_dags/example_local_kubernetes_executor.py for tasks to queue
[2026-06-22T10:21:59.530+0300] {logging_mixin.py:188} INFO - [2026-06-22T10:21:59.529+0300] {dagbag.py:540} INFO - Filling up the DagBag from /media/data/omar/programming course/DEPI/DEPI project/anomx/venv/lib/python3.12/site-packages/airflow/example_dags/example_local_kubernetes_executor.py
[2026-06-22T10:21:59.537+0300] {logging_mixin.py:188} INFO - [2026-06-22T10:21:59.536+0300] {example_local_kubernetes_executor.py:40} WARNING - Could not import DAGs in example_local_kubernetes_executor.py
Traceback (most recent call last):
  File "/media/data/omar/programming course/DEPI/DEPI project/anomx/venv/lib/python3.12/site-packages/airflow/example_dags/example_local_kubernetes_executor.py", line 38, in <module>
    from kubernetes.client import models as k8s
ModuleNotFoundError: No module named 'kubernetes'
[2026-06-22T10:21:59.538+0300] {logging_mixin.py:188} INFO - [2026-06-22T10:21:59.537+0300] {example_local_kubernetes_executor.py:41} WARNING - Install Kubernetes dependencies with: pip install apache-airflow[cncf.kubernetes]
[2026-06-22T10:21:59.538+0300] {processor.py:842} WARNING - No viable dags retrieved from /media/data/omar/programming course/DEPI/DEPI project/anomx/venv/lib/python3.12/site-packages/airflow/example_dags/example_local_kubernetes_executor.py
[2026-06-22T10:21:59.549+0300] {processor.py:183} INFO - Processing /media/data/omar/programming course/DEPI/DEPI project/anomx/venv/lib/python3.12/site-packages/airflow/example_dags/example_local_kubernetes_executor.py took 0.038 seconds
[2026-06-22T10:22:53.409+0300] {processor.py:161} INFO - Started process (PID=55762) to work on /media/data/omar/programming course/DEPI/DEPI project/anomx/venv/lib/python3.12/site-packages/airflow/example_dags/example_local_kubernetes_executor.py
[2026-06-22T10:22:53.410+0300] {processor.py:830} INFO - Processing file /media/data/omar/programming course/DEPI/DEPI project/anomx/venv/lib/python3.12/site-packages/airflow/example_dags/example_local_kubernetes_executor.py for tasks to queue
[2026-06-22T10:22:53.411+0300] {logging_mixin.py:188} INFO - [2026-06-22T10:22:53.410+0300] {dagbag.py:540} INFO - Filling up the DagBag from /media/data/omar/programming course/DEPI/DEPI project/anomx/venv/lib/python3.12/site-packages/airflow/example_dags/example_local_kubernetes_executor.py
[2026-06-22T10:22:53.416+0300] {logging_mixin.py:188} INFO - [2026-06-22T10:22:53.415+0300] {example_local_kubernetes_executor.py:40} WARNING - Could not import DAGs in example_local_kubernetes_executor.py
Traceback (most recent call last):
  File "/media/data/omar/programming course/DEPI/DEPI project/anomx/venv/lib/python3.12/site-packages/airflow/example_dags/example_local_kubernetes_executor.py", line 38, in <module>
    from kubernetes.client import models as k8s
ModuleNotFoundError: No module named 'kubernetes'
[2026-06-22T10:22:53.416+0300] {logging_mixin.py:188} INFO - [2026-06-22T10:22:53.416+0300] {example_local_kubernetes_executor.py:41} WARNING - Install Kubernetes dependencies with: pip install apache-airflow[cncf.kubernetes]
[2026-06-22T10:22:53.417+0300] {processor.py:842} WARNING - No viable dags retrieved from /media/data/omar/programming course/DEPI/DEPI project/anomx/venv/lib/python3.12/site-packages/airflow/example_dags/example_local_kubernetes_executor.py
[2026-06-22T10:22:53.428+0300] {processor.py:183} INFO - Processing /media/data/omar/programming course/DEPI/DEPI project/anomx/venv/lib/python3.12/site-packages/airflow/example_dags/example_local_kubernetes_executor.py took 0.025 seconds
[2026-06-22T10:23:45.385+0300] {processor.py:161} INFO - Started process (PID=55838) to work on /media/data/omar/programming course/DEPI/DEPI project/anomx/venv/lib/python3.12/site-packages/airflow/example_dags/example_local_kubernetes_executor.py
[2026-06-22T10:23:45.387+0300] {processor.py:830} INFO - Processing file /media/data/omar/programming course/DEPI/DEPI project/anomx/venv/lib/python3.12/site-packages/airflow/example_dags/example_local_kubernetes_executor.py for tasks to queue
[2026-06-22T10:23:45.390+0300] {logging_mixin.py:188} INFO - [2026-06-22T10:23:45.389+0300] {dagbag.py:540} INFO - Filling up the DagBag from /media/data/omar/programming course/DEPI/DEPI project/anomx/venv/lib/python3.12/site-packages/airflow/example_dags/example_local_kubernetes_executor.py
[2026-06-22T10:23:45.397+0300] {logging_mixin.py:188} INFO - [2026-06-22T10:23:45.396+0300] {example_local_kubernetes_executor.py:40} WARNING - Could not import DAGs in example_local_kubernetes_executor.py
Traceback (most recent call last):
  File "/media/data/omar/programming course/DEPI/DEPI project/anomx/venv/lib/python3.12/site-packages/airflow/example_dags/example_local_kubernetes_executor.py", line 38, in <module>
    from kubernetes.client import models as k8s
ModuleNotFoundError: No module named 'kubernetes'
[2026-06-22T10:23:45.398+0300] {logging_mixin.py:188} INFO - [2026-06-22T10:23:45.398+0300] {example_local_kubernetes_executor.py:41} WARNING - Install Kubernetes dependencies with: pip install apache-airflow[cncf.kubernetes]
[2026-06-22T10:23:45.399+0300] {processor.py:842} WARNING - No viable dags retrieved from /media/data/omar/programming course/DEPI/DEPI project/anomx/venv/lib/python3.12/site-packages/airflow/example_dags/example_local_kubernetes_executor.py
[2026-06-22T10:23:45.410+0300] {processor.py:183} INFO - Processing /media/data/omar/programming course/DEPI/DEPI project/anomx/venv/lib/python3.12/site-packages/airflow/example_dags/example_local_kubernetes_executor.py took 0.044 seconds
[2026-06-22T10:24:39.904+0300] {processor.py:161} INFO - Started process (PID=55928) to work on /media/data/omar/programming course/DEPI/DEPI project/anomx/venv/lib/python3.12/site-packages/airflow/example_dags/example_local_kubernetes_executor.py
[2026-06-22T10:24:39.905+0300] {processor.py:830} INFO - Processing file /media/data/omar/programming course/DEPI/DEPI project/anomx/venv/lib/python3.12/site-packages/airflow/example_dags/example_local_kubernetes_executor.py for tasks to queue
[2026-06-22T10:24:39.906+0300] {logging_mixin.py:188} INFO - [2026-06-22T10:24:39.905+0300] {dagbag.py:540} INFO - Filling up the DagBag from /media/data/omar/programming course/DEPI/DEPI project/anomx/venv/lib/python3.12/site-packages/airflow/example_dags/example_local_kubernetes_executor.py
[2026-06-22T10:24:39.910+0300] {logging_mixin.py:188} INFO - [2026-06-22T10:24:39.909+0300] {example_local_kubernetes_executor.py:40} WARNING - Could not import DAGs in example_local_kubernetes_executor.py
Traceback (most recent call last):
  File "/media/data/omar/programming course/DEPI/DEPI project/anomx/venv/lib/python3.12/site-packages/airflow/example_dags/example_local_kubernetes_executor.py", line 38, in <module>
    from kubernetes.client import models as k8s
ModuleNotFoundError: No module named 'kubernetes'
[2026-06-22T10:24:39.910+0300] {logging_mixin.py:188} INFO - [2026-06-22T10:24:39.910+0300] {example_local_kubernetes_executor.py:41} WARNING - Install Kubernetes dependencies with: pip install apache-airflow[cncf.kubernetes]
[2026-06-22T10:24:39.911+0300] {processor.py:842} WARNING - No viable dags retrieved from /media/data/omar/programming course/DEPI/DEPI project/anomx/venv/lib/python3.12/site-packages/airflow/example_dags/example_local_kubernetes_executor.py
[2026-06-22T10:24:39.921+0300] {processor.py:183} INFO - Processing /media/data/omar/programming course/DEPI/DEPI project/anomx/venv/lib/python3.12/site-packages/airflow/example_dags/example_local_kubernetes_executor.py took 0.023 seconds
[2026-06-22T10:25:36.812+0300] {processor.py:161} INFO - Started process (PID=56011) to work on /media/data/omar/programming course/DEPI/DEPI project/anomx/venv/lib/python3.12/site-packages/airflow/example_dags/example_local_kubernetes_executor.py
[2026-06-22T10:25:36.814+0300] {processor.py:830} INFO - Processing file /media/data/omar/programming course/DEPI/DEPI project/anomx/venv/lib/python3.12/site-packages/airflow/example_dags/example_local_kubernetes_executor.py for tasks to queue
[2026-06-22T10:25:36.815+0300] {logging_mixin.py:188} INFO - [2026-06-22T10:25:36.814+0300] {dagbag.py:540} INFO - Filling up the DagBag from /media/data/omar/programming course/DEPI/DEPI project/anomx/venv/lib/python3.12/site-packages/airflow/example_dags/example_local_kubernetes_executor.py
[2026-06-22T10:25:36.822+0300] {logging_mixin.py:188} INFO - [2026-06-22T10:25:36.820+0300] {example_local_kubernetes_executor.py:40} WARNING - Could not import DAGs in example_local_kubernetes_executor.py
Traceback (most recent call last):
  File "/media/data/omar/programming course/DEPI/DEPI project/anomx/venv/lib/python3.12/site-packages/airflow/example_dags/example_local_kubernetes_executor.py", line 38, in <module>
    from kubernetes.client import models as k8s
ModuleNotFoundError: No module named 'kubernetes'
[2026-06-22T10:25:36.822+0300] {logging_mixin.py:188} INFO - [2026-06-22T10:25:36.822+0300] {example_local_kubernetes_executor.py:41} WARNING - Install Kubernetes dependencies with: pip install apache-airflow[cncf.kubernetes]
[2026-06-22T10:25:36.823+0300] {processor.py:842} WARNING - No viable dags retrieved from /media/data/omar/programming course/DEPI/DEPI project/anomx/venv/lib/python3.12/site-packages/airflow/example_dags/example_local_kubernetes_executor.py
[2026-06-22T10:25:36.834+0300] {processor.py:183} INFO - Processing /media/data/omar/programming course/DEPI/DEPI project/anomx/venv/lib/python3.12/site-packages/airflow/example_dags/example_local_kubernetes_executor.py took 0.036 seconds
[2026-06-22T10:26:30.164+0300] {processor.py:161} INFO - Started process (PID=56094) to work on /media/data/omar/programming course/DEPI/DEPI project/anomx/venv/lib/python3.12/site-packages/airflow/example_dags/example_local_kubernetes_executor.py
[2026-06-22T10:26:30.165+0300] {processor.py:830} INFO - Processing file /media/data/omar/programming course/DEPI/DEPI project/anomx/venv/lib/python3.12/site-packages/airflow/example_dags/example_local_kubernetes_executor.py for tasks to queue
[2026-06-22T10:26:30.167+0300] {logging_mixin.py:188} INFO - [2026-06-22T10:26:30.166+0300] {dagbag.py:540} INFO - Filling up the DagBag from /media/data/omar/programming course/DEPI/DEPI project/anomx/venv/lib/python3.12/site-packages/airflow/example_dags/example_local_kubernetes_executor.py
[2026-06-22T10:26:30.174+0300] {logging_mixin.py:188} INFO - [2026-06-22T10:26:30.172+0300] {example_local_kubernetes_executor.py:40} WARNING - Could not import DAGs in example_local_kubernetes_executor.py
Traceback (most recent call last):
  File "/media/data/omar/programming course/DEPI/DEPI project/anomx/venv/lib/python3.12/site-packages/airflow/example_dags/example_local_kubernetes_executor.py", line 38, in <module>
    from kubernetes.client import models as k8s
ModuleNotFoundError: No module named 'kubernetes'
[2026-06-22T10:26:30.174+0300] {logging_mixin.py:188} INFO - [2026-06-22T10:26:30.174+0300] {example_local_kubernetes_executor.py:41} WARNING - Install Kubernetes dependencies with: pip install apache-airflow[cncf.kubernetes]
[2026-06-22T10:26:30.175+0300] {processor.py:842} WARNING - No viable dags retrieved from /media/data/omar/programming course/DEPI/DEPI project/anomx/venv/lib/python3.12/site-packages/airflow/example_dags/example_local_kubernetes_executor.py
[2026-06-22T10:26:30.185+0300] {processor.py:183} INFO - Processing /media/data/omar/programming course/DEPI/DEPI project/anomx/venv/lib/python3.12/site-packages/airflow/example_dags/example_local_kubernetes_executor.py took 0.037 seconds
[2026-06-22T10:27:18.959+0300] {processor.py:161} INFO - Started process (PID=56179) to work on /media/data/omar/programming course/DEPI/DEPI project/anomx/venv/lib/python3.12/site-packages/airflow/example_dags/example_local_kubernetes_executor.py
[2026-06-22T10:27:18.960+0300] {processor.py:830} INFO - Processing file /media/data/omar/programming course/DEPI/DEPI project/anomx/venv/lib/python3.12/site-packages/airflow/example_dags/example_local_kubernetes_executor.py for tasks to queue
[2026-06-22T10:27:18.962+0300] {logging_mixin.py:188} INFO - [2026-06-22T10:27:18.961+0300] {dagbag.py:540} INFO - Filling up the DagBag from /media/data/omar/programming course/DEPI/DEPI project/anomx/venv/lib/python3.12/site-packages/airflow/example_dags/example_local_kubernetes_executor.py
[2026-06-22T10:27:18.968+0300] {logging_mixin.py:188} INFO - [2026-06-22T10:27:18.967+0300] {example_local_kubernetes_executor.py:40} WARNING - Could not import DAGs in example_local_kubernetes_executor.py
Traceback (most recent call last):
  File "/media/data/omar/programming course/DEPI/DEPI project/anomx/venv/lib/python3.12/site-packages/airflow/example_dags/example_local_kubernetes_executor.py", line 38, in <module>
    from kubernetes.client import models as k8s
ModuleNotFoundError: No module named 'kubernetes'
[2026-06-22T10:27:18.969+0300] {logging_mixin.py:188} INFO - [2026-06-22T10:27:18.969+0300] {example_local_kubernetes_executor.py:41} WARNING - Install Kubernetes dependencies with: pip install apache-airflow[cncf.kubernetes]
[2026-06-22T10:27:18.970+0300] {processor.py:842} WARNING - No viable dags retrieved from /media/data/omar/programming course/DEPI/DEPI project/anomx/venv/lib/python3.12/site-packages/airflow/example_dags/example_local_kubernetes_executor.py
[2026-06-22T10:27:18.984+0300] {processor.py:183} INFO - Processing /media/data/omar/programming course/DEPI/DEPI project/anomx/venv/lib/python3.12/site-packages/airflow/example_dags/example_local_kubernetes_executor.py took 0.033 seconds
[2026-06-22T10:28:10.188+0300] {processor.py:161} INFO - Started process (PID=56254) to work on /media/data/omar/programming course/DEPI/DEPI project/anomx/venv/lib/python3.12/site-packages/airflow/example_dags/example_local_kubernetes_executor.py
[2026-06-22T10:28:10.190+0300] {processor.py:830} INFO - Processing file /media/data/omar/programming course/DEPI/DEPI project/anomx/venv/lib/python3.12/site-packages/airflow/example_dags/example_local_kubernetes_executor.py for tasks to queue
[2026-06-22T10:28:10.192+0300] {logging_mixin.py:188} INFO - [2026-06-22T10:28:10.191+0300] {dagbag.py:540} INFO - Filling up the DagBag from /media/data/omar/programming course/DEPI/DEPI project/anomx/venv/lib/python3.12/site-packages/airflow/example_dags/example_local_kubernetes_executor.py
[2026-06-22T10:28:10.199+0300] {logging_mixin.py:188} INFO - [2026-06-22T10:28:10.198+0300] {example_local_kubernetes_executor.py:40} WARNING - Could not import DAGs in example_local_kubernetes_executor.py
Traceback (most recent call last):
  File "/media/data/omar/programming course/DEPI/DEPI project/anomx/venv/lib/python3.12/site-packages/airflow/example_dags/example_local_kubernetes_executor.py", line 38, in <module>
    from kubernetes.client import models as k8s
ModuleNotFoundError: No module named 'kubernetes'
[2026-06-22T10:28:10.200+0300] {logging_mixin.py:188} INFO - [2026-06-22T10:28:10.200+0300] {example_local_kubernetes_executor.py:41} WARNING - Install Kubernetes dependencies with: pip install apache-airflow[cncf.kubernetes]
[2026-06-22T10:28:10.201+0300] {processor.py:842} WARNING - No viable dags retrieved from /media/data/omar/programming course/DEPI/DEPI project/anomx/venv/lib/python3.12/site-packages/airflow/example_dags/example_local_kubernetes_executor.py
[2026-06-22T10:28:10.212+0300] {processor.py:183} INFO - Processing /media/data/omar/programming course/DEPI/DEPI project/anomx/venv/lib/python3.12/site-packages/airflow/example_dags/example_local_kubernetes_executor.py took 0.041 seconds
[2026-06-22T10:29:01.998+0300] {processor.py:161} INFO - Started process (PID=56334) to work on /media/data/omar/programming course/DEPI/DEPI project/anomx/venv/lib/python3.12/site-packages/airflow/example_dags/example_local_kubernetes_executor.py
[2026-06-22T10:29:01.999+0300] {processor.py:830} INFO - Processing file /media/data/omar/programming course/DEPI/DEPI project/anomx/venv/lib/python3.12/site-packages/airflow/example_dags/example_local_kubernetes_executor.py for tasks to queue
[2026-06-22T10:29:02.001+0300] {logging_mixin.py:188} INFO - [2026-06-22T10:29:02.000+0300] {dagbag.py:540} INFO - Filling up the DagBag from /media/data/omar/programming course/DEPI/DEPI project/anomx/venv/lib/python3.12/site-packages/airflow/example_dags/example_local_kubernetes_executor.py
[2026-06-22T10:29:02.006+0300] {logging_mixin.py:188} INFO - [2026-06-22T10:29:02.005+0300] {example_local_kubernetes_executor.py:40} WARNING - Could not import DAGs in example_local_kubernetes_executor.py
Traceback (most recent call last):
  File "/media/data/omar/programming course/DEPI/DEPI project/anomx/venv/lib/python3.12/site-packages/airflow/example_dags/example_local_kubernetes_executor.py", line 38, in <module>
    from kubernetes.client import models as k8s
ModuleNotFoundError: No module named 'kubernetes'
[2026-06-22T10:29:02.006+0300] {logging_mixin.py:188} INFO - [2026-06-22T10:29:02.006+0300] {example_local_kubernetes_executor.py:41} WARNING - Install Kubernetes dependencies with: pip install apache-airflow[cncf.kubernetes]
[2026-06-22T10:29:02.007+0300] {processor.py:842} WARNING - No viable dags retrieved from /media/data/omar/programming course/DEPI/DEPI project/anomx/venv/lib/python3.12/site-packages/airflow/example_dags/example_local_kubernetes_executor.py
[2026-06-22T10:29:02.019+0300] {processor.py:183} INFO - Processing /media/data/omar/programming course/DEPI/DEPI project/anomx/venv/lib/python3.12/site-packages/airflow/example_dags/example_local_kubernetes_executor.py took 0.027 seconds
[2026-06-22T10:29:54.137+0300] {processor.py:161} INFO - Started process (PID=56419) to work on /media/data/omar/programming course/DEPI/DEPI project/anomx/venv/lib/python3.12/site-packages/airflow/example_dags/example_local_kubernetes_executor.py
[2026-06-22T10:29:54.138+0300] {processor.py:830} INFO - Processing file /media/data/omar/programming course/DEPI/DEPI project/anomx/venv/lib/python3.12/site-packages/airflow/example_dags/example_local_kubernetes_executor.py for tasks to queue
[2026-06-22T10:29:54.140+0300] {logging_mixin.py:188} INFO - [2026-06-22T10:29:54.139+0300] {dagbag.py:540} INFO - Filling up the DagBag from /media/data/omar/programming course/DEPI/DEPI project/anomx/venv/lib/python3.12/site-packages/airflow/example_dags/example_local_kubernetes_executor.py
[2026-06-22T10:29:54.146+0300] {logging_mixin.py:188} INFO - [2026-06-22T10:29:54.145+0300] {example_local_kubernetes_executor.py:40} WARNING - Could not import DAGs in example_local_kubernetes_executor.py
Traceback (most recent call last):
  File "/media/data/omar/programming course/DEPI/DEPI project/anomx/venv/lib/python3.12/site-packages/airflow/example_dags/example_local_kubernetes_executor.py", line 38, in <module>
    from kubernetes.client import models as k8s
ModuleNotFoundError: No module named 'kubernetes'
[2026-06-22T10:29:54.147+0300] {logging_mixin.py:188} INFO - [2026-06-22T10:29:54.147+0300] {example_local_kubernetes_executor.py:41} WARNING - Install Kubernetes dependencies with: pip install apache-airflow[cncf.kubernetes]
[2026-06-22T10:29:54.148+0300] {processor.py:842} WARNING - No viable dags retrieved from /media/data/omar/programming course/DEPI/DEPI project/anomx/venv/lib/python3.12/site-packages/airflow/example_dags/example_local_kubernetes_executor.py
[2026-06-22T10:29:54.159+0300] {processor.py:183} INFO - Processing /media/data/omar/programming course/DEPI/DEPI project/anomx/venv/lib/python3.12/site-packages/airflow/example_dags/example_local_kubernetes_executor.py took 0.032 seconds
[2026-06-22T10:30:51.599+0300] {processor.py:161} INFO - Started process (PID=56508) to work on /media/data/omar/programming course/DEPI/DEPI project/anomx/venv/lib/python3.12/site-packages/airflow/example_dags/example_local_kubernetes_executor.py
[2026-06-22T10:30:51.600+0300] {processor.py:830} INFO - Processing file /media/data/omar/programming course/DEPI/DEPI project/anomx/venv/lib/python3.12/site-packages/airflow/example_dags/example_local_kubernetes_executor.py for tasks to queue
[2026-06-22T10:30:51.601+0300] {logging_mixin.py:188} INFO - [2026-06-22T10:30:51.600+0300] {dagbag.py:540} INFO - Filling up the DagBag from /media/data/omar/programming course/DEPI/DEPI project/anomx/venv/lib/python3.12/site-packages/airflow/example_dags/example_local_kubernetes_executor.py
[2026-06-22T10:30:51.607+0300] {logging_mixin.py:188} INFO - [2026-06-22T10:30:51.606+0300] {example_local_kubernetes_executor.py:40} WARNING - Could not import DAGs in example_local_kubernetes_executor.py
Traceback (most recent call last):
  File "/media/data/omar/programming course/DEPI/DEPI project/anomx/venv/lib/python3.12/site-packages/airflow/example_dags/example_local_kubernetes_executor.py", line 38, in <module>
    from kubernetes.client import models as k8s
ModuleNotFoundError: No module named 'kubernetes'
[2026-06-22T10:30:51.607+0300] {logging_mixin.py:188} INFO - [2026-06-22T10:30:51.607+0300] {example_local_kubernetes_executor.py:41} WARNING - Install Kubernetes dependencies with: pip install apache-airflow[cncf.kubernetes]
[2026-06-22T10:30:51.608+0300] {processor.py:842} WARNING - No viable dags retrieved from /media/data/omar/programming course/DEPI/DEPI project/anomx/venv/lib/python3.12/site-packages/airflow/example_dags/example_local_kubernetes_executor.py
[2026-06-22T10:30:51.622+0300] {processor.py:183} INFO - Processing /media/data/omar/programming course/DEPI/DEPI project/anomx/venv/lib/python3.12/site-packages/airflow/example_dags/example_local_kubernetes_executor.py took 0.030 seconds
[2026-06-22T10:31:44.698+0300] {processor.py:161} INFO - Started process (PID=56586) to work on /media/data/omar/programming course/DEPI/DEPI project/anomx/venv/lib/python3.12/site-packages/airflow/example_dags/example_local_kubernetes_executor.py
[2026-06-22T10:31:44.699+0300] {processor.py:830} INFO - Processing file /media/data/omar/programming course/DEPI/DEPI project/anomx/venv/lib/python3.12/site-packages/airflow/example_dags/example_local_kubernetes_executor.py for tasks to queue
[2026-06-22T10:31:44.701+0300] {logging_mixin.py:188} INFO - [2026-06-22T10:31:44.700+0300] {dagbag.py:540} INFO - Filling up the DagBag from /media/data/omar/programming course/DEPI/DEPI project/anomx/venv/lib/python3.12/site-packages/airflow/example_dags/example_local_kubernetes_executor.py
[2026-06-22T10:31:44.708+0300] {logging_mixin.py:188} INFO - [2026-06-22T10:31:44.706+0300] {example_local_kubernetes_executor.py:40} WARNING - Could not import DAGs in example_local_kubernetes_executor.py
Traceback (most recent call last):
  File "/media/data/omar/programming course/DEPI/DEPI project/anomx/venv/lib/python3.12/site-packages/airflow/example_dags/example_local_kubernetes_executor.py", line 38, in <module>
    from kubernetes.client import models as k8s
ModuleNotFoundError: No module named 'kubernetes'
[2026-06-22T10:31:44.709+0300] {logging_mixin.py:188} INFO - [2026-06-22T10:31:44.708+0300] {example_local_kubernetes_executor.py:41} WARNING - Install Kubernetes dependencies with: pip install apache-airflow[cncf.kubernetes]
[2026-06-22T10:31:44.709+0300] {processor.py:842} WARNING - No viable dags retrieved from /media/data/omar/programming course/DEPI/DEPI project/anomx/venv/lib/python3.12/site-packages/airflow/example_dags/example_local_kubernetes_executor.py
[2026-06-22T10:31:44.720+0300] {processor.py:183} INFO - Processing /media/data/omar/programming course/DEPI/DEPI project/anomx/venv/lib/python3.12/site-packages/airflow/example_dags/example_local_kubernetes_executor.py took 0.031 seconds
[2026-06-22T10:32:37.282+0300] {processor.py:161} INFO - Started process (PID=56676) to work on /media/data/omar/programming course/DEPI/DEPI project/anomx/venv/lib/python3.12/site-packages/airflow/example_dags/example_local_kubernetes_executor.py
[2026-06-22T10:32:37.284+0300] {processor.py:830} INFO - Processing file /media/data/omar/programming course/DEPI/DEPI project/anomx/venv/lib/python3.12/site-packages/airflow/example_dags/example_local_kubernetes_executor.py for tasks to queue
[2026-06-22T10:32:37.287+0300] {logging_mixin.py:188} INFO - [2026-06-22T10:32:37.286+0300] {dagbag.py:540} INFO - Filling up the DagBag from /media/data/omar/programming course/DEPI/DEPI project/anomx/venv/lib/python3.12/site-packages/airflow/example_dags/example_local_kubernetes_executor.py
[2026-06-22T10:32:37.295+0300] {logging_mixin.py:188} INFO - [2026-06-22T10:32:37.294+0300] {example_local_kubernetes_executor.py:40} WARNING - Could not import DAGs in example_local_kubernetes_executor.py
Traceback (most recent call last):
  File "/media/data/omar/programming course/DEPI/DEPI project/anomx/venv/lib/python3.12/site-packages/airflow/example_dags/example_local_kubernetes_executor.py", line 38, in <module>
    from kubernetes.client import models as k8s
ModuleNotFoundError: No module named 'kubernetes'
[2026-06-22T10:32:37.296+0300] {logging_mixin.py:188} INFO - [2026-06-22T10:32:37.296+0300] {example_local_kubernetes_executor.py:41} WARNING - Install Kubernetes dependencies with: pip install apache-airflow[cncf.kubernetes]
[2026-06-22T10:32:37.297+0300] {processor.py:842} WARNING - No viable dags retrieved from /media/data/omar/programming course/DEPI/DEPI project/anomx/venv/lib/python3.12/site-packages/airflow/example_dags/example_local_kubernetes_executor.py
[2026-06-22T10:32:37.309+0300] {processor.py:183} INFO - Processing /media/data/omar/programming course/DEPI/DEPI project/anomx/venv/lib/python3.12/site-packages/airflow/example_dags/example_local_kubernetes_executor.py took 0.045 seconds
[2026-06-22T10:33:29.294+0300] {processor.py:161} INFO - Started process (PID=56753) to work on /media/data/omar/programming course/DEPI/DEPI project/anomx/venv/lib/python3.12/site-packages/airflow/example_dags/example_local_kubernetes_executor.py
[2026-06-22T10:33:29.296+0300] {processor.py:830} INFO - Processing file /media/data/omar/programming course/DEPI/DEPI project/anomx/venv/lib/python3.12/site-packages/airflow/example_dags/example_local_kubernetes_executor.py for tasks to queue
[2026-06-22T10:33:29.297+0300] {logging_mixin.py:188} INFO - [2026-06-22T10:33:29.296+0300] {dagbag.py:540} INFO - Filling up the DagBag from /media/data/omar/programming course/DEPI/DEPI project/anomx/venv/lib/python3.12/site-packages/airflow/example_dags/example_local_kubernetes_executor.py
[2026-06-22T10:33:29.304+0300] {logging_mixin.py:188} INFO - [2026-06-22T10:33:29.303+0300] {example_local_kubernetes_executor.py:40} WARNING - Could not import DAGs in example_local_kubernetes_executor.py
Traceback (most recent call last):
  File "/media/data/omar/programming course/DEPI/DEPI project/anomx/venv/lib/python3.12/site-packages/airflow/example_dags/example_local_kubernetes_executor.py", line 38, in <module>
    from kubernetes.client import models as k8s
ModuleNotFoundError: No module named 'kubernetes'
[2026-06-22T10:33:29.305+0300] {logging_mixin.py:188} INFO - [2026-06-22T10:33:29.305+0300] {example_local_kubernetes_executor.py:41} WARNING - Install Kubernetes dependencies with: pip install apache-airflow[cncf.kubernetes]
[2026-06-22T10:33:29.305+0300] {processor.py:842} WARNING - No viable dags retrieved from /media/data/omar/programming course/DEPI/DEPI project/anomx/venv/lib/python3.12/site-packages/airflow/example_dags/example_local_kubernetes_executor.py
[2026-06-22T10:33:29.320+0300] {processor.py:183} INFO - Processing /media/data/omar/programming course/DEPI/DEPI project/anomx/venv/lib/python3.12/site-packages/airflow/example_dags/example_local_kubernetes_executor.py took 0.033 seconds
[2026-06-22T10:34:23.778+0300] {processor.py:161} INFO - Started process (PID=56846) to work on /media/data/omar/programming course/DEPI/DEPI project/anomx/venv/lib/python3.12/site-packages/airflow/example_dags/example_local_kubernetes_executor.py
[2026-06-22T10:34:23.780+0300] {processor.py:830} INFO - Processing file /media/data/omar/programming course/DEPI/DEPI project/anomx/venv/lib/python3.12/site-packages/airflow/example_dags/example_local_kubernetes_executor.py for tasks to queue
[2026-06-22T10:34:23.781+0300] {logging_mixin.py:188} INFO - [2026-06-22T10:34:23.781+0300] {dagbag.py:540} INFO - Filling up the DagBag from /media/data/omar/programming course/DEPI/DEPI project/anomx/venv/lib/python3.12/site-packages/airflow/example_dags/example_local_kubernetes_executor.py
[2026-06-22T10:34:23.788+0300] {logging_mixin.py:188} INFO - [2026-06-22T10:34:23.787+0300] {example_local_kubernetes_executor.py:40} WARNING - Could not import DAGs in example_local_kubernetes_executor.py
Traceback (most recent call last):
  File "/media/data/omar/programming course/DEPI/DEPI project/anomx/venv/lib/python3.12/site-packages/airflow/example_dags/example_local_kubernetes_executor.py", line 38, in <module>
    from kubernetes.client import models as k8s
ModuleNotFoundError: No module named 'kubernetes'
[2026-06-22T10:34:23.789+0300] {logging_mixin.py:188} INFO - [2026-06-22T10:34:23.788+0300] {example_local_kubernetes_executor.py:41} WARNING - Install Kubernetes dependencies with: pip install apache-airflow[cncf.kubernetes]
[2026-06-22T10:34:23.789+0300] {processor.py:842} WARNING - No viable dags retrieved from /media/data/omar/programming course/DEPI/DEPI project/anomx/venv/lib/python3.12/site-packages/airflow/example_dags/example_local_kubernetes_executor.py
[2026-06-22T10:34:23.802+0300] {processor.py:183} INFO - Processing /media/data/omar/programming course/DEPI/DEPI project/anomx/venv/lib/python3.12/site-packages/airflow/example_dags/example_local_kubernetes_executor.py took 0.037 seconds
[2026-06-22T10:35:18.093+0300] {processor.py:161} INFO - Started process (PID=56928) to work on /media/data/omar/programming course/DEPI/DEPI project/anomx/venv/lib/python3.12/site-packages/airflow/example_dags/example_local_kubernetes_executor.py
[2026-06-22T10:35:18.095+0300] {processor.py:830} INFO - Processing file /media/data/omar/programming course/DEPI/DEPI project/anomx/venv/lib/python3.12/site-packages/airflow/example_dags/example_local_kubernetes_executor.py for tasks to queue
[2026-06-22T10:35:18.097+0300] {logging_mixin.py:188} INFO - [2026-06-22T10:35:18.096+0300] {dagbag.py:540} INFO - Filling up the DagBag from /media/data/omar/programming course/DEPI/DEPI project/anomx/venv/lib/python3.12/site-packages/airflow/example_dags/example_local_kubernetes_executor.py
[2026-06-22T10:35:18.105+0300] {logging_mixin.py:188} INFO - [2026-06-22T10:35:18.103+0300] {example_local_kubernetes_executor.py:40} WARNING - Could not import DAGs in example_local_kubernetes_executor.py
Traceback (most recent call last):
  File "/media/data/omar/programming course/DEPI/DEPI project/anomx/venv/lib/python3.12/site-packages/airflow/example_dags/example_local_kubernetes_executor.py", line 38, in <module>
    from kubernetes.client import models as k8s
ModuleNotFoundError: No module named 'kubernetes'
[2026-06-22T10:35:18.106+0300] {logging_mixin.py:188} INFO - [2026-06-22T10:35:18.106+0300] {example_local_kubernetes_executor.py:41} WARNING - Install Kubernetes dependencies with: pip install apache-airflow[cncf.kubernetes]
[2026-06-22T10:35:18.107+0300] {processor.py:842} WARNING - No viable dags retrieved from /media/data/omar/programming course/DEPI/DEPI project/anomx/venv/lib/python3.12/site-packages/airflow/example_dags/example_local_kubernetes_executor.py
[2026-06-22T10:35:18.125+0300] {processor.py:183} INFO - Processing /media/data/omar/programming course/DEPI/DEPI project/anomx/venv/lib/python3.12/site-packages/airflow/example_dags/example_local_kubernetes_executor.py took 0.042 seconds
[2026-06-22T10:36:14.425+0300] {processor.py:161} INFO - Started process (PID=57020) to work on /media/data/omar/programming course/DEPI/DEPI project/anomx/venv/lib/python3.12/site-packages/airflow/example_dags/example_local_kubernetes_executor.py
[2026-06-22T10:36:14.427+0300] {processor.py:830} INFO - Processing file /media/data/omar/programming course/DEPI/DEPI project/anomx/venv/lib/python3.12/site-packages/airflow/example_dags/example_local_kubernetes_executor.py for tasks to queue
[2026-06-22T10:36:14.428+0300] {logging_mixin.py:188} INFO - [2026-06-22T10:36:14.428+0300] {dagbag.py:540} INFO - Filling up the DagBag from /media/data/omar/programming course/DEPI/DEPI project/anomx/venv/lib/python3.12/site-packages/airflow/example_dags/example_local_kubernetes_executor.py
[2026-06-22T10:36:14.436+0300] {logging_mixin.py:188} INFO - [2026-06-22T10:36:14.434+0300] {example_local_kubernetes_executor.py:40} WARNING - Could not import DAGs in example_local_kubernetes_executor.py
Traceback (most recent call last):
  File "/media/data/omar/programming course/DEPI/DEPI project/anomx/venv/lib/python3.12/site-packages/airflow/example_dags/example_local_kubernetes_executor.py", line 38, in <module>
    from kubernetes.client import models as k8s
ModuleNotFoundError: No module named 'kubernetes'
[2026-06-22T10:36:14.436+0300] {logging_mixin.py:188} INFO - [2026-06-22T10:36:14.436+0300] {example_local_kubernetes_executor.py:41} WARNING - Install Kubernetes dependencies with: pip install apache-airflow[cncf.kubernetes]
[2026-06-22T10:36:14.437+0300] {processor.py:842} WARNING - No viable dags retrieved from /media/data/omar/programming course/DEPI/DEPI project/anomx/venv/lib/python3.12/site-packages/airflow/example_dags/example_local_kubernetes_executor.py
[2026-06-22T10:36:14.448+0300] {processor.py:183} INFO - Processing /media/data/omar/programming course/DEPI/DEPI project/anomx/venv/lib/python3.12/site-packages/airflow/example_dags/example_local_kubernetes_executor.py took 0.037 seconds
[2026-06-22T10:37:07.173+0300] {processor.py:161} INFO - Started process (PID=57096) to work on /media/data/omar/programming course/DEPI/DEPI project/anomx/venv/lib/python3.12/site-packages/airflow/example_dags/example_local_kubernetes_executor.py
[2026-06-22T10:37:07.175+0300] {processor.py:830} INFO - Processing file /media/data/omar/programming course/DEPI/DEPI project/anomx/venv/lib/python3.12/site-packages/airflow/example_dags/example_local_kubernetes_executor.py for tasks to queue
[2026-06-22T10:37:07.177+0300] {logging_mixin.py:188} INFO - [2026-06-22T10:37:07.176+0300] {dagbag.py:540} INFO - Filling up the DagBag from /media/data/omar/programming course/DEPI/DEPI project/anomx/venv/lib/python3.12/site-packages/airflow/example_dags/example_local_kubernetes_executor.py
[2026-06-22T10:37:07.184+0300] {logging_mixin.py:188} INFO - [2026-06-22T10:37:07.182+0300] {example_local_kubernetes_executor.py:40} WARNING - Could not import DAGs in example_local_kubernetes_executor.py
Traceback (most recent call last):
  File "/media/data/omar/programming course/DEPI/DEPI project/anomx/venv/lib/python3.12/site-packages/airflow/example_dags/example_local_kubernetes_executor.py", line 38, in <module>
    from kubernetes.client import models as k8s
ModuleNotFoundError: No module named 'kubernetes'
[2026-06-22T10:37:07.185+0300] {logging_mixin.py:188} INFO - [2026-06-22T10:37:07.185+0300] {example_local_kubernetes_executor.py:41} WARNING - Install Kubernetes dependencies with: pip install apache-airflow[cncf.kubernetes]
[2026-06-22T10:37:07.186+0300] {processor.py:842} WARNING - No viable dags retrieved from /media/data/omar/programming course/DEPI/DEPI project/anomx/venv/lib/python3.12/site-packages/airflow/example_dags/example_local_kubernetes_executor.py
[2026-06-22T10:37:07.197+0300] {processor.py:183} INFO - Processing /media/data/omar/programming course/DEPI/DEPI project/anomx/venv/lib/python3.12/site-packages/airflow/example_dags/example_local_kubernetes_executor.py took 0.040 seconds
[2026-06-22T10:37:59.378+0300] {processor.py:161} INFO - Started process (PID=57172) to work on /media/data/omar/programming course/DEPI/DEPI project/anomx/venv/lib/python3.12/site-packages/airflow/example_dags/example_local_kubernetes_executor.py
[2026-06-22T10:37:59.380+0300] {processor.py:830} INFO - Processing file /media/data/omar/programming course/DEPI/DEPI project/anomx/venv/lib/python3.12/site-packages/airflow/example_dags/example_local_kubernetes_executor.py for tasks to queue
[2026-06-22T10:37:59.382+0300] {logging_mixin.py:188} INFO - [2026-06-22T10:37:59.381+0300] {dagbag.py:540} INFO - Filling up the DagBag from /media/data/omar/programming course/DEPI/DEPI project/anomx/venv/lib/python3.12/site-packages/airflow/example_dags/example_local_kubernetes_executor.py
[2026-06-22T10:37:59.390+0300] {logging_mixin.py:188} INFO - [2026-06-22T10:37:59.389+0300] {example_local_kubernetes_executor.py:40} WARNING - Could not import DAGs in example_local_kubernetes_executor.py
Traceback (most recent call last):
  File "/media/data/omar/programming course/DEPI/DEPI project/anomx/venv/lib/python3.12/site-packages/airflow/example_dags/example_local_kubernetes_executor.py", line 38, in <module>
    from kubernetes.client import models as k8s
ModuleNotFoundError: No module named 'kubernetes'
[2026-06-22T10:37:59.391+0300] {logging_mixin.py:188} INFO - [2026-06-22T10:37:59.391+0300] {example_local_kubernetes_executor.py:41} WARNING - Install Kubernetes dependencies with: pip install apache-airflow[cncf.kubernetes]
[2026-06-22T10:37:59.392+0300] {processor.py:842} WARNING - No viable dags retrieved from /media/data/omar/programming course/DEPI/DEPI project/anomx/venv/lib/python3.12/site-packages/airflow/example_dags/example_local_kubernetes_executor.py
[2026-06-22T10:37:59.404+0300] {processor.py:183} INFO - Processing /media/data/omar/programming course/DEPI/DEPI project/anomx/venv/lib/python3.12/site-packages/airflow/example_dags/example_local_kubernetes_executor.py took 0.044 seconds
[2026-06-22T10:38:52.544+0300] {processor.py:161} INFO - Started process (PID=57251) to work on /media/data/omar/programming course/DEPI/DEPI project/anomx/venv/lib/python3.12/site-packages/airflow/example_dags/example_local_kubernetes_executor.py
[2026-06-22T10:38:52.546+0300] {processor.py:830} INFO - Processing file /media/data/omar/programming course/DEPI/DEPI project/anomx/venv/lib/python3.12/site-packages/airflow/example_dags/example_local_kubernetes_executor.py for tasks to queue
[2026-06-22T10:38:52.548+0300] {logging_mixin.py:188} INFO - [2026-06-22T10:38:52.547+0300] {dagbag.py:540} INFO - Filling up the DagBag from /media/data/omar/programming course/DEPI/DEPI project/anomx/venv/lib/python3.12/site-packages/airflow/example_dags/example_local_kubernetes_executor.py
[2026-06-22T10:38:52.558+0300] {logging_mixin.py:188} INFO - [2026-06-22T10:38:52.556+0300] {example_local_kubernetes_executor.py:40} WARNING - Could not import DAGs in example_local_kubernetes_executor.py
Traceback (most recent call last):
  File "/media/data/omar/programming course/DEPI/DEPI project/anomx/venv/lib/python3.12/site-packages/airflow/example_dags/example_local_kubernetes_executor.py", line 38, in <module>
    from kubernetes.client import models as k8s
ModuleNotFoundError: No module named 'kubernetes'
[2026-06-22T10:38:52.559+0300] {logging_mixin.py:188} INFO - [2026-06-22T10:38:52.559+0300] {example_local_kubernetes_executor.py:41} WARNING - Install Kubernetes dependencies with: pip install apache-airflow[cncf.kubernetes]
[2026-06-22T10:38:52.560+0300] {processor.py:842} WARNING - No viable dags retrieved from /media/data/omar/programming course/DEPI/DEPI project/anomx/venv/lib/python3.12/site-packages/airflow/example_dags/example_local_kubernetes_executor.py
[2026-06-22T10:38:52.573+0300] {processor.py:183} INFO - Processing /media/data/omar/programming course/DEPI/DEPI project/anomx/venv/lib/python3.12/site-packages/airflow/example_dags/example_local_kubernetes_executor.py took 0.042 seconds
[2026-06-22T10:39:45.884+0300] {processor.py:161} INFO - Started process (PID=57328) to work on /media/data/omar/programming course/DEPI/DEPI project/anomx/venv/lib/python3.12/site-packages/airflow/example_dags/example_local_kubernetes_executor.py
[2026-06-22T10:39:45.887+0300] {processor.py:830} INFO - Processing file /media/data/omar/programming course/DEPI/DEPI project/anomx/venv/lib/python3.12/site-packages/airflow/example_dags/example_local_kubernetes_executor.py for tasks to queue
[2026-06-22T10:39:45.890+0300] {logging_mixin.py:188} INFO - [2026-06-22T10:39:45.889+0300] {dagbag.py:540} INFO - Filling up the DagBag from /media/data/omar/programming course/DEPI/DEPI project/anomx/venv/lib/python3.12/site-packages/airflow/example_dags/example_local_kubernetes_executor.py
[2026-06-22T10:39:45.900+0300] {logging_mixin.py:188} INFO - [2026-06-22T10:39:45.899+0300] {example_local_kubernetes_executor.py:40} WARNING - Could not import DAGs in example_local_kubernetes_executor.py
Traceback (most recent call last):
  File "/media/data/omar/programming course/DEPI/DEPI project/anomx/venv/lib/python3.12/site-packages/airflow/example_dags/example_local_kubernetes_executor.py", line 38, in <module>
    from kubernetes.client import models as k8s
ModuleNotFoundError: No module named 'kubernetes'
[2026-06-22T10:39:45.902+0300] {logging_mixin.py:188} INFO - [2026-06-22T10:39:45.901+0300] {example_local_kubernetes_executor.py:41} WARNING - Install Kubernetes dependencies with: pip install apache-airflow[cncf.kubernetes]
[2026-06-22T10:39:45.902+0300] {processor.py:842} WARNING - No viable dags retrieved from /media/data/omar/programming course/DEPI/DEPI project/anomx/venv/lib/python3.12/site-packages/airflow/example_dags/example_local_kubernetes_executor.py
[2026-06-22T10:39:45.914+0300] {processor.py:183} INFO - Processing /media/data/omar/programming course/DEPI/DEPI project/anomx/venv/lib/python3.12/site-packages/airflow/example_dags/example_local_kubernetes_executor.py took 0.049 seconds
[2026-06-22T10:40:40.087+0300] {processor.py:161} INFO - Started process (PID=57415) to work on /media/data/omar/programming course/DEPI/DEPI project/anomx/venv/lib/python3.12/site-packages/airflow/example_dags/example_local_kubernetes_executor.py
[2026-06-22T10:40:40.089+0300] {processor.py:830} INFO - Processing file /media/data/omar/programming course/DEPI/DEPI project/anomx/venv/lib/python3.12/site-packages/airflow/example_dags/example_local_kubernetes_executor.py for tasks to queue
[2026-06-22T10:40:40.091+0300] {logging_mixin.py:188} INFO - [2026-06-22T10:40:40.090+0300] {dagbag.py:540} INFO - Filling up the DagBag from /media/data/omar/programming course/DEPI/DEPI project/anomx/venv/lib/python3.12/site-packages/airflow/example_dags/example_local_kubernetes_executor.py
[2026-06-22T10:40:40.103+0300] {logging_mixin.py:188} INFO - [2026-06-22T10:40:40.100+0300] {example_local_kubernetes_executor.py:40} WARNING - Could not import DAGs in example_local_kubernetes_executor.py
Traceback (most recent call last):
  File "/media/data/omar/programming course/DEPI/DEPI project/anomx/venv/lib/python3.12/site-packages/airflow/example_dags/example_local_kubernetes_executor.py", line 38, in <module>
    from kubernetes.client import models as k8s
ModuleNotFoundError: No module named 'kubernetes'
[2026-06-22T10:40:40.104+0300] {logging_mixin.py:188} INFO - [2026-06-22T10:40:40.104+0300] {example_local_kubernetes_executor.py:41} WARNING - Install Kubernetes dependencies with: pip install apache-airflow[cncf.kubernetes]
[2026-06-22T10:40:40.106+0300] {processor.py:842} WARNING - No viable dags retrieved from /media/data/omar/programming course/DEPI/DEPI project/anomx/venv/lib/python3.12/site-packages/airflow/example_dags/example_local_kubernetes_executor.py
[2026-06-22T10:40:40.125+0300] {processor.py:183} INFO - Processing /media/data/omar/programming course/DEPI/DEPI project/anomx/venv/lib/python3.12/site-packages/airflow/example_dags/example_local_kubernetes_executor.py took 0.053 seconds
[2026-06-22T10:41:35.138+0300] {processor.py:161} INFO - Started process (PID=57505) to work on /media/data/omar/programming course/DEPI/DEPI project/anomx/venv/lib/python3.12/site-packages/airflow/example_dags/example_local_kubernetes_executor.py
[2026-06-22T10:41:35.139+0300] {processor.py:830} INFO - Processing file /media/data/omar/programming course/DEPI/DEPI project/anomx/venv/lib/python3.12/site-packages/airflow/example_dags/example_local_kubernetes_executor.py for tasks to queue
[2026-06-22T10:41:35.140+0300] {logging_mixin.py:188} INFO - [2026-06-22T10:41:35.139+0300] {dagbag.py:540} INFO - Filling up the DagBag from /media/data/omar/programming course/DEPI/DEPI project/anomx/venv/lib/python3.12/site-packages/airflow/example_dags/example_local_kubernetes_executor.py
[2026-06-22T10:41:35.144+0300] {logging_mixin.py:188} INFO - [2026-06-22T10:41:35.143+0300] {example_local_kubernetes_executor.py:40} WARNING - Could not import DAGs in example_local_kubernetes_executor.py
Traceback (most recent call last):
  File "/media/data/omar/programming course/DEPI/DEPI project/anomx/venv/lib/python3.12/site-packages/airflow/example_dags/example_local_kubernetes_executor.py", line 38, in <module>
    from kubernetes.client import models as k8s
ModuleNotFoundError: No module named 'kubernetes'
[2026-06-22T10:41:35.144+0300] {logging_mixin.py:188} INFO - [2026-06-22T10:41:35.144+0300] {example_local_kubernetes_executor.py:41} WARNING - Install Kubernetes dependencies with: pip install apache-airflow[cncf.kubernetes]
[2026-06-22T10:41:35.145+0300] {processor.py:842} WARNING - No viable dags retrieved from /media/data/omar/programming course/DEPI/DEPI project/anomx/venv/lib/python3.12/site-packages/airflow/example_dags/example_local_kubernetes_executor.py
[2026-06-22T10:41:35.154+0300] {processor.py:183} INFO - Processing /media/data/omar/programming course/DEPI/DEPI project/anomx/venv/lib/python3.12/site-packages/airflow/example_dags/example_local_kubernetes_executor.py took 0.021 seconds
[2026-06-22T10:42:29.704+0300] {processor.py:161} INFO - Started process (PID=57586) to work on /media/data/omar/programming course/DEPI/DEPI project/anomx/venv/lib/python3.12/site-packages/airflow/example_dags/example_local_kubernetes_executor.py
[2026-06-22T10:42:29.706+0300] {processor.py:830} INFO - Processing file /media/data/omar/programming course/DEPI/DEPI project/anomx/venv/lib/python3.12/site-packages/airflow/example_dags/example_local_kubernetes_executor.py for tasks to queue
[2026-06-22T10:42:29.708+0300] {logging_mixin.py:188} INFO - [2026-06-22T10:42:29.707+0300] {dagbag.py:540} INFO - Filling up the DagBag from /media/data/omar/programming course/DEPI/DEPI project/anomx/venv/lib/python3.12/site-packages/airflow/example_dags/example_local_kubernetes_executor.py
[2026-06-22T10:42:29.718+0300] {logging_mixin.py:188} INFO - [2026-06-22T10:42:29.716+0300] {example_local_kubernetes_executor.py:40} WARNING - Could not import DAGs in example_local_kubernetes_executor.py
Traceback (most recent call last):
  File "/media/data/omar/programming course/DEPI/DEPI project/anomx/venv/lib/python3.12/site-packages/airflow/example_dags/example_local_kubernetes_executor.py", line 38, in <module>
    from kubernetes.client import models as k8s
ModuleNotFoundError: No module named 'kubernetes'
[2026-06-22T10:42:29.720+0300] {logging_mixin.py:188} INFO - [2026-06-22T10:42:29.719+0300] {example_local_kubernetes_executor.py:41} WARNING - Install Kubernetes dependencies with: pip install apache-airflow[cncf.kubernetes]
[2026-06-22T10:42:29.721+0300] {processor.py:842} WARNING - No viable dags retrieved from /media/data/omar/programming course/DEPI/DEPI project/anomx/venv/lib/python3.12/site-packages/airflow/example_dags/example_local_kubernetes_executor.py
[2026-06-22T10:42:29.736+0300] {processor.py:183} INFO - Processing /media/data/omar/programming course/DEPI/DEPI project/anomx/venv/lib/python3.12/site-packages/airflow/example_dags/example_local_kubernetes_executor.py took 0.043 seconds
[2026-06-22T10:43:20.258+0300] {processor.py:161} INFO - Started process (PID=57670) to work on /media/data/omar/programming course/DEPI/DEPI project/anomx/venv/lib/python3.12/site-packages/airflow/example_dags/example_local_kubernetes_executor.py
[2026-06-22T10:43:20.259+0300] {processor.py:830} INFO - Processing file /media/data/omar/programming course/DEPI/DEPI project/anomx/venv/lib/python3.12/site-packages/airflow/example_dags/example_local_kubernetes_executor.py for tasks to queue
[2026-06-22T10:43:20.260+0300] {logging_mixin.py:188} INFO - [2026-06-22T10:43:20.259+0300] {dagbag.py:540} INFO - Filling up the DagBag from /media/data/omar/programming course/DEPI/DEPI project/anomx/venv/lib/python3.12/site-packages/airflow/example_dags/example_local_kubernetes_executor.py
[2026-06-22T10:43:20.264+0300] {logging_mixin.py:188} INFO - [2026-06-22T10:43:20.263+0300] {example_local_kubernetes_executor.py:40} WARNING - Could not import DAGs in example_local_kubernetes_executor.py
Traceback (most recent call last):
  File "/media/data/omar/programming course/DEPI/DEPI project/anomx/venv/lib/python3.12/site-packages/airflow/example_dags/example_local_kubernetes_executor.py", line 38, in <module>
    from kubernetes.client import models as k8s
ModuleNotFoundError: No module named 'kubernetes'
[2026-06-22T10:43:20.265+0300] {logging_mixin.py:188} INFO - [2026-06-22T10:43:20.265+0300] {example_local_kubernetes_executor.py:41} WARNING - Install Kubernetes dependencies with: pip install apache-airflow[cncf.kubernetes]
[2026-06-22T10:43:20.265+0300] {processor.py:842} WARNING - No viable dags retrieved from /media/data/omar/programming course/DEPI/DEPI project/anomx/venv/lib/python3.12/site-packages/airflow/example_dags/example_local_kubernetes_executor.py
[2026-06-22T10:43:20.277+0300] {processor.py:183} INFO - Processing /media/data/omar/programming course/DEPI/DEPI project/anomx/venv/lib/python3.12/site-packages/airflow/example_dags/example_local_kubernetes_executor.py took 0.026 seconds
[2026-06-22T10:44:11.021+0300] {processor.py:161} INFO - Started process (PID=57736) to work on /media/data/omar/programming course/DEPI/DEPI project/anomx/venv/lib/python3.12/site-packages/airflow/example_dags/example_local_kubernetes_executor.py
[2026-06-22T10:44:11.022+0300] {processor.py:830} INFO - Processing file /media/data/omar/programming course/DEPI/DEPI project/anomx/venv/lib/python3.12/site-packages/airflow/example_dags/example_local_kubernetes_executor.py for tasks to queue
[2026-06-22T10:44:11.024+0300] {logging_mixin.py:188} INFO - [2026-06-22T10:44:11.023+0300] {dagbag.py:540} INFO - Filling up the DagBag from /media/data/omar/programming course/DEPI/DEPI project/anomx/venv/lib/python3.12/site-packages/airflow/example_dags/example_local_kubernetes_executor.py
[2026-06-22T10:44:11.032+0300] {logging_mixin.py:188} INFO - [2026-06-22T10:44:11.030+0300] {example_local_kubernetes_executor.py:40} WARNING - Could not import DAGs in example_local_kubernetes_executor.py
Traceback (most recent call last):
  File "/media/data/omar/programming course/DEPI/DEPI project/anomx/venv/lib/python3.12/site-packages/airflow/example_dags/example_local_kubernetes_executor.py", line 38, in <module>
    from kubernetes.client import models as k8s
ModuleNotFoundError: No module named 'kubernetes'
[2026-06-22T10:44:11.033+0300] {logging_mixin.py:188} INFO - [2026-06-22T10:44:11.032+0300] {example_local_kubernetes_executor.py:41} WARNING - Install Kubernetes dependencies with: pip install apache-airflow[cncf.kubernetes]
[2026-06-22T10:44:11.033+0300] {processor.py:842} WARNING - No viable dags retrieved from /media/data/omar/programming course/DEPI/DEPI project/anomx/venv/lib/python3.12/site-packages/airflow/example_dags/example_local_kubernetes_executor.py
[2026-06-22T10:44:11.045+0300] {processor.py:183} INFO - Processing /media/data/omar/programming course/DEPI/DEPI project/anomx/venv/lib/python3.12/site-packages/airflow/example_dags/example_local_kubernetes_executor.py took 0.034 seconds
[2026-06-22T10:45:05.341+0300] {processor.py:161} INFO - Started process (PID=57834) to work on /media/data/omar/programming course/DEPI/DEPI project/anomx/venv/lib/python3.12/site-packages/airflow/example_dags/example_local_kubernetes_executor.py
[2026-06-22T10:45:05.342+0300] {processor.py:830} INFO - Processing file /media/data/omar/programming course/DEPI/DEPI project/anomx/venv/lib/python3.12/site-packages/airflow/example_dags/example_local_kubernetes_executor.py for tasks to queue
[2026-06-22T10:45:05.343+0300] {logging_mixin.py:188} INFO - [2026-06-22T10:45:05.343+0300] {dagbag.py:540} INFO - Filling up the DagBag from /media/data/omar/programming course/DEPI/DEPI project/anomx/venv/lib/python3.12/site-packages/airflow/example_dags/example_local_kubernetes_executor.py
[2026-06-22T10:45:05.349+0300] {logging_mixin.py:188} INFO - [2026-06-22T10:45:05.348+0300] {example_local_kubernetes_executor.py:40} WARNING - Could not import DAGs in example_local_kubernetes_executor.py
Traceback (most recent call last):
  File "/media/data/omar/programming course/DEPI/DEPI project/anomx/venv/lib/python3.12/site-packages/airflow/example_dags/example_local_kubernetes_executor.py", line 38, in <module>
    from kubernetes.client import models as k8s
ModuleNotFoundError: No module named 'kubernetes'
[2026-06-22T10:45:05.350+0300] {logging_mixin.py:188} INFO - [2026-06-22T10:45:05.350+0300] {example_local_kubernetes_executor.py:41} WARNING - Install Kubernetes dependencies with: pip install apache-airflow[cncf.kubernetes]
[2026-06-22T10:45:05.350+0300] {processor.py:842} WARNING - No viable dags retrieved from /media/data/omar/programming course/DEPI/DEPI project/anomx/venv/lib/python3.12/site-packages/airflow/example_dags/example_local_kubernetes_executor.py
[2026-06-22T10:45:05.361+0300] {processor.py:183} INFO - Processing /media/data/omar/programming course/DEPI/DEPI project/anomx/venv/lib/python3.12/site-packages/airflow/example_dags/example_local_kubernetes_executor.py took 0.030 seconds
[2026-06-22T10:45:58.460+0300] {processor.py:161} INFO - Started process (PID=57921) to work on /media/data/omar/programming course/DEPI/DEPI project/anomx/venv/lib/python3.12/site-packages/airflow/example_dags/example_local_kubernetes_executor.py
[2026-06-22T10:45:58.462+0300] {processor.py:830} INFO - Processing file /media/data/omar/programming course/DEPI/DEPI project/anomx/venv/lib/python3.12/site-packages/airflow/example_dags/example_local_kubernetes_executor.py for tasks to queue
[2026-06-22T10:45:58.464+0300] {logging_mixin.py:188} INFO - [2026-06-22T10:45:58.463+0300] {dagbag.py:540} INFO - Filling up the DagBag from /media/data/omar/programming course/DEPI/DEPI project/anomx/venv/lib/python3.12/site-packages/airflow/example_dags/example_local_kubernetes_executor.py
[2026-06-22T10:45:58.475+0300] {logging_mixin.py:188} INFO - [2026-06-22T10:45:58.473+0300] {example_local_kubernetes_executor.py:40} WARNING - Could not import DAGs in example_local_kubernetes_executor.py
Traceback (most recent call last):
  File "/media/data/omar/programming course/DEPI/DEPI project/anomx/venv/lib/python3.12/site-packages/airflow/example_dags/example_local_kubernetes_executor.py", line 38, in <module>
    from kubernetes.client import models as k8s
ModuleNotFoundError: No module named 'kubernetes'
[2026-06-22T10:45:58.477+0300] {logging_mixin.py:188} INFO - [2026-06-22T10:45:58.476+0300] {example_local_kubernetes_executor.py:41} WARNING - Install Kubernetes dependencies with: pip install apache-airflow[cncf.kubernetes]
[2026-06-22T10:45:58.477+0300] {processor.py:842} WARNING - No viable dags retrieved from /media/data/omar/programming course/DEPI/DEPI project/anomx/venv/lib/python3.12/site-packages/airflow/example_dags/example_local_kubernetes_executor.py
[2026-06-22T10:45:58.492+0300] {processor.py:183} INFO - Processing /media/data/omar/programming course/DEPI/DEPI project/anomx/venv/lib/python3.12/site-packages/airflow/example_dags/example_local_kubernetes_executor.py took 0.045 seconds
[2026-06-22T10:46:55.111+0300] {processor.py:161} INFO - Started process (PID=58014) to work on /media/data/omar/programming course/DEPI/DEPI project/anomx/venv/lib/python3.12/site-packages/airflow/example_dags/example_local_kubernetes_executor.py
[2026-06-22T10:46:55.111+0300] {processor.py:830} INFO - Processing file /media/data/omar/programming course/DEPI/DEPI project/anomx/venv/lib/python3.12/site-packages/airflow/example_dags/example_local_kubernetes_executor.py for tasks to queue
[2026-06-22T10:46:55.113+0300] {logging_mixin.py:188} INFO - [2026-06-22T10:46:55.112+0300] {dagbag.py:540} INFO - Filling up the DagBag from /media/data/omar/programming course/DEPI/DEPI project/anomx/venv/lib/python3.12/site-packages/airflow/example_dags/example_local_kubernetes_executor.py
[2026-06-22T10:46:55.118+0300] {logging_mixin.py:188} INFO - [2026-06-22T10:46:55.117+0300] {example_local_kubernetes_executor.py:40} WARNING - Could not import DAGs in example_local_kubernetes_executor.py
Traceback (most recent call last):
  File "/media/data/omar/programming course/DEPI/DEPI project/anomx/venv/lib/python3.12/site-packages/airflow/example_dags/example_local_kubernetes_executor.py", line 38, in <module>
    from kubernetes.client import models as k8s
ModuleNotFoundError: No module named 'kubernetes'
[2026-06-22T10:46:55.118+0300] {logging_mixin.py:188} INFO - [2026-06-22T10:46:55.118+0300] {example_local_kubernetes_executor.py:41} WARNING - Install Kubernetes dependencies with: pip install apache-airflow[cncf.kubernetes]
[2026-06-22T10:46:55.119+0300] {processor.py:842} WARNING - No viable dags retrieved from /media/data/omar/programming course/DEPI/DEPI project/anomx/venv/lib/python3.12/site-packages/airflow/example_dags/example_local_kubernetes_executor.py
[2026-06-22T10:46:55.128+0300] {processor.py:183} INFO - Processing /media/data/omar/programming course/DEPI/DEPI project/anomx/venv/lib/python3.12/site-packages/airflow/example_dags/example_local_kubernetes_executor.py took 0.022 seconds
[2026-06-22T10:47:48.204+0300] {processor.py:161} INFO - Started process (PID=58116) to work on /media/data/omar/programming course/DEPI/DEPI project/anomx/venv/lib/python3.12/site-packages/airflow/example_dags/example_local_kubernetes_executor.py
[2026-06-22T10:47:48.205+0300] {processor.py:830} INFO - Processing file /media/data/omar/programming course/DEPI/DEPI project/anomx/venv/lib/python3.12/site-packages/airflow/example_dags/example_local_kubernetes_executor.py for tasks to queue
[2026-06-22T10:47:48.206+0300] {logging_mixin.py:188} INFO - [2026-06-22T10:47:48.205+0300] {dagbag.py:540} INFO - Filling up the DagBag from /media/data/omar/programming course/DEPI/DEPI project/anomx/venv/lib/python3.12/site-packages/airflow/example_dags/example_local_kubernetes_executor.py
[2026-06-22T10:47:48.211+0300] {logging_mixin.py:188} INFO - [2026-06-22T10:47:48.210+0300] {example_local_kubernetes_executor.py:40} WARNING - Could not import DAGs in example_local_kubernetes_executor.py
Traceback (most recent call last):
  File "/media/data/omar/programming course/DEPI/DEPI project/anomx/venv/lib/python3.12/site-packages/airflow/example_dags/example_local_kubernetes_executor.py", line 38, in <module>
    from kubernetes.client import models as k8s
ModuleNotFoundError: No module named 'kubernetes'
[2026-06-22T10:47:48.212+0300] {logging_mixin.py:188} INFO - [2026-06-22T10:47:48.212+0300] {example_local_kubernetes_executor.py:41} WARNING - Install Kubernetes dependencies with: pip install apache-airflow[cncf.kubernetes]
[2026-06-22T10:47:48.213+0300] {processor.py:842} WARNING - No viable dags retrieved from /media/data/omar/programming course/DEPI/DEPI project/anomx/venv/lib/python3.12/site-packages/airflow/example_dags/example_local_kubernetes_executor.py
[2026-06-22T10:47:48.225+0300] {processor.py:183} INFO - Processing /media/data/omar/programming course/DEPI/DEPI project/anomx/venv/lib/python3.12/site-packages/airflow/example_dags/example_local_kubernetes_executor.py took 0.029 seconds
[2026-06-22T10:48:39.112+0300] {processor.py:161} INFO - Started process (PID=58194) to work on /media/data/omar/programming course/DEPI/DEPI project/anomx/venv/lib/python3.12/site-packages/airflow/example_dags/example_local_kubernetes_executor.py
[2026-06-22T10:48:39.113+0300] {processor.py:830} INFO - Processing file /media/data/omar/programming course/DEPI/DEPI project/anomx/venv/lib/python3.12/site-packages/airflow/example_dags/example_local_kubernetes_executor.py for tasks to queue
[2026-06-22T10:48:39.115+0300] {logging_mixin.py:188} INFO - [2026-06-22T10:48:39.114+0300] {dagbag.py:540} INFO - Filling up the DagBag from /media/data/omar/programming course/DEPI/DEPI project/anomx/venv/lib/python3.12/site-packages/airflow/example_dags/example_local_kubernetes_executor.py
[2026-06-22T10:48:39.120+0300] {logging_mixin.py:188} INFO - [2026-06-22T10:48:39.119+0300] {example_local_kubernetes_executor.py:40} WARNING - Could not import DAGs in example_local_kubernetes_executor.py
Traceback (most recent call last):
  File "/media/data/omar/programming course/DEPI/DEPI project/anomx/venv/lib/python3.12/site-packages/airflow/example_dags/example_local_kubernetes_executor.py", line 38, in <module>
    from kubernetes.client import models as k8s
ModuleNotFoundError: No module named 'kubernetes'
[2026-06-22T10:48:39.120+0300] {logging_mixin.py:188} INFO - [2026-06-22T10:48:39.120+0300] {example_local_kubernetes_executor.py:41} WARNING - Install Kubernetes dependencies with: pip install apache-airflow[cncf.kubernetes]
[2026-06-22T10:48:39.121+0300] {processor.py:842} WARNING - No viable dags retrieved from /media/data/omar/programming course/DEPI/DEPI project/anomx/venv/lib/python3.12/site-packages/airflow/example_dags/example_local_kubernetes_executor.py
[2026-06-22T10:48:39.132+0300] {processor.py:183} INFO - Processing /media/data/omar/programming course/DEPI/DEPI project/anomx/venv/lib/python3.12/site-packages/airflow/example_dags/example_local_kubernetes_executor.py took 0.026 seconds
[2026-06-22T10:49:27.228+0300] {processor.py:161} INFO - Started process (PID=58278) to work on /media/data/omar/programming course/DEPI/DEPI project/anomx/venv/lib/python3.12/site-packages/airflow/example_dags/example_local_kubernetes_executor.py
[2026-06-22T10:49:27.231+0300] {processor.py:830} INFO - Processing file /media/data/omar/programming course/DEPI/DEPI project/anomx/venv/lib/python3.12/site-packages/airflow/example_dags/example_local_kubernetes_executor.py for tasks to queue
[2026-06-22T10:49:27.233+0300] {logging_mixin.py:188} INFO - [2026-06-22T10:49:27.232+0300] {dagbag.py:540} INFO - Filling up the DagBag from /media/data/omar/programming course/DEPI/DEPI project/anomx/venv/lib/python3.12/site-packages/airflow/example_dags/example_local_kubernetes_executor.py
[2026-06-22T10:49:27.242+0300] {logging_mixin.py:188} INFO - [2026-06-22T10:49:27.240+0300] {example_local_kubernetes_executor.py:40} WARNING - Could not import DAGs in example_local_kubernetes_executor.py
Traceback (most recent call last):
  File "/media/data/omar/programming course/DEPI/DEPI project/anomx/venv/lib/python3.12/site-packages/airflow/example_dags/example_local_kubernetes_executor.py", line 38, in <module>
    from kubernetes.client import models as k8s
ModuleNotFoundError: No module named 'kubernetes'
[2026-06-22T10:49:27.243+0300] {logging_mixin.py:188} INFO - [2026-06-22T10:49:27.242+0300] {example_local_kubernetes_executor.py:41} WARNING - Install Kubernetes dependencies with: pip install apache-airflow[cncf.kubernetes]
[2026-06-22T10:49:27.243+0300] {processor.py:842} WARNING - No viable dags retrieved from /media/data/omar/programming course/DEPI/DEPI project/anomx/venv/lib/python3.12/site-packages/airflow/example_dags/example_local_kubernetes_executor.py
[2026-06-22T10:49:27.255+0300] {processor.py:183} INFO - Processing /media/data/omar/programming course/DEPI/DEPI project/anomx/venv/lib/python3.12/site-packages/airflow/example_dags/example_local_kubernetes_executor.py took 0.045 seconds
[2026-06-22T10:50:21.068+0300] {processor.py:161} INFO - Started process (PID=58468) to work on /media/data/omar/programming course/DEPI/DEPI project/anomx/venv/lib/python3.12/site-packages/airflow/example_dags/example_local_kubernetes_executor.py
[2026-06-22T10:50:21.070+0300] {processor.py:830} INFO - Processing file /media/data/omar/programming course/DEPI/DEPI project/anomx/venv/lib/python3.12/site-packages/airflow/example_dags/example_local_kubernetes_executor.py for tasks to queue
[2026-06-22T10:50:21.071+0300] {logging_mixin.py:188} INFO - [2026-06-22T10:50:21.070+0300] {dagbag.py:540} INFO - Filling up the DagBag from /media/data/omar/programming course/DEPI/DEPI project/anomx/venv/lib/python3.12/site-packages/airflow/example_dags/example_local_kubernetes_executor.py
[2026-06-22T10:50:21.078+0300] {logging_mixin.py:188} INFO - [2026-06-22T10:50:21.077+0300] {example_local_kubernetes_executor.py:40} WARNING - Could not import DAGs in example_local_kubernetes_executor.py
Traceback (most recent call last):
  File "/media/data/omar/programming course/DEPI/DEPI project/anomx/venv/lib/python3.12/site-packages/airflow/example_dags/example_local_kubernetes_executor.py", line 38, in <module>
    from kubernetes.client import models as k8s
ModuleNotFoundError: No module named 'kubernetes'
[2026-06-22T10:50:21.079+0300] {logging_mixin.py:188} INFO - [2026-06-22T10:50:21.079+0300] {example_local_kubernetes_executor.py:41} WARNING - Install Kubernetes dependencies with: pip install apache-airflow[cncf.kubernetes]
[2026-06-22T10:50:21.080+0300] {processor.py:842} WARNING - No viable dags retrieved from /media/data/omar/programming course/DEPI/DEPI project/anomx/venv/lib/python3.12/site-packages/airflow/example_dags/example_local_kubernetes_executor.py
[2026-06-22T10:50:21.097+0300] {processor.py:183} INFO - Processing /media/data/omar/programming course/DEPI/DEPI project/anomx/venv/lib/python3.12/site-packages/airflow/example_dags/example_local_kubernetes_executor.py took 0.042 seconds
[2026-06-22T10:51:18.960+0300] {processor.py:161} INFO - Started process (PID=58594) to work on /media/data/omar/programming course/DEPI/DEPI project/anomx/venv/lib/python3.12/site-packages/airflow/example_dags/example_local_kubernetes_executor.py
[2026-06-22T10:51:18.961+0300] {processor.py:830} INFO - Processing file /media/data/omar/programming course/DEPI/DEPI project/anomx/venv/lib/python3.12/site-packages/airflow/example_dags/example_local_kubernetes_executor.py for tasks to queue
[2026-06-22T10:51:18.963+0300] {logging_mixin.py:188} INFO - [2026-06-22T10:51:18.962+0300] {dagbag.py:540} INFO - Filling up the DagBag from /media/data/omar/programming course/DEPI/DEPI project/anomx/venv/lib/python3.12/site-packages/airflow/example_dags/example_local_kubernetes_executor.py
[2026-06-22T10:51:18.969+0300] {logging_mixin.py:188} INFO - [2026-06-22T10:51:18.968+0300] {example_local_kubernetes_executor.py:40} WARNING - Could not import DAGs in example_local_kubernetes_executor.py
Traceback (most recent call last):
  File "/media/data/omar/programming course/DEPI/DEPI project/anomx/venv/lib/python3.12/site-packages/airflow/example_dags/example_local_kubernetes_executor.py", line 38, in <module>
    from kubernetes.client import models as k8s
ModuleNotFoundError: No module named 'kubernetes'
[2026-06-22T10:51:18.970+0300] {logging_mixin.py:188} INFO - [2026-06-22T10:51:18.969+0300] {example_local_kubernetes_executor.py:41} WARNING - Install Kubernetes dependencies with: pip install apache-airflow[cncf.kubernetes]
[2026-06-22T10:51:18.970+0300] {processor.py:842} WARNING - No viable dags retrieved from /media/data/omar/programming course/DEPI/DEPI project/anomx/venv/lib/python3.12/site-packages/airflow/example_dags/example_local_kubernetes_executor.py
[2026-06-22T10:51:18.985+0300] {processor.py:183} INFO - Processing /media/data/omar/programming course/DEPI/DEPI project/anomx/venv/lib/python3.12/site-packages/airflow/example_dags/example_local_kubernetes_executor.py took 0.033 seconds
[2026-06-22T10:52:17.710+0300] {processor.py:161} INFO - Started process (PID=58745) to work on /media/data/omar/programming course/DEPI/DEPI project/anomx/venv/lib/python3.12/site-packages/airflow/example_dags/example_local_kubernetes_executor.py
[2026-06-22T10:52:17.711+0300] {processor.py:830} INFO - Processing file /media/data/omar/programming course/DEPI/DEPI project/anomx/venv/lib/python3.12/site-packages/airflow/example_dags/example_local_kubernetes_executor.py for tasks to queue
[2026-06-22T10:52:17.712+0300] {logging_mixin.py:188} INFO - [2026-06-22T10:52:17.712+0300] {dagbag.py:540} INFO - Filling up the DagBag from /media/data/omar/programming course/DEPI/DEPI project/anomx/venv/lib/python3.12/site-packages/airflow/example_dags/example_local_kubernetes_executor.py
[2026-06-22T10:52:17.718+0300] {logging_mixin.py:188} INFO - [2026-06-22T10:52:17.717+0300] {example_local_kubernetes_executor.py:40} WARNING - Could not import DAGs in example_local_kubernetes_executor.py
Traceback (most recent call last):
  File "/media/data/omar/programming course/DEPI/DEPI project/anomx/venv/lib/python3.12/site-packages/airflow/example_dags/example_local_kubernetes_executor.py", line 38, in <module>
    from kubernetes.client import models as k8s
ModuleNotFoundError: No module named 'kubernetes'
[2026-06-22T10:52:17.719+0300] {logging_mixin.py:188} INFO - [2026-06-22T10:52:17.719+0300] {example_local_kubernetes_executor.py:41} WARNING - Install Kubernetes dependencies with: pip install apache-airflow[cncf.kubernetes]
[2026-06-22T10:52:17.719+0300] {processor.py:842} WARNING - No viable dags retrieved from /media/data/omar/programming course/DEPI/DEPI project/anomx/venv/lib/python3.12/site-packages/airflow/example_dags/example_local_kubernetes_executor.py
[2026-06-22T10:52:17.731+0300] {processor.py:183} INFO - Processing /media/data/omar/programming course/DEPI/DEPI project/anomx/venv/lib/python3.12/site-packages/airflow/example_dags/example_local_kubernetes_executor.py took 0.030 seconds
[2026-06-22T10:53:13.899+0300] {processor.py:161} INFO - Started process (PID=58883) to work on /media/data/omar/programming course/DEPI/DEPI project/anomx/venv/lib/python3.12/site-packages/airflow/example_dags/example_local_kubernetes_executor.py
[2026-06-22T10:53:13.900+0300] {processor.py:830} INFO - Processing file /media/data/omar/programming course/DEPI/DEPI project/anomx/venv/lib/python3.12/site-packages/airflow/example_dags/example_local_kubernetes_executor.py for tasks to queue
[2026-06-22T10:53:13.902+0300] {logging_mixin.py:188} INFO - [2026-06-22T10:53:13.901+0300] {dagbag.py:540} INFO - Filling up the DagBag from /media/data/omar/programming course/DEPI/DEPI project/anomx/venv/lib/python3.12/site-packages/airflow/example_dags/example_local_kubernetes_executor.py
[2026-06-22T10:53:13.912+0300] {logging_mixin.py:188} INFO - [2026-06-22T10:53:13.910+0300] {example_local_kubernetes_executor.py:40} WARNING - Could not import DAGs in example_local_kubernetes_executor.py
Traceback (most recent call last):
  File "/media/data/omar/programming course/DEPI/DEPI project/anomx/venv/lib/python3.12/site-packages/airflow/example_dags/example_local_kubernetes_executor.py", line 38, in <module>
    from kubernetes.client import models as k8s
ModuleNotFoundError: No module named 'kubernetes'
[2026-06-22T10:53:13.913+0300] {logging_mixin.py:188} INFO - [2026-06-22T10:53:13.912+0300] {example_local_kubernetes_executor.py:41} WARNING - Install Kubernetes dependencies with: pip install apache-airflow[cncf.kubernetes]
[2026-06-22T10:53:13.914+0300] {processor.py:842} WARNING - No viable dags retrieved from /media/data/omar/programming course/DEPI/DEPI project/anomx/venv/lib/python3.12/site-packages/airflow/example_dags/example_local_kubernetes_executor.py
[2026-06-22T10:53:13.933+0300] {processor.py:183} INFO - Processing /media/data/omar/programming course/DEPI/DEPI project/anomx/venv/lib/python3.12/site-packages/airflow/example_dags/example_local_kubernetes_executor.py took 0.045 seconds
[2026-06-22T10:54:10.918+0300] {processor.py:161} INFO - Started process (PID=59084) to work on /media/data/omar/programming course/DEPI/DEPI project/anomx/venv/lib/python3.12/site-packages/airflow/example_dags/example_local_kubernetes_executor.py
[2026-06-22T10:54:10.919+0300] {processor.py:830} INFO - Processing file /media/data/omar/programming course/DEPI/DEPI project/anomx/venv/lib/python3.12/site-packages/airflow/example_dags/example_local_kubernetes_executor.py for tasks to queue
[2026-06-22T10:54:10.920+0300] {logging_mixin.py:188} INFO - [2026-06-22T10:54:10.919+0300] {dagbag.py:540} INFO - Filling up the DagBag from /media/data/omar/programming course/DEPI/DEPI project/anomx/venv/lib/python3.12/site-packages/airflow/example_dags/example_local_kubernetes_executor.py
[2026-06-22T10:54:10.926+0300] {logging_mixin.py:188} INFO - [2026-06-22T10:54:10.924+0300] {example_local_kubernetes_executor.py:40} WARNING - Could not import DAGs in example_local_kubernetes_executor.py
Traceback (most recent call last):
  File "/media/data/omar/programming course/DEPI/DEPI project/anomx/venv/lib/python3.12/site-packages/airflow/example_dags/example_local_kubernetes_executor.py", line 38, in <module>
    from kubernetes.client import models as k8s
ModuleNotFoundError: No module named 'kubernetes'
[2026-06-22T10:54:10.926+0300] {logging_mixin.py:188} INFO - [2026-06-22T10:54:10.926+0300] {example_local_kubernetes_executor.py:41} WARNING - Install Kubernetes dependencies with: pip install apache-airflow[cncf.kubernetes]
[2026-06-22T10:54:10.927+0300] {processor.py:842} WARNING - No viable dags retrieved from /media/data/omar/programming course/DEPI/DEPI project/anomx/venv/lib/python3.12/site-packages/airflow/example_dags/example_local_kubernetes_executor.py
[2026-06-22T10:54:10.942+0300] {processor.py:183} INFO - Processing /media/data/omar/programming course/DEPI/DEPI project/anomx/venv/lib/python3.12/site-packages/airflow/example_dags/example_local_kubernetes_executor.py took 0.031 seconds
[2026-06-22T10:55:04.522+0300] {processor.py:161} INFO - Started process (PID=59276) to work on /media/data/omar/programming course/DEPI/DEPI project/anomx/venv/lib/python3.12/site-packages/airflow/example_dags/example_local_kubernetes_executor.py
[2026-06-22T10:55:04.523+0300] {processor.py:830} INFO - Processing file /media/data/omar/programming course/DEPI/DEPI project/anomx/venv/lib/python3.12/site-packages/airflow/example_dags/example_local_kubernetes_executor.py for tasks to queue
[2026-06-22T10:55:04.524+0300] {logging_mixin.py:188} INFO - [2026-06-22T10:55:04.524+0300] {dagbag.py:540} INFO - Filling up the DagBag from /media/data/omar/programming course/DEPI/DEPI project/anomx/venv/lib/python3.12/site-packages/airflow/example_dags/example_local_kubernetes_executor.py
[2026-06-22T10:55:04.529+0300] {logging_mixin.py:188} INFO - [2026-06-22T10:55:04.528+0300] {example_local_kubernetes_executor.py:40} WARNING - Could not import DAGs in example_local_kubernetes_executor.py
Traceback (most recent call last):
  File "/media/data/omar/programming course/DEPI/DEPI project/anomx/venv/lib/python3.12/site-packages/airflow/example_dags/example_local_kubernetes_executor.py", line 38, in <module>
    from kubernetes.client import models as k8s
ModuleNotFoundError: No module named 'kubernetes'
[2026-06-22T10:55:04.530+0300] {logging_mixin.py:188} INFO - [2026-06-22T10:55:04.529+0300] {example_local_kubernetes_executor.py:41} WARNING - Install Kubernetes dependencies with: pip install apache-airflow[cncf.kubernetes]
[2026-06-22T10:55:04.530+0300] {processor.py:842} WARNING - No viable dags retrieved from /media/data/omar/programming course/DEPI/DEPI project/anomx/venv/lib/python3.12/site-packages/airflow/example_dags/example_local_kubernetes_executor.py
[2026-06-22T10:55:04.541+0300] {processor.py:183} INFO - Processing /media/data/omar/programming course/DEPI/DEPI project/anomx/venv/lib/python3.12/site-packages/airflow/example_dags/example_local_kubernetes_executor.py took 0.024 seconds
[2026-06-22T10:55:58.257+0300] {processor.py:161} INFO - Started process (PID=59399) to work on /media/data/omar/programming course/DEPI/DEPI project/anomx/venv/lib/python3.12/site-packages/airflow/example_dags/example_local_kubernetes_executor.py
[2026-06-22T10:55:58.258+0300] {processor.py:830} INFO - Processing file /media/data/omar/programming course/DEPI/DEPI project/anomx/venv/lib/python3.12/site-packages/airflow/example_dags/example_local_kubernetes_executor.py for tasks to queue
[2026-06-22T10:55:58.259+0300] {logging_mixin.py:188} INFO - [2026-06-22T10:55:58.258+0300] {dagbag.py:540} INFO - Filling up the DagBag from /media/data/omar/programming course/DEPI/DEPI project/anomx/venv/lib/python3.12/site-packages/airflow/example_dags/example_local_kubernetes_executor.py
[2026-06-22T10:55:58.264+0300] {logging_mixin.py:188} INFO - [2026-06-22T10:55:58.263+0300] {example_local_kubernetes_executor.py:40} WARNING - Could not import DAGs in example_local_kubernetes_executor.py
Traceback (most recent call last):
  File "/media/data/omar/programming course/DEPI/DEPI project/anomx/venv/lib/python3.12/site-packages/airflow/example_dags/example_local_kubernetes_executor.py", line 38, in <module>
    from kubernetes.client import models as k8s
ModuleNotFoundError: No module named 'kubernetes'
[2026-06-22T10:55:58.265+0300] {logging_mixin.py:188} INFO - [2026-06-22T10:55:58.264+0300] {example_local_kubernetes_executor.py:41} WARNING - Install Kubernetes dependencies with: pip install apache-airflow[cncf.kubernetes]
[2026-06-22T10:55:58.265+0300] {processor.py:842} WARNING - No viable dags retrieved from /media/data/omar/programming course/DEPI/DEPI project/anomx/venv/lib/python3.12/site-packages/airflow/example_dags/example_local_kubernetes_executor.py
[2026-06-22T10:55:58.277+0300] {processor.py:183} INFO - Processing /media/data/omar/programming course/DEPI/DEPI project/anomx/venv/lib/python3.12/site-packages/airflow/example_dags/example_local_kubernetes_executor.py took 0.029 seconds
[2026-06-22T10:56:55.101+0300] {processor.py:161} INFO - Started process (PID=59539) to work on /media/data/omar/programming course/DEPI/DEPI project/anomx/venv/lib/python3.12/site-packages/airflow/example_dags/example_local_kubernetes_executor.py
[2026-06-22T10:56:55.102+0300] {processor.py:830} INFO - Processing file /media/data/omar/programming course/DEPI/DEPI project/anomx/venv/lib/python3.12/site-packages/airflow/example_dags/example_local_kubernetes_executor.py for tasks to queue
[2026-06-22T10:56:55.104+0300] {logging_mixin.py:188} INFO - [2026-06-22T10:56:55.103+0300] {dagbag.py:540} INFO - Filling up the DagBag from /media/data/omar/programming course/DEPI/DEPI project/anomx/venv/lib/python3.12/site-packages/airflow/example_dags/example_local_kubernetes_executor.py
[2026-06-22T10:56:55.112+0300] {logging_mixin.py:188} INFO - [2026-06-22T10:56:55.110+0300] {example_local_kubernetes_executor.py:40} WARNING - Could not import DAGs in example_local_kubernetes_executor.py
Traceback (most recent call last):
  File "/media/data/omar/programming course/DEPI/DEPI project/anomx/venv/lib/python3.12/site-packages/airflow/example_dags/example_local_kubernetes_executor.py", line 38, in <module>
    from kubernetes.client import models as k8s
ModuleNotFoundError: No module named 'kubernetes'
[2026-06-22T10:56:55.114+0300] {logging_mixin.py:188} INFO - [2026-06-22T10:56:55.113+0300] {example_local_kubernetes_executor.py:41} WARNING - Install Kubernetes dependencies with: pip install apache-airflow[cncf.kubernetes]
[2026-06-22T10:56:55.115+0300] {processor.py:842} WARNING - No viable dags retrieved from /media/data/omar/programming course/DEPI/DEPI project/anomx/venv/lib/python3.12/site-packages/airflow/example_dags/example_local_kubernetes_executor.py
[2026-06-22T10:56:55.134+0300] {processor.py:183} INFO - Processing /media/data/omar/programming course/DEPI/DEPI project/anomx/venv/lib/python3.12/site-packages/airflow/example_dags/example_local_kubernetes_executor.py took 0.043 seconds
[2026-06-22T10:57:51.968+0300] {processor.py:161} INFO - Started process (PID=59634) to work on /media/data/omar/programming course/DEPI/DEPI project/anomx/venv/lib/python3.12/site-packages/airflow/example_dags/example_local_kubernetes_executor.py
[2026-06-22T10:57:51.969+0300] {processor.py:830} INFO - Processing file /media/data/omar/programming course/DEPI/DEPI project/anomx/venv/lib/python3.12/site-packages/airflow/example_dags/example_local_kubernetes_executor.py for tasks to queue
[2026-06-22T10:57:51.970+0300] {logging_mixin.py:188} INFO - [2026-06-22T10:57:51.970+0300] {dagbag.py:540} INFO - Filling up the DagBag from /media/data/omar/programming course/DEPI/DEPI project/anomx/venv/lib/python3.12/site-packages/airflow/example_dags/example_local_kubernetes_executor.py
[2026-06-22T10:57:51.977+0300] {logging_mixin.py:188} INFO - [2026-06-22T10:57:51.975+0300] {example_local_kubernetes_executor.py:40} WARNING - Could not import DAGs in example_local_kubernetes_executor.py
Traceback (most recent call last):
  File "/media/data/omar/programming course/DEPI/DEPI project/anomx/venv/lib/python3.12/site-packages/airflow/example_dags/example_local_kubernetes_executor.py", line 38, in <module>
    from kubernetes.client import models as k8s
ModuleNotFoundError: No module named 'kubernetes'
[2026-06-22T10:57:51.979+0300] {logging_mixin.py:188} INFO - [2026-06-22T10:57:51.978+0300] {example_local_kubernetes_executor.py:41} WARNING - Install Kubernetes dependencies with: pip install apache-airflow[cncf.kubernetes]
[2026-06-22T10:57:51.979+0300] {processor.py:842} WARNING - No viable dags retrieved from /media/data/omar/programming course/DEPI/DEPI project/anomx/venv/lib/python3.12/site-packages/airflow/example_dags/example_local_kubernetes_executor.py
[2026-06-22T10:57:51.991+0300] {processor.py:183} INFO - Processing /media/data/omar/programming course/DEPI/DEPI project/anomx/venv/lib/python3.12/site-packages/airflow/example_dags/example_local_kubernetes_executor.py took 0.034 seconds
[2026-06-22T10:58:51.523+0300] {processor.py:161} INFO - Started process (PID=59752) to work on /media/data/omar/programming course/DEPI/DEPI project/anomx/venv/lib/python3.12/site-packages/airflow/example_dags/example_local_kubernetes_executor.py
[2026-06-22T10:58:51.524+0300] {processor.py:830} INFO - Processing file /media/data/omar/programming course/DEPI/DEPI project/anomx/venv/lib/python3.12/site-packages/airflow/example_dags/example_local_kubernetes_executor.py for tasks to queue
[2026-06-22T10:58:51.525+0300] {logging_mixin.py:188} INFO - [2026-06-22T10:58:51.524+0300] {dagbag.py:540} INFO - Filling up the DagBag from /media/data/omar/programming course/DEPI/DEPI project/anomx/venv/lib/python3.12/site-packages/airflow/example_dags/example_local_kubernetes_executor.py
[2026-06-22T10:58:51.531+0300] {logging_mixin.py:188} INFO - [2026-06-22T10:58:51.529+0300] {example_local_kubernetes_executor.py:40} WARNING - Could not import DAGs in example_local_kubernetes_executor.py
Traceback (most recent call last):
  File "/media/data/omar/programming course/DEPI/DEPI project/anomx/venv/lib/python3.12/site-packages/airflow/example_dags/example_local_kubernetes_executor.py", line 38, in <module>
    from kubernetes.client import models as k8s
ModuleNotFoundError: No module named 'kubernetes'
[2026-06-22T10:58:51.531+0300] {logging_mixin.py:188} INFO - [2026-06-22T10:58:51.531+0300] {example_local_kubernetes_executor.py:41} WARNING - Install Kubernetes dependencies with: pip install apache-airflow[cncf.kubernetes]
[2026-06-22T10:58:51.532+0300] {processor.py:842} WARNING - No viable dags retrieved from /media/data/omar/programming course/DEPI/DEPI project/anomx/venv/lib/python3.12/site-packages/airflow/example_dags/example_local_kubernetes_executor.py
[2026-06-22T10:58:51.543+0300] {processor.py:183} INFO - Processing /media/data/omar/programming course/DEPI/DEPI project/anomx/venv/lib/python3.12/site-packages/airflow/example_dags/example_local_kubernetes_executor.py took 0.027 seconds
[2026-06-22T10:59:47.192+0300] {processor.py:161} INFO - Started process (PID=59848) to work on /media/data/omar/programming course/DEPI/DEPI project/anomx/venv/lib/python3.12/site-packages/airflow/example_dags/example_local_kubernetes_executor.py
[2026-06-22T10:59:47.193+0300] {processor.py:830} INFO - Processing file /media/data/omar/programming course/DEPI/DEPI project/anomx/venv/lib/python3.12/site-packages/airflow/example_dags/example_local_kubernetes_executor.py for tasks to queue
[2026-06-22T10:59:47.195+0300] {logging_mixin.py:188} INFO - [2026-06-22T10:59:47.194+0300] {dagbag.py:540} INFO - Filling up the DagBag from /media/data/omar/programming course/DEPI/DEPI project/anomx/venv/lib/python3.12/site-packages/airflow/example_dags/example_local_kubernetes_executor.py
[2026-06-22T10:59:47.203+0300] {logging_mixin.py:188} INFO - [2026-06-22T10:59:47.201+0300] {example_local_kubernetes_executor.py:40} WARNING - Could not import DAGs in example_local_kubernetes_executor.py
Traceback (most recent call last):
  File "/media/data/omar/programming course/DEPI/DEPI project/anomx/venv/lib/python3.12/site-packages/airflow/example_dags/example_local_kubernetes_executor.py", line 38, in <module>
    from kubernetes.client import models as k8s
ModuleNotFoundError: No module named 'kubernetes'
[2026-06-22T10:59:47.203+0300] {logging_mixin.py:188} INFO - [2026-06-22T10:59:47.203+0300] {example_local_kubernetes_executor.py:41} WARNING - Install Kubernetes dependencies with: pip install apache-airflow[cncf.kubernetes]
[2026-06-22T10:59:47.204+0300] {processor.py:842} WARNING - No viable dags retrieved from /media/data/omar/programming course/DEPI/DEPI project/anomx/venv/lib/python3.12/site-packages/airflow/example_dags/example_local_kubernetes_executor.py
[2026-06-22T10:59:47.217+0300] {processor.py:183} INFO - Processing /media/data/omar/programming course/DEPI/DEPI project/anomx/venv/lib/python3.12/site-packages/airflow/example_dags/example_local_kubernetes_executor.py took 0.039 seconds
[2026-06-22T11:00:38.270+0300] {processor.py:161} INFO - Started process (PID=59930) to work on /media/data/omar/programming course/DEPI/DEPI project/anomx/venv/lib/python3.12/site-packages/airflow/example_dags/example_local_kubernetes_executor.py
[2026-06-22T11:00:38.271+0300] {processor.py:830} INFO - Processing file /media/data/omar/programming course/DEPI/DEPI project/anomx/venv/lib/python3.12/site-packages/airflow/example_dags/example_local_kubernetes_executor.py for tasks to queue
[2026-06-22T11:00:38.272+0300] {logging_mixin.py:188} INFO - [2026-06-22T11:00:38.272+0300] {dagbag.py:540} INFO - Filling up the DagBag from /media/data/omar/programming course/DEPI/DEPI project/anomx/venv/lib/python3.12/site-packages/airflow/example_dags/example_local_kubernetes_executor.py
[2026-06-22T11:00:38.279+0300] {logging_mixin.py:188} INFO - [2026-06-22T11:00:38.278+0300] {example_local_kubernetes_executor.py:40} WARNING - Could not import DAGs in example_local_kubernetes_executor.py
Traceback (most recent call last):
  File "/media/data/omar/programming course/DEPI/DEPI project/anomx/venv/lib/python3.12/site-packages/airflow/example_dags/example_local_kubernetes_executor.py", line 38, in <module>
    from kubernetes.client import models as k8s
ModuleNotFoundError: No module named 'kubernetes'
[2026-06-22T11:00:38.280+0300] {logging_mixin.py:188} INFO - [2026-06-22T11:00:38.280+0300] {example_local_kubernetes_executor.py:41} WARNING - Install Kubernetes dependencies with: pip install apache-airflow[cncf.kubernetes]
[2026-06-22T11:00:38.281+0300] {processor.py:842} WARNING - No viable dags retrieved from /media/data/omar/programming course/DEPI/DEPI project/anomx/venv/lib/python3.12/site-packages/airflow/example_dags/example_local_kubernetes_executor.py
[2026-06-22T11:00:38.294+0300] {processor.py:183} INFO - Processing /media/data/omar/programming course/DEPI/DEPI project/anomx/venv/lib/python3.12/site-packages/airflow/example_dags/example_local_kubernetes_executor.py took 0.033 seconds
[2026-06-22T11:01:35.735+0300] {processor.py:161} INFO - Started process (PID=60026) to work on /media/data/omar/programming course/DEPI/DEPI project/anomx/venv/lib/python3.12/site-packages/airflow/example_dags/example_local_kubernetes_executor.py
[2026-06-22T11:01:35.737+0300] {processor.py:830} INFO - Processing file /media/data/omar/programming course/DEPI/DEPI project/anomx/venv/lib/python3.12/site-packages/airflow/example_dags/example_local_kubernetes_executor.py for tasks to queue
[2026-06-22T11:01:35.738+0300] {logging_mixin.py:188} INFO - [2026-06-22T11:01:35.738+0300] {dagbag.py:540} INFO - Filling up the DagBag from /media/data/omar/programming course/DEPI/DEPI project/anomx/venv/lib/python3.12/site-packages/airflow/example_dags/example_local_kubernetes_executor.py
[2026-06-22T11:01:35.746+0300] {logging_mixin.py:188} INFO - [2026-06-22T11:01:35.744+0300] {example_local_kubernetes_executor.py:40} WARNING - Could not import DAGs in example_local_kubernetes_executor.py
Traceback (most recent call last):
  File "/media/data/omar/programming course/DEPI/DEPI project/anomx/venv/lib/python3.12/site-packages/airflow/example_dags/example_local_kubernetes_executor.py", line 38, in <module>
    from kubernetes.client import models as k8s
ModuleNotFoundError: No module named 'kubernetes'
[2026-06-22T11:01:35.747+0300] {logging_mixin.py:188} INFO - [2026-06-22T11:01:35.746+0300] {example_local_kubernetes_executor.py:41} WARNING - Install Kubernetes dependencies with: pip install apache-airflow[cncf.kubernetes]
[2026-06-22T11:01:35.747+0300] {processor.py:842} WARNING - No viable dags retrieved from /media/data/omar/programming course/DEPI/DEPI project/anomx/venv/lib/python3.12/site-packages/airflow/example_dags/example_local_kubernetes_executor.py
[2026-06-22T11:01:35.760+0300] {processor.py:183} INFO - Processing /media/data/omar/programming course/DEPI/DEPI project/anomx/venv/lib/python3.12/site-packages/airflow/example_dags/example_local_kubernetes_executor.py took 0.037 seconds
[2026-06-22T11:02:33.262+0300] {processor.py:161} INFO - Started process (PID=60135) to work on /media/data/omar/programming course/DEPI/DEPI project/anomx/venv/lib/python3.12/site-packages/airflow/example_dags/example_local_kubernetes_executor.py
[2026-06-22T11:02:33.263+0300] {processor.py:830} INFO - Processing file /media/data/omar/programming course/DEPI/DEPI project/anomx/venv/lib/python3.12/site-packages/airflow/example_dags/example_local_kubernetes_executor.py for tasks to queue
[2026-06-22T11:02:33.265+0300] {logging_mixin.py:188} INFO - [2026-06-22T11:02:33.264+0300] {dagbag.py:540} INFO - Filling up the DagBag from /media/data/omar/programming course/DEPI/DEPI project/anomx/venv/lib/python3.12/site-packages/airflow/example_dags/example_local_kubernetes_executor.py
[2026-06-22T11:02:33.274+0300] {logging_mixin.py:188} INFO - [2026-06-22T11:02:33.272+0300] {example_local_kubernetes_executor.py:40} WARNING - Could not import DAGs in example_local_kubernetes_executor.py
Traceback (most recent call last):
  File "/media/data/omar/programming course/DEPI/DEPI project/anomx/venv/lib/python3.12/site-packages/airflow/example_dags/example_local_kubernetes_executor.py", line 38, in <module>
    from kubernetes.client import models as k8s
ModuleNotFoundError: No module named 'kubernetes'
[2026-06-22T11:02:33.275+0300] {logging_mixin.py:188} INFO - [2026-06-22T11:02:33.274+0300] {example_local_kubernetes_executor.py:41} WARNING - Install Kubernetes dependencies with: pip install apache-airflow[cncf.kubernetes]
[2026-06-22T11:02:33.276+0300] {processor.py:842} WARNING - No viable dags retrieved from /media/data/omar/programming course/DEPI/DEPI project/anomx/venv/lib/python3.12/site-packages/airflow/example_dags/example_local_kubernetes_executor.py
[2026-06-22T11:02:33.302+0300] {processor.py:183} INFO - Processing /media/data/omar/programming course/DEPI/DEPI project/anomx/venv/lib/python3.12/site-packages/airflow/example_dags/example_local_kubernetes_executor.py took 0.049 seconds
[2026-06-22T11:13:47.532+0300] {processor.py:161} INFO - Started process (PID=61086) to work on /media/data/omar/programming course/DEPI/DEPI project/anomx/venv/lib/python3.12/site-packages/airflow/example_dags/example_local_kubernetes_executor.py
[2026-06-22T11:13:47.533+0300] {processor.py:830} INFO - Processing file /media/data/omar/programming course/DEPI/DEPI project/anomx/venv/lib/python3.12/site-packages/airflow/example_dags/example_local_kubernetes_executor.py for tasks to queue
[2026-06-22T11:13:47.535+0300] {logging_mixin.py:188} INFO - [2026-06-22T11:13:47.535+0300] {dagbag.py:540} INFO - Filling up the DagBag from /media/data/omar/programming course/DEPI/DEPI project/anomx/venv/lib/python3.12/site-packages/airflow/example_dags/example_local_kubernetes_executor.py
[2026-06-22T11:13:47.542+0300] {logging_mixin.py:188} INFO - [2026-06-22T11:13:47.540+0300] {example_local_kubernetes_executor.py:40} WARNING - Could not import DAGs in example_local_kubernetes_executor.py
Traceback (most recent call last):
  File "/media/data/omar/programming course/DEPI/DEPI project/anomx/venv/lib/python3.12/site-packages/airflow/example_dags/example_local_kubernetes_executor.py", line 38, in <module>
    from kubernetes.client import models as k8s
ModuleNotFoundError: No module named 'kubernetes'
[2026-06-22T11:13:47.543+0300] {logging_mixin.py:188} INFO - [2026-06-22T11:13:47.542+0300] {example_local_kubernetes_executor.py:41} WARNING - Install Kubernetes dependencies with: pip install apache-airflow[cncf.kubernetes]
[2026-06-22T11:13:47.543+0300] {processor.py:842} WARNING - No viable dags retrieved from /media/data/omar/programming course/DEPI/DEPI project/anomx/venv/lib/python3.12/site-packages/airflow/example_dags/example_local_kubernetes_executor.py
[2026-06-22T11:13:47.555+0300] {processor.py:183} INFO - Processing /media/data/omar/programming course/DEPI/DEPI project/anomx/venv/lib/python3.12/site-packages/airflow/example_dags/example_local_kubernetes_executor.py took 0.032 seconds
[2026-06-22T11:14:44.744+0300] {processor.py:161} INFO - Started process (PID=61178) to work on /media/data/omar/programming course/DEPI/DEPI project/anomx/venv/lib/python3.12/site-packages/airflow/example_dags/example_local_kubernetes_executor.py
[2026-06-22T11:14:44.745+0300] {processor.py:830} INFO - Processing file /media/data/omar/programming course/DEPI/DEPI project/anomx/venv/lib/python3.12/site-packages/airflow/example_dags/example_local_kubernetes_executor.py for tasks to queue
[2026-06-22T11:14:44.747+0300] {logging_mixin.py:188} INFO - [2026-06-22T11:14:44.746+0300] {dagbag.py:540} INFO - Filling up the DagBag from /media/data/omar/programming course/DEPI/DEPI project/anomx/venv/lib/python3.12/site-packages/airflow/example_dags/example_local_kubernetes_executor.py
[2026-06-22T11:14:44.752+0300] {logging_mixin.py:188} INFO - [2026-06-22T11:14:44.751+0300] {example_local_kubernetes_executor.py:40} WARNING - Could not import DAGs in example_local_kubernetes_executor.py
Traceback (most recent call last):
  File "/media/data/omar/programming course/DEPI/DEPI project/anomx/venv/lib/python3.12/site-packages/airflow/example_dags/example_local_kubernetes_executor.py", line 38, in <module>
    from kubernetes.client import models as k8s
ModuleNotFoundError: No module named 'kubernetes'
[2026-06-22T11:14:44.752+0300] {logging_mixin.py:188} INFO - [2026-06-22T11:14:44.752+0300] {example_local_kubernetes_executor.py:41} WARNING - Install Kubernetes dependencies with: pip install apache-airflow[cncf.kubernetes]
[2026-06-22T11:14:44.753+0300] {processor.py:842} WARNING - No viable dags retrieved from /media/data/omar/programming course/DEPI/DEPI project/anomx/venv/lib/python3.12/site-packages/airflow/example_dags/example_local_kubernetes_executor.py
[2026-06-22T11:14:44.763+0300] {processor.py:183} INFO - Processing /media/data/omar/programming course/DEPI/DEPI project/anomx/venv/lib/python3.12/site-packages/airflow/example_dags/example_local_kubernetes_executor.py took 0.026 seconds
[2026-06-22T11:15:40.097+0300] {processor.py:161} INFO - Started process (PID=61261) to work on /media/data/omar/programming course/DEPI/DEPI project/anomx/venv/lib/python3.12/site-packages/airflow/example_dags/example_local_kubernetes_executor.py
[2026-06-22T11:15:40.099+0300] {processor.py:830} INFO - Processing file /media/data/omar/programming course/DEPI/DEPI project/anomx/venv/lib/python3.12/site-packages/airflow/example_dags/example_local_kubernetes_executor.py for tasks to queue
[2026-06-22T11:15:40.102+0300] {logging_mixin.py:188} INFO - [2026-06-22T11:15:40.101+0300] {dagbag.py:540} INFO - Filling up the DagBag from /media/data/omar/programming course/DEPI/DEPI project/anomx/venv/lib/python3.12/site-packages/airflow/example_dags/example_local_kubernetes_executor.py
[2026-06-22T11:15:40.108+0300] {logging_mixin.py:188} INFO - [2026-06-22T11:15:40.107+0300] {example_local_kubernetes_executor.py:40} WARNING - Could not import DAGs in example_local_kubernetes_executor.py
Traceback (most recent call last):
  File "/media/data/omar/programming course/DEPI/DEPI project/anomx/venv/lib/python3.12/site-packages/airflow/example_dags/example_local_kubernetes_executor.py", line 38, in <module>
    from kubernetes.client import models as k8s
ModuleNotFoundError: No module named 'kubernetes'
[2026-06-22T11:15:40.109+0300] {logging_mixin.py:188} INFO - [2026-06-22T11:15:40.109+0300] {example_local_kubernetes_executor.py:41} WARNING - Install Kubernetes dependencies with: pip install apache-airflow[cncf.kubernetes]
[2026-06-22T11:15:40.109+0300] {processor.py:842} WARNING - No viable dags retrieved from /media/data/omar/programming course/DEPI/DEPI project/anomx/venv/lib/python3.12/site-packages/airflow/example_dags/example_local_kubernetes_executor.py
[2026-06-22T11:15:40.125+0300] {processor.py:183} INFO - Processing /media/data/omar/programming course/DEPI/DEPI project/anomx/venv/lib/python3.12/site-packages/airflow/example_dags/example_local_kubernetes_executor.py took 0.037 seconds
[2026-06-22T11:16:39.004+0300] {processor.py:161} INFO - Started process (PID=61379) to work on /media/data/omar/programming course/DEPI/DEPI project/anomx/venv/lib/python3.12/site-packages/airflow/example_dags/example_local_kubernetes_executor.py
[2026-06-22T11:16:39.005+0300] {processor.py:830} INFO - Processing file /media/data/omar/programming course/DEPI/DEPI project/anomx/venv/lib/python3.12/site-packages/airflow/example_dags/example_local_kubernetes_executor.py for tasks to queue
[2026-06-22T11:16:39.007+0300] {logging_mixin.py:188} INFO - [2026-06-22T11:16:39.007+0300] {dagbag.py:540} INFO - Filling up the DagBag from /media/data/omar/programming course/DEPI/DEPI project/anomx/venv/lib/python3.12/site-packages/airflow/example_dags/example_local_kubernetes_executor.py
[2026-06-22T11:16:39.013+0300] {logging_mixin.py:188} INFO - [2026-06-22T11:16:39.011+0300] {example_local_kubernetes_executor.py:40} WARNING - Could not import DAGs in example_local_kubernetes_executor.py
Traceback (most recent call last):
  File "/media/data/omar/programming course/DEPI/DEPI project/anomx/venv/lib/python3.12/site-packages/airflow/example_dags/example_local_kubernetes_executor.py", line 38, in <module>
    from kubernetes.client import models as k8s
ModuleNotFoundError: No module named 'kubernetes'
[2026-06-22T11:16:39.014+0300] {logging_mixin.py:188} INFO - [2026-06-22T11:16:39.014+0300] {example_local_kubernetes_executor.py:41} WARNING - Install Kubernetes dependencies with: pip install apache-airflow[cncf.kubernetes]
[2026-06-22T11:16:39.015+0300] {processor.py:842} WARNING - No viable dags retrieved from /media/data/omar/programming course/DEPI/DEPI project/anomx/venv/lib/python3.12/site-packages/airflow/example_dags/example_local_kubernetes_executor.py
[2026-06-22T11:16:39.029+0300] {processor.py:183} INFO - Processing /media/data/omar/programming course/DEPI/DEPI project/anomx/venv/lib/python3.12/site-packages/airflow/example_dags/example_local_kubernetes_executor.py took 0.032 seconds
[2026-06-22T11:17:35.799+0300] {processor.py:161} INFO - Started process (PID=61476) to work on /media/data/omar/programming course/DEPI/DEPI project/anomx/venv/lib/python3.12/site-packages/airflow/example_dags/example_local_kubernetes_executor.py
[2026-06-22T11:17:35.800+0300] {processor.py:830} INFO - Processing file /media/data/omar/programming course/DEPI/DEPI project/anomx/venv/lib/python3.12/site-packages/airflow/example_dags/example_local_kubernetes_executor.py for tasks to queue
[2026-06-22T11:17:35.803+0300] {logging_mixin.py:188} INFO - [2026-06-22T11:17:35.802+0300] {dagbag.py:540} INFO - Filling up the DagBag from /media/data/omar/programming course/DEPI/DEPI project/anomx/venv/lib/python3.12/site-packages/airflow/example_dags/example_local_kubernetes_executor.py
[2026-06-22T11:17:35.809+0300] {logging_mixin.py:188} INFO - [2026-06-22T11:17:35.808+0300] {example_local_kubernetes_executor.py:40} WARNING - Could not import DAGs in example_local_kubernetes_executor.py
Traceback (most recent call last):
  File "/media/data/omar/programming course/DEPI/DEPI project/anomx/venv/lib/python3.12/site-packages/airflow/example_dags/example_local_kubernetes_executor.py", line 38, in <module>
    from kubernetes.client import models as k8s
ModuleNotFoundError: No module named 'kubernetes'
[2026-06-22T11:17:35.810+0300] {logging_mixin.py:188} INFO - [2026-06-22T11:17:35.809+0300] {example_local_kubernetes_executor.py:41} WARNING - Install Kubernetes dependencies with: pip install apache-airflow[cncf.kubernetes]
[2026-06-22T11:17:35.810+0300] {processor.py:842} WARNING - No viable dags retrieved from /media/data/omar/programming course/DEPI/DEPI project/anomx/venv/lib/python3.12/site-packages/airflow/example_dags/example_local_kubernetes_executor.py
[2026-06-22T11:17:35.833+0300] {processor.py:183} INFO - Processing /media/data/omar/programming course/DEPI/DEPI project/anomx/venv/lib/python3.12/site-packages/airflow/example_dags/example_local_kubernetes_executor.py took 0.046 seconds
[2026-06-22T11:18:32.964+0300] {processor.py:161} INFO - Started process (PID=61563) to work on /media/data/omar/programming course/DEPI/DEPI project/anomx/venv/lib/python3.12/site-packages/airflow/example_dags/example_local_kubernetes_executor.py
[2026-06-22T11:18:32.965+0300] {processor.py:830} INFO - Processing file /media/data/omar/programming course/DEPI/DEPI project/anomx/venv/lib/python3.12/site-packages/airflow/example_dags/example_local_kubernetes_executor.py for tasks to queue
[2026-06-22T11:18:32.967+0300] {logging_mixin.py:188} INFO - [2026-06-22T11:18:32.966+0300] {dagbag.py:540} INFO - Filling up the DagBag from /media/data/omar/programming course/DEPI/DEPI project/anomx/venv/lib/python3.12/site-packages/airflow/example_dags/example_local_kubernetes_executor.py
[2026-06-22T11:18:32.973+0300] {logging_mixin.py:188} INFO - [2026-06-22T11:18:32.971+0300] {example_local_kubernetes_executor.py:40} WARNING - Could not import DAGs in example_local_kubernetes_executor.py
Traceback (most recent call last):
  File "/media/data/omar/programming course/DEPI/DEPI project/anomx/venv/lib/python3.12/site-packages/airflow/example_dags/example_local_kubernetes_executor.py", line 38, in <module>
    from kubernetes.client import models as k8s
ModuleNotFoundError: No module named 'kubernetes'
[2026-06-22T11:18:32.973+0300] {logging_mixin.py:188} INFO - [2026-06-22T11:18:32.973+0300] {example_local_kubernetes_executor.py:41} WARNING - Install Kubernetes dependencies with: pip install apache-airflow[cncf.kubernetes]
[2026-06-22T11:18:32.974+0300] {processor.py:842} WARNING - No viable dags retrieved from /media/data/omar/programming course/DEPI/DEPI project/anomx/venv/lib/python3.12/site-packages/airflow/example_dags/example_local_kubernetes_executor.py
[2026-06-22T11:18:32.985+0300] {processor.py:183} INFO - Processing /media/data/omar/programming course/DEPI/DEPI project/anomx/venv/lib/python3.12/site-packages/airflow/example_dags/example_local_kubernetes_executor.py took 0.030 seconds
[2026-06-22T11:19:30.209+0300] {processor.py:161} INFO - Started process (PID=61660) to work on /media/data/omar/programming course/DEPI/DEPI project/anomx/venv/lib/python3.12/site-packages/airflow/example_dags/example_local_kubernetes_executor.py
[2026-06-22T11:19:30.211+0300] {processor.py:830} INFO - Processing file /media/data/omar/programming course/DEPI/DEPI project/anomx/venv/lib/python3.12/site-packages/airflow/example_dags/example_local_kubernetes_executor.py for tasks to queue
[2026-06-22T11:19:30.216+0300] {logging_mixin.py:188} INFO - [2026-06-22T11:19:30.215+0300] {dagbag.py:540} INFO - Filling up the DagBag from /media/data/omar/programming course/DEPI/DEPI project/anomx/venv/lib/python3.12/site-packages/airflow/example_dags/example_local_kubernetes_executor.py
[2026-06-22T11:19:30.222+0300] {logging_mixin.py:188} INFO - [2026-06-22T11:19:30.221+0300] {example_local_kubernetes_executor.py:40} WARNING - Could not import DAGs in example_local_kubernetes_executor.py
Traceback (most recent call last):
  File "/media/data/omar/programming course/DEPI/DEPI project/anomx/venv/lib/python3.12/site-packages/airflow/example_dags/example_local_kubernetes_executor.py", line 38, in <module>
    from kubernetes.client import models as k8s
ModuleNotFoundError: No module named 'kubernetes'
[2026-06-22T11:19:30.224+0300] {logging_mixin.py:188} INFO - [2026-06-22T11:19:30.223+0300] {example_local_kubernetes_executor.py:41} WARNING - Install Kubernetes dependencies with: pip install apache-airflow[cncf.kubernetes]
[2026-06-22T11:19:30.226+0300] {processor.py:842} WARNING - No viable dags retrieved from /media/data/omar/programming course/DEPI/DEPI project/anomx/venv/lib/python3.12/site-packages/airflow/example_dags/example_local_kubernetes_executor.py
[2026-06-22T11:19:30.252+0300] {processor.py:183} INFO - Processing /media/data/omar/programming course/DEPI/DEPI project/anomx/venv/lib/python3.12/site-packages/airflow/example_dags/example_local_kubernetes_executor.py took 0.057 seconds
[2026-06-22T11:20:26.136+0300] {processor.py:161} INFO - Started process (PID=61762) to work on /media/data/omar/programming course/DEPI/DEPI project/anomx/venv/lib/python3.12/site-packages/airflow/example_dags/example_local_kubernetes_executor.py
[2026-06-22T11:20:26.137+0300] {processor.py:830} INFO - Processing file /media/data/omar/programming course/DEPI/DEPI project/anomx/venv/lib/python3.12/site-packages/airflow/example_dags/example_local_kubernetes_executor.py for tasks to queue
[2026-06-22T11:20:26.139+0300] {logging_mixin.py:188} INFO - [2026-06-22T11:20:26.138+0300] {dagbag.py:540} INFO - Filling up the DagBag from /media/data/omar/programming course/DEPI/DEPI project/anomx/venv/lib/python3.12/site-packages/airflow/example_dags/example_local_kubernetes_executor.py
[2026-06-22T11:20:26.145+0300] {logging_mixin.py:188} INFO - [2026-06-22T11:20:26.144+0300] {example_local_kubernetes_executor.py:40} WARNING - Could not import DAGs in example_local_kubernetes_executor.py
Traceback (most recent call last):
  File "/media/data/omar/programming course/DEPI/DEPI project/anomx/venv/lib/python3.12/site-packages/airflow/example_dags/example_local_kubernetes_executor.py", line 38, in <module>
    from kubernetes.client import models as k8s
ModuleNotFoundError: No module named 'kubernetes'
[2026-06-22T11:20:26.146+0300] {logging_mixin.py:188} INFO - [2026-06-22T11:20:26.146+0300] {example_local_kubernetes_executor.py:41} WARNING - Install Kubernetes dependencies with: pip install apache-airflow[cncf.kubernetes]
[2026-06-22T11:20:26.147+0300] {processor.py:842} WARNING - No viable dags retrieved from /media/data/omar/programming course/DEPI/DEPI project/anomx/venv/lib/python3.12/site-packages/airflow/example_dags/example_local_kubernetes_executor.py
[2026-06-22T11:20:26.164+0300] {processor.py:183} INFO - Processing /media/data/omar/programming course/DEPI/DEPI project/anomx/venv/lib/python3.12/site-packages/airflow/example_dags/example_local_kubernetes_executor.py took 0.037 seconds
[2026-06-22T11:21:22.377+0300] {processor.py:161} INFO - Started process (PID=61849) to work on /media/data/omar/programming course/DEPI/DEPI project/anomx/venv/lib/python3.12/site-packages/airflow/example_dags/example_local_kubernetes_executor.py
[2026-06-22T11:21:22.378+0300] {processor.py:830} INFO - Processing file /media/data/omar/programming course/DEPI/DEPI project/anomx/venv/lib/python3.12/site-packages/airflow/example_dags/example_local_kubernetes_executor.py for tasks to queue
[2026-06-22T11:21:22.380+0300] {logging_mixin.py:188} INFO - [2026-06-22T11:21:22.379+0300] {dagbag.py:540} INFO - Filling up the DagBag from /media/data/omar/programming course/DEPI/DEPI project/anomx/venv/lib/python3.12/site-packages/airflow/example_dags/example_local_kubernetes_executor.py
[2026-06-22T11:21:22.384+0300] {logging_mixin.py:188} INFO - [2026-06-22T11:21:22.383+0300] {example_local_kubernetes_executor.py:40} WARNING - Could not import DAGs in example_local_kubernetes_executor.py
Traceback (most recent call last):
  File "/media/data/omar/programming course/DEPI/DEPI project/anomx/venv/lib/python3.12/site-packages/airflow/example_dags/example_local_kubernetes_executor.py", line 38, in <module>
    from kubernetes.client import models as k8s
ModuleNotFoundError: No module named 'kubernetes'
[2026-06-22T11:21:22.385+0300] {logging_mixin.py:188} INFO - [2026-06-22T11:21:22.384+0300] {example_local_kubernetes_executor.py:41} WARNING - Install Kubernetes dependencies with: pip install apache-airflow[cncf.kubernetes]
[2026-06-22T11:21:22.385+0300] {processor.py:842} WARNING - No viable dags retrieved from /media/data/omar/programming course/DEPI/DEPI project/anomx/venv/lib/python3.12/site-packages/airflow/example_dags/example_local_kubernetes_executor.py
[2026-06-22T11:21:22.397+0300] {processor.py:183} INFO - Processing /media/data/omar/programming course/DEPI/DEPI project/anomx/venv/lib/python3.12/site-packages/airflow/example_dags/example_local_kubernetes_executor.py took 0.026 seconds
[2026-06-22T11:22:17.625+0300] {processor.py:161} INFO - Started process (PID=61941) to work on /media/data/omar/programming course/DEPI/DEPI project/anomx/venv/lib/python3.12/site-packages/airflow/example_dags/example_local_kubernetes_executor.py
[2026-06-22T11:22:17.626+0300] {processor.py:830} INFO - Processing file /media/data/omar/programming course/DEPI/DEPI project/anomx/venv/lib/python3.12/site-packages/airflow/example_dags/example_local_kubernetes_executor.py for tasks to queue
[2026-06-22T11:22:17.627+0300] {logging_mixin.py:188} INFO - [2026-06-22T11:22:17.627+0300] {dagbag.py:540} INFO - Filling up the DagBag from /media/data/omar/programming course/DEPI/DEPI project/anomx/venv/lib/python3.12/site-packages/airflow/example_dags/example_local_kubernetes_executor.py
[2026-06-22T11:22:17.632+0300] {logging_mixin.py:188} INFO - [2026-06-22T11:22:17.631+0300] {example_local_kubernetes_executor.py:40} WARNING - Could not import DAGs in example_local_kubernetes_executor.py
Traceback (most recent call last):
  File "/media/data/omar/programming course/DEPI/DEPI project/anomx/venv/lib/python3.12/site-packages/airflow/example_dags/example_local_kubernetes_executor.py", line 38, in <module>
    from kubernetes.client import models as k8s
ModuleNotFoundError: No module named 'kubernetes'
[2026-06-22T11:22:17.632+0300] {logging_mixin.py:188} INFO - [2026-06-22T11:22:17.632+0300] {example_local_kubernetes_executor.py:41} WARNING - Install Kubernetes dependencies with: pip install apache-airflow[cncf.kubernetes]
[2026-06-22T11:22:17.633+0300] {processor.py:842} WARNING - No viable dags retrieved from /media/data/omar/programming course/DEPI/DEPI project/anomx/venv/lib/python3.12/site-packages/airflow/example_dags/example_local_kubernetes_executor.py
[2026-06-22T11:22:17.644+0300] {processor.py:183} INFO - Processing /media/data/omar/programming course/DEPI/DEPI project/anomx/venv/lib/python3.12/site-packages/airflow/example_dags/example_local_kubernetes_executor.py took 0.025 seconds
