[2026-06-22T08:15:34.929+0300] {processor.py:161} INFO - Started process (PID=42107) to work on /media/data/omar/programming course/DEPI/DEPI project/anomx/venv/lib/python3.12/site-packages/airflow/example_dags/example_branch_operator_decorator.py
[2026-06-22T08:15:34.931+0300] {processor.py:830} INFO - Processing file /media/data/omar/programming course/DEPI/DEPI project/anomx/venv/lib/python3.12/site-packages/airflow/example_dags/example_branch_operator_decorator.py for tasks to queue
[2026-06-22T08:15:34.934+0300] {logging_mixin.py:188} INFO - [2026-06-22T08:15:34.933+0300] {dagbag.py:540} INFO - Filling up the DagBag from /media/data/omar/programming course/DEPI/DEPI project/anomx/venv/lib/python3.12/site-packages/airflow/example_dags/example_branch_operator_decorator.py
[2026-06-22T08:15:34.964+0300] {processor.py:840} INFO - DAG(s) 'example_branch_python_operator_decorator' retrieved from /media/data/omar/programming course/DEPI/DEPI project/anomx/venv/lib/python3.12/site-packages/airflow/example_dags/example_branch_operator_decorator.py
[2026-06-22T08:15:34.985+0300] {logging_mixin.py:188} INFO - [2026-06-22T08:15:34.985+0300] {dag.py:3096} INFO - Sync 1 DAGs
[2026-06-22T08:15:34.999+0300] {logging_mixin.py:188} INFO - [2026-06-22T08:15:34.998+0300] {dag.py:3954} INFO - Setting next_dagrun for example_branch_python_operator_decorator to 2026-06-21 00:00:00+00:00, run_after=2026-06-22 00:00:00+00:00
[2026-06-22T08:15:35.024+0300] {processor.py:183} INFO - Processing /media/data/omar/programming course/DEPI/DEPI project/anomx/venv/lib/python3.12/site-packages/airflow/example_dags/example_branch_operator_decorator.py took 0.108 seconds
[2026-06-22T08:16:30.861+0300] {processor.py:161} INFO - Started process (PID=42190) to work on /media/data/omar/programming course/DEPI/DEPI project/anomx/venv/lib/python3.12/site-packages/airflow/example_dags/example_branch_operator_decorator.py
[2026-06-22T08:16:30.864+0300] {processor.py:830} INFO - Processing file /media/data/omar/programming course/DEPI/DEPI project/anomx/venv/lib/python3.12/site-packages/airflow/example_dags/example_branch_operator_decorator.py for tasks to queue
[2026-06-22T08:16:30.867+0300] {logging_mixin.py:188} INFO - [2026-06-22T08:16:30.866+0300] {dagbag.py:540} INFO - Filling up the DagBag from /media/data/omar/programming course/DEPI/DEPI project/anomx/venv/lib/python3.12/site-packages/airflow/example_dags/example_branch_operator_decorator.py
[2026-06-22T08:16:30.922+0300] {processor.py:840} INFO - DAG(s) 'example_branch_python_operator_decorator' retrieved from /media/data/omar/programming course/DEPI/DEPI project/anomx/venv/lib/python3.12/site-packages/airflow/example_dags/example_branch_operator_decorator.py
[2026-06-22T08:16:30.966+0300] {logging_mixin.py:188} INFO - [2026-06-22T08:16:30.966+0300] {dag.py:3096} INFO - Sync 1 DAGs
[2026-06-22T08:16:30.984+0300] {logging_mixin.py:188} INFO - [2026-06-22T08:16:30.983+0300] {dag.py:3954} INFO - Setting next_dagrun for example_branch_python_operator_decorator to 2026-06-21 00:00:00+00:00, run_after=2026-06-22 00:00:00+00:00
[2026-06-22T08:16:31.018+0300] {processor.py:183} INFO - Processing /media/data/omar/programming course/DEPI/DEPI project/anomx/venv/lib/python3.12/site-packages/airflow/example_dags/example_branch_operator_decorator.py took 0.163 seconds
[2026-06-22T08:17:28.829+0300] {processor.py:161} INFO - Started process (PID=42282) to work on /media/data/omar/programming course/DEPI/DEPI project/anomx/venv/lib/python3.12/site-packages/airflow/example_dags/example_branch_operator_decorator.py
[2026-06-22T08:17:28.830+0300] {processor.py:830} INFO - Processing file /media/data/omar/programming course/DEPI/DEPI project/anomx/venv/lib/python3.12/site-packages/airflow/example_dags/example_branch_operator_decorator.py for tasks to queue
[2026-06-22T08:17:28.831+0300] {logging_mixin.py:188} INFO - [2026-06-22T08:17:28.830+0300] {dagbag.py:540} INFO - Filling up the DagBag from /media/data/omar/programming course/DEPI/DEPI project/anomx/venv/lib/python3.12/site-packages/airflow/example_dags/example_branch_operator_decorator.py
[2026-06-22T08:17:28.848+0300] {processor.py:840} INFO - DAG(s) 'example_branch_python_operator_decorator' retrieved from /media/data/omar/programming course/DEPI/DEPI project/anomx/venv/lib/python3.12/site-packages/airflow/example_dags/example_branch_operator_decorator.py
[2026-06-22T08:17:28.867+0300] {logging_mixin.py:188} INFO - [2026-06-22T08:17:28.867+0300] {dag.py:3096} INFO - Sync 1 DAGs
[2026-06-22T08:17:28.879+0300] {logging_mixin.py:188} INFO - [2026-06-22T08:17:28.879+0300] {dag.py:3954} INFO - Setting next_dagrun for example_branch_python_operator_decorator to 2026-06-21 00:00:00+00:00, run_after=2026-06-22 00:00:00+00:00
[2026-06-22T08:17:28.906+0300] {processor.py:183} INFO - Processing /media/data/omar/programming course/DEPI/DEPI project/anomx/venv/lib/python3.12/site-packages/airflow/example_dags/example_branch_operator_decorator.py took 0.082 seconds
[2026-06-22T08:18:49.369+0300] {processor.py:161} INFO - Started process (PID=42429) to work on /media/data/omar/programming course/DEPI/DEPI project/anomx/venv/lib/python3.12/site-packages/airflow/example_dags/example_branch_operator_decorator.py
[2026-06-22T08:18:49.370+0300] {processor.py:830} INFO - Processing file /media/data/omar/programming course/DEPI/DEPI project/anomx/venv/lib/python3.12/site-packages/airflow/example_dags/example_branch_operator_decorator.py for tasks to queue
[2026-06-22T08:18:49.372+0300] {logging_mixin.py:188} INFO - [2026-06-22T08:18:49.371+0300] {dagbag.py:540} INFO - Filling up the DagBag from /media/data/omar/programming course/DEPI/DEPI project/anomx/venv/lib/python3.12/site-packages/airflow/example_dags/example_branch_operator_decorator.py
[2026-06-22T08:18:49.408+0300] {processor.py:840} INFO - DAG(s) 'example_branch_python_operator_decorator' retrieved from /media/data/omar/programming course/DEPI/DEPI project/anomx/venv/lib/python3.12/site-packages/airflow/example_dags/example_branch_operator_decorator.py
[2026-06-22T08:18:49.444+0300] {logging_mixin.py:188} INFO - [2026-06-22T08:18:49.443+0300] {dag.py:3096} INFO - Sync 1 DAGs
[2026-06-22T08:18:49.465+0300] {logging_mixin.py:188} INFO - [2026-06-22T08:18:49.464+0300] {dag.py:3954} INFO - Setting next_dagrun for example_branch_python_operator_decorator to 2026-06-21 00:00:00+00:00, run_after=2026-06-22 00:00:00+00:00
[2026-06-22T08:18:49.508+0300] {processor.py:183} INFO - Processing /media/data/omar/programming course/DEPI/DEPI project/anomx/venv/lib/python3.12/site-packages/airflow/example_dags/example_branch_operator_decorator.py took 0.153 seconds
[2026-06-22T08:19:46.704+0300] {processor.py:161} INFO - Started process (PID=42514) to work on /media/data/omar/programming course/DEPI/DEPI project/anomx/venv/lib/python3.12/site-packages/airflow/example_dags/example_branch_operator_decorator.py
[2026-06-22T08:19:46.705+0300] {processor.py:830} INFO - Processing file /media/data/omar/programming course/DEPI/DEPI project/anomx/venv/lib/python3.12/site-packages/airflow/example_dags/example_branch_operator_decorator.py for tasks to queue
[2026-06-22T08:19:46.706+0300] {logging_mixin.py:188} INFO - [2026-06-22T08:19:46.705+0300] {dagbag.py:540} INFO - Filling up the DagBag from /media/data/omar/programming course/DEPI/DEPI project/anomx/venv/lib/python3.12/site-packages/airflow/example_dags/example_branch_operator_decorator.py
[2026-06-22T08:19:46.724+0300] {processor.py:840} INFO - DAG(s) 'example_branch_python_operator_decorator' retrieved from /media/data/omar/programming course/DEPI/DEPI project/anomx/venv/lib/python3.12/site-packages/airflow/example_dags/example_branch_operator_decorator.py
[2026-06-22T08:19:46.743+0300] {logging_mixin.py:188} INFO - [2026-06-22T08:19:46.743+0300] {dag.py:3096} INFO - Sync 1 DAGs
[2026-06-22T08:19:46.757+0300] {logging_mixin.py:188} INFO - [2026-06-22T08:19:46.756+0300] {dag.py:3954} INFO - Setting next_dagrun for example_branch_python_operator_decorator to 2026-06-21 00:00:00+00:00, run_after=2026-06-22 00:00:00+00:00
[2026-06-22T08:19:46.782+0300] {processor.py:183} INFO - Processing /media/data/omar/programming course/DEPI/DEPI project/anomx/venv/lib/python3.12/site-packages/airflow/example_dags/example_branch_operator_decorator.py took 0.084 seconds
[2026-06-22T08:20:42.475+0300] {processor.py:161} INFO - Started process (PID=42636) to work on /media/data/omar/programming course/DEPI/DEPI project/anomx/venv/lib/python3.12/site-packages/airflow/example_dags/example_branch_operator_decorator.py
[2026-06-22T08:20:42.476+0300] {processor.py:830} INFO - Processing file /media/data/omar/programming course/DEPI/DEPI project/anomx/venv/lib/python3.12/site-packages/airflow/example_dags/example_branch_operator_decorator.py for tasks to queue
[2026-06-22T08:20:42.477+0300] {logging_mixin.py:188} INFO - [2026-06-22T08:20:42.476+0300] {dagbag.py:540} INFO - Filling up the DagBag from /media/data/omar/programming course/DEPI/DEPI project/anomx/venv/lib/python3.12/site-packages/airflow/example_dags/example_branch_operator_decorator.py
[2026-06-22T08:20:42.502+0300] {processor.py:840} INFO - DAG(s) 'example_branch_python_operator_decorator' retrieved from /media/data/omar/programming course/DEPI/DEPI project/anomx/venv/lib/python3.12/site-packages/airflow/example_dags/example_branch_operator_decorator.py
[2026-06-22T08:20:42.529+0300] {logging_mixin.py:188} INFO - [2026-06-22T08:20:42.528+0300] {dag.py:3096} INFO - Sync 1 DAGs
[2026-06-22T08:20:42.550+0300] {logging_mixin.py:188} INFO - [2026-06-22T08:20:42.549+0300] {dag.py:3954} INFO - Setting next_dagrun for example_branch_python_operator_decorator to 2026-06-21 00:00:00+00:00, run_after=2026-06-22 00:00:00+00:00
[2026-06-22T08:20:42.576+0300] {processor.py:183} INFO - Processing /media/data/omar/programming course/DEPI/DEPI project/anomx/venv/lib/python3.12/site-packages/airflow/example_dags/example_branch_operator_decorator.py took 0.109 seconds
[2026-06-22T08:22:03.915+0300] {processor.py:161} INFO - Started process (PID=42747) to work on /media/data/omar/programming course/DEPI/DEPI project/anomx/venv/lib/python3.12/site-packages/airflow/example_dags/example_branch_operator_decorator.py
[2026-06-22T08:22:03.917+0300] {processor.py:830} INFO - Processing file /media/data/omar/programming course/DEPI/DEPI project/anomx/venv/lib/python3.12/site-packages/airflow/example_dags/example_branch_operator_decorator.py for tasks to queue
[2026-06-22T08:22:03.918+0300] {logging_mixin.py:188} INFO - [2026-06-22T08:22:03.917+0300] {dagbag.py:540} INFO - Filling up the DagBag from /media/data/omar/programming course/DEPI/DEPI project/anomx/venv/lib/python3.12/site-packages/airflow/example_dags/example_branch_operator_decorator.py
[2026-06-22T08:22:03.942+0300] {processor.py:840} INFO - DAG(s) 'example_branch_python_operator_decorator' retrieved from /media/data/omar/programming course/DEPI/DEPI project/anomx/venv/lib/python3.12/site-packages/airflow/example_dags/example_branch_operator_decorator.py
[2026-06-22T08:22:03.966+0300] {logging_mixin.py:188} INFO - [2026-06-22T08:22:03.965+0300] {dag.py:3096} INFO - Sync 1 DAGs
[2026-06-22T08:22:03.982+0300] {logging_mixin.py:188} INFO - [2026-06-22T08:22:03.982+0300] {dag.py:3954} INFO - Setting next_dagrun for example_branch_python_operator_decorator to 2026-06-21 00:00:00+00:00, run_after=2026-06-22 00:00:00+00:00
[2026-06-22T08:22:04.014+0300] {processor.py:183} INFO - Processing /media/data/omar/programming course/DEPI/DEPI project/anomx/venv/lib/python3.12/site-packages/airflow/example_dags/example_branch_operator_decorator.py took 0.107 seconds
[2026-06-22T08:22:59.718+0300] {processor.py:161} INFO - Started process (PID=42901) to work on /media/data/omar/programming course/DEPI/DEPI project/anomx/venv/lib/python3.12/site-packages/airflow/example_dags/example_branch_operator_decorator.py
[2026-06-22T08:22:59.719+0300] {processor.py:830} INFO - Processing file /media/data/omar/programming course/DEPI/DEPI project/anomx/venv/lib/python3.12/site-packages/airflow/example_dags/example_branch_operator_decorator.py for tasks to queue
[2026-06-22T08:22:59.720+0300] {logging_mixin.py:188} INFO - [2026-06-22T08:22:59.720+0300] {dagbag.py:540} INFO - Filling up the DagBag from /media/data/omar/programming course/DEPI/DEPI project/anomx/venv/lib/python3.12/site-packages/airflow/example_dags/example_branch_operator_decorator.py
[2026-06-22T08:22:59.741+0300] {processor.py:840} INFO - DAG(s) 'example_branch_python_operator_decorator' retrieved from /media/data/omar/programming course/DEPI/DEPI project/anomx/venv/lib/python3.12/site-packages/airflow/example_dags/example_branch_operator_decorator.py
[2026-06-22T08:22:59.762+0300] {logging_mixin.py:188} INFO - [2026-06-22T08:22:59.762+0300] {dag.py:3096} INFO - Sync 1 DAGs
[2026-06-22T08:22:59.777+0300] {logging_mixin.py:188} INFO - [2026-06-22T08:22:59.777+0300] {dag.py:3954} INFO - Setting next_dagrun for example_branch_python_operator_decorator to 2026-06-21 00:00:00+00:00, run_after=2026-06-22 00:00:00+00:00
[2026-06-22T08:22:59.804+0300] {processor.py:183} INFO - Processing /media/data/omar/programming course/DEPI/DEPI project/anomx/venv/lib/python3.12/site-packages/airflow/example_dags/example_branch_operator_decorator.py took 0.092 seconds
[2026-06-22T08:23:54.768+0300] {processor.py:161} INFO - Started process (PID=42992) to work on /media/data/omar/programming course/DEPI/DEPI project/anomx/venv/lib/python3.12/site-packages/airflow/example_dags/example_branch_operator_decorator.py
[2026-06-22T08:23:54.770+0300] {processor.py:830} INFO - Processing file /media/data/omar/programming course/DEPI/DEPI project/anomx/venv/lib/python3.12/site-packages/airflow/example_dags/example_branch_operator_decorator.py for tasks to queue
[2026-06-22T08:23:54.772+0300] {logging_mixin.py:188} INFO - [2026-06-22T08:23:54.771+0300] {dagbag.py:540} INFO - Filling up the DagBag from /media/data/omar/programming course/DEPI/DEPI project/anomx/venv/lib/python3.12/site-packages/airflow/example_dags/example_branch_operator_decorator.py
[2026-06-22T08:23:54.798+0300] {processor.py:840} INFO - DAG(s) 'example_branch_python_operator_decorator' retrieved from /media/data/omar/programming course/DEPI/DEPI project/anomx/venv/lib/python3.12/site-packages/airflow/example_dags/example_branch_operator_decorator.py
[2026-06-22T08:23:54.817+0300] {logging_mixin.py:188} INFO - [2026-06-22T08:23:54.817+0300] {dag.py:3096} INFO - Sync 1 DAGs
[2026-06-22T08:23:54.830+0300] {logging_mixin.py:188} INFO - [2026-06-22T08:23:54.830+0300] {dag.py:3954} INFO - Setting next_dagrun for example_branch_python_operator_decorator to 2026-06-21 00:00:00+00:00, run_after=2026-06-22 00:00:00+00:00
[2026-06-22T08:23:54.855+0300] {processor.py:183} INFO - Processing /media/data/omar/programming course/DEPI/DEPI project/anomx/venv/lib/python3.12/site-packages/airflow/example_dags/example_branch_operator_decorator.py took 0.108 seconds
[2026-06-22T08:25:12.646+0300] {processor.py:161} INFO - Started process (PID=43137) to work on /media/data/omar/programming course/DEPI/DEPI project/anomx/venv/lib/python3.12/site-packages/airflow/example_dags/example_branch_operator_decorator.py
[2026-06-22T08:25:12.648+0300] {processor.py:830} INFO - Processing file /media/data/omar/programming course/DEPI/DEPI project/anomx/venv/lib/python3.12/site-packages/airflow/example_dags/example_branch_operator_decorator.py for tasks to queue
[2026-06-22T08:25:12.649+0300] {logging_mixin.py:188} INFO - [2026-06-22T08:25:12.648+0300] {dagbag.py:540} INFO - Filling up the DagBag from /media/data/omar/programming course/DEPI/DEPI project/anomx/venv/lib/python3.12/site-packages/airflow/example_dags/example_branch_operator_decorator.py
[2026-06-22T08:25:12.675+0300] {processor.py:840} INFO - DAG(s) 'example_branch_python_operator_decorator' retrieved from /media/data/omar/programming course/DEPI/DEPI project/anomx/venv/lib/python3.12/site-packages/airflow/example_dags/example_branch_operator_decorator.py
[2026-06-22T08:25:12.696+0300] {logging_mixin.py:188} INFO - [2026-06-22T08:25:12.695+0300] {dag.py:3096} INFO - Sync 1 DAGs
[2026-06-22T08:25:12.709+0300] {logging_mixin.py:188} INFO - [2026-06-22T08:25:12.708+0300] {dag.py:3954} INFO - Setting next_dagrun for example_branch_python_operator_decorator to 2026-06-21 00:00:00+00:00, run_after=2026-06-22 00:00:00+00:00
[2026-06-22T08:25:12.734+0300] {processor.py:183} INFO - Processing /media/data/omar/programming course/DEPI/DEPI project/anomx/venv/lib/python3.12/site-packages/airflow/example_dags/example_branch_operator_decorator.py took 0.096 seconds
[2026-06-22T08:26:36.838+0300] {processor.py:161} INFO - Started process (PID=43263) to work on /media/data/omar/programming course/DEPI/DEPI project/anomx/venv/lib/python3.12/site-packages/airflow/example_dags/example_branch_operator_decorator.py
[2026-06-22T08:26:36.839+0300] {processor.py:830} INFO - Processing file /media/data/omar/programming course/DEPI/DEPI project/anomx/venv/lib/python3.12/site-packages/airflow/example_dags/example_branch_operator_decorator.py for tasks to queue
[2026-06-22T08:26:36.840+0300] {logging_mixin.py:188} INFO - [2026-06-22T08:26:36.839+0300] {dagbag.py:540} INFO - Filling up the DagBag from /media/data/omar/programming course/DEPI/DEPI project/anomx/venv/lib/python3.12/site-packages/airflow/example_dags/example_branch_operator_decorator.py
[2026-06-22T08:26:36.858+0300] {processor.py:840} INFO - DAG(s) 'example_branch_python_operator_decorator' retrieved from /media/data/omar/programming course/DEPI/DEPI project/anomx/venv/lib/python3.12/site-packages/airflow/example_dags/example_branch_operator_decorator.py
[2026-06-22T08:26:36.878+0300] {logging_mixin.py:188} INFO - [2026-06-22T08:26:36.877+0300] {dag.py:3096} INFO - Sync 1 DAGs
[2026-06-22T08:26:36.891+0300] {logging_mixin.py:188} INFO - [2026-06-22T08:26:36.891+0300] {dag.py:3954} INFO - Setting next_dagrun for example_branch_python_operator_decorator to 2026-06-21 00:00:00+00:00, run_after=2026-06-22 00:00:00+00:00
[2026-06-22T08:26:36.917+0300] {processor.py:183} INFO - Processing /media/data/omar/programming course/DEPI/DEPI project/anomx/venv/lib/python3.12/site-packages/airflow/example_dags/example_branch_operator_decorator.py took 0.084 seconds
[2026-06-22T08:27:50.821+0300] {processor.py:161} INFO - Started process (PID=43388) to work on /media/data/omar/programming course/DEPI/DEPI project/anomx/venv/lib/python3.12/site-packages/airflow/example_dags/example_branch_operator_decorator.py
[2026-06-22T08:27:50.822+0300] {processor.py:830} INFO - Processing file /media/data/omar/programming course/DEPI/DEPI project/anomx/venv/lib/python3.12/site-packages/airflow/example_dags/example_branch_operator_decorator.py for tasks to queue
[2026-06-22T08:27:50.823+0300] {logging_mixin.py:188} INFO - [2026-06-22T08:27:50.823+0300] {dagbag.py:540} INFO - Filling up the DagBag from /media/data/omar/programming course/DEPI/DEPI project/anomx/venv/lib/python3.12/site-packages/airflow/example_dags/example_branch_operator_decorator.py
[2026-06-22T08:27:50.843+0300] {processor.py:840} INFO - DAG(s) 'example_branch_python_operator_decorator' retrieved from /media/data/omar/programming course/DEPI/DEPI project/anomx/venv/lib/python3.12/site-packages/airflow/example_dags/example_branch_operator_decorator.py
[2026-06-22T08:27:50.864+0300] {logging_mixin.py:188} INFO - [2026-06-22T08:27:50.863+0300] {dag.py:3096} INFO - Sync 1 DAGs
[2026-06-22T08:27:50.879+0300] {logging_mixin.py:188} INFO - [2026-06-22T08:27:50.878+0300] {dag.py:3954} INFO - Setting next_dagrun for example_branch_python_operator_decorator to 2026-06-21 00:00:00+00:00, run_after=2026-06-22 00:00:00+00:00
[2026-06-22T08:27:50.906+0300] {processor.py:183} INFO - Processing /media/data/omar/programming course/DEPI/DEPI project/anomx/venv/lib/python3.12/site-packages/airflow/example_dags/example_branch_operator_decorator.py took 0.090 seconds
[2026-06-22T08:29:06.669+0300] {processor.py:161} INFO - Started process (PID=43512) to work on /media/data/omar/programming course/DEPI/DEPI project/anomx/venv/lib/python3.12/site-packages/airflow/example_dags/example_branch_operator_decorator.py
[2026-06-22T08:29:06.671+0300] {processor.py:830} INFO - Processing file /media/data/omar/programming course/DEPI/DEPI project/anomx/venv/lib/python3.12/site-packages/airflow/example_dags/example_branch_operator_decorator.py for tasks to queue
[2026-06-22T08:29:06.672+0300] {logging_mixin.py:188} INFO - [2026-06-22T08:29:06.672+0300] {dagbag.py:540} INFO - Filling up the DagBag from /media/data/omar/programming course/DEPI/DEPI project/anomx/venv/lib/python3.12/site-packages/airflow/example_dags/example_branch_operator_decorator.py
[2026-06-22T08:29:06.695+0300] {processor.py:840} INFO - DAG(s) 'example_branch_python_operator_decorator' retrieved from /media/data/omar/programming course/DEPI/DEPI project/anomx/venv/lib/python3.12/site-packages/airflow/example_dags/example_branch_operator_decorator.py
[2026-06-22T08:29:06.721+0300] {logging_mixin.py:188} INFO - [2026-06-22T08:29:06.720+0300] {dag.py:3096} INFO - Sync 1 DAGs
[2026-06-22T08:29:06.736+0300] {logging_mixin.py:188} INFO - [2026-06-22T08:29:06.735+0300] {dag.py:3954} INFO - Setting next_dagrun for example_branch_python_operator_decorator to 2026-06-21 00:00:00+00:00, run_after=2026-06-22 00:00:00+00:00
[2026-06-22T08:29:06.764+0300] {processor.py:183} INFO - Processing /media/data/omar/programming course/DEPI/DEPI project/anomx/venv/lib/python3.12/site-packages/airflow/example_dags/example_branch_operator_decorator.py took 0.107 seconds
[2026-06-22T08:30:00.635+0300] {processor.py:161} INFO - Started process (PID=43599) to work on /media/data/omar/programming course/DEPI/DEPI project/anomx/venv/lib/python3.12/site-packages/airflow/example_dags/example_branch_operator_decorator.py
[2026-06-22T08:30:00.637+0300] {processor.py:830} INFO - Processing file /media/data/omar/programming course/DEPI/DEPI project/anomx/venv/lib/python3.12/site-packages/airflow/example_dags/example_branch_operator_decorator.py for tasks to queue
[2026-06-22T08:30:00.641+0300] {logging_mixin.py:188} INFO - [2026-06-22T08:30:00.639+0300] {dagbag.py:540} INFO - Filling up the DagBag from /media/data/omar/programming course/DEPI/DEPI project/anomx/venv/lib/python3.12/site-packages/airflow/example_dags/example_branch_operator_decorator.py
[2026-06-22T08:30:00.712+0300] {processor.py:840} INFO - DAG(s) 'example_branch_python_operator_decorator' retrieved from /media/data/omar/programming course/DEPI/DEPI project/anomx/venv/lib/python3.12/site-packages/airflow/example_dags/example_branch_operator_decorator.py
[2026-06-22T08:30:00.782+0300] {logging_mixin.py:188} INFO - [2026-06-22T08:30:00.781+0300] {dag.py:3096} INFO - Sync 1 DAGs
[2026-06-22T08:30:00.816+0300] {logging_mixin.py:188} INFO - [2026-06-22T08:30:00.814+0300] {dag.py:3954} INFO - Setting next_dagrun for example_branch_python_operator_decorator to 2026-06-21 00:00:00+00:00, run_after=2026-06-22 00:00:00+00:00
[2026-06-22T08:30:00.882+0300] {processor.py:183} INFO - Processing /media/data/omar/programming course/DEPI/DEPI project/anomx/venv/lib/python3.12/site-packages/airflow/example_dags/example_branch_operator_decorator.py took 0.270 seconds
[2026-06-22T08:31:19.812+0300] {processor.py:161} INFO - Started process (PID=43758) to work on /media/data/omar/programming course/DEPI/DEPI project/anomx/venv/lib/python3.12/site-packages/airflow/example_dags/example_branch_operator_decorator.py
[2026-06-22T08:31:19.813+0300] {processor.py:830} INFO - Processing file /media/data/omar/programming course/DEPI/DEPI project/anomx/venv/lib/python3.12/site-packages/airflow/example_dags/example_branch_operator_decorator.py for tasks to queue
[2026-06-22T08:31:19.815+0300] {logging_mixin.py:188} INFO - [2026-06-22T08:31:19.814+0300] {dagbag.py:540} INFO - Filling up the DagBag from /media/data/omar/programming course/DEPI/DEPI project/anomx/venv/lib/python3.12/site-packages/airflow/example_dags/example_branch_operator_decorator.py
[2026-06-22T08:31:19.843+0300] {processor.py:840} INFO - DAG(s) 'example_branch_python_operator_decorator' retrieved from /media/data/omar/programming course/DEPI/DEPI project/anomx/venv/lib/python3.12/site-packages/airflow/example_dags/example_branch_operator_decorator.py
[2026-06-22T08:31:19.864+0300] {logging_mixin.py:188} INFO - [2026-06-22T08:31:19.864+0300] {dag.py:3096} INFO - Sync 1 DAGs
[2026-06-22T08:31:19.877+0300] {logging_mixin.py:188} INFO - [2026-06-22T08:31:19.876+0300] {dag.py:3954} INFO - Setting next_dagrun for example_branch_python_operator_decorator to 2026-06-21 00:00:00+00:00, run_after=2026-06-22 00:00:00+00:00
[2026-06-22T08:31:19.902+0300] {processor.py:183} INFO - Processing /media/data/omar/programming course/DEPI/DEPI project/anomx/venv/lib/python3.12/site-packages/airflow/example_dags/example_branch_operator_decorator.py took 0.097 seconds
[2026-06-22T08:32:13.219+0300] {processor.py:161} INFO - Started process (PID=43841) to work on /media/data/omar/programming course/DEPI/DEPI project/anomx/venv/lib/python3.12/site-packages/airflow/example_dags/example_branch_operator_decorator.py
[2026-06-22T08:32:13.220+0300] {processor.py:830} INFO - Processing file /media/data/omar/programming course/DEPI/DEPI project/anomx/venv/lib/python3.12/site-packages/airflow/example_dags/example_branch_operator_decorator.py for tasks to queue
[2026-06-22T08:32:13.220+0300] {logging_mixin.py:188} INFO - [2026-06-22T08:32:13.220+0300] {dagbag.py:540} INFO - Filling up the DagBag from /media/data/omar/programming course/DEPI/DEPI project/anomx/venv/lib/python3.12/site-packages/airflow/example_dags/example_branch_operator_decorator.py
[2026-06-22T08:32:13.238+0300] {processor.py:840} INFO - DAG(s) 'example_branch_python_operator_decorator' retrieved from /media/data/omar/programming course/DEPI/DEPI project/anomx/venv/lib/python3.12/site-packages/airflow/example_dags/example_branch_operator_decorator.py
[2026-06-22T08:32:13.258+0300] {logging_mixin.py:188} INFO - [2026-06-22T08:32:13.258+0300] {dag.py:3096} INFO - Sync 1 DAGs
[2026-06-22T08:32:13.272+0300] {logging_mixin.py:188} INFO - [2026-06-22T08:32:13.271+0300] {dag.py:3954} INFO - Setting next_dagrun for example_branch_python_operator_decorator to 2026-06-21 00:00:00+00:00, run_after=2026-06-22 00:00:00+00:00
[2026-06-22T08:32:13.297+0300] {processor.py:183} INFO - Processing /media/data/omar/programming course/DEPI/DEPI project/anomx/venv/lib/python3.12/site-packages/airflow/example_dags/example_branch_operator_decorator.py took 0.083 seconds
[2026-06-22T08:33:27.585+0300] {processor.py:161} INFO - Started process (PID=43954) to work on /media/data/omar/programming course/DEPI/DEPI project/anomx/venv/lib/python3.12/site-packages/airflow/example_dags/example_branch_operator_decorator.py
[2026-06-22T08:33:27.586+0300] {processor.py:830} INFO - Processing file /media/data/omar/programming course/DEPI/DEPI project/anomx/venv/lib/python3.12/site-packages/airflow/example_dags/example_branch_operator_decorator.py for tasks to queue
[2026-06-22T08:33:27.587+0300] {logging_mixin.py:188} INFO - [2026-06-22T08:33:27.587+0300] {dagbag.py:540} INFO - Filling up the DagBag from /media/data/omar/programming course/DEPI/DEPI project/anomx/venv/lib/python3.12/site-packages/airflow/example_dags/example_branch_operator_decorator.py
[2026-06-22T08:33:27.604+0300] {processor.py:840} INFO - DAG(s) 'example_branch_python_operator_decorator' retrieved from /media/data/omar/programming course/DEPI/DEPI project/anomx/venv/lib/python3.12/site-packages/airflow/example_dags/example_branch_operator_decorator.py
[2026-06-22T08:33:27.625+0300] {logging_mixin.py:188} INFO - [2026-06-22T08:33:27.625+0300] {dag.py:3096} INFO - Sync 1 DAGs
[2026-06-22T08:33:27.638+0300] {logging_mixin.py:188} INFO - [2026-06-22T08:33:27.638+0300] {dag.py:3954} INFO - Setting next_dagrun for example_branch_python_operator_decorator to 2026-06-21 00:00:00+00:00, run_after=2026-06-22 00:00:00+00:00
[2026-06-22T08:33:27.663+0300] {processor.py:183} INFO - Processing /media/data/omar/programming course/DEPI/DEPI project/anomx/venv/lib/python3.12/site-packages/airflow/example_dags/example_branch_operator_decorator.py took 0.083 seconds
[2026-06-22T08:34:46.914+0300] {processor.py:161} INFO - Started process (PID=44081) to work on /media/data/omar/programming course/DEPI/DEPI project/anomx/venv/lib/python3.12/site-packages/airflow/example_dags/example_branch_operator_decorator.py
[2026-06-22T08:34:46.915+0300] {processor.py:830} INFO - Processing file /media/data/omar/programming course/DEPI/DEPI project/anomx/venv/lib/python3.12/site-packages/airflow/example_dags/example_branch_operator_decorator.py for tasks to queue
[2026-06-22T08:34:46.916+0300] {logging_mixin.py:188} INFO - [2026-06-22T08:34:46.915+0300] {dagbag.py:540} INFO - Filling up the DagBag from /media/data/omar/programming course/DEPI/DEPI project/anomx/venv/lib/python3.12/site-packages/airflow/example_dags/example_branch_operator_decorator.py
[2026-06-22T08:34:46.934+0300] {processor.py:840} INFO - DAG(s) 'example_branch_python_operator_decorator' retrieved from /media/data/omar/programming course/DEPI/DEPI project/anomx/venv/lib/python3.12/site-packages/airflow/example_dags/example_branch_operator_decorator.py
[2026-06-22T08:34:46.953+0300] {logging_mixin.py:188} INFO - [2026-06-22T08:34:46.953+0300] {dag.py:3096} INFO - Sync 1 DAGs
[2026-06-22T08:34:46.965+0300] {logging_mixin.py:188} INFO - [2026-06-22T08:34:46.965+0300] {dag.py:3954} INFO - Setting next_dagrun for example_branch_python_operator_decorator to 2026-06-21 00:00:00+00:00, run_after=2026-06-22 00:00:00+00:00
[2026-06-22T08:34:46.990+0300] {processor.py:183} INFO - Processing /media/data/omar/programming course/DEPI/DEPI project/anomx/venv/lib/python3.12/site-packages/airflow/example_dags/example_branch_operator_decorator.py took 0.081 seconds
[2026-06-22T08:35:55.615+0300] {processor.py:161} INFO - Started process (PID=44185) to work on /media/data/omar/programming course/DEPI/DEPI project/anomx/venv/lib/python3.12/site-packages/airflow/example_dags/example_branch_operator_decorator.py
[2026-06-22T08:35:55.616+0300] {processor.py:830} INFO - Processing file /media/data/omar/programming course/DEPI/DEPI project/anomx/venv/lib/python3.12/site-packages/airflow/example_dags/example_branch_operator_decorator.py for tasks to queue
[2026-06-22T08:35:55.617+0300] {logging_mixin.py:188} INFO - [2026-06-22T08:35:55.617+0300] {dagbag.py:540} INFO - Filling up the DagBag from /media/data/omar/programming course/DEPI/DEPI project/anomx/venv/lib/python3.12/site-packages/airflow/example_dags/example_branch_operator_decorator.py
[2026-06-22T08:35:55.637+0300] {processor.py:840} INFO - DAG(s) 'example_branch_python_operator_decorator' retrieved from /media/data/omar/programming course/DEPI/DEPI project/anomx/venv/lib/python3.12/site-packages/airflow/example_dags/example_branch_operator_decorator.py
[2026-06-22T08:35:55.656+0300] {logging_mixin.py:188} INFO - [2026-06-22T08:35:55.656+0300] {dag.py:3096} INFO - Sync 1 DAGs
[2026-06-22T08:35:55.669+0300] {logging_mixin.py:188} INFO - [2026-06-22T08:35:55.669+0300] {dag.py:3954} INFO - Setting next_dagrun for example_branch_python_operator_decorator to 2026-06-21 00:00:00+00:00, run_after=2026-06-22 00:00:00+00:00
[2026-06-22T08:35:55.695+0300] {processor.py:183} INFO - Processing /media/data/omar/programming course/DEPI/DEPI project/anomx/venv/lib/python3.12/site-packages/airflow/example_dags/example_branch_operator_decorator.py took 0.086 seconds
[2026-06-22T08:37:11.399+0300] {processor.py:161} INFO - Started process (PID=44307) to work on /media/data/omar/programming course/DEPI/DEPI project/anomx/venv/lib/python3.12/site-packages/airflow/example_dags/example_branch_operator_decorator.py
[2026-06-22T08:37:11.402+0300] {processor.py:830} INFO - Processing file /media/data/omar/programming course/DEPI/DEPI project/anomx/venv/lib/python3.12/site-packages/airflow/example_dags/example_branch_operator_decorator.py for tasks to queue
[2026-06-22T08:37:11.405+0300] {logging_mixin.py:188} INFO - [2026-06-22T08:37:11.404+0300] {dagbag.py:540} INFO - Filling up the DagBag from /media/data/omar/programming course/DEPI/DEPI project/anomx/venv/lib/python3.12/site-packages/airflow/example_dags/example_branch_operator_decorator.py
[2026-06-22T08:37:11.442+0300] {processor.py:840} INFO - DAG(s) 'example_branch_python_operator_decorator' retrieved from /media/data/omar/programming course/DEPI/DEPI project/anomx/venv/lib/python3.12/site-packages/airflow/example_dags/example_branch_operator_decorator.py
[2026-06-22T08:37:11.464+0300] {logging_mixin.py:188} INFO - [2026-06-22T08:37:11.464+0300] {dag.py:3096} INFO - Sync 1 DAGs
[2026-06-22T08:37:11.478+0300] {logging_mixin.py:188} INFO - [2026-06-22T08:37:11.477+0300] {dag.py:3954} INFO - Setting next_dagrun for example_branch_python_operator_decorator to 2026-06-21 00:00:00+00:00, run_after=2026-06-22 00:00:00+00:00
[2026-06-22T08:37:11.503+0300] {processor.py:183} INFO - Processing /media/data/omar/programming course/DEPI/DEPI project/anomx/venv/lib/python3.12/site-packages/airflow/example_dags/example_branch_operator_decorator.py took 0.124 seconds
[2026-06-22T08:38:24.931+0300] {processor.py:161} INFO - Started process (PID=44421) to work on /media/data/omar/programming course/DEPI/DEPI project/anomx/venv/lib/python3.12/site-packages/airflow/example_dags/example_branch_operator_decorator.py
[2026-06-22T08:38:24.933+0300] {processor.py:830} INFO - Processing file /media/data/omar/programming course/DEPI/DEPI project/anomx/venv/lib/python3.12/site-packages/airflow/example_dags/example_branch_operator_decorator.py for tasks to queue
[2026-06-22T08:38:24.934+0300] {logging_mixin.py:188} INFO - [2026-06-22T08:38:24.933+0300] {dagbag.py:540} INFO - Filling up the DagBag from /media/data/omar/programming course/DEPI/DEPI project/anomx/venv/lib/python3.12/site-packages/airflow/example_dags/example_branch_operator_decorator.py
[2026-06-22T08:38:24.960+0300] {processor.py:840} INFO - DAG(s) 'example_branch_python_operator_decorator' retrieved from /media/data/omar/programming course/DEPI/DEPI project/anomx/venv/lib/python3.12/site-packages/airflow/example_dags/example_branch_operator_decorator.py
[2026-06-22T08:38:24.981+0300] {logging_mixin.py:188} INFO - [2026-06-22T08:38:24.981+0300] {dag.py:3096} INFO - Sync 1 DAGs
[2026-06-22T08:38:24.996+0300] {logging_mixin.py:188} INFO - [2026-06-22T08:38:24.995+0300] {dag.py:3954} INFO - Setting next_dagrun for example_branch_python_operator_decorator to 2026-06-21 00:00:00+00:00, run_after=2026-06-22 00:00:00+00:00
[2026-06-22T08:38:25.022+0300] {processor.py:183} INFO - Processing /media/data/omar/programming course/DEPI/DEPI project/anomx/venv/lib/python3.12/site-packages/airflow/example_dags/example_branch_operator_decorator.py took 0.099 seconds
[2026-06-22T08:39:45.062+0300] {processor.py:161} INFO - Started process (PID=44556) to work on /media/data/omar/programming course/DEPI/DEPI project/anomx/venv/lib/python3.12/site-packages/airflow/example_dags/example_branch_operator_decorator.py
[2026-06-22T08:39:45.063+0300] {processor.py:830} INFO - Processing file /media/data/omar/programming course/DEPI/DEPI project/anomx/venv/lib/python3.12/site-packages/airflow/example_dags/example_branch_operator_decorator.py for tasks to queue
[2026-06-22T08:39:45.064+0300] {logging_mixin.py:188} INFO - [2026-06-22T08:39:45.064+0300] {dagbag.py:540} INFO - Filling up the DagBag from /media/data/omar/programming course/DEPI/DEPI project/anomx/venv/lib/python3.12/site-packages/airflow/example_dags/example_branch_operator_decorator.py
[2026-06-22T08:39:45.087+0300] {processor.py:840} INFO - DAG(s) 'example_branch_python_operator_decorator' retrieved from /media/data/omar/programming course/DEPI/DEPI project/anomx/venv/lib/python3.12/site-packages/airflow/example_dags/example_branch_operator_decorator.py
[2026-06-22T08:39:45.111+0300] {logging_mixin.py:188} INFO - [2026-06-22T08:39:45.110+0300] {dag.py:3096} INFO - Sync 1 DAGs
[2026-06-22T08:39:45.128+0300] {logging_mixin.py:188} INFO - [2026-06-22T08:39:45.128+0300] {dag.py:3954} INFO - Setting next_dagrun for example_branch_python_operator_decorator to 2026-06-21 00:00:00+00:00, run_after=2026-06-22 00:00:00+00:00
[2026-06-22T08:39:45.160+0300] {processor.py:183} INFO - Processing /media/data/omar/programming course/DEPI/DEPI project/anomx/venv/lib/python3.12/site-packages/airflow/example_dags/example_branch_operator_decorator.py took 0.108 seconds
[2026-06-22T08:41:08.342+0300] {processor.py:161} INFO - Started process (PID=44692) to work on /media/data/omar/programming course/DEPI/DEPI project/anomx/venv/lib/python3.12/site-packages/airflow/example_dags/example_branch_operator_decorator.py
[2026-06-22T08:41:08.343+0300] {processor.py:830} INFO - Processing file /media/data/omar/programming course/DEPI/DEPI project/anomx/venv/lib/python3.12/site-packages/airflow/example_dags/example_branch_operator_decorator.py for tasks to queue
[2026-06-22T08:41:08.345+0300] {logging_mixin.py:188} INFO - [2026-06-22T08:41:08.344+0300] {dagbag.py:540} INFO - Filling up the DagBag from /media/data/omar/programming course/DEPI/DEPI project/anomx/venv/lib/python3.12/site-packages/airflow/example_dags/example_branch_operator_decorator.py
[2026-06-22T08:41:08.370+0300] {processor.py:840} INFO - DAG(s) 'example_branch_python_operator_decorator' retrieved from /media/data/omar/programming course/DEPI/DEPI project/anomx/venv/lib/python3.12/site-packages/airflow/example_dags/example_branch_operator_decorator.py
[2026-06-22T08:41:08.394+0300] {logging_mixin.py:188} INFO - [2026-06-22T08:41:08.394+0300] {dag.py:3096} INFO - Sync 1 DAGs
[2026-06-22T08:41:08.413+0300] {logging_mixin.py:188} INFO - [2026-06-22T08:41:08.413+0300] {dag.py:3954} INFO - Setting next_dagrun for example_branch_python_operator_decorator to 2026-06-21 00:00:00+00:00, run_after=2026-06-22 00:00:00+00:00
[2026-06-22T08:41:08.442+0300] {processor.py:183} INFO - Processing /media/data/omar/programming course/DEPI/DEPI project/anomx/venv/lib/python3.12/site-packages/airflow/example_dags/example_branch_operator_decorator.py took 0.110 seconds
[2026-06-22T08:42:03.517+0300] {processor.py:161} INFO - Started process (PID=44771) to work on /media/data/omar/programming course/DEPI/DEPI project/anomx/venv/lib/python3.12/site-packages/airflow/example_dags/example_branch_operator_decorator.py
[2026-06-22T08:42:03.518+0300] {processor.py:830} INFO - Processing file /media/data/omar/programming course/DEPI/DEPI project/anomx/venv/lib/python3.12/site-packages/airflow/example_dags/example_branch_operator_decorator.py for tasks to queue
[2026-06-22T08:42:03.520+0300] {logging_mixin.py:188} INFO - [2026-06-22T08:42:03.519+0300] {dagbag.py:540} INFO - Filling up the DagBag from /media/data/omar/programming course/DEPI/DEPI project/anomx/venv/lib/python3.12/site-packages/airflow/example_dags/example_branch_operator_decorator.py
[2026-06-22T08:42:03.543+0300] {processor.py:840} INFO - DAG(s) 'example_branch_python_operator_decorator' retrieved from /media/data/omar/programming course/DEPI/DEPI project/anomx/venv/lib/python3.12/site-packages/airflow/example_dags/example_branch_operator_decorator.py
[2026-06-22T08:42:03.578+0300] {logging_mixin.py:188} INFO - [2026-06-22T08:42:03.577+0300] {dag.py:3096} INFO - Sync 1 DAGs
[2026-06-22T08:42:03.597+0300] {logging_mixin.py:188} INFO - [2026-06-22T08:42:03.597+0300] {dag.py:3954} INFO - Setting next_dagrun for example_branch_python_operator_decorator to 2026-06-21 00:00:00+00:00, run_after=2026-06-22 00:00:00+00:00
[2026-06-22T08:42:03.632+0300] {processor.py:183} INFO - Processing /media/data/omar/programming course/DEPI/DEPI project/anomx/venv/lib/python3.12/site-packages/airflow/example_dags/example_branch_operator_decorator.py took 0.123 seconds
[2026-06-22T08:43:21.652+0300] {processor.py:161} INFO - Started process (PID=44905) to work on /media/data/omar/programming course/DEPI/DEPI project/anomx/venv/lib/python3.12/site-packages/airflow/example_dags/example_branch_operator_decorator.py
[2026-06-22T08:43:21.654+0300] {processor.py:830} INFO - Processing file /media/data/omar/programming course/DEPI/DEPI project/anomx/venv/lib/python3.12/site-packages/airflow/example_dags/example_branch_operator_decorator.py for tasks to queue
[2026-06-22T08:43:21.655+0300] {logging_mixin.py:188} INFO - [2026-06-22T08:43:21.654+0300] {dagbag.py:540} INFO - Filling up the DagBag from /media/data/omar/programming course/DEPI/DEPI project/anomx/venv/lib/python3.12/site-packages/airflow/example_dags/example_branch_operator_decorator.py
[2026-06-22T08:43:21.678+0300] {processor.py:840} INFO - DAG(s) 'example_branch_python_operator_decorator' retrieved from /media/data/omar/programming course/DEPI/DEPI project/anomx/venv/lib/python3.12/site-packages/airflow/example_dags/example_branch_operator_decorator.py
[2026-06-22T08:43:21.701+0300] {logging_mixin.py:188} INFO - [2026-06-22T08:43:21.701+0300] {dag.py:3096} INFO - Sync 1 DAGs
[2026-06-22T08:43:21.717+0300] {logging_mixin.py:188} INFO - [2026-06-22T08:43:21.717+0300] {dag.py:3954} INFO - Setting next_dagrun for example_branch_python_operator_decorator to 2026-06-21 00:00:00+00:00, run_after=2026-06-22 00:00:00+00:00
[2026-06-22T08:43:21.748+0300] {processor.py:183} INFO - Processing /media/data/omar/programming course/DEPI/DEPI project/anomx/venv/lib/python3.12/site-packages/airflow/example_dags/example_branch_operator_decorator.py took 0.105 seconds
[2026-06-22T08:44:41.216+0300] {processor.py:161} INFO - Started process (PID=45025) to work on /media/data/omar/programming course/DEPI/DEPI project/anomx/venv/lib/python3.12/site-packages/airflow/example_dags/example_branch_operator_decorator.py
[2026-06-22T08:44:41.219+0300] {processor.py:830} INFO - Processing file /media/data/omar/programming course/DEPI/DEPI project/anomx/venv/lib/python3.12/site-packages/airflow/example_dags/example_branch_operator_decorator.py for tasks to queue
[2026-06-22T08:44:41.220+0300] {logging_mixin.py:188} INFO - [2026-06-22T08:44:41.220+0300] {dagbag.py:540} INFO - Filling up the DagBag from /media/data/omar/programming course/DEPI/DEPI project/anomx/venv/lib/python3.12/site-packages/airflow/example_dags/example_branch_operator_decorator.py
[2026-06-22T08:44:41.269+0300] {processor.py:840} INFO - DAG(s) 'example_branch_python_operator_decorator' retrieved from /media/data/omar/programming course/DEPI/DEPI project/anomx/venv/lib/python3.12/site-packages/airflow/example_dags/example_branch_operator_decorator.py
[2026-06-22T08:44:41.315+0300] {logging_mixin.py:188} INFO - [2026-06-22T08:44:41.315+0300] {dag.py:3096} INFO - Sync 1 DAGs
[2026-06-22T08:44:41.337+0300] {logging_mixin.py:188} INFO - [2026-06-22T08:44:41.337+0300] {dag.py:3954} INFO - Setting next_dagrun for example_branch_python_operator_decorator to 2026-06-21 00:00:00+00:00, run_after=2026-06-22 00:00:00+00:00
[2026-06-22T08:44:41.370+0300] {processor.py:183} INFO - Processing /media/data/omar/programming course/DEPI/DEPI project/anomx/venv/lib/python3.12/site-packages/airflow/example_dags/example_branch_operator_decorator.py took 0.165 seconds
[2026-06-22T08:45:55.344+0300] {processor.py:161} INFO - Started process (PID=45153) to work on /media/data/omar/programming course/DEPI/DEPI project/anomx/venv/lib/python3.12/site-packages/airflow/example_dags/example_branch_operator_decorator.py
[2026-06-22T08:45:55.345+0300] {processor.py:830} INFO - Processing file /media/data/omar/programming course/DEPI/DEPI project/anomx/venv/lib/python3.12/site-packages/airflow/example_dags/example_branch_operator_decorator.py for tasks to queue
[2026-06-22T08:45:55.346+0300] {logging_mixin.py:188} INFO - [2026-06-22T08:45:55.346+0300] {dagbag.py:540} INFO - Filling up the DagBag from /media/data/omar/programming course/DEPI/DEPI project/anomx/venv/lib/python3.12/site-packages/airflow/example_dags/example_branch_operator_decorator.py
[2026-06-22T08:45:55.372+0300] {processor.py:840} INFO - DAG(s) 'example_branch_python_operator_decorator' retrieved from /media/data/omar/programming course/DEPI/DEPI project/anomx/venv/lib/python3.12/site-packages/airflow/example_dags/example_branch_operator_decorator.py
[2026-06-22T08:45:55.395+0300] {logging_mixin.py:188} INFO - [2026-06-22T08:45:55.395+0300] {dag.py:3096} INFO - Sync 1 DAGs
[2026-06-22T08:45:55.412+0300] {logging_mixin.py:188} INFO - [2026-06-22T08:45:55.411+0300] {dag.py:3954} INFO - Setting next_dagrun for example_branch_python_operator_decorator to 2026-06-21 00:00:00+00:00, run_after=2026-06-22 00:00:00+00:00
[2026-06-22T08:45:55.451+0300] {processor.py:183} INFO - Processing /media/data/omar/programming course/DEPI/DEPI project/anomx/venv/lib/python3.12/site-packages/airflow/example_dags/example_branch_operator_decorator.py took 0.114 seconds
[2026-06-22T08:47:13.366+0300] {processor.py:161} INFO - Started process (PID=45276) to work on /media/data/omar/programming course/DEPI/DEPI project/anomx/venv/lib/python3.12/site-packages/airflow/example_dags/example_branch_operator_decorator.py
[2026-06-22T08:47:13.366+0300] {processor.py:830} INFO - Processing file /media/data/omar/programming course/DEPI/DEPI project/anomx/venv/lib/python3.12/site-packages/airflow/example_dags/example_branch_operator_decorator.py for tasks to queue
[2026-06-22T08:47:13.367+0300] {logging_mixin.py:188} INFO - [2026-06-22T08:47:13.367+0300] {dagbag.py:540} INFO - Filling up the DagBag from /media/data/omar/programming course/DEPI/DEPI project/anomx/venv/lib/python3.12/site-packages/airflow/example_dags/example_branch_operator_decorator.py
[2026-06-22T08:47:13.387+0300] {processor.py:840} INFO - DAG(s) 'example_branch_python_operator_decorator' retrieved from /media/data/omar/programming course/DEPI/DEPI project/anomx/venv/lib/python3.12/site-packages/airflow/example_dags/example_branch_operator_decorator.py
[2026-06-22T08:47:13.410+0300] {logging_mixin.py:188} INFO - [2026-06-22T08:47:13.409+0300] {dag.py:3096} INFO - Sync 1 DAGs
[2026-06-22T08:47:13.425+0300] {logging_mixin.py:188} INFO - [2026-06-22T08:47:13.424+0300] {dag.py:3954} INFO - Setting next_dagrun for example_branch_python_operator_decorator to 2026-06-21 00:00:00+00:00, run_after=2026-06-22 00:00:00+00:00
[2026-06-22T08:47:13.453+0300] {processor.py:183} INFO - Processing /media/data/omar/programming course/DEPI/DEPI project/anomx/venv/lib/python3.12/site-packages/airflow/example_dags/example_branch_operator_decorator.py took 0.093 seconds
[2026-06-22T08:48:26.065+0300] {processor.py:161} INFO - Started process (PID=45402) to work on /media/data/omar/programming course/DEPI/DEPI project/anomx/venv/lib/python3.12/site-packages/airflow/example_dags/example_branch_operator_decorator.py
[2026-06-22T08:48:26.067+0300] {processor.py:830} INFO - Processing file /media/data/omar/programming course/DEPI/DEPI project/anomx/venv/lib/python3.12/site-packages/airflow/example_dags/example_branch_operator_decorator.py for tasks to queue
[2026-06-22T08:48:26.069+0300] {logging_mixin.py:188} INFO - [2026-06-22T08:48:26.068+0300] {dagbag.py:540} INFO - Filling up the DagBag from /media/data/omar/programming course/DEPI/DEPI project/anomx/venv/lib/python3.12/site-packages/airflow/example_dags/example_branch_operator_decorator.py
[2026-06-22T08:48:26.094+0300] {processor.py:840} INFO - DAG(s) 'example_branch_python_operator_decorator' retrieved from /media/data/omar/programming course/DEPI/DEPI project/anomx/venv/lib/python3.12/site-packages/airflow/example_dags/example_branch_operator_decorator.py
[2026-06-22T08:48:26.115+0300] {logging_mixin.py:188} INFO - [2026-06-22T08:48:26.114+0300] {dag.py:3096} INFO - Sync 1 DAGs
[2026-06-22T08:48:26.129+0300] {logging_mixin.py:188} INFO - [2026-06-22T08:48:26.128+0300] {dag.py:3954} INFO - Setting next_dagrun for example_branch_python_operator_decorator to 2026-06-21 00:00:00+00:00, run_after=2026-06-22 00:00:00+00:00
[2026-06-22T08:48:26.154+0300] {processor.py:183} INFO - Processing /media/data/omar/programming course/DEPI/DEPI project/anomx/venv/lib/python3.12/site-packages/airflow/example_dags/example_branch_operator_decorator.py took 0.107 seconds
[2026-06-22T08:49:46.468+0300] {processor.py:161} INFO - Started process (PID=45527) to work on /media/data/omar/programming course/DEPI/DEPI project/anomx/venv/lib/python3.12/site-packages/airflow/example_dags/example_branch_operator_decorator.py
[2026-06-22T08:49:46.470+0300] {processor.py:830} INFO - Processing file /media/data/omar/programming course/DEPI/DEPI project/anomx/venv/lib/python3.12/site-packages/airflow/example_dags/example_branch_operator_decorator.py for tasks to queue
[2026-06-22T08:49:46.473+0300] {logging_mixin.py:188} INFO - [2026-06-22T08:49:46.471+0300] {dagbag.py:540} INFO - Filling up the DagBag from /media/data/omar/programming course/DEPI/DEPI project/anomx/venv/lib/python3.12/site-packages/airflow/example_dags/example_branch_operator_decorator.py
[2026-06-22T08:49:46.504+0300] {processor.py:840} INFO - DAG(s) 'example_branch_python_operator_decorator' retrieved from /media/data/omar/programming course/DEPI/DEPI project/anomx/venv/lib/python3.12/site-packages/airflow/example_dags/example_branch_operator_decorator.py
[2026-06-22T08:49:46.524+0300] {logging_mixin.py:188} INFO - [2026-06-22T08:49:46.524+0300] {dag.py:3096} INFO - Sync 1 DAGs
[2026-06-22T08:49:46.538+0300] {logging_mixin.py:188} INFO - [2026-06-22T08:49:46.537+0300] {dag.py:3954} INFO - Setting next_dagrun for example_branch_python_operator_decorator to 2026-06-21 00:00:00+00:00, run_after=2026-06-22 00:00:00+00:00
[2026-06-22T08:49:46.563+0300] {processor.py:183} INFO - Processing /media/data/omar/programming course/DEPI/DEPI project/anomx/venv/lib/python3.12/site-packages/airflow/example_dags/example_branch_operator_decorator.py took 0.108 seconds
[2026-06-22T08:51:05.197+0300] {processor.py:161} INFO - Started process (PID=45659) to work on /media/data/omar/programming course/DEPI/DEPI project/anomx/venv/lib/python3.12/site-packages/airflow/example_dags/example_branch_operator_decorator.py
[2026-06-22T08:51:05.199+0300] {processor.py:830} INFO - Processing file /media/data/omar/programming course/DEPI/DEPI project/anomx/venv/lib/python3.12/site-packages/airflow/example_dags/example_branch_operator_decorator.py for tasks to queue
[2026-06-22T08:51:05.201+0300] {logging_mixin.py:188} INFO - [2026-06-22T08:51:05.200+0300] {dagbag.py:540} INFO - Filling up the DagBag from /media/data/omar/programming course/DEPI/DEPI project/anomx/venv/lib/python3.12/site-packages/airflow/example_dags/example_branch_operator_decorator.py
[2026-06-22T08:51:05.230+0300] {processor.py:840} INFO - DAG(s) 'example_branch_python_operator_decorator' retrieved from /media/data/omar/programming course/DEPI/DEPI project/anomx/venv/lib/python3.12/site-packages/airflow/example_dags/example_branch_operator_decorator.py
[2026-06-22T08:51:05.251+0300] {logging_mixin.py:188} INFO - [2026-06-22T08:51:05.251+0300] {dag.py:3096} INFO - Sync 1 DAGs
[2026-06-22T08:51:05.265+0300] {logging_mixin.py:188} INFO - [2026-06-22T08:51:05.264+0300] {dag.py:3954} INFO - Setting next_dagrun for example_branch_python_operator_decorator to 2026-06-21 00:00:00+00:00, run_after=2026-06-22 00:00:00+00:00
[2026-06-22T08:51:05.290+0300] {processor.py:183} INFO - Processing /media/data/omar/programming course/DEPI/DEPI project/anomx/venv/lib/python3.12/site-packages/airflow/example_dags/example_branch_operator_decorator.py took 0.102 seconds
[2026-06-22T08:52:00.692+0300] {processor.py:161} INFO - Started process (PID=45904) to work on /media/data/omar/programming course/DEPI/DEPI project/anomx/venv/lib/python3.12/site-packages/airflow/example_dags/example_branch_operator_decorator.py
[2026-06-22T08:52:00.694+0300] {processor.py:830} INFO - Processing file /media/data/omar/programming course/DEPI/DEPI project/anomx/venv/lib/python3.12/site-packages/airflow/example_dags/example_branch_operator_decorator.py for tasks to queue
[2026-06-22T08:52:00.697+0300] {logging_mixin.py:188} INFO - [2026-06-22T08:52:00.696+0300] {dagbag.py:540} INFO - Filling up the DagBag from /media/data/omar/programming course/DEPI/DEPI project/anomx/venv/lib/python3.12/site-packages/airflow/example_dags/example_branch_operator_decorator.py
[2026-06-22T08:52:00.738+0300] {processor.py:840} INFO - DAG(s) 'example_branch_python_operator_decorator' retrieved from /media/data/omar/programming course/DEPI/DEPI project/anomx/venv/lib/python3.12/site-packages/airflow/example_dags/example_branch_operator_decorator.py
[2026-06-22T08:52:00.759+0300] {logging_mixin.py:188} INFO - [2026-06-22T08:52:00.758+0300] {dag.py:3096} INFO - Sync 1 DAGs
[2026-06-22T08:52:00.773+0300] {logging_mixin.py:188} INFO - [2026-06-22T08:52:00.773+0300] {dag.py:3954} INFO - Setting next_dagrun for example_branch_python_operator_decorator to 2026-06-21 00:00:00+00:00, run_after=2026-06-22 00:00:00+00:00
[2026-06-22T08:52:00.802+0300] {processor.py:183} INFO - Processing /media/data/omar/programming course/DEPI/DEPI project/anomx/venv/lib/python3.12/site-packages/airflow/example_dags/example_branch_operator_decorator.py took 0.125 seconds
[2026-06-22T08:53:19.019+0300] {processor.py:161} INFO - Started process (PID=46024) to work on /media/data/omar/programming course/DEPI/DEPI project/anomx/venv/lib/python3.12/site-packages/airflow/example_dags/example_branch_operator_decorator.py
[2026-06-22T08:53:19.021+0300] {processor.py:830} INFO - Processing file /media/data/omar/programming course/DEPI/DEPI project/anomx/venv/lib/python3.12/site-packages/airflow/example_dags/example_branch_operator_decorator.py for tasks to queue
[2026-06-22T08:53:19.022+0300] {logging_mixin.py:188} INFO - [2026-06-22T08:53:19.022+0300] {dagbag.py:540} INFO - Filling up the DagBag from /media/data/omar/programming course/DEPI/DEPI project/anomx/venv/lib/python3.12/site-packages/airflow/example_dags/example_branch_operator_decorator.py
[2026-06-22T08:53:19.048+0300] {processor.py:840} INFO - DAG(s) 'example_branch_python_operator_decorator' retrieved from /media/data/omar/programming course/DEPI/DEPI project/anomx/venv/lib/python3.12/site-packages/airflow/example_dags/example_branch_operator_decorator.py
[2026-06-22T08:53:19.072+0300] {logging_mixin.py:188} INFO - [2026-06-22T08:53:19.071+0300] {dag.py:3096} INFO - Sync 1 DAGs
[2026-06-22T08:53:19.090+0300] {logging_mixin.py:188} INFO - [2026-06-22T08:53:19.090+0300] {dag.py:3954} INFO - Setting next_dagrun for example_branch_python_operator_decorator to 2026-06-21 00:00:00+00:00, run_after=2026-06-22 00:00:00+00:00
[2026-06-22T08:53:19.124+0300] {processor.py:183} INFO - Processing /media/data/omar/programming course/DEPI/DEPI project/anomx/venv/lib/python3.12/site-packages/airflow/example_dags/example_branch_operator_decorator.py took 0.115 seconds
[2026-06-22T08:54:13.320+0300] {processor.py:161} INFO - Started process (PID=46101) to work on /media/data/omar/programming course/DEPI/DEPI project/anomx/venv/lib/python3.12/site-packages/airflow/example_dags/example_branch_operator_decorator.py
[2026-06-22T08:54:13.321+0300] {processor.py:830} INFO - Processing file /media/data/omar/programming course/DEPI/DEPI project/anomx/venv/lib/python3.12/site-packages/airflow/example_dags/example_branch_operator_decorator.py for tasks to queue
[2026-06-22T08:54:13.322+0300] {logging_mixin.py:188} INFO - [2026-06-22T08:54:13.322+0300] {dagbag.py:540} INFO - Filling up the DagBag from /media/data/omar/programming course/DEPI/DEPI project/anomx/venv/lib/python3.12/site-packages/airflow/example_dags/example_branch_operator_decorator.py
[2026-06-22T08:54:13.350+0300] {processor.py:840} INFO - DAG(s) 'example_branch_python_operator_decorator' retrieved from /media/data/omar/programming course/DEPI/DEPI project/anomx/venv/lib/python3.12/site-packages/airflow/example_dags/example_branch_operator_decorator.py
[2026-06-22T08:54:13.384+0300] {logging_mixin.py:188} INFO - [2026-06-22T08:54:13.383+0300] {dag.py:3096} INFO - Sync 1 DAGs
[2026-06-22T08:54:13.401+0300] {logging_mixin.py:188} INFO - [2026-06-22T08:54:13.401+0300] {dag.py:3954} INFO - Setting next_dagrun for example_branch_python_operator_decorator to 2026-06-21 00:00:00+00:00, run_after=2026-06-22 00:00:00+00:00
[2026-06-22T08:54:13.429+0300] {processor.py:183} INFO - Processing /media/data/omar/programming course/DEPI/DEPI project/anomx/venv/lib/python3.12/site-packages/airflow/example_dags/example_branch_operator_decorator.py took 0.115 seconds
[2026-06-22T08:55:08.580+0300] {processor.py:161} INFO - Started process (PID=46176) to work on /media/data/omar/programming course/DEPI/DEPI project/anomx/venv/lib/python3.12/site-packages/airflow/example_dags/example_branch_operator_decorator.py
[2026-06-22T08:55:08.581+0300] {processor.py:830} INFO - Processing file /media/data/omar/programming course/DEPI/DEPI project/anomx/venv/lib/python3.12/site-packages/airflow/example_dags/example_branch_operator_decorator.py for tasks to queue
[2026-06-22T08:55:08.583+0300] {logging_mixin.py:188} INFO - [2026-06-22T08:55:08.582+0300] {dagbag.py:540} INFO - Filling up the DagBag from /media/data/omar/programming course/DEPI/DEPI project/anomx/venv/lib/python3.12/site-packages/airflow/example_dags/example_branch_operator_decorator.py
[2026-06-22T08:55:08.606+0300] {processor.py:840} INFO - DAG(s) 'example_branch_python_operator_decorator' retrieved from /media/data/omar/programming course/DEPI/DEPI project/anomx/venv/lib/python3.12/site-packages/airflow/example_dags/example_branch_operator_decorator.py
[2026-06-22T08:55:08.629+0300] {logging_mixin.py:188} INFO - [2026-06-22T08:55:08.629+0300] {dag.py:3096} INFO - Sync 1 DAGs
[2026-06-22T08:55:08.643+0300] {logging_mixin.py:188} INFO - [2026-06-22T08:55:08.643+0300] {dag.py:3954} INFO - Setting next_dagrun for example_branch_python_operator_decorator to 2026-06-21 00:00:00+00:00, run_after=2026-06-22 00:00:00+00:00
[2026-06-22T08:55:08.670+0300] {processor.py:183} INFO - Processing /media/data/omar/programming course/DEPI/DEPI project/anomx/venv/lib/python3.12/site-packages/airflow/example_dags/example_branch_operator_decorator.py took 0.106 seconds
[2026-06-22T08:56:26.693+0300] {processor.py:161} INFO - Started process (PID=46316) to work on /media/data/omar/programming course/DEPI/DEPI project/anomx/venv/lib/python3.12/site-packages/airflow/example_dags/example_branch_operator_decorator.py
[2026-06-22T08:56:26.695+0300] {processor.py:830} INFO - Processing file /media/data/omar/programming course/DEPI/DEPI project/anomx/venv/lib/python3.12/site-packages/airflow/example_dags/example_branch_operator_decorator.py for tasks to queue
[2026-06-22T08:56:26.697+0300] {logging_mixin.py:188} INFO - [2026-06-22T08:56:26.696+0300] {dagbag.py:540} INFO - Filling up the DagBag from /media/data/omar/programming course/DEPI/DEPI project/anomx/venv/lib/python3.12/site-packages/airflow/example_dags/example_branch_operator_decorator.py
[2026-06-22T08:56:26.729+0300] {processor.py:840} INFO - DAG(s) 'example_branch_python_operator_decorator' retrieved from /media/data/omar/programming course/DEPI/DEPI project/anomx/venv/lib/python3.12/site-packages/airflow/example_dags/example_branch_operator_decorator.py
[2026-06-22T08:56:26.751+0300] {logging_mixin.py:188} INFO - [2026-06-22T08:56:26.751+0300] {dag.py:3096} INFO - Sync 1 DAGs
[2026-06-22T08:56:26.766+0300] {logging_mixin.py:188} INFO - [2026-06-22T08:56:26.766+0300] {dag.py:3954} INFO - Setting next_dagrun for example_branch_python_operator_decorator to 2026-06-21 00:00:00+00:00, run_after=2026-06-22 00:00:00+00:00
[2026-06-22T08:56:26.795+0300] {processor.py:183} INFO - Processing /media/data/omar/programming course/DEPI/DEPI project/anomx/venv/lib/python3.12/site-packages/airflow/example_dags/example_branch_operator_decorator.py took 0.112 seconds
[2026-06-22T08:57:24.069+0300] {processor.py:161} INFO - Started process (PID=46410) to work on /media/data/omar/programming course/DEPI/DEPI project/anomx/venv/lib/python3.12/site-packages/airflow/example_dags/example_branch_operator_decorator.py
[2026-06-22T08:57:24.072+0300] {processor.py:830} INFO - Processing file /media/data/omar/programming course/DEPI/DEPI project/anomx/venv/lib/python3.12/site-packages/airflow/example_dags/example_branch_operator_decorator.py for tasks to queue
[2026-06-22T08:57:24.074+0300] {logging_mixin.py:188} INFO - [2026-06-22T08:57:24.073+0300] {dagbag.py:540} INFO - Filling up the DagBag from /media/data/omar/programming course/DEPI/DEPI project/anomx/venv/lib/python3.12/site-packages/airflow/example_dags/example_branch_operator_decorator.py
[2026-06-22T08:57:24.100+0300] {processor.py:840} INFO - DAG(s) 'example_branch_python_operator_decorator' retrieved from /media/data/omar/programming course/DEPI/DEPI project/anomx/venv/lib/python3.12/site-packages/airflow/example_dags/example_branch_operator_decorator.py
[2026-06-22T08:57:24.122+0300] {logging_mixin.py:188} INFO - [2026-06-22T08:57:24.122+0300] {dag.py:3096} INFO - Sync 1 DAGs
[2026-06-22T08:57:24.137+0300] {logging_mixin.py:188} INFO - [2026-06-22T08:57:24.137+0300] {dag.py:3954} INFO - Setting next_dagrun for example_branch_python_operator_decorator to 2026-06-21 00:00:00+00:00, run_after=2026-06-22 00:00:00+00:00
[2026-06-22T08:57:24.164+0300] {processor.py:183} INFO - Processing /media/data/omar/programming course/DEPI/DEPI project/anomx/venv/lib/python3.12/site-packages/airflow/example_dags/example_branch_operator_decorator.py took 0.114 seconds
[2026-06-22T08:58:41.459+0300] {processor.py:161} INFO - Started process (PID=46514) to work on /media/data/omar/programming course/DEPI/DEPI project/anomx/venv/lib/python3.12/site-packages/airflow/example_dags/example_branch_operator_decorator.py
[2026-06-22T08:58:41.461+0300] {processor.py:830} INFO - Processing file /media/data/omar/programming course/DEPI/DEPI project/anomx/venv/lib/python3.12/site-packages/airflow/example_dags/example_branch_operator_decorator.py for tasks to queue
[2026-06-22T08:58:41.463+0300] {logging_mixin.py:188} INFO - [2026-06-22T08:58:41.462+0300] {dagbag.py:540} INFO - Filling up the DagBag from /media/data/omar/programming course/DEPI/DEPI project/anomx/venv/lib/python3.12/site-packages/airflow/example_dags/example_branch_operator_decorator.py
[2026-06-22T08:58:41.486+0300] {processor.py:840} INFO - DAG(s) 'example_branch_python_operator_decorator' retrieved from /media/data/omar/programming course/DEPI/DEPI project/anomx/venv/lib/python3.12/site-packages/airflow/example_dags/example_branch_operator_decorator.py
[2026-06-22T08:58:41.509+0300] {logging_mixin.py:188} INFO - [2026-06-22T08:58:41.508+0300] {dag.py:3096} INFO - Sync 1 DAGs
[2026-06-22T08:58:41.523+0300] {logging_mixin.py:188} INFO - [2026-06-22T08:58:41.523+0300] {dag.py:3954} INFO - Setting next_dagrun for example_branch_python_operator_decorator to 2026-06-21 00:00:00+00:00, run_after=2026-06-22 00:00:00+00:00
[2026-06-22T08:58:41.551+0300] {processor.py:183} INFO - Processing /media/data/omar/programming course/DEPI/DEPI project/anomx/venv/lib/python3.12/site-packages/airflow/example_dags/example_branch_operator_decorator.py took 0.105 seconds
[2026-06-22T08:59:57.393+0300] {processor.py:161} INFO - Started process (PID=46637) to work on /media/data/omar/programming course/DEPI/DEPI project/anomx/venv/lib/python3.12/site-packages/airflow/example_dags/example_branch_operator_decorator.py
[2026-06-22T08:59:57.394+0300] {processor.py:830} INFO - Processing file /media/data/omar/programming course/DEPI/DEPI project/anomx/venv/lib/python3.12/site-packages/airflow/example_dags/example_branch_operator_decorator.py for tasks to queue
[2026-06-22T08:59:57.395+0300] {logging_mixin.py:188} INFO - [2026-06-22T08:59:57.395+0300] {dagbag.py:540} INFO - Filling up the DagBag from /media/data/omar/programming course/DEPI/DEPI project/anomx/venv/lib/python3.12/site-packages/airflow/example_dags/example_branch_operator_decorator.py
[2026-06-22T08:59:57.426+0300] {processor.py:840} INFO - DAG(s) 'example_branch_python_operator_decorator' retrieved from /media/data/omar/programming course/DEPI/DEPI project/anomx/venv/lib/python3.12/site-packages/airflow/example_dags/example_branch_operator_decorator.py
[2026-06-22T08:59:57.447+0300] {logging_mixin.py:188} INFO - [2026-06-22T08:59:57.447+0300] {dag.py:3096} INFO - Sync 1 DAGs
[2026-06-22T08:59:57.462+0300] {logging_mixin.py:188} INFO - [2026-06-22T08:59:57.461+0300] {dag.py:3954} INFO - Setting next_dagrun for example_branch_python_operator_decorator to 2026-06-21 00:00:00+00:00, run_after=2026-06-22 00:00:00+00:00
[2026-06-22T08:59:57.487+0300] {processor.py:183} INFO - Processing /media/data/omar/programming course/DEPI/DEPI project/anomx/venv/lib/python3.12/site-packages/airflow/example_dags/example_branch_operator_decorator.py took 0.102 seconds
[2026-06-22T09:00:54.345+0300] {processor.py:161} INFO - Started process (PID=46722) to work on /media/data/omar/programming course/DEPI/DEPI project/anomx/venv/lib/python3.12/site-packages/airflow/example_dags/example_branch_operator_decorator.py
[2026-06-22T09:00:54.346+0300] {processor.py:830} INFO - Processing file /media/data/omar/programming course/DEPI/DEPI project/anomx/venv/lib/python3.12/site-packages/airflow/example_dags/example_branch_operator_decorator.py for tasks to queue
[2026-06-22T09:00:54.348+0300] {logging_mixin.py:188} INFO - [2026-06-22T09:00:54.347+0300] {dagbag.py:540} INFO - Filling up the DagBag from /media/data/omar/programming course/DEPI/DEPI project/anomx/venv/lib/python3.12/site-packages/airflow/example_dags/example_branch_operator_decorator.py
[2026-06-22T09:00:54.375+0300] {processor.py:840} INFO - DAG(s) 'example_branch_python_operator_decorator' retrieved from /media/data/omar/programming course/DEPI/DEPI project/anomx/venv/lib/python3.12/site-packages/airflow/example_dags/example_branch_operator_decorator.py
[2026-06-22T09:00:54.396+0300] {logging_mixin.py:188} INFO - [2026-06-22T09:00:54.396+0300] {dag.py:3096} INFO - Sync 1 DAGs
[2026-06-22T09:00:54.411+0300] {logging_mixin.py:188} INFO - [2026-06-22T09:00:54.411+0300] {dag.py:3954} INFO - Setting next_dagrun for example_branch_python_operator_decorator to 2026-06-21 00:00:00+00:00, run_after=2026-06-22 00:00:00+00:00
[2026-06-22T09:00:54.437+0300] {processor.py:183} INFO - Processing /media/data/omar/programming course/DEPI/DEPI project/anomx/venv/lib/python3.12/site-packages/airflow/example_dags/example_branch_operator_decorator.py took 0.103 seconds
[2026-06-22T09:02:10.742+0300] {processor.py:161} INFO - Started process (PID=46827) to work on /media/data/omar/programming course/DEPI/DEPI project/anomx/venv/lib/python3.12/site-packages/airflow/example_dags/example_branch_operator_decorator.py
[2026-06-22T09:02:10.743+0300] {processor.py:830} INFO - Processing file /media/data/omar/programming course/DEPI/DEPI project/anomx/venv/lib/python3.12/site-packages/airflow/example_dags/example_branch_operator_decorator.py for tasks to queue
[2026-06-22T09:02:10.745+0300] {logging_mixin.py:188} INFO - [2026-06-22T09:02:10.744+0300] {dagbag.py:540} INFO - Filling up the DagBag from /media/data/omar/programming course/DEPI/DEPI project/anomx/venv/lib/python3.12/site-packages/airflow/example_dags/example_branch_operator_decorator.py
[2026-06-22T09:02:10.771+0300] {processor.py:840} INFO - DAG(s) 'example_branch_python_operator_decorator' retrieved from /media/data/omar/programming course/DEPI/DEPI project/anomx/venv/lib/python3.12/site-packages/airflow/example_dags/example_branch_operator_decorator.py
[2026-06-22T09:02:10.792+0300] {logging_mixin.py:188} INFO - [2026-06-22T09:02:10.792+0300] {dag.py:3096} INFO - Sync 1 DAGs
[2026-06-22T09:02:10.807+0300] {logging_mixin.py:188} INFO - [2026-06-22T09:02:10.807+0300] {dag.py:3954} INFO - Setting next_dagrun for example_branch_python_operator_decorator to 2026-06-21 00:00:00+00:00, run_after=2026-06-22 00:00:00+00:00
[2026-06-22T09:02:10.836+0300] {processor.py:183} INFO - Processing /media/data/omar/programming course/DEPI/DEPI project/anomx/venv/lib/python3.12/site-packages/airflow/example_dags/example_branch_operator_decorator.py took 0.102 seconds
[2026-06-22T09:03:31.222+0300] {processor.py:161} INFO - Started process (PID=46965) to work on /media/data/omar/programming course/DEPI/DEPI project/anomx/venv/lib/python3.12/site-packages/airflow/example_dags/example_branch_operator_decorator.py
[2026-06-22T09:03:31.223+0300] {processor.py:830} INFO - Processing file /media/data/omar/programming course/DEPI/DEPI project/anomx/venv/lib/python3.12/site-packages/airflow/example_dags/example_branch_operator_decorator.py for tasks to queue
[2026-06-22T09:03:31.225+0300] {logging_mixin.py:188} INFO - [2026-06-22T09:03:31.224+0300] {dagbag.py:540} INFO - Filling up the DagBag from /media/data/omar/programming course/DEPI/DEPI project/anomx/venv/lib/python3.12/site-packages/airflow/example_dags/example_branch_operator_decorator.py
[2026-06-22T09:03:31.247+0300] {processor.py:840} INFO - DAG(s) 'example_branch_python_operator_decorator' retrieved from /media/data/omar/programming course/DEPI/DEPI project/anomx/venv/lib/python3.12/site-packages/airflow/example_dags/example_branch_operator_decorator.py
[2026-06-22T09:03:31.268+0300] {logging_mixin.py:188} INFO - [2026-06-22T09:03:31.268+0300] {dag.py:3096} INFO - Sync 1 DAGs
[2026-06-22T09:03:31.283+0300] {logging_mixin.py:188} INFO - [2026-06-22T09:03:31.282+0300] {dag.py:3954} INFO - Setting next_dagrun for example_branch_python_operator_decorator to 2026-06-21 00:00:00+00:00, run_after=2026-06-22 00:00:00+00:00
[2026-06-22T09:03:31.310+0300] {processor.py:183} INFO - Processing /media/data/omar/programming course/DEPI/DEPI project/anomx/venv/lib/python3.12/site-packages/airflow/example_dags/example_branch_operator_decorator.py took 0.102 seconds
[2026-06-22T09:04:49.069+0300] {processor.py:161} INFO - Started process (PID=47069) to work on /media/data/omar/programming course/DEPI/DEPI project/anomx/venv/lib/python3.12/site-packages/airflow/example_dags/example_branch_operator_decorator.py
[2026-06-22T09:04:49.070+0300] {processor.py:830} INFO - Processing file /media/data/omar/programming course/DEPI/DEPI project/anomx/venv/lib/python3.12/site-packages/airflow/example_dags/example_branch_operator_decorator.py for tasks to queue
[2026-06-22T09:04:49.071+0300] {logging_mixin.py:188} INFO - [2026-06-22T09:04:49.070+0300] {dagbag.py:540} INFO - Filling up the DagBag from /media/data/omar/programming course/DEPI/DEPI project/anomx/venv/lib/python3.12/site-packages/airflow/example_dags/example_branch_operator_decorator.py
[2026-06-22T09:04:49.093+0300] {processor.py:840} INFO - DAG(s) 'example_branch_python_operator_decorator' retrieved from /media/data/omar/programming course/DEPI/DEPI project/anomx/venv/lib/python3.12/site-packages/airflow/example_dags/example_branch_operator_decorator.py
[2026-06-22T09:04:49.117+0300] {logging_mixin.py:188} INFO - [2026-06-22T09:04:49.117+0300] {dag.py:3096} INFO - Sync 1 DAGs
[2026-06-22T09:04:49.132+0300] {logging_mixin.py:188} INFO - [2026-06-22T09:04:49.132+0300] {dag.py:3954} INFO - Setting next_dagrun for example_branch_python_operator_decorator to 2026-06-21 00:00:00+00:00, run_after=2026-06-22 00:00:00+00:00
[2026-06-22T09:04:49.158+0300] {processor.py:183} INFO - Processing /media/data/omar/programming course/DEPI/DEPI project/anomx/venv/lib/python3.12/site-packages/airflow/example_dags/example_branch_operator_decorator.py took 0.095 seconds
[2026-06-22T09:06:05.049+0300] {processor.py:161} INFO - Started process (PID=47194) to work on /media/data/omar/programming course/DEPI/DEPI project/anomx/venv/lib/python3.12/site-packages/airflow/example_dags/example_branch_operator_decorator.py
[2026-06-22T09:06:05.050+0300] {processor.py:830} INFO - Processing file /media/data/omar/programming course/DEPI/DEPI project/anomx/venv/lib/python3.12/site-packages/airflow/example_dags/example_branch_operator_decorator.py for tasks to queue
[2026-06-22T09:06:05.051+0300] {logging_mixin.py:188} INFO - [2026-06-22T09:06:05.051+0300] {dagbag.py:540} INFO - Filling up the DagBag from /media/data/omar/programming course/DEPI/DEPI project/anomx/venv/lib/python3.12/site-packages/airflow/example_dags/example_branch_operator_decorator.py
[2026-06-22T09:06:05.071+0300] {processor.py:840} INFO - DAG(s) 'example_branch_python_operator_decorator' retrieved from /media/data/omar/programming course/DEPI/DEPI project/anomx/venv/lib/python3.12/site-packages/airflow/example_dags/example_branch_operator_decorator.py
[2026-06-22T09:06:05.092+0300] {logging_mixin.py:188} INFO - [2026-06-22T09:06:05.092+0300] {dag.py:3096} INFO - Sync 1 DAGs
[2026-06-22T09:06:05.107+0300] {logging_mixin.py:188} INFO - [2026-06-22T09:06:05.106+0300] {dag.py:3954} INFO - Setting next_dagrun for example_branch_python_operator_decorator to 2026-06-21 00:00:00+00:00, run_after=2026-06-22 00:00:00+00:00
[2026-06-22T09:06:05.135+0300] {processor.py:183} INFO - Processing /media/data/omar/programming course/DEPI/DEPI project/anomx/venv/lib/python3.12/site-packages/airflow/example_dags/example_branch_operator_decorator.py took 0.093 seconds
[2026-06-22T09:07:00.445+0300] {processor.py:161} INFO - Started process (PID=47292) to work on /media/data/omar/programming course/DEPI/DEPI project/anomx/venv/lib/python3.12/site-packages/airflow/example_dags/example_branch_operator_decorator.py
[2026-06-22T09:07:00.446+0300] {processor.py:830} INFO - Processing file /media/data/omar/programming course/DEPI/DEPI project/anomx/venv/lib/python3.12/site-packages/airflow/example_dags/example_branch_operator_decorator.py for tasks to queue
[2026-06-22T09:07:00.447+0300] {logging_mixin.py:188} INFO - [2026-06-22T09:07:00.447+0300] {dagbag.py:540} INFO - Filling up the DagBag from /media/data/omar/programming course/DEPI/DEPI project/anomx/venv/lib/python3.12/site-packages/airflow/example_dags/example_branch_operator_decorator.py
[2026-06-22T09:07:00.467+0300] {processor.py:840} INFO - DAG(s) 'example_branch_python_operator_decorator' retrieved from /media/data/omar/programming course/DEPI/DEPI project/anomx/venv/lib/python3.12/site-packages/airflow/example_dags/example_branch_operator_decorator.py
[2026-06-22T09:07:00.489+0300] {logging_mixin.py:188} INFO - [2026-06-22T09:07:00.488+0300] {dag.py:3096} INFO - Sync 1 DAGs
[2026-06-22T09:07:00.504+0300] {logging_mixin.py:188} INFO - [2026-06-22T09:07:00.504+0300] {dag.py:3954} INFO - Setting next_dagrun for example_branch_python_operator_decorator to 2026-06-21 00:00:00+00:00, run_after=2026-06-22 00:00:00+00:00
[2026-06-22T09:07:00.532+0300] {processor.py:183} INFO - Processing /media/data/omar/programming course/DEPI/DEPI project/anomx/venv/lib/python3.12/site-packages/airflow/example_dags/example_branch_operator_decorator.py took 0.092 seconds
[2026-06-22T09:08:20.461+0300] {processor.py:161} INFO - Started process (PID=47410) to work on /media/data/omar/programming course/DEPI/DEPI project/anomx/venv/lib/python3.12/site-packages/airflow/example_dags/example_branch_operator_decorator.py
[2026-06-22T09:08:20.461+0300] {processor.py:830} INFO - Processing file /media/data/omar/programming course/DEPI/DEPI project/anomx/venv/lib/python3.12/site-packages/airflow/example_dags/example_branch_operator_decorator.py for tasks to queue
[2026-06-22T09:08:20.462+0300] {logging_mixin.py:188} INFO - [2026-06-22T09:08:20.462+0300] {dagbag.py:540} INFO - Filling up the DagBag from /media/data/omar/programming course/DEPI/DEPI project/anomx/venv/lib/python3.12/site-packages/airflow/example_dags/example_branch_operator_decorator.py
[2026-06-22T09:08:20.481+0300] {processor.py:840} INFO - DAG(s) 'example_branch_python_operator_decorator' retrieved from /media/data/omar/programming course/DEPI/DEPI project/anomx/venv/lib/python3.12/site-packages/airflow/example_dags/example_branch_operator_decorator.py
[2026-06-22T09:08:20.502+0300] {logging_mixin.py:188} INFO - [2026-06-22T09:08:20.502+0300] {dag.py:3096} INFO - Sync 1 DAGs
[2026-06-22T09:08:20.517+0300] {logging_mixin.py:188} INFO - [2026-06-22T09:08:20.516+0300] {dag.py:3954} INFO - Setting next_dagrun for example_branch_python_operator_decorator to 2026-06-21 00:00:00+00:00, run_after=2026-06-22 00:00:00+00:00
[2026-06-22T09:08:20.546+0300] {processor.py:183} INFO - Processing /media/data/omar/programming course/DEPI/DEPI project/anomx/venv/lib/python3.12/site-packages/airflow/example_dags/example_branch_operator_decorator.py took 0.090 seconds
[2026-06-22T09:09:15.075+0300] {processor.py:161} INFO - Started process (PID=47488) to work on /media/data/omar/programming course/DEPI/DEPI project/anomx/venv/lib/python3.12/site-packages/airflow/example_dags/example_branch_operator_decorator.py
[2026-06-22T09:09:15.078+0300] {processor.py:830} INFO - Processing file /media/data/omar/programming course/DEPI/DEPI project/anomx/venv/lib/python3.12/site-packages/airflow/example_dags/example_branch_operator_decorator.py for tasks to queue
[2026-06-22T09:09:15.081+0300] {logging_mixin.py:188} INFO - [2026-06-22T09:09:15.080+0300] {dagbag.py:540} INFO - Filling up the DagBag from /media/data/omar/programming course/DEPI/DEPI project/anomx/venv/lib/python3.12/site-packages/airflow/example_dags/example_branch_operator_decorator.py
[2026-06-22T09:09:15.115+0300] {processor.py:840} INFO - DAG(s) 'example_branch_python_operator_decorator' retrieved from /media/data/omar/programming course/DEPI/DEPI project/anomx/venv/lib/python3.12/site-packages/airflow/example_dags/example_branch_operator_decorator.py
[2026-06-22T09:09:15.138+0300] {logging_mixin.py:188} INFO - [2026-06-22T09:09:15.138+0300] {dag.py:3096} INFO - Sync 1 DAGs
[2026-06-22T09:09:15.153+0300] {logging_mixin.py:188} INFO - [2026-06-22T09:09:15.153+0300] {dag.py:3954} INFO - Setting next_dagrun for example_branch_python_operator_decorator to 2026-06-21 00:00:00+00:00, run_after=2026-06-22 00:00:00+00:00
[2026-06-22T09:09:15.179+0300] {processor.py:183} INFO - Processing /media/data/omar/programming course/DEPI/DEPI project/anomx/venv/lib/python3.12/site-packages/airflow/example_dags/example_branch_operator_decorator.py took 0.122 seconds
[2026-06-22T09:10:31.708+0300] {processor.py:161} INFO - Started process (PID=47641) to work on /media/data/omar/programming course/DEPI/DEPI project/anomx/venv/lib/python3.12/site-packages/airflow/example_dags/example_branch_operator_decorator.py
[2026-06-22T09:10:31.709+0300] {processor.py:830} INFO - Processing file /media/data/omar/programming course/DEPI/DEPI project/anomx/venv/lib/python3.12/site-packages/airflow/example_dags/example_branch_operator_decorator.py for tasks to queue
[2026-06-22T09:10:31.710+0300] {logging_mixin.py:188} INFO - [2026-06-22T09:10:31.710+0300] {dagbag.py:540} INFO - Filling up the DagBag from /media/data/omar/programming course/DEPI/DEPI project/anomx/venv/lib/python3.12/site-packages/airflow/example_dags/example_branch_operator_decorator.py
[2026-06-22T09:10:31.732+0300] {processor.py:840} INFO - DAG(s) 'example_branch_python_operator_decorator' retrieved from /media/data/omar/programming course/DEPI/DEPI project/anomx/venv/lib/python3.12/site-packages/airflow/example_dags/example_branch_operator_decorator.py
[2026-06-22T09:10:31.753+0300] {logging_mixin.py:188} INFO - [2026-06-22T09:10:31.753+0300] {dag.py:3096} INFO - Sync 1 DAGs
[2026-06-22T09:10:31.767+0300] {logging_mixin.py:188} INFO - [2026-06-22T09:10:31.767+0300] {dag.py:3954} INFO - Setting next_dagrun for example_branch_python_operator_decorator to 2026-06-21 00:00:00+00:00, run_after=2026-06-22 00:00:00+00:00
[2026-06-22T09:10:31.797+0300] {processor.py:183} INFO - Processing /media/data/omar/programming course/DEPI/DEPI project/anomx/venv/lib/python3.12/site-packages/airflow/example_dags/example_branch_operator_decorator.py took 0.097 seconds
[2026-06-22T09:11:52.991+0300] {processor.py:161} INFO - Started process (PID=47945) to work on /media/data/omar/programming course/DEPI/DEPI project/anomx/venv/lib/python3.12/site-packages/airflow/example_dags/example_branch_operator_decorator.py
[2026-06-22T09:11:52.992+0300] {processor.py:830} INFO - Processing file /media/data/omar/programming course/DEPI/DEPI project/anomx/venv/lib/python3.12/site-packages/airflow/example_dags/example_branch_operator_decorator.py for tasks to queue
[2026-06-22T09:11:52.993+0300] {logging_mixin.py:188} INFO - [2026-06-22T09:11:52.993+0300] {dagbag.py:540} INFO - Filling up the DagBag from /media/data/omar/programming course/DEPI/DEPI project/anomx/venv/lib/python3.12/site-packages/airflow/example_dags/example_branch_operator_decorator.py
[2026-06-22T09:11:53.026+0300] {processor.py:840} INFO - DAG(s) 'example_branch_python_operator_decorator' retrieved from /media/data/omar/programming course/DEPI/DEPI project/anomx/venv/lib/python3.12/site-packages/airflow/example_dags/example_branch_operator_decorator.py
[2026-06-22T09:11:53.058+0300] {logging_mixin.py:188} INFO - [2026-06-22T09:11:53.057+0300] {dag.py:3096} INFO - Sync 1 DAGs
[2026-06-22T09:11:53.077+0300] {logging_mixin.py:188} INFO - [2026-06-22T09:11:53.077+0300] {dag.py:3954} INFO - Setting next_dagrun for example_branch_python_operator_decorator to 2026-06-21 00:00:00+00:00, run_after=2026-06-22 00:00:00+00:00
[2026-06-22T09:11:53.115+0300] {processor.py:183} INFO - Processing /media/data/omar/programming course/DEPI/DEPI project/anomx/venv/lib/python3.12/site-packages/airflow/example_dags/example_branch_operator_decorator.py took 0.133 seconds
[2026-06-22T09:12:48.863+0300] {processor.py:161} INFO - Started process (PID=48039) to work on /media/data/omar/programming course/DEPI/DEPI project/anomx/venv/lib/python3.12/site-packages/airflow/example_dags/example_branch_operator_decorator.py
[2026-06-22T09:12:48.864+0300] {processor.py:830} INFO - Processing file /media/data/omar/programming course/DEPI/DEPI project/anomx/venv/lib/python3.12/site-packages/airflow/example_dags/example_branch_operator_decorator.py for tasks to queue
[2026-06-22T09:12:48.865+0300] {logging_mixin.py:188} INFO - [2026-06-22T09:12:48.864+0300] {dagbag.py:540} INFO - Filling up the DagBag from /media/data/omar/programming course/DEPI/DEPI project/anomx/venv/lib/python3.12/site-packages/airflow/example_dags/example_branch_operator_decorator.py
[2026-06-22T09:12:48.885+0300] {processor.py:840} INFO - DAG(s) 'example_branch_python_operator_decorator' retrieved from /media/data/omar/programming course/DEPI/DEPI project/anomx/venv/lib/python3.12/site-packages/airflow/example_dags/example_branch_operator_decorator.py
[2026-06-22T09:12:48.919+0300] {logging_mixin.py:188} INFO - [2026-06-22T09:12:48.919+0300] {dag.py:3096} INFO - Sync 1 DAGs
[2026-06-22T09:12:48.935+0300] {logging_mixin.py:188} INFO - [2026-06-22T09:12:48.935+0300] {dag.py:3954} INFO - Setting next_dagrun for example_branch_python_operator_decorator to 2026-06-21 00:00:00+00:00, run_after=2026-06-22 00:00:00+00:00
[2026-06-22T09:12:48.967+0300] {processor.py:183} INFO - Processing /media/data/omar/programming course/DEPI/DEPI project/anomx/venv/lib/python3.12/site-packages/airflow/example_dags/example_branch_operator_decorator.py took 0.111 seconds
[2026-06-22T09:14:06.919+0300] {processor.py:161} INFO - Started process (PID=48174) to work on /media/data/omar/programming course/DEPI/DEPI project/anomx/venv/lib/python3.12/site-packages/airflow/example_dags/example_branch_operator_decorator.py
[2026-06-22T09:14:06.921+0300] {processor.py:830} INFO - Processing file /media/data/omar/programming course/DEPI/DEPI project/anomx/venv/lib/python3.12/site-packages/airflow/example_dags/example_branch_operator_decorator.py for tasks to queue
[2026-06-22T09:14:06.923+0300] {logging_mixin.py:188} INFO - [2026-06-22T09:14:06.922+0300] {dagbag.py:540} INFO - Filling up the DagBag from /media/data/omar/programming course/DEPI/DEPI project/anomx/venv/lib/python3.12/site-packages/airflow/example_dags/example_branch_operator_decorator.py
[2026-06-22T09:14:06.947+0300] {processor.py:840} INFO - DAG(s) 'example_branch_python_operator_decorator' retrieved from /media/data/omar/programming course/DEPI/DEPI project/anomx/venv/lib/python3.12/site-packages/airflow/example_dags/example_branch_operator_decorator.py
[2026-06-22T09:14:06.968+0300] {logging_mixin.py:188} INFO - [2026-06-22T09:14:06.967+0300] {dag.py:3096} INFO - Sync 1 DAGs
[2026-06-22T09:14:06.982+0300] {logging_mixin.py:188} INFO - [2026-06-22T09:14:06.982+0300] {dag.py:3954} INFO - Setting next_dagrun for example_branch_python_operator_decorator to 2026-06-21 00:00:00+00:00, run_after=2026-06-22 00:00:00+00:00
[2026-06-22T09:14:07.009+0300] {processor.py:183} INFO - Processing /media/data/omar/programming course/DEPI/DEPI project/anomx/venv/lib/python3.12/site-packages/airflow/example_dags/example_branch_operator_decorator.py took 0.109 seconds
[2026-06-22T09:15:24.447+0300] {processor.py:161} INFO - Started process (PID=48296) to work on /media/data/omar/programming course/DEPI/DEPI project/anomx/venv/lib/python3.12/site-packages/airflow/example_dags/example_branch_operator_decorator.py
[2026-06-22T09:15:24.448+0300] {processor.py:830} INFO - Processing file /media/data/omar/programming course/DEPI/DEPI project/anomx/venv/lib/python3.12/site-packages/airflow/example_dags/example_branch_operator_decorator.py for tasks to queue
[2026-06-22T09:15:24.449+0300] {logging_mixin.py:188} INFO - [2026-06-22T09:15:24.448+0300] {dagbag.py:540} INFO - Filling up the DagBag from /media/data/omar/programming course/DEPI/DEPI project/anomx/venv/lib/python3.12/site-packages/airflow/example_dags/example_branch_operator_decorator.py
[2026-06-22T09:15:24.473+0300] {processor.py:840} INFO - DAG(s) 'example_branch_python_operator_decorator' retrieved from /media/data/omar/programming course/DEPI/DEPI project/anomx/venv/lib/python3.12/site-packages/airflow/example_dags/example_branch_operator_decorator.py
[2026-06-22T09:15:24.504+0300] {logging_mixin.py:188} INFO - [2026-06-22T09:15:24.504+0300] {dag.py:3096} INFO - Sync 1 DAGs
[2026-06-22T09:15:24.519+0300] {logging_mixin.py:188} INFO - [2026-06-22T09:15:24.519+0300] {dag.py:3954} INFO - Setting next_dagrun for example_branch_python_operator_decorator to 2026-06-21 00:00:00+00:00, run_after=2026-06-22 00:00:00+00:00
[2026-06-22T09:15:24.550+0300] {processor.py:183} INFO - Processing /media/data/omar/programming course/DEPI/DEPI project/anomx/venv/lib/python3.12/site-packages/airflow/example_dags/example_branch_operator_decorator.py took 0.111 seconds
[2026-06-22T09:16:26.097+0300] {processor.py:161} INFO - Started process (PID=48414) to work on /media/data/omar/programming course/DEPI/DEPI project/anomx/venv/lib/python3.12/site-packages/airflow/example_dags/example_branch_operator_decorator.py
[2026-06-22T09:16:26.098+0300] {processor.py:830} INFO - Processing file /media/data/omar/programming course/DEPI/DEPI project/anomx/venv/lib/python3.12/site-packages/airflow/example_dags/example_branch_operator_decorator.py for tasks to queue
[2026-06-22T09:16:26.099+0300] {logging_mixin.py:188} INFO - [2026-06-22T09:16:26.099+0300] {dagbag.py:540} INFO - Filling up the DagBag from /media/data/omar/programming course/DEPI/DEPI project/anomx/venv/lib/python3.12/site-packages/airflow/example_dags/example_branch_operator_decorator.py
[2026-06-22T09:16:26.121+0300] {processor.py:840} INFO - DAG(s) 'example_branch_python_operator_decorator' retrieved from /media/data/omar/programming course/DEPI/DEPI project/anomx/venv/lib/python3.12/site-packages/airflow/example_dags/example_branch_operator_decorator.py
[2026-06-22T09:16:26.147+0300] {logging_mixin.py:188} INFO - [2026-06-22T09:16:26.147+0300] {dag.py:3096} INFO - Sync 1 DAGs
[2026-06-22T09:16:26.163+0300] {logging_mixin.py:188} INFO - [2026-06-22T09:16:26.163+0300] {dag.py:3954} INFO - Setting next_dagrun for example_branch_python_operator_decorator to 2026-06-21 00:00:00+00:00, run_after=2026-06-22 00:00:00+00:00
[2026-06-22T09:16:26.194+0300] {processor.py:183} INFO - Processing /media/data/omar/programming course/DEPI/DEPI project/anomx/venv/lib/python3.12/site-packages/airflow/example_dags/example_branch_operator_decorator.py took 0.103 seconds
[2026-06-22T09:17:25.461+0300] {processor.py:161} INFO - Started process (PID=48506) to work on /media/data/omar/programming course/DEPI/DEPI project/anomx/venv/lib/python3.12/site-packages/airflow/example_dags/example_branch_operator_decorator.py
[2026-06-22T09:17:25.462+0300] {processor.py:830} INFO - Processing file /media/data/omar/programming course/DEPI/DEPI project/anomx/venv/lib/python3.12/site-packages/airflow/example_dags/example_branch_operator_decorator.py for tasks to queue
[2026-06-22T09:17:25.464+0300] {logging_mixin.py:188} INFO - [2026-06-22T09:17:25.463+0300] {dagbag.py:540} INFO - Filling up the DagBag from /media/data/omar/programming course/DEPI/DEPI project/anomx/venv/lib/python3.12/site-packages/airflow/example_dags/example_branch_operator_decorator.py
[2026-06-22T09:17:25.492+0300] {processor.py:840} INFO - DAG(s) 'example_branch_python_operator_decorator' retrieved from /media/data/omar/programming course/DEPI/DEPI project/anomx/venv/lib/python3.12/site-packages/airflow/example_dags/example_branch_operator_decorator.py
[2026-06-22T09:17:25.517+0300] {logging_mixin.py:188} INFO - [2026-06-22T09:17:25.517+0300] {dag.py:3096} INFO - Sync 1 DAGs
[2026-06-22T09:17:25.536+0300] {logging_mixin.py:188} INFO - [2026-06-22T09:17:25.536+0300] {dag.py:3954} INFO - Setting next_dagrun for example_branch_python_operator_decorator to 2026-06-21 00:00:00+00:00, run_after=2026-06-22 00:00:00+00:00
[2026-06-22T09:17:25.568+0300] {processor.py:183} INFO - Processing /media/data/omar/programming course/DEPI/DEPI project/anomx/venv/lib/python3.12/site-packages/airflow/example_dags/example_branch_operator_decorator.py took 0.115 seconds
[2026-06-22T09:18:25.629+0300] {processor.py:161} INFO - Started process (PID=48635) to work on /media/data/omar/programming course/DEPI/DEPI project/anomx/venv/lib/python3.12/site-packages/airflow/example_dags/example_branch_operator_decorator.py
[2026-06-22T09:18:25.630+0300] {processor.py:830} INFO - Processing file /media/data/omar/programming course/DEPI/DEPI project/anomx/venv/lib/python3.12/site-packages/airflow/example_dags/example_branch_operator_decorator.py for tasks to queue
[2026-06-22T09:18:25.631+0300] {logging_mixin.py:188} INFO - [2026-06-22T09:18:25.630+0300] {dagbag.py:540} INFO - Filling up the DagBag from /media/data/omar/programming course/DEPI/DEPI project/anomx/venv/lib/python3.12/site-packages/airflow/example_dags/example_branch_operator_decorator.py
[2026-06-22T09:18:25.656+0300] {processor.py:840} INFO - DAG(s) 'example_branch_python_operator_decorator' retrieved from /media/data/omar/programming course/DEPI/DEPI project/anomx/venv/lib/python3.12/site-packages/airflow/example_dags/example_branch_operator_decorator.py
[2026-06-22T09:18:25.680+0300] {logging_mixin.py:188} INFO - [2026-06-22T09:18:25.680+0300] {dag.py:3096} INFO - Sync 1 DAGs
[2026-06-22T09:18:25.698+0300] {logging_mixin.py:188} INFO - [2026-06-22T09:18:25.698+0300] {dag.py:3954} INFO - Setting next_dagrun for example_branch_python_operator_decorator to 2026-06-21 00:00:00+00:00, run_after=2026-06-22 00:00:00+00:00
[2026-06-22T09:18:25.727+0300] {processor.py:183} INFO - Processing /media/data/omar/programming course/DEPI/DEPI project/anomx/venv/lib/python3.12/site-packages/airflow/example_dags/example_branch_operator_decorator.py took 0.107 seconds
[2026-06-22T09:19:34.573+0300] {processor.py:161} INFO - Started process (PID=48806) to work on /media/data/omar/programming course/DEPI/DEPI project/anomx/venv/lib/python3.12/site-packages/airflow/example_dags/example_branch_operator_decorator.py
[2026-06-22T09:19:34.574+0300] {processor.py:830} INFO - Processing file /media/data/omar/programming course/DEPI/DEPI project/anomx/venv/lib/python3.12/site-packages/airflow/example_dags/example_branch_operator_decorator.py for tasks to queue
[2026-06-22T09:19:34.575+0300] {logging_mixin.py:188} INFO - [2026-06-22T09:19:34.574+0300] {dagbag.py:540} INFO - Filling up the DagBag from /media/data/omar/programming course/DEPI/DEPI project/anomx/venv/lib/python3.12/site-packages/airflow/example_dags/example_branch_operator_decorator.py
[2026-06-22T09:19:34.595+0300] {processor.py:840} INFO - DAG(s) 'example_branch_python_operator_decorator' retrieved from /media/data/omar/programming course/DEPI/DEPI project/anomx/venv/lib/python3.12/site-packages/airflow/example_dags/example_branch_operator_decorator.py
[2026-06-22T09:19:34.621+0300] {logging_mixin.py:188} INFO - [2026-06-22T09:19:34.620+0300] {dag.py:3096} INFO - Sync 1 DAGs
[2026-06-22T09:19:34.639+0300] {logging_mixin.py:188} INFO - [2026-06-22T09:19:34.639+0300] {dag.py:3954} INFO - Setting next_dagrun for example_branch_python_operator_decorator to 2026-06-21 00:00:00+00:00, run_after=2026-06-22 00:00:00+00:00
[2026-06-22T09:19:34.672+0300] {processor.py:183} INFO - Processing /media/data/omar/programming course/DEPI/DEPI project/anomx/venv/lib/python3.12/site-packages/airflow/example_dags/example_branch_operator_decorator.py took 0.106 seconds
[2026-06-22T09:20:43.203+0300] {processor.py:161} INFO - Started process (PID=49076) to work on /media/data/omar/programming course/DEPI/DEPI project/anomx/venv/lib/python3.12/site-packages/airflow/example_dags/example_branch_operator_decorator.py
[2026-06-22T09:20:43.207+0300] {processor.py:830} INFO - Processing file /media/data/omar/programming course/DEPI/DEPI project/anomx/venv/lib/python3.12/site-packages/airflow/example_dags/example_branch_operator_decorator.py for tasks to queue
[2026-06-22T09:20:43.213+0300] {logging_mixin.py:188} INFO - [2026-06-22T09:20:43.210+0300] {dagbag.py:540} INFO - Filling up the DagBag from /media/data/omar/programming course/DEPI/DEPI project/anomx/venv/lib/python3.12/site-packages/airflow/example_dags/example_branch_operator_decorator.py
[2026-06-22T09:20:43.301+0300] {processor.py:840} INFO - DAG(s) 'example_branch_python_operator_decorator' retrieved from /media/data/omar/programming course/DEPI/DEPI project/anomx/venv/lib/python3.12/site-packages/airflow/example_dags/example_branch_operator_decorator.py
[2026-06-22T09:20:43.339+0300] {logging_mixin.py:188} INFO - [2026-06-22T09:20:43.338+0300] {dag.py:3096} INFO - Sync 1 DAGs
[2026-06-22T09:20:43.369+0300] {logging_mixin.py:188} INFO - [2026-06-22T09:20:43.365+0300] {dag.py:3954} INFO - Setting next_dagrun for example_branch_python_operator_decorator to 2026-06-21 00:00:00+00:00, run_after=2026-06-22 00:00:00+00:00
[2026-06-22T09:20:43.414+0300] {processor.py:183} INFO - Processing /media/data/omar/programming course/DEPI/DEPI project/anomx/venv/lib/python3.12/site-packages/airflow/example_dags/example_branch_operator_decorator.py took 0.252 seconds
[2026-06-22T09:21:55.584+0300] {processor.py:161} INFO - Started process (PID=49249) to work on /media/data/omar/programming course/DEPI/DEPI project/anomx/venv/lib/python3.12/site-packages/airflow/example_dags/example_branch_operator_decorator.py
[2026-06-22T09:21:55.585+0300] {processor.py:830} INFO - Processing file /media/data/omar/programming course/DEPI/DEPI project/anomx/venv/lib/python3.12/site-packages/airflow/example_dags/example_branch_operator_decorator.py for tasks to queue
[2026-06-22T09:21:55.587+0300] {logging_mixin.py:188} INFO - [2026-06-22T09:21:55.586+0300] {dagbag.py:540} INFO - Filling up the DagBag from /media/data/omar/programming course/DEPI/DEPI project/anomx/venv/lib/python3.12/site-packages/airflow/example_dags/example_branch_operator_decorator.py
[2026-06-22T09:21:55.616+0300] {processor.py:840} INFO - DAG(s) 'example_branch_python_operator_decorator' retrieved from /media/data/omar/programming course/DEPI/DEPI project/anomx/venv/lib/python3.12/site-packages/airflow/example_dags/example_branch_operator_decorator.py
[2026-06-22T09:21:55.650+0300] {logging_mixin.py:188} INFO - [2026-06-22T09:21:55.649+0300] {dag.py:3096} INFO - Sync 1 DAGs
[2026-06-22T09:21:55.677+0300] {logging_mixin.py:188} INFO - [2026-06-22T09:21:55.676+0300] {dag.py:3954} INFO - Setting next_dagrun for example_branch_python_operator_decorator to 2026-06-21 00:00:00+00:00, run_after=2026-06-22 00:00:00+00:00
[2026-06-22T09:21:55.745+0300] {processor.py:183} INFO - Processing /media/data/omar/programming course/DEPI/DEPI project/anomx/venv/lib/python3.12/site-packages/airflow/example_dags/example_branch_operator_decorator.py took 0.167 seconds
[2026-06-22T09:22:59.773+0300] {processor.py:161} INFO - Started process (PID=49413) to work on /media/data/omar/programming course/DEPI/DEPI project/anomx/venv/lib/python3.12/site-packages/airflow/example_dags/example_branch_operator_decorator.py
[2026-06-22T09:22:59.777+0300] {processor.py:830} INFO - Processing file /media/data/omar/programming course/DEPI/DEPI project/anomx/venv/lib/python3.12/site-packages/airflow/example_dags/example_branch_operator_decorator.py for tasks to queue
[2026-06-22T09:22:59.796+0300] {logging_mixin.py:188} INFO - [2026-06-22T09:22:59.786+0300] {dagbag.py:540} INFO - Filling up the DagBag from /media/data/omar/programming course/DEPI/DEPI project/anomx/venv/lib/python3.12/site-packages/airflow/example_dags/example_branch_operator_decorator.py
[2026-06-22T09:22:59.895+0300] {processor.py:840} INFO - DAG(s) 'example_branch_python_operator_decorator' retrieved from /media/data/omar/programming course/DEPI/DEPI project/anomx/venv/lib/python3.12/site-packages/airflow/example_dags/example_branch_operator_decorator.py
[2026-06-22T09:22:59.946+0300] {logging_mixin.py:188} INFO - [2026-06-22T09:22:59.945+0300] {dag.py:3096} INFO - Sync 1 DAGs
[2026-06-22T09:22:59.974+0300] {logging_mixin.py:188} INFO - [2026-06-22T09:22:59.971+0300] {dag.py:3954} INFO - Setting next_dagrun for example_branch_python_operator_decorator to 2026-06-21 00:00:00+00:00, run_after=2026-06-22 00:00:00+00:00
[2026-06-22T09:23:00.022+0300] {processor.py:183} INFO - Processing /media/data/omar/programming course/DEPI/DEPI project/anomx/venv/lib/python3.12/site-packages/airflow/example_dags/example_branch_operator_decorator.py took 0.282 seconds
[2026-06-22T09:24:08.391+0300] {processor.py:161} INFO - Started process (PID=49560) to work on /media/data/omar/programming course/DEPI/DEPI project/anomx/venv/lib/python3.12/site-packages/airflow/example_dags/example_branch_operator_decorator.py
[2026-06-22T09:24:08.393+0300] {processor.py:830} INFO - Processing file /media/data/omar/programming course/DEPI/DEPI project/anomx/venv/lib/python3.12/site-packages/airflow/example_dags/example_branch_operator_decorator.py for tasks to queue
[2026-06-22T09:24:08.394+0300] {logging_mixin.py:188} INFO - [2026-06-22T09:24:08.394+0300] {dagbag.py:540} INFO - Filling up the DagBag from /media/data/omar/programming course/DEPI/DEPI project/anomx/venv/lib/python3.12/site-packages/airflow/example_dags/example_branch_operator_decorator.py
[2026-06-22T09:24:08.423+0300] {processor.py:840} INFO - DAG(s) 'example_branch_python_operator_decorator' retrieved from /media/data/omar/programming course/DEPI/DEPI project/anomx/venv/lib/python3.12/site-packages/airflow/example_dags/example_branch_operator_decorator.py
[2026-06-22T09:24:08.450+0300] {logging_mixin.py:188} INFO - [2026-06-22T09:24:08.449+0300] {dag.py:3096} INFO - Sync 1 DAGs
[2026-06-22T09:24:08.595+0300] {logging_mixin.py:188} INFO - [2026-06-22T09:24:08.594+0300] {dag.py:3954} INFO - Setting next_dagrun for example_branch_python_operator_decorator to 2026-06-21 00:00:00+00:00, run_after=2026-06-22 00:00:00+00:00
[2026-06-22T09:24:08.630+0300] {processor.py:183} INFO - Processing /media/data/omar/programming course/DEPI/DEPI project/anomx/venv/lib/python3.12/site-packages/airflow/example_dags/example_branch_operator_decorator.py took 0.246 seconds
[2026-06-22T09:25:15.091+0300] {processor.py:161} INFO - Started process (PID=49754) to work on /media/data/omar/programming course/DEPI/DEPI project/anomx/venv/lib/python3.12/site-packages/airflow/example_dags/example_branch_operator_decorator.py
[2026-06-22T09:25:15.093+0300] {processor.py:830} INFO - Processing file /media/data/omar/programming course/DEPI/DEPI project/anomx/venv/lib/python3.12/site-packages/airflow/example_dags/example_branch_operator_decorator.py for tasks to queue
[2026-06-22T09:25:15.095+0300] {logging_mixin.py:188} INFO - [2026-06-22T09:25:15.094+0300] {dagbag.py:540} INFO - Filling up the DagBag from /media/data/omar/programming course/DEPI/DEPI project/anomx/venv/lib/python3.12/site-packages/airflow/example_dags/example_branch_operator_decorator.py
[2026-06-22T09:25:15.164+0300] {processor.py:840} INFO - DAG(s) 'example_branch_python_operator_decorator' retrieved from /media/data/omar/programming course/DEPI/DEPI project/anomx/venv/lib/python3.12/site-packages/airflow/example_dags/example_branch_operator_decorator.py
[2026-06-22T09:25:15.213+0300] {logging_mixin.py:188} INFO - [2026-06-22T09:25:15.212+0300] {dag.py:3096} INFO - Sync 1 DAGs
[2026-06-22T09:25:15.258+0300] {logging_mixin.py:188} INFO - [2026-06-22T09:25:15.257+0300] {dag.py:3954} INFO - Setting next_dagrun for example_branch_python_operator_decorator to 2026-06-21 00:00:00+00:00, run_after=2026-06-22 00:00:00+00:00
[2026-06-22T09:25:15.504+0300] {processor.py:183} INFO - Processing /media/data/omar/programming course/DEPI/DEPI project/anomx/venv/lib/python3.12/site-packages/airflow/example_dags/example_branch_operator_decorator.py took 0.430 seconds
[2026-06-22T09:26:28.759+0300] {processor.py:161} INFO - Started process (PID=49959) to work on /media/data/omar/programming course/DEPI/DEPI project/anomx/venv/lib/python3.12/site-packages/airflow/example_dags/example_branch_operator_decorator.py
[2026-06-22T09:26:28.763+0300] {processor.py:830} INFO - Processing file /media/data/omar/programming course/DEPI/DEPI project/anomx/venv/lib/python3.12/site-packages/airflow/example_dags/example_branch_operator_decorator.py for tasks to queue
[2026-06-22T09:26:28.768+0300] {logging_mixin.py:188} INFO - [2026-06-22T09:26:28.766+0300] {dagbag.py:540} INFO - Filling up the DagBag from /media/data/omar/programming course/DEPI/DEPI project/anomx/venv/lib/python3.12/site-packages/airflow/example_dags/example_branch_operator_decorator.py
[2026-06-22T09:26:28.840+0300] {processor.py:840} INFO - DAG(s) 'example_branch_python_operator_decorator' retrieved from /media/data/omar/programming course/DEPI/DEPI project/anomx/venv/lib/python3.12/site-packages/airflow/example_dags/example_branch_operator_decorator.py
[2026-06-22T09:26:28.881+0300] {logging_mixin.py:188} INFO - [2026-06-22T09:26:28.880+0300] {dag.py:3096} INFO - Sync 1 DAGs
[2026-06-22T09:26:28.905+0300] {logging_mixin.py:188} INFO - [2026-06-22T09:26:28.904+0300] {dag.py:3954} INFO - Setting next_dagrun for example_branch_python_operator_decorator to 2026-06-21 00:00:00+00:00, run_after=2026-06-22 00:00:00+00:00
[2026-06-22T09:26:28.943+0300] {processor.py:183} INFO - Processing /media/data/omar/programming course/DEPI/DEPI project/anomx/venv/lib/python3.12/site-packages/airflow/example_dags/example_branch_operator_decorator.py took 0.215 seconds
[2026-06-22T09:27:39.514+0300] {processor.py:161} INFO - Started process (PID=50144) to work on /media/data/omar/programming course/DEPI/DEPI project/anomx/venv/lib/python3.12/site-packages/airflow/example_dags/example_branch_operator_decorator.py
[2026-06-22T09:27:39.517+0300] {processor.py:830} INFO - Processing file /media/data/omar/programming course/DEPI/DEPI project/anomx/venv/lib/python3.12/site-packages/airflow/example_dags/example_branch_operator_decorator.py for tasks to queue
[2026-06-22T09:27:39.525+0300] {logging_mixin.py:188} INFO - [2026-06-22T09:27:39.521+0300] {dagbag.py:540} INFO - Filling up the DagBag from /media/data/omar/programming course/DEPI/DEPI project/anomx/venv/lib/python3.12/site-packages/airflow/example_dags/example_branch_operator_decorator.py
[2026-06-22T09:27:39.751+0300] {processor.py:840} INFO - DAG(s) 'example_branch_python_operator_decorator' retrieved from /media/data/omar/programming course/DEPI/DEPI project/anomx/venv/lib/python3.12/site-packages/airflow/example_dags/example_branch_operator_decorator.py
[2026-06-22T09:27:39.782+0300] {logging_mixin.py:188} INFO - [2026-06-22T09:27:39.781+0300] {dag.py:3096} INFO - Sync 1 DAGs
[2026-06-22T09:27:39.796+0300] {logging_mixin.py:188} INFO - [2026-06-22T09:27:39.795+0300] {dag.py:3954} INFO - Setting next_dagrun for example_branch_python_operator_decorator to 2026-06-21 00:00:00+00:00, run_after=2026-06-22 00:00:00+00:00
[2026-06-22T09:27:39.831+0300] {processor.py:183} INFO - Processing /media/data/omar/programming course/DEPI/DEPI project/anomx/venv/lib/python3.12/site-packages/airflow/example_dags/example_branch_operator_decorator.py took 0.347 seconds
[2026-06-22T09:28:48.967+0300] {processor.py:161} INFO - Started process (PID=50310) to work on /media/data/omar/programming course/DEPI/DEPI project/anomx/venv/lib/python3.12/site-packages/airflow/example_dags/example_branch_operator_decorator.py
[2026-06-22T09:28:48.968+0300] {processor.py:830} INFO - Processing file /media/data/omar/programming course/DEPI/DEPI project/anomx/venv/lib/python3.12/site-packages/airflow/example_dags/example_branch_operator_decorator.py for tasks to queue
[2026-06-22T09:28:48.969+0300] {logging_mixin.py:188} INFO - [2026-06-22T09:28:48.969+0300] {dagbag.py:540} INFO - Filling up the DagBag from /media/data/omar/programming course/DEPI/DEPI project/anomx/venv/lib/python3.12/site-packages/airflow/example_dags/example_branch_operator_decorator.py
[2026-06-22T09:28:49.036+0300] {processor.py:840} INFO - DAG(s) 'example_branch_python_operator_decorator' retrieved from /media/data/omar/programming course/DEPI/DEPI project/anomx/venv/lib/python3.12/site-packages/airflow/example_dags/example_branch_operator_decorator.py
[2026-06-22T09:28:49.089+0300] {logging_mixin.py:188} INFO - [2026-06-22T09:28:49.089+0300] {dag.py:3096} INFO - Sync 1 DAGs
[2026-06-22T09:28:49.118+0300] {logging_mixin.py:188} INFO - [2026-06-22T09:28:49.117+0300] {dag.py:3954} INFO - Setting next_dagrun for example_branch_python_operator_decorator to 2026-06-21 00:00:00+00:00, run_after=2026-06-22 00:00:00+00:00
[2026-06-22T09:28:49.176+0300] {processor.py:183} INFO - Processing /media/data/omar/programming course/DEPI/DEPI project/anomx/venv/lib/python3.12/site-packages/airflow/example_dags/example_branch_operator_decorator.py took 0.223 seconds
[2026-06-22T09:29:58.522+0300] {processor.py:161} INFO - Started process (PID=50475) to work on /media/data/omar/programming course/DEPI/DEPI project/anomx/venv/lib/python3.12/site-packages/airflow/example_dags/example_branch_operator_decorator.py
[2026-06-22T09:29:58.527+0300] {processor.py:830} INFO - Processing file /media/data/omar/programming course/DEPI/DEPI project/anomx/venv/lib/python3.12/site-packages/airflow/example_dags/example_branch_operator_decorator.py for tasks to queue
[2026-06-22T09:29:58.542+0300] {logging_mixin.py:188} INFO - [2026-06-22T09:29:58.532+0300] {dagbag.py:540} INFO - Filling up the DagBag from /media/data/omar/programming course/DEPI/DEPI project/anomx/venv/lib/python3.12/site-packages/airflow/example_dags/example_branch_operator_decorator.py
[2026-06-22T09:29:58.652+0300] {processor.py:840} INFO - DAG(s) 'example_branch_python_operator_decorator' retrieved from /media/data/omar/programming course/DEPI/DEPI project/anomx/venv/lib/python3.12/site-packages/airflow/example_dags/example_branch_operator_decorator.py
[2026-06-22T09:29:58.697+0300] {logging_mixin.py:188} INFO - [2026-06-22T09:29:58.696+0300] {dag.py:3096} INFO - Sync 1 DAGs
[2026-06-22T09:29:58.725+0300] {logging_mixin.py:188} INFO - [2026-06-22T09:29:58.724+0300] {dag.py:3954} INFO - Setting next_dagrun for example_branch_python_operator_decorator to 2026-06-21 00:00:00+00:00, run_after=2026-06-22 00:00:00+00:00
[2026-06-22T09:29:58.787+0300] {processor.py:183} INFO - Processing /media/data/omar/programming course/DEPI/DEPI project/anomx/venv/lib/python3.12/site-packages/airflow/example_dags/example_branch_operator_decorator.py took 0.301 seconds
[2026-06-22T09:31:09.934+0300] {processor.py:161} INFO - Started process (PID=50646) to work on /media/data/omar/programming course/DEPI/DEPI project/anomx/venv/lib/python3.12/site-packages/airflow/example_dags/example_branch_operator_decorator.py
[2026-06-22T09:31:09.940+0300] {processor.py:830} INFO - Processing file /media/data/omar/programming course/DEPI/DEPI project/anomx/venv/lib/python3.12/site-packages/airflow/example_dags/example_branch_operator_decorator.py for tasks to queue
[2026-06-22T09:31:09.945+0300] {logging_mixin.py:188} INFO - [2026-06-22T09:31:09.943+0300] {dagbag.py:540} INFO - Filling up the DagBag from /media/data/omar/programming course/DEPI/DEPI project/anomx/venv/lib/python3.12/site-packages/airflow/example_dags/example_branch_operator_decorator.py
[2026-06-22T09:31:10.026+0300] {processor.py:840} INFO - DAG(s) 'example_branch_python_operator_decorator' retrieved from /media/data/omar/programming course/DEPI/DEPI project/anomx/venv/lib/python3.12/site-packages/airflow/example_dags/example_branch_operator_decorator.py
[2026-06-22T09:31:10.072+0300] {logging_mixin.py:188} INFO - [2026-06-22T09:31:10.072+0300] {dag.py:3096} INFO - Sync 1 DAGs
[2026-06-22T09:31:10.105+0300] {logging_mixin.py:188} INFO - [2026-06-22T09:31:10.105+0300] {dag.py:3954} INFO - Setting next_dagrun for example_branch_python_operator_decorator to 2026-06-21 00:00:00+00:00, run_after=2026-06-22 00:00:00+00:00
[2026-06-22T09:31:10.165+0300] {processor.py:183} INFO - Processing /media/data/omar/programming course/DEPI/DEPI project/anomx/venv/lib/python3.12/site-packages/airflow/example_dags/example_branch_operator_decorator.py took 0.266 seconds
[2026-06-22T09:32:11.551+0300] {processor.py:161} INFO - Started process (PID=50776) to work on /media/data/omar/programming course/DEPI/DEPI project/anomx/venv/lib/python3.12/site-packages/airflow/example_dags/example_branch_operator_decorator.py
[2026-06-22T09:32:11.553+0300] {processor.py:830} INFO - Processing file /media/data/omar/programming course/DEPI/DEPI project/anomx/venv/lib/python3.12/site-packages/airflow/example_dags/example_branch_operator_decorator.py for tasks to queue
[2026-06-22T09:32:11.555+0300] {logging_mixin.py:188} INFO - [2026-06-22T09:32:11.554+0300] {dagbag.py:540} INFO - Filling up the DagBag from /media/data/omar/programming course/DEPI/DEPI project/anomx/venv/lib/python3.12/site-packages/airflow/example_dags/example_branch_operator_decorator.py
[2026-06-22T09:32:11.584+0300] {processor.py:840} INFO - DAG(s) 'example_branch_python_operator_decorator' retrieved from /media/data/omar/programming course/DEPI/DEPI project/anomx/venv/lib/python3.12/site-packages/airflow/example_dags/example_branch_operator_decorator.py
[2026-06-22T09:32:11.604+0300] {logging_mixin.py:188} INFO - [2026-06-22T09:32:11.604+0300] {dag.py:3096} INFO - Sync 1 DAGs
[2026-06-22T09:32:11.618+0300] {logging_mixin.py:188} INFO - [2026-06-22T09:32:11.618+0300] {dag.py:3954} INFO - Setting next_dagrun for example_branch_python_operator_decorator to 2026-06-21 00:00:00+00:00, run_after=2026-06-22 00:00:00+00:00
[2026-06-22T09:32:11.645+0300] {processor.py:183} INFO - Processing /media/data/omar/programming course/DEPI/DEPI project/anomx/venv/lib/python3.12/site-packages/airflow/example_dags/example_branch_operator_decorator.py took 0.107 seconds
[2026-06-22T09:33:30.398+0300] {processor.py:161} INFO - Started process (PID=50899) to work on /media/data/omar/programming course/DEPI/DEPI project/anomx/venv/lib/python3.12/site-packages/airflow/example_dags/example_branch_operator_decorator.py
[2026-06-22T09:33:30.399+0300] {processor.py:830} INFO - Processing file /media/data/omar/programming course/DEPI/DEPI project/anomx/venv/lib/python3.12/site-packages/airflow/example_dags/example_branch_operator_decorator.py for tasks to queue
[2026-06-22T09:33:30.399+0300] {logging_mixin.py:188} INFO - [2026-06-22T09:33:30.399+0300] {dagbag.py:540} INFO - Filling up the DagBag from /media/data/omar/programming course/DEPI/DEPI project/anomx/venv/lib/python3.12/site-packages/airflow/example_dags/example_branch_operator_decorator.py
[2026-06-22T09:33:30.417+0300] {processor.py:840} INFO - DAG(s) 'example_branch_python_operator_decorator' retrieved from /media/data/omar/programming course/DEPI/DEPI project/anomx/venv/lib/python3.12/site-packages/airflow/example_dags/example_branch_operator_decorator.py
[2026-06-22T09:33:30.437+0300] {logging_mixin.py:188} INFO - [2026-06-22T09:33:30.437+0300] {dag.py:3096} INFO - Sync 1 DAGs
[2026-06-22T09:33:30.451+0300] {logging_mixin.py:188} INFO - [2026-06-22T09:33:30.450+0300] {dag.py:3954} INFO - Setting next_dagrun for example_branch_python_operator_decorator to 2026-06-21 00:00:00+00:00, run_after=2026-06-22 00:00:00+00:00
[2026-06-22T09:33:30.477+0300] {processor.py:183} INFO - Processing /media/data/omar/programming course/DEPI/DEPI project/anomx/venv/lib/python3.12/site-packages/airflow/example_dags/example_branch_operator_decorator.py took 0.085 seconds
[2026-06-22T09:34:43.837+0300] {processor.py:161} INFO - Started process (PID=51024) to work on /media/data/omar/programming course/DEPI/DEPI project/anomx/venv/lib/python3.12/site-packages/airflow/example_dags/example_branch_operator_decorator.py
[2026-06-22T09:34:43.839+0300] {processor.py:830} INFO - Processing file /media/data/omar/programming course/DEPI/DEPI project/anomx/venv/lib/python3.12/site-packages/airflow/example_dags/example_branch_operator_decorator.py for tasks to queue
[2026-06-22T09:34:43.841+0300] {logging_mixin.py:188} INFO - [2026-06-22T09:34:43.840+0300] {dagbag.py:540} INFO - Filling up the DagBag from /media/data/omar/programming course/DEPI/DEPI project/anomx/venv/lib/python3.12/site-packages/airflow/example_dags/example_branch_operator_decorator.py
[2026-06-22T09:34:43.865+0300] {processor.py:840} INFO - DAG(s) 'example_branch_python_operator_decorator' retrieved from /media/data/omar/programming course/DEPI/DEPI project/anomx/venv/lib/python3.12/site-packages/airflow/example_dags/example_branch_operator_decorator.py
[2026-06-22T09:34:43.890+0300] {logging_mixin.py:188} INFO - [2026-06-22T09:34:43.889+0300] {dag.py:3096} INFO - Sync 1 DAGs
[2026-06-22T09:34:43.905+0300] {logging_mixin.py:188} INFO - [2026-06-22T09:34:43.904+0300] {dag.py:3954} INFO - Setting next_dagrun for example_branch_python_operator_decorator to 2026-06-21 00:00:00+00:00, run_after=2026-06-22 00:00:00+00:00
[2026-06-22T09:34:43.932+0300] {processor.py:183} INFO - Processing /media/data/omar/programming course/DEPI/DEPI project/anomx/venv/lib/python3.12/site-packages/airflow/example_dags/example_branch_operator_decorator.py took 0.112 seconds
[2026-06-22T09:35:38.619+0300] {processor.py:161} INFO - Started process (PID=51114) to work on /media/data/omar/programming course/DEPI/DEPI project/anomx/venv/lib/python3.12/site-packages/airflow/example_dags/example_branch_operator_decorator.py
[2026-06-22T09:35:38.621+0300] {processor.py:830} INFO - Processing file /media/data/omar/programming course/DEPI/DEPI project/anomx/venv/lib/python3.12/site-packages/airflow/example_dags/example_branch_operator_decorator.py for tasks to queue
[2026-06-22T09:35:38.623+0300] {logging_mixin.py:188} INFO - [2026-06-22T09:35:38.622+0300] {dagbag.py:540} INFO - Filling up the DagBag from /media/data/omar/programming course/DEPI/DEPI project/anomx/venv/lib/python3.12/site-packages/airflow/example_dags/example_branch_operator_decorator.py
[2026-06-22T09:35:38.653+0300] {processor.py:840} INFO - DAG(s) 'example_branch_python_operator_decorator' retrieved from /media/data/omar/programming course/DEPI/DEPI project/anomx/venv/lib/python3.12/site-packages/airflow/example_dags/example_branch_operator_decorator.py
[2026-06-22T09:35:38.674+0300] {logging_mixin.py:188} INFO - [2026-06-22T09:35:38.674+0300] {dag.py:3096} INFO - Sync 1 DAGs
[2026-06-22T09:35:38.688+0300] {logging_mixin.py:188} INFO - [2026-06-22T09:35:38.687+0300] {dag.py:3954} INFO - Setting next_dagrun for example_branch_python_operator_decorator to 2026-06-21 00:00:00+00:00, run_after=2026-06-22 00:00:00+00:00
[2026-06-22T09:35:38.714+0300] {processor.py:183} INFO - Processing /media/data/omar/programming course/DEPI/DEPI project/anomx/venv/lib/python3.12/site-packages/airflow/example_dags/example_branch_operator_decorator.py took 0.105 seconds
[2026-06-22T09:36:33.554+0300] {processor.py:161} INFO - Started process (PID=51194) to work on /media/data/omar/programming course/DEPI/DEPI project/anomx/venv/lib/python3.12/site-packages/airflow/example_dags/example_branch_operator_decorator.py
[2026-06-22T09:36:33.555+0300] {processor.py:830} INFO - Processing file /media/data/omar/programming course/DEPI/DEPI project/anomx/venv/lib/python3.12/site-packages/airflow/example_dags/example_branch_operator_decorator.py for tasks to queue
[2026-06-22T09:36:33.557+0300] {logging_mixin.py:188} INFO - [2026-06-22T09:36:33.556+0300] {dagbag.py:540} INFO - Filling up the DagBag from /media/data/omar/programming course/DEPI/DEPI project/anomx/venv/lib/python3.12/site-packages/airflow/example_dags/example_branch_operator_decorator.py
[2026-06-22T09:36:33.590+0300] {processor.py:840} INFO - DAG(s) 'example_branch_python_operator_decorator' retrieved from /media/data/omar/programming course/DEPI/DEPI project/anomx/venv/lib/python3.12/site-packages/airflow/example_dags/example_branch_operator_decorator.py
[2026-06-22T09:36:33.620+0300] {logging_mixin.py:188} INFO - [2026-06-22T09:36:33.620+0300] {dag.py:3096} INFO - Sync 1 DAGs
[2026-06-22T09:36:33.650+0300] {logging_mixin.py:188} INFO - [2026-06-22T09:36:33.648+0300] {dag.py:3954} INFO - Setting next_dagrun for example_branch_python_operator_decorator to 2026-06-21 00:00:00+00:00, run_after=2026-06-22 00:00:00+00:00
[2026-06-22T09:36:33.682+0300] {processor.py:183} INFO - Processing /media/data/omar/programming course/DEPI/DEPI project/anomx/venv/lib/python3.12/site-packages/airflow/example_dags/example_branch_operator_decorator.py took 0.137 seconds
[2026-06-22T09:37:50.367+0300] {processor.py:161} INFO - Started process (PID=51328) to work on /media/data/omar/programming course/DEPI/DEPI project/anomx/venv/lib/python3.12/site-packages/airflow/example_dags/example_branch_operator_decorator.py
[2026-06-22T09:37:50.369+0300] {processor.py:830} INFO - Processing file /media/data/omar/programming course/DEPI/DEPI project/anomx/venv/lib/python3.12/site-packages/airflow/example_dags/example_branch_operator_decorator.py for tasks to queue
[2026-06-22T09:37:50.371+0300] {logging_mixin.py:188} INFO - [2026-06-22T09:37:50.370+0300] {dagbag.py:540} INFO - Filling up the DagBag from /media/data/omar/programming course/DEPI/DEPI project/anomx/venv/lib/python3.12/site-packages/airflow/example_dags/example_branch_operator_decorator.py
[2026-06-22T09:37:50.400+0300] {processor.py:840} INFO - DAG(s) 'example_branch_python_operator_decorator' retrieved from /media/data/omar/programming course/DEPI/DEPI project/anomx/venv/lib/python3.12/site-packages/airflow/example_dags/example_branch_operator_decorator.py
[2026-06-22T09:37:50.421+0300] {logging_mixin.py:188} INFO - [2026-06-22T09:37:50.421+0300] {dag.py:3096} INFO - Sync 1 DAGs
[2026-06-22T09:37:50.435+0300] {logging_mixin.py:188} INFO - [2026-06-22T09:37:50.435+0300] {dag.py:3954} INFO - Setting next_dagrun for example_branch_python_operator_decorator to 2026-06-21 00:00:00+00:00, run_after=2026-06-22 00:00:00+00:00
[2026-06-22T09:37:50.461+0300] {processor.py:183} INFO - Processing /media/data/omar/programming course/DEPI/DEPI project/anomx/venv/lib/python3.12/site-packages/airflow/example_dags/example_branch_operator_decorator.py took 0.105 seconds
[2026-06-22T09:38:46.121+0300] {processor.py:161} INFO - Started process (PID=51410) to work on /media/data/omar/programming course/DEPI/DEPI project/anomx/venv/lib/python3.12/site-packages/airflow/example_dags/example_branch_operator_decorator.py
[2026-06-22T09:38:46.122+0300] {processor.py:830} INFO - Processing file /media/data/omar/programming course/DEPI/DEPI project/anomx/venv/lib/python3.12/site-packages/airflow/example_dags/example_branch_operator_decorator.py for tasks to queue
[2026-06-22T09:38:46.124+0300] {logging_mixin.py:188} INFO - [2026-06-22T09:38:46.123+0300] {dagbag.py:540} INFO - Filling up the DagBag from /media/data/omar/programming course/DEPI/DEPI project/anomx/venv/lib/python3.12/site-packages/airflow/example_dags/example_branch_operator_decorator.py
[2026-06-22T09:38:46.149+0300] {processor.py:840} INFO - DAG(s) 'example_branch_python_operator_decorator' retrieved from /media/data/omar/programming course/DEPI/DEPI project/anomx/venv/lib/python3.12/site-packages/airflow/example_dags/example_branch_operator_decorator.py
[2026-06-22T09:38:46.173+0300] {logging_mixin.py:188} INFO - [2026-06-22T09:38:46.173+0300] {dag.py:3096} INFO - Sync 1 DAGs
[2026-06-22T09:38:46.188+0300] {logging_mixin.py:188} INFO - [2026-06-22T09:38:46.188+0300] {dag.py:3954} INFO - Setting next_dagrun for example_branch_python_operator_decorator to 2026-06-21 00:00:00+00:00, run_after=2026-06-22 00:00:00+00:00
[2026-06-22T09:38:46.214+0300] {processor.py:183} INFO - Processing /media/data/omar/programming course/DEPI/DEPI project/anomx/venv/lib/python3.12/site-packages/airflow/example_dags/example_branch_operator_decorator.py took 0.100 seconds
[2026-06-22T09:39:40.349+0300] {processor.py:161} INFO - Started process (PID=51498) to work on /media/data/omar/programming course/DEPI/DEPI project/anomx/venv/lib/python3.12/site-packages/airflow/example_dags/example_branch_operator_decorator.py
[2026-06-22T09:39:40.350+0300] {processor.py:830} INFO - Processing file /media/data/omar/programming course/DEPI/DEPI project/anomx/venv/lib/python3.12/site-packages/airflow/example_dags/example_branch_operator_decorator.py for tasks to queue
[2026-06-22T09:39:40.352+0300] {logging_mixin.py:188} INFO - [2026-06-22T09:39:40.351+0300] {dagbag.py:540} INFO - Filling up the DagBag from /media/data/omar/programming course/DEPI/DEPI project/anomx/venv/lib/python3.12/site-packages/airflow/example_dags/example_branch_operator_decorator.py
[2026-06-22T09:39:40.381+0300] {processor.py:840} INFO - DAG(s) 'example_branch_python_operator_decorator' retrieved from /media/data/omar/programming course/DEPI/DEPI project/anomx/venv/lib/python3.12/site-packages/airflow/example_dags/example_branch_operator_decorator.py
[2026-06-22T09:39:40.402+0300] {logging_mixin.py:188} INFO - [2026-06-22T09:39:40.401+0300] {dag.py:3096} INFO - Sync 1 DAGs
[2026-06-22T09:39:40.416+0300] {logging_mixin.py:188} INFO - [2026-06-22T09:39:40.416+0300] {dag.py:3954} INFO - Setting next_dagrun for example_branch_python_operator_decorator to 2026-06-21 00:00:00+00:00, run_after=2026-06-22 00:00:00+00:00
[2026-06-22T09:39:40.442+0300] {processor.py:183} INFO - Processing /media/data/omar/programming course/DEPI/DEPI project/anomx/venv/lib/python3.12/site-packages/airflow/example_dags/example_branch_operator_decorator.py took 0.103 seconds
[2026-06-22T09:40:35.587+0300] {processor.py:161} INFO - Started process (PID=51582) to work on /media/data/omar/programming course/DEPI/DEPI project/anomx/venv/lib/python3.12/site-packages/airflow/example_dags/example_branch_operator_decorator.py
[2026-06-22T09:40:35.589+0300] {processor.py:830} INFO - Processing file /media/data/omar/programming course/DEPI/DEPI project/anomx/venv/lib/python3.12/site-packages/airflow/example_dags/example_branch_operator_decorator.py for tasks to queue
[2026-06-22T09:40:35.591+0300] {logging_mixin.py:188} INFO - [2026-06-22T09:40:35.590+0300] {dagbag.py:540} INFO - Filling up the DagBag from /media/data/omar/programming course/DEPI/DEPI project/anomx/venv/lib/python3.12/site-packages/airflow/example_dags/example_branch_operator_decorator.py
[2026-06-22T09:40:35.616+0300] {processor.py:840} INFO - DAG(s) 'example_branch_python_operator_decorator' retrieved from /media/data/omar/programming course/DEPI/DEPI project/anomx/venv/lib/python3.12/site-packages/airflow/example_dags/example_branch_operator_decorator.py
[2026-06-22T09:40:35.639+0300] {logging_mixin.py:188} INFO - [2026-06-22T09:40:35.638+0300] {dag.py:3096} INFO - Sync 1 DAGs
[2026-06-22T09:40:35.653+0300] {logging_mixin.py:188} INFO - [2026-06-22T09:40:35.652+0300] {dag.py:3954} INFO - Setting next_dagrun for example_branch_python_operator_decorator to 2026-06-21 00:00:00+00:00, run_after=2026-06-22 00:00:00+00:00
[2026-06-22T09:40:35.681+0300] {processor.py:183} INFO - Processing /media/data/omar/programming course/DEPI/DEPI project/anomx/venv/lib/python3.12/site-packages/airflow/example_dags/example_branch_operator_decorator.py took 0.113 seconds
[2026-06-22T09:41:30.329+0300] {processor.py:161} INFO - Started process (PID=51661) to work on /media/data/omar/programming course/DEPI/DEPI project/anomx/venv/lib/python3.12/site-packages/airflow/example_dags/example_branch_operator_decorator.py
[2026-06-22T09:41:30.330+0300] {processor.py:830} INFO - Processing file /media/data/omar/programming course/DEPI/DEPI project/anomx/venv/lib/python3.12/site-packages/airflow/example_dags/example_branch_operator_decorator.py for tasks to queue
[2026-06-22T09:41:30.331+0300] {logging_mixin.py:188} INFO - [2026-06-22T09:41:30.331+0300] {dagbag.py:540} INFO - Filling up the DagBag from /media/data/omar/programming course/DEPI/DEPI project/anomx/venv/lib/python3.12/site-packages/airflow/example_dags/example_branch_operator_decorator.py
[2026-06-22T09:41:30.352+0300] {processor.py:840} INFO - DAG(s) 'example_branch_python_operator_decorator' retrieved from /media/data/omar/programming course/DEPI/DEPI project/anomx/venv/lib/python3.12/site-packages/airflow/example_dags/example_branch_operator_decorator.py
[2026-06-22T09:41:30.372+0300] {logging_mixin.py:188} INFO - [2026-06-22T09:41:30.372+0300] {dag.py:3096} INFO - Sync 1 DAGs
[2026-06-22T09:41:30.385+0300] {logging_mixin.py:188} INFO - [2026-06-22T09:41:30.385+0300] {dag.py:3954} INFO - Setting next_dagrun for example_branch_python_operator_decorator to 2026-06-21 00:00:00+00:00, run_after=2026-06-22 00:00:00+00:00
[2026-06-22T09:41:30.411+0300] {processor.py:183} INFO - Processing /media/data/omar/programming course/DEPI/DEPI project/anomx/venv/lib/python3.12/site-packages/airflow/example_dags/example_branch_operator_decorator.py took 0.087 seconds
[2026-06-22T09:42:48.801+0300] {processor.py:161} INFO - Started process (PID=51877) to work on /media/data/omar/programming course/DEPI/DEPI project/anomx/venv/lib/python3.12/site-packages/airflow/example_dags/example_branch_operator_decorator.py
[2026-06-22T09:42:48.803+0300] {processor.py:830} INFO - Processing file /media/data/omar/programming course/DEPI/DEPI project/anomx/venv/lib/python3.12/site-packages/airflow/example_dags/example_branch_operator_decorator.py for tasks to queue
[2026-06-22T09:42:48.805+0300] {logging_mixin.py:188} INFO - [2026-06-22T09:42:48.804+0300] {dagbag.py:540} INFO - Filling up the DagBag from /media/data/omar/programming course/DEPI/DEPI project/anomx/venv/lib/python3.12/site-packages/airflow/example_dags/example_branch_operator_decorator.py
[2026-06-22T09:42:48.834+0300] {processor.py:840} INFO - DAG(s) 'example_branch_python_operator_decorator' retrieved from /media/data/omar/programming course/DEPI/DEPI project/anomx/venv/lib/python3.12/site-packages/airflow/example_dags/example_branch_operator_decorator.py
[2026-06-22T09:42:48.854+0300] {logging_mixin.py:188} INFO - [2026-06-22T09:42:48.853+0300] {dag.py:3096} INFO - Sync 1 DAGs
[2026-06-22T09:42:48.867+0300] {logging_mixin.py:188} INFO - [2026-06-22T09:42:48.867+0300] {dag.py:3954} INFO - Setting next_dagrun for example_branch_python_operator_decorator to 2026-06-21 00:00:00+00:00, run_after=2026-06-22 00:00:00+00:00
[2026-06-22T09:42:48.893+0300] {processor.py:183} INFO - Processing /media/data/omar/programming course/DEPI/DEPI project/anomx/venv/lib/python3.12/site-packages/airflow/example_dags/example_branch_operator_decorator.py took 0.105 seconds
[2026-06-22T09:44:04.105+0300] {processor.py:161} INFO - Started process (PID=51995) to work on /media/data/omar/programming course/DEPI/DEPI project/anomx/venv/lib/python3.12/site-packages/airflow/example_dags/example_branch_operator_decorator.py
[2026-06-22T09:44:04.106+0300] {processor.py:830} INFO - Processing file /media/data/omar/programming course/DEPI/DEPI project/anomx/venv/lib/python3.12/site-packages/airflow/example_dags/example_branch_operator_decorator.py for tasks to queue
[2026-06-22T09:44:04.107+0300] {logging_mixin.py:188} INFO - [2026-06-22T09:44:04.107+0300] {dagbag.py:540} INFO - Filling up the DagBag from /media/data/omar/programming course/DEPI/DEPI project/anomx/venv/lib/python3.12/site-packages/airflow/example_dags/example_branch_operator_decorator.py
[2026-06-22T09:44:04.127+0300] {processor.py:840} INFO - DAG(s) 'example_branch_python_operator_decorator' retrieved from /media/data/omar/programming course/DEPI/DEPI project/anomx/venv/lib/python3.12/site-packages/airflow/example_dags/example_branch_operator_decorator.py
[2026-06-22T09:44:04.147+0300] {logging_mixin.py:188} INFO - [2026-06-22T09:44:04.147+0300] {dag.py:3096} INFO - Sync 1 DAGs
[2026-06-22T09:44:04.161+0300] {logging_mixin.py:188} INFO - [2026-06-22T09:44:04.161+0300] {dag.py:3954} INFO - Setting next_dagrun for example_branch_python_operator_decorator to 2026-06-21 00:00:00+00:00, run_after=2026-06-22 00:00:00+00:00
[2026-06-22T09:44:04.186+0300] {processor.py:183} INFO - Processing /media/data/omar/programming course/DEPI/DEPI project/anomx/venv/lib/python3.12/site-packages/airflow/example_dags/example_branch_operator_decorator.py took 0.088 seconds
[2026-06-22T09:45:22.248+0300] {processor.py:161} INFO - Started process (PID=52119) to work on /media/data/omar/programming course/DEPI/DEPI project/anomx/venv/lib/python3.12/site-packages/airflow/example_dags/example_branch_operator_decorator.py
[2026-06-22T09:45:22.250+0300] {processor.py:830} INFO - Processing file /media/data/omar/programming course/DEPI/DEPI project/anomx/venv/lib/python3.12/site-packages/airflow/example_dags/example_branch_operator_decorator.py for tasks to queue
[2026-06-22T09:45:22.252+0300] {logging_mixin.py:188} INFO - [2026-06-22T09:45:22.251+0300] {dagbag.py:540} INFO - Filling up the DagBag from /media/data/omar/programming course/DEPI/DEPI project/anomx/venv/lib/python3.12/site-packages/airflow/example_dags/example_branch_operator_decorator.py
[2026-06-22T09:45:22.295+0300] {processor.py:840} INFO - DAG(s) 'example_branch_python_operator_decorator' retrieved from /media/data/omar/programming course/DEPI/DEPI project/anomx/venv/lib/python3.12/site-packages/airflow/example_dags/example_branch_operator_decorator.py
[2026-06-22T09:45:22.315+0300] {logging_mixin.py:188} INFO - [2026-06-22T09:45:22.314+0300] {dag.py:3096} INFO - Sync 1 DAGs
[2026-06-22T09:45:22.328+0300] {logging_mixin.py:188} INFO - [2026-06-22T09:45:22.328+0300] {dag.py:3954} INFO - Setting next_dagrun for example_branch_python_operator_decorator to 2026-06-21 00:00:00+00:00, run_after=2026-06-22 00:00:00+00:00
[2026-06-22T09:45:22.352+0300] {processor.py:183} INFO - Processing /media/data/omar/programming course/DEPI/DEPI project/anomx/venv/lib/python3.12/site-packages/airflow/example_dags/example_branch_operator_decorator.py took 0.114 seconds
[2026-06-22T09:46:15.476+0300] {processor.py:161} INFO - Started process (PID=52204) to work on /media/data/omar/programming course/DEPI/DEPI project/anomx/venv/lib/python3.12/site-packages/airflow/example_dags/example_branch_operator_decorator.py
[2026-06-22T09:46:15.477+0300] {processor.py:830} INFO - Processing file /media/data/omar/programming course/DEPI/DEPI project/anomx/venv/lib/python3.12/site-packages/airflow/example_dags/example_branch_operator_decorator.py for tasks to queue
[2026-06-22T09:46:15.478+0300] {logging_mixin.py:188} INFO - [2026-06-22T09:46:15.478+0300] {dagbag.py:540} INFO - Filling up the DagBag from /media/data/omar/programming course/DEPI/DEPI project/anomx/venv/lib/python3.12/site-packages/airflow/example_dags/example_branch_operator_decorator.py
[2026-06-22T09:46:15.498+0300] {processor.py:840} INFO - DAG(s) 'example_branch_python_operator_decorator' retrieved from /media/data/omar/programming course/DEPI/DEPI project/anomx/venv/lib/python3.12/site-packages/airflow/example_dags/example_branch_operator_decorator.py
[2026-06-22T09:46:15.518+0300] {logging_mixin.py:188} INFO - [2026-06-22T09:46:15.517+0300] {dag.py:3096} INFO - Sync 1 DAGs
[2026-06-22T09:46:15.532+0300] {logging_mixin.py:188} INFO - [2026-06-22T09:46:15.532+0300] {dag.py:3954} INFO - Setting next_dagrun for example_branch_python_operator_decorator to 2026-06-21 00:00:00+00:00, run_after=2026-06-22 00:00:00+00:00
[2026-06-22T09:46:15.559+0300] {processor.py:183} INFO - Processing /media/data/omar/programming course/DEPI/DEPI project/anomx/venv/lib/python3.12/site-packages/airflow/example_dags/example_branch_operator_decorator.py took 0.092 seconds
[2026-06-22T09:47:35.089+0300] {processor.py:161} INFO - Started process (PID=52331) to work on /media/data/omar/programming course/DEPI/DEPI project/anomx/venv/lib/python3.12/site-packages/airflow/example_dags/example_branch_operator_decorator.py
[2026-06-22T09:47:35.091+0300] {processor.py:830} INFO - Processing file /media/data/omar/programming course/DEPI/DEPI project/anomx/venv/lib/python3.12/site-packages/airflow/example_dags/example_branch_operator_decorator.py for tasks to queue
[2026-06-22T09:47:35.092+0300] {logging_mixin.py:188} INFO - [2026-06-22T09:47:35.092+0300] {dagbag.py:540} INFO - Filling up the DagBag from /media/data/omar/programming course/DEPI/DEPI project/anomx/venv/lib/python3.12/site-packages/airflow/example_dags/example_branch_operator_decorator.py
[2026-06-22T09:47:35.120+0300] {processor.py:840} INFO - DAG(s) 'example_branch_python_operator_decorator' retrieved from /media/data/omar/programming course/DEPI/DEPI project/anomx/venv/lib/python3.12/site-packages/airflow/example_dags/example_branch_operator_decorator.py
[2026-06-22T09:47:35.140+0300] {logging_mixin.py:188} INFO - [2026-06-22T09:47:35.140+0300] {dag.py:3096} INFO - Sync 1 DAGs
[2026-06-22T09:47:35.154+0300] {logging_mixin.py:188} INFO - [2026-06-22T09:47:35.153+0300] {dag.py:3954} INFO - Setting next_dagrun for example_branch_python_operator_decorator to 2026-06-21 00:00:00+00:00, run_after=2026-06-22 00:00:00+00:00
[2026-06-22T09:47:35.182+0300] {processor.py:183} INFO - Processing /media/data/omar/programming course/DEPI/DEPI project/anomx/venv/lib/python3.12/site-packages/airflow/example_dags/example_branch_operator_decorator.py took 0.101 seconds
[2026-06-22T09:48:55.683+0300] {processor.py:161} INFO - Started process (PID=52454) to work on /media/data/omar/programming course/DEPI/DEPI project/anomx/venv/lib/python3.12/site-packages/airflow/example_dags/example_branch_operator_decorator.py
[2026-06-22T09:48:55.685+0300] {processor.py:830} INFO - Processing file /media/data/omar/programming course/DEPI/DEPI project/anomx/venv/lib/python3.12/site-packages/airflow/example_dags/example_branch_operator_decorator.py for tasks to queue
[2026-06-22T09:48:55.688+0300] {logging_mixin.py:188} INFO - [2026-06-22T09:48:55.687+0300] {dagbag.py:540} INFO - Filling up the DagBag from /media/data/omar/programming course/DEPI/DEPI project/anomx/venv/lib/python3.12/site-packages/airflow/example_dags/example_branch_operator_decorator.py
[2026-06-22T09:48:55.716+0300] {processor.py:840} INFO - DAG(s) 'example_branch_python_operator_decorator' retrieved from /media/data/omar/programming course/DEPI/DEPI project/anomx/venv/lib/python3.12/site-packages/airflow/example_dags/example_branch_operator_decorator.py
[2026-06-22T09:48:55.736+0300] {logging_mixin.py:188} INFO - [2026-06-22T09:48:55.735+0300] {dag.py:3096} INFO - Sync 1 DAGs
[2026-06-22T09:48:55.749+0300] {logging_mixin.py:188} INFO - [2026-06-22T09:48:55.749+0300] {dag.py:3954} INFO - Setting next_dagrun for example_branch_python_operator_decorator to 2026-06-21 00:00:00+00:00, run_after=2026-06-22 00:00:00+00:00
[2026-06-22T09:48:55.775+0300] {processor.py:183} INFO - Processing /media/data/omar/programming course/DEPI/DEPI project/anomx/venv/lib/python3.12/site-packages/airflow/example_dags/example_branch_operator_decorator.py took 0.104 seconds
[2026-06-22T09:50:12.542+0300] {processor.py:161} INFO - Started process (PID=52572) to work on /media/data/omar/programming course/DEPI/DEPI project/anomx/venv/lib/python3.12/site-packages/airflow/example_dags/example_branch_operator_decorator.py
[2026-06-22T09:50:12.543+0300] {processor.py:830} INFO - Processing file /media/data/omar/programming course/DEPI/DEPI project/anomx/venv/lib/python3.12/site-packages/airflow/example_dags/example_branch_operator_decorator.py for tasks to queue
[2026-06-22T09:50:12.545+0300] {logging_mixin.py:188} INFO - [2026-06-22T09:50:12.544+0300] {dagbag.py:540} INFO - Filling up the DagBag from /media/data/omar/programming course/DEPI/DEPI project/anomx/venv/lib/python3.12/site-packages/airflow/example_dags/example_branch_operator_decorator.py
[2026-06-22T09:50:12.568+0300] {processor.py:840} INFO - DAG(s) 'example_branch_python_operator_decorator' retrieved from /media/data/omar/programming course/DEPI/DEPI project/anomx/venv/lib/python3.12/site-packages/airflow/example_dags/example_branch_operator_decorator.py
[2026-06-22T09:50:12.589+0300] {logging_mixin.py:188} INFO - [2026-06-22T09:50:12.589+0300] {dag.py:3096} INFO - Sync 1 DAGs
[2026-06-22T09:50:12.603+0300] {logging_mixin.py:188} INFO - [2026-06-22T09:50:12.603+0300] {dag.py:3954} INFO - Setting next_dagrun for example_branch_python_operator_decorator to 2026-06-21 00:00:00+00:00, run_after=2026-06-22 00:00:00+00:00
[2026-06-22T09:50:12.631+0300] {processor.py:183} INFO - Processing /media/data/omar/programming course/DEPI/DEPI project/anomx/venv/lib/python3.12/site-packages/airflow/example_dags/example_branch_operator_decorator.py took 0.102 seconds
[2026-06-22T09:51:08.332+0300] {processor.py:161} INFO - Started process (PID=52657) to work on /media/data/omar/programming course/DEPI/DEPI project/anomx/venv/lib/python3.12/site-packages/airflow/example_dags/example_branch_operator_decorator.py
[2026-06-22T09:51:08.334+0300] {processor.py:830} INFO - Processing file /media/data/omar/programming course/DEPI/DEPI project/anomx/venv/lib/python3.12/site-packages/airflow/example_dags/example_branch_operator_decorator.py for tasks to queue
[2026-06-22T09:51:08.336+0300] {logging_mixin.py:188} INFO - [2026-06-22T09:51:08.335+0300] {dagbag.py:540} INFO - Filling up the DagBag from /media/data/omar/programming course/DEPI/DEPI project/anomx/venv/lib/python3.12/site-packages/airflow/example_dags/example_branch_operator_decorator.py
[2026-06-22T09:51:08.365+0300] {processor.py:840} INFO - DAG(s) 'example_branch_python_operator_decorator' retrieved from /media/data/omar/programming course/DEPI/DEPI project/anomx/venv/lib/python3.12/site-packages/airflow/example_dags/example_branch_operator_decorator.py
[2026-06-22T09:51:08.385+0300] {logging_mixin.py:188} INFO - [2026-06-22T09:51:08.384+0300] {dag.py:3096} INFO - Sync 1 DAGs
[2026-06-22T09:51:08.398+0300] {logging_mixin.py:188} INFO - [2026-06-22T09:51:08.398+0300] {dag.py:3954} INFO - Setting next_dagrun for example_branch_python_operator_decorator to 2026-06-21 00:00:00+00:00, run_after=2026-06-22 00:00:00+00:00
[2026-06-22T09:51:08.424+0300] {processor.py:183} INFO - Processing /media/data/omar/programming course/DEPI/DEPI project/anomx/venv/lib/python3.12/site-packages/airflow/example_dags/example_branch_operator_decorator.py took 0.102 seconds
[2026-06-22T09:52:01.581+0300] {processor.py:161} INFO - Started process (PID=52736) to work on /media/data/omar/programming course/DEPI/DEPI project/anomx/venv/lib/python3.12/site-packages/airflow/example_dags/example_branch_operator_decorator.py
[2026-06-22T09:52:01.583+0300] {processor.py:830} INFO - Processing file /media/data/omar/programming course/DEPI/DEPI project/anomx/venv/lib/python3.12/site-packages/airflow/example_dags/example_branch_operator_decorator.py for tasks to queue
[2026-06-22T09:52:01.586+0300] {logging_mixin.py:188} INFO - [2026-06-22T09:52:01.584+0300] {dagbag.py:540} INFO - Filling up the DagBag from /media/data/omar/programming course/DEPI/DEPI project/anomx/venv/lib/python3.12/site-packages/airflow/example_dags/example_branch_operator_decorator.py
[2026-06-22T09:52:01.618+0300] {processor.py:840} INFO - DAG(s) 'example_branch_python_operator_decorator' retrieved from /media/data/omar/programming course/DEPI/DEPI project/anomx/venv/lib/python3.12/site-packages/airflow/example_dags/example_branch_operator_decorator.py
[2026-06-22T09:52:01.642+0300] {logging_mixin.py:188} INFO - [2026-06-22T09:52:01.642+0300] {dag.py:3096} INFO - Sync 1 DAGs
[2026-06-22T09:52:01.656+0300] {logging_mixin.py:188} INFO - [2026-06-22T09:52:01.655+0300] {dag.py:3954} INFO - Setting next_dagrun for example_branch_python_operator_decorator to 2026-06-21 00:00:00+00:00, run_after=2026-06-22 00:00:00+00:00
[2026-06-22T09:52:01.682+0300] {processor.py:183} INFO - Processing /media/data/omar/programming course/DEPI/DEPI project/anomx/venv/lib/python3.12/site-packages/airflow/example_dags/example_branch_operator_decorator.py took 0.110 seconds
[2026-06-22T09:53:16.271+0300] {processor.py:161} INFO - Started process (PID=52858) to work on /media/data/omar/programming course/DEPI/DEPI project/anomx/venv/lib/python3.12/site-packages/airflow/example_dags/example_branch_operator_decorator.py
[2026-06-22T09:53:16.272+0300] {processor.py:830} INFO - Processing file /media/data/omar/programming course/DEPI/DEPI project/anomx/venv/lib/python3.12/site-packages/airflow/example_dags/example_branch_operator_decorator.py for tasks to queue
[2026-06-22T09:53:16.274+0300] {logging_mixin.py:188} INFO - [2026-06-22T09:53:16.273+0300] {dagbag.py:540} INFO - Filling up the DagBag from /media/data/omar/programming course/DEPI/DEPI project/anomx/venv/lib/python3.12/site-packages/airflow/example_dags/example_branch_operator_decorator.py
[2026-06-22T09:53:16.298+0300] {processor.py:840} INFO - DAG(s) 'example_branch_python_operator_decorator' retrieved from /media/data/omar/programming course/DEPI/DEPI project/anomx/venv/lib/python3.12/site-packages/airflow/example_dags/example_branch_operator_decorator.py
[2026-06-22T09:53:16.320+0300] {logging_mixin.py:188} INFO - [2026-06-22T09:53:16.320+0300] {dag.py:3096} INFO - Sync 1 DAGs
[2026-06-22T09:53:16.334+0300] {logging_mixin.py:188} INFO - [2026-06-22T09:53:16.334+0300] {dag.py:3954} INFO - Setting next_dagrun for example_branch_python_operator_decorator to 2026-06-21 00:00:00+00:00, run_after=2026-06-22 00:00:00+00:00
[2026-06-22T09:53:16.812+0300] {processor.py:183} INFO - Processing /media/data/omar/programming course/DEPI/DEPI project/anomx/venv/lib/python3.12/site-packages/airflow/example_dags/example_branch_operator_decorator.py took 0.557 seconds
[2026-06-22T09:54:35.506+0300] {processor.py:161} INFO - Started process (PID=52979) to work on /media/data/omar/programming course/DEPI/DEPI project/anomx/venv/lib/python3.12/site-packages/airflow/example_dags/example_branch_operator_decorator.py
[2026-06-22T09:54:35.507+0300] {processor.py:830} INFO - Processing file /media/data/omar/programming course/DEPI/DEPI project/anomx/venv/lib/python3.12/site-packages/airflow/example_dags/example_branch_operator_decorator.py for tasks to queue
[2026-06-22T09:54:35.508+0300] {logging_mixin.py:188} INFO - [2026-06-22T09:54:35.508+0300] {dagbag.py:540} INFO - Filling up the DagBag from /media/data/omar/programming course/DEPI/DEPI project/anomx/venv/lib/python3.12/site-packages/airflow/example_dags/example_branch_operator_decorator.py
[2026-06-22T09:54:35.527+0300] {processor.py:840} INFO - DAG(s) 'example_branch_python_operator_decorator' retrieved from /media/data/omar/programming course/DEPI/DEPI project/anomx/venv/lib/python3.12/site-packages/airflow/example_dags/example_branch_operator_decorator.py
[2026-06-22T09:54:35.548+0300] {logging_mixin.py:188} INFO - [2026-06-22T09:54:35.548+0300] {dag.py:3096} INFO - Sync 1 DAGs
[2026-06-22T09:54:35.563+0300] {logging_mixin.py:188} INFO - [2026-06-22T09:54:35.563+0300] {dag.py:3954} INFO - Setting next_dagrun for example_branch_python_operator_decorator to 2026-06-21 00:00:00+00:00, run_after=2026-06-22 00:00:00+00:00
[2026-06-22T09:54:35.588+0300] {processor.py:183} INFO - Processing /media/data/omar/programming course/DEPI/DEPI project/anomx/venv/lib/python3.12/site-packages/airflow/example_dags/example_branch_operator_decorator.py took 0.090 seconds
[2026-06-22T09:55:30.484+0300] {processor.py:161} INFO - Started process (PID=53061) to work on /media/data/omar/programming course/DEPI/DEPI project/anomx/venv/lib/python3.12/site-packages/airflow/example_dags/example_branch_operator_decorator.py
[2026-06-22T09:55:30.485+0300] {processor.py:830} INFO - Processing file /media/data/omar/programming course/DEPI/DEPI project/anomx/venv/lib/python3.12/site-packages/airflow/example_dags/example_branch_operator_decorator.py for tasks to queue
[2026-06-22T09:55:30.486+0300] {logging_mixin.py:188} INFO - [2026-06-22T09:55:30.485+0300] {dagbag.py:540} INFO - Filling up the DagBag from /media/data/omar/programming course/DEPI/DEPI project/anomx/venv/lib/python3.12/site-packages/airflow/example_dags/example_branch_operator_decorator.py
[2026-06-22T09:55:30.504+0300] {processor.py:840} INFO - DAG(s) 'example_branch_python_operator_decorator' retrieved from /media/data/omar/programming course/DEPI/DEPI project/anomx/venv/lib/python3.12/site-packages/airflow/example_dags/example_branch_operator_decorator.py
[2026-06-22T09:55:30.524+0300] {logging_mixin.py:188} INFO - [2026-06-22T09:55:30.524+0300] {dag.py:3096} INFO - Sync 1 DAGs
[2026-06-22T09:55:30.538+0300] {logging_mixin.py:188} INFO - [2026-06-22T09:55:30.537+0300] {dag.py:3954} INFO - Setting next_dagrun for example_branch_python_operator_decorator to 2026-06-21 00:00:00+00:00, run_after=2026-06-22 00:00:00+00:00
[2026-06-22T09:55:30.565+0300] {processor.py:183} INFO - Processing /media/data/omar/programming course/DEPI/DEPI project/anomx/venv/lib/python3.12/site-packages/airflow/example_dags/example_branch_operator_decorator.py took 0.089 seconds
[2026-06-22T09:56:47.016+0300] {processor.py:161} INFO - Started process (PID=53198) to work on /media/data/omar/programming course/DEPI/DEPI project/anomx/venv/lib/python3.12/site-packages/airflow/example_dags/example_branch_operator_decorator.py
[2026-06-22T09:56:47.017+0300] {processor.py:830} INFO - Processing file /media/data/omar/programming course/DEPI/DEPI project/anomx/venv/lib/python3.12/site-packages/airflow/example_dags/example_branch_operator_decorator.py for tasks to queue
[2026-06-22T09:56:47.019+0300] {logging_mixin.py:188} INFO - [2026-06-22T09:56:47.018+0300] {dagbag.py:540} INFO - Filling up the DagBag from /media/data/omar/programming course/DEPI/DEPI project/anomx/venv/lib/python3.12/site-packages/airflow/example_dags/example_branch_operator_decorator.py
[2026-06-22T09:56:47.041+0300] {processor.py:840} INFO - DAG(s) 'example_branch_python_operator_decorator' retrieved from /media/data/omar/programming course/DEPI/DEPI project/anomx/venv/lib/python3.12/site-packages/airflow/example_dags/example_branch_operator_decorator.py
[2026-06-22T09:56:47.061+0300] {logging_mixin.py:188} INFO - [2026-06-22T09:56:47.061+0300] {dag.py:3096} INFO - Sync 1 DAGs
[2026-06-22T09:56:47.075+0300] {logging_mixin.py:188} INFO - [2026-06-22T09:56:47.074+0300] {dag.py:3954} INFO - Setting next_dagrun for example_branch_python_operator_decorator to 2026-06-21 00:00:00+00:00, run_after=2026-06-22 00:00:00+00:00
[2026-06-22T09:56:47.101+0300] {processor.py:183} INFO - Processing /media/data/omar/programming course/DEPI/DEPI project/anomx/venv/lib/python3.12/site-packages/airflow/example_dags/example_branch_operator_decorator.py took 0.097 seconds
[2026-06-22T09:58:03.579+0300] {processor.py:161} INFO - Started process (PID=53316) to work on /media/data/omar/programming course/DEPI/DEPI project/anomx/venv/lib/python3.12/site-packages/airflow/example_dags/example_branch_operator_decorator.py
[2026-06-22T09:58:03.580+0300] {processor.py:830} INFO - Processing file /media/data/omar/programming course/DEPI/DEPI project/anomx/venv/lib/python3.12/site-packages/airflow/example_dags/example_branch_operator_decorator.py for tasks to queue
[2026-06-22T09:58:03.582+0300] {logging_mixin.py:188} INFO - [2026-06-22T09:58:03.581+0300] {dagbag.py:540} INFO - Filling up the DagBag from /media/data/omar/programming course/DEPI/DEPI project/anomx/venv/lib/python3.12/site-packages/airflow/example_dags/example_branch_operator_decorator.py
[2026-06-22T09:58:03.611+0300] {processor.py:840} INFO - DAG(s) 'example_branch_python_operator_decorator' retrieved from /media/data/omar/programming course/DEPI/DEPI project/anomx/venv/lib/python3.12/site-packages/airflow/example_dags/example_branch_operator_decorator.py
[2026-06-22T09:58:03.632+0300] {logging_mixin.py:188} INFO - [2026-06-22T09:58:03.631+0300] {dag.py:3096} INFO - Sync 1 DAGs
[2026-06-22T09:58:03.645+0300] {logging_mixin.py:188} INFO - [2026-06-22T09:58:03.645+0300] {dag.py:3954} INFO - Setting next_dagrun for example_branch_python_operator_decorator to 2026-06-21 00:00:00+00:00, run_after=2026-06-22 00:00:00+00:00
[2026-06-22T09:58:03.671+0300] {processor.py:183} INFO - Processing /media/data/omar/programming course/DEPI/DEPI project/anomx/venv/lib/python3.12/site-packages/airflow/example_dags/example_branch_operator_decorator.py took 0.102 seconds
[2026-06-22T09:59:15.478+0300] {processor.py:161} INFO - Started process (PID=53440) to work on /media/data/omar/programming course/DEPI/DEPI project/anomx/venv/lib/python3.12/site-packages/airflow/example_dags/example_branch_operator_decorator.py
[2026-06-22T09:59:15.478+0300] {processor.py:830} INFO - Processing file /media/data/omar/programming course/DEPI/DEPI project/anomx/venv/lib/python3.12/site-packages/airflow/example_dags/example_branch_operator_decorator.py for tasks to queue
[2026-06-22T09:59:15.480+0300] {logging_mixin.py:188} INFO - [2026-06-22T09:59:15.479+0300] {dagbag.py:540} INFO - Filling up the DagBag from /media/data/omar/programming course/DEPI/DEPI project/anomx/venv/lib/python3.12/site-packages/airflow/example_dags/example_branch_operator_decorator.py
[2026-06-22T09:59:15.500+0300] {processor.py:840} INFO - DAG(s) 'example_branch_python_operator_decorator' retrieved from /media/data/omar/programming course/DEPI/DEPI project/anomx/venv/lib/python3.12/site-packages/airflow/example_dags/example_branch_operator_decorator.py
[2026-06-22T09:59:15.522+0300] {logging_mixin.py:188} INFO - [2026-06-22T09:59:15.521+0300] {dag.py:3096} INFO - Sync 1 DAGs
[2026-06-22T09:59:15.539+0300] {logging_mixin.py:188} INFO - [2026-06-22T09:59:15.538+0300] {dag.py:3954} INFO - Setting next_dagrun for example_branch_python_operator_decorator to 2026-06-21 00:00:00+00:00, run_after=2026-06-22 00:00:00+00:00
[2026-06-22T09:59:15.566+0300] {processor.py:183} INFO - Processing /media/data/omar/programming course/DEPI/DEPI project/anomx/venv/lib/python3.12/site-packages/airflow/example_dags/example_branch_operator_decorator.py took 0.096 seconds
[2026-06-22T10:00:33.987+0300] {processor.py:161} INFO - Started process (PID=53581) to work on /media/data/omar/programming course/DEPI/DEPI project/anomx/venv/lib/python3.12/site-packages/airflow/example_dags/example_branch_operator_decorator.py
[2026-06-22T10:00:33.989+0300] {processor.py:830} INFO - Processing file /media/data/omar/programming course/DEPI/DEPI project/anomx/venv/lib/python3.12/site-packages/airflow/example_dags/example_branch_operator_decorator.py for tasks to queue
[2026-06-22T10:00:33.992+0300] {logging_mixin.py:188} INFO - [2026-06-22T10:00:33.991+0300] {dagbag.py:540} INFO - Filling up the DagBag from /media/data/omar/programming course/DEPI/DEPI project/anomx/venv/lib/python3.12/site-packages/airflow/example_dags/example_branch_operator_decorator.py
[2026-06-22T10:00:34.018+0300] {processor.py:840} INFO - DAG(s) 'example_branch_python_operator_decorator' retrieved from /media/data/omar/programming course/DEPI/DEPI project/anomx/venv/lib/python3.12/site-packages/airflow/example_dags/example_branch_operator_decorator.py
[2026-06-22T10:00:34.039+0300] {logging_mixin.py:188} INFO - [2026-06-22T10:00:34.038+0300] {dag.py:3096} INFO - Sync 1 DAGs
[2026-06-22T10:00:34.053+0300] {logging_mixin.py:188} INFO - [2026-06-22T10:00:34.052+0300] {dag.py:3954} INFO - Setting next_dagrun for example_branch_python_operator_decorator to 2026-06-21 00:00:00+00:00, run_after=2026-06-22 00:00:00+00:00
[2026-06-22T10:00:34.079+0300] {processor.py:183} INFO - Processing /media/data/omar/programming course/DEPI/DEPI project/anomx/venv/lib/python3.12/site-packages/airflow/example_dags/example_branch_operator_decorator.py took 0.111 seconds
[2026-06-22T10:01:52.488+0300] {processor.py:161} INFO - Started process (PID=53702) to work on /media/data/omar/programming course/DEPI/DEPI project/anomx/venv/lib/python3.12/site-packages/airflow/example_dags/example_branch_operator_decorator.py
[2026-06-22T10:01:52.490+0300] {processor.py:830} INFO - Processing file /media/data/omar/programming course/DEPI/DEPI project/anomx/venv/lib/python3.12/site-packages/airflow/example_dags/example_branch_operator_decorator.py for tasks to queue
[2026-06-22T10:01:52.492+0300] {logging_mixin.py:188} INFO - [2026-06-22T10:01:52.491+0300] {dagbag.py:540} INFO - Filling up the DagBag from /media/data/omar/programming course/DEPI/DEPI project/anomx/venv/lib/python3.12/site-packages/airflow/example_dags/example_branch_operator_decorator.py
[2026-06-22T10:01:52.522+0300] {processor.py:840} INFO - DAG(s) 'example_branch_python_operator_decorator' retrieved from /media/data/omar/programming course/DEPI/DEPI project/anomx/venv/lib/python3.12/site-packages/airflow/example_dags/example_branch_operator_decorator.py
[2026-06-22T10:01:52.542+0300] {logging_mixin.py:188} INFO - [2026-06-22T10:01:52.542+0300] {dag.py:3096} INFO - Sync 1 DAGs
[2026-06-22T10:01:52.556+0300] {logging_mixin.py:188} INFO - [2026-06-22T10:01:52.555+0300] {dag.py:3954} INFO - Setting next_dagrun for example_branch_python_operator_decorator to 2026-06-21 00:00:00+00:00, run_after=2026-06-22 00:00:00+00:00
[2026-06-22T10:01:52.581+0300] {processor.py:183} INFO - Processing /media/data/omar/programming course/DEPI/DEPI project/anomx/venv/lib/python3.12/site-packages/airflow/example_dags/example_branch_operator_decorator.py took 0.106 seconds
[2026-06-22T10:03:14.147+0300] {processor.py:161} INFO - Started process (PID=53911) to work on /media/data/omar/programming course/DEPI/DEPI project/anomx/venv/lib/python3.12/site-packages/airflow/example_dags/example_branch_operator_decorator.py
[2026-06-22T10:03:14.147+0300] {processor.py:830} INFO - Processing file /media/data/omar/programming course/DEPI/DEPI project/anomx/venv/lib/python3.12/site-packages/airflow/example_dags/example_branch_operator_decorator.py for tasks to queue
[2026-06-22T10:03:14.148+0300] {logging_mixin.py:188} INFO - [2026-06-22T10:03:14.148+0300] {dagbag.py:540} INFO - Filling up the DagBag from /media/data/omar/programming course/DEPI/DEPI project/anomx/venv/lib/python3.12/site-packages/airflow/example_dags/example_branch_operator_decorator.py
[2026-06-22T10:03:14.167+0300] {processor.py:840} INFO - DAG(s) 'example_branch_python_operator_decorator' retrieved from /media/data/omar/programming course/DEPI/DEPI project/anomx/venv/lib/python3.12/site-packages/airflow/example_dags/example_branch_operator_decorator.py
[2026-06-22T10:03:14.187+0300] {logging_mixin.py:188} INFO - [2026-06-22T10:03:14.187+0300] {dag.py:3096} INFO - Sync 1 DAGs
[2026-06-22T10:03:14.200+0300] {logging_mixin.py:188} INFO - [2026-06-22T10:03:14.200+0300] {dag.py:3954} INFO - Setting next_dagrun for example_branch_python_operator_decorator to 2026-06-21 00:00:00+00:00, run_after=2026-06-22 00:00:00+00:00
[2026-06-22T10:03:14.225+0300] {processor.py:183} INFO - Processing /media/data/omar/programming course/DEPI/DEPI project/anomx/venv/lib/python3.12/site-packages/airflow/example_dags/example_branch_operator_decorator.py took 0.086 seconds
[2026-06-22T10:04:32.289+0300] {processor.py:161} INFO - Started process (PID=54023) to work on /media/data/omar/programming course/DEPI/DEPI project/anomx/venv/lib/python3.12/site-packages/airflow/example_dags/example_branch_operator_decorator.py
[2026-06-22T10:04:32.292+0300] {processor.py:830} INFO - Processing file /media/data/omar/programming course/DEPI/DEPI project/anomx/venv/lib/python3.12/site-packages/airflow/example_dags/example_branch_operator_decorator.py for tasks to queue
[2026-06-22T10:04:32.294+0300] {logging_mixin.py:188} INFO - [2026-06-22T10:04:32.293+0300] {dagbag.py:540} INFO - Filling up the DagBag from /media/data/omar/programming course/DEPI/DEPI project/anomx/venv/lib/python3.12/site-packages/airflow/example_dags/example_branch_operator_decorator.py
[2026-06-22T10:04:32.335+0300] {processor.py:840} INFO - DAG(s) 'example_branch_python_operator_decorator' retrieved from /media/data/omar/programming course/DEPI/DEPI project/anomx/venv/lib/python3.12/site-packages/airflow/example_dags/example_branch_operator_decorator.py
[2026-06-22T10:04:32.356+0300] {logging_mixin.py:188} INFO - [2026-06-22T10:04:32.355+0300] {dag.py:3096} INFO - Sync 1 DAGs
[2026-06-22T10:04:32.370+0300] {logging_mixin.py:188} INFO - [2026-06-22T10:04:32.369+0300] {dag.py:3954} INFO - Setting next_dagrun for example_branch_python_operator_decorator to 2026-06-21 00:00:00+00:00, run_after=2026-06-22 00:00:00+00:00
[2026-06-22T10:04:32.395+0300] {processor.py:183} INFO - Processing /media/data/omar/programming course/DEPI/DEPI project/anomx/venv/lib/python3.12/site-packages/airflow/example_dags/example_branch_operator_decorator.py took 0.120 seconds
[2026-06-22T10:05:49.282+0300] {processor.py:161} INFO - Started process (PID=54161) to work on /media/data/omar/programming course/DEPI/DEPI project/anomx/venv/lib/python3.12/site-packages/airflow/example_dags/example_branch_operator_decorator.py
[2026-06-22T10:05:49.283+0300] {processor.py:830} INFO - Processing file /media/data/omar/programming course/DEPI/DEPI project/anomx/venv/lib/python3.12/site-packages/airflow/example_dags/example_branch_operator_decorator.py for tasks to queue
[2026-06-22T10:05:49.284+0300] {logging_mixin.py:188} INFO - [2026-06-22T10:05:49.283+0300] {dagbag.py:540} INFO - Filling up the DagBag from /media/data/omar/programming course/DEPI/DEPI project/anomx/venv/lib/python3.12/site-packages/airflow/example_dags/example_branch_operator_decorator.py
[2026-06-22T10:05:49.302+0300] {processor.py:840} INFO - DAG(s) 'example_branch_python_operator_decorator' retrieved from /media/data/omar/programming course/DEPI/DEPI project/anomx/venv/lib/python3.12/site-packages/airflow/example_dags/example_branch_operator_decorator.py
[2026-06-22T10:05:49.322+0300] {logging_mixin.py:188} INFO - [2026-06-22T10:05:49.322+0300] {dag.py:3096} INFO - Sync 1 DAGs
[2026-06-22T10:05:49.336+0300] {logging_mixin.py:188} INFO - [2026-06-22T10:05:49.336+0300] {dag.py:3954} INFO - Setting next_dagrun for example_branch_python_operator_decorator to 2026-06-21 00:00:00+00:00, run_after=2026-06-22 00:00:00+00:00
[2026-06-22T10:05:49.364+0300] {processor.py:183} INFO - Processing /media/data/omar/programming course/DEPI/DEPI project/anomx/venv/lib/python3.12/site-packages/airflow/example_dags/example_branch_operator_decorator.py took 0.088 seconds
[2026-06-22T10:07:06.018+0300] {processor.py:161} INFO - Started process (PID=54273) to work on /media/data/omar/programming course/DEPI/DEPI project/anomx/venv/lib/python3.12/site-packages/airflow/example_dags/example_branch_operator_decorator.py
[2026-06-22T10:07:06.019+0300] {processor.py:830} INFO - Processing file /media/data/omar/programming course/DEPI/DEPI project/anomx/venv/lib/python3.12/site-packages/airflow/example_dags/example_branch_operator_decorator.py for tasks to queue
[2026-06-22T10:07:06.020+0300] {logging_mixin.py:188} INFO - [2026-06-22T10:07:06.020+0300] {dagbag.py:540} INFO - Filling up the DagBag from /media/data/omar/programming course/DEPI/DEPI project/anomx/venv/lib/python3.12/site-packages/airflow/example_dags/example_branch_operator_decorator.py
[2026-06-22T10:07:06.041+0300] {processor.py:840} INFO - DAG(s) 'example_branch_python_operator_decorator' retrieved from /media/data/omar/programming course/DEPI/DEPI project/anomx/venv/lib/python3.12/site-packages/airflow/example_dags/example_branch_operator_decorator.py
[2026-06-22T10:07:06.062+0300] {logging_mixin.py:188} INFO - [2026-06-22T10:07:06.062+0300] {dag.py:3096} INFO - Sync 1 DAGs
[2026-06-22T10:07:06.076+0300] {logging_mixin.py:188} INFO - [2026-06-22T10:07:06.076+0300] {dag.py:3954} INFO - Setting next_dagrun for example_branch_python_operator_decorator to 2026-06-21 00:00:00+00:00, run_after=2026-06-22 00:00:00+00:00
[2026-06-22T10:07:06.102+0300] {processor.py:183} INFO - Processing /media/data/omar/programming course/DEPI/DEPI project/anomx/venv/lib/python3.12/site-packages/airflow/example_dags/example_branch_operator_decorator.py took 0.090 seconds
[2026-06-22T10:08:24.624+0300] {processor.py:161} INFO - Started process (PID=54395) to work on /media/data/omar/programming course/DEPI/DEPI project/anomx/venv/lib/python3.12/site-packages/airflow/example_dags/example_branch_operator_decorator.py
[2026-06-22T10:08:24.625+0300] {processor.py:830} INFO - Processing file /media/data/omar/programming course/DEPI/DEPI project/anomx/venv/lib/python3.12/site-packages/airflow/example_dags/example_branch_operator_decorator.py for tasks to queue
[2026-06-22T10:08:24.626+0300] {logging_mixin.py:188} INFO - [2026-06-22T10:08:24.626+0300] {dagbag.py:540} INFO - Filling up the DagBag from /media/data/omar/programming course/DEPI/DEPI project/anomx/venv/lib/python3.12/site-packages/airflow/example_dags/example_branch_operator_decorator.py
[2026-06-22T10:08:24.647+0300] {processor.py:840} INFO - DAG(s) 'example_branch_python_operator_decorator' retrieved from /media/data/omar/programming course/DEPI/DEPI project/anomx/venv/lib/python3.12/site-packages/airflow/example_dags/example_branch_operator_decorator.py
[2026-06-22T10:08:24.668+0300] {logging_mixin.py:188} INFO - [2026-06-22T10:08:24.667+0300] {dag.py:3096} INFO - Sync 1 DAGs
[2026-06-22T10:08:24.682+0300] {logging_mixin.py:188} INFO - [2026-06-22T10:08:24.681+0300] {dag.py:3954} INFO - Setting next_dagrun for example_branch_python_operator_decorator to 2026-06-21 00:00:00+00:00, run_after=2026-06-22 00:00:00+00:00
[2026-06-22T10:08:24.709+0300] {processor.py:183} INFO - Processing /media/data/omar/programming course/DEPI/DEPI project/anomx/venv/lib/python3.12/site-packages/airflow/example_dags/example_branch_operator_decorator.py took 0.093 seconds
[2026-06-22T10:09:40.887+0300] {processor.py:161} INFO - Started process (PID=54504) to work on /media/data/omar/programming course/DEPI/DEPI project/anomx/venv/lib/python3.12/site-packages/airflow/example_dags/example_branch_operator_decorator.py
[2026-06-22T10:09:40.888+0300] {processor.py:830} INFO - Processing file /media/data/omar/programming course/DEPI/DEPI project/anomx/venv/lib/python3.12/site-packages/airflow/example_dags/example_branch_operator_decorator.py for tasks to queue
[2026-06-22T10:09:40.890+0300] {logging_mixin.py:188} INFO - [2026-06-22T10:09:40.889+0300] {dagbag.py:540} INFO - Filling up the DagBag from /media/data/omar/programming course/DEPI/DEPI project/anomx/venv/lib/python3.12/site-packages/airflow/example_dags/example_branch_operator_decorator.py
[2026-06-22T10:09:40.918+0300] {processor.py:840} INFO - DAG(s) 'example_branch_python_operator_decorator' retrieved from /media/data/omar/programming course/DEPI/DEPI project/anomx/venv/lib/python3.12/site-packages/airflow/example_dags/example_branch_operator_decorator.py
[2026-06-22T10:09:40.939+0300] {logging_mixin.py:188} INFO - [2026-06-22T10:09:40.939+0300] {dag.py:3096} INFO - Sync 1 DAGs
[2026-06-22T10:09:40.953+0300] {logging_mixin.py:188} INFO - [2026-06-22T10:09:40.953+0300] {dag.py:3954} INFO - Setting next_dagrun for example_branch_python_operator_decorator to 2026-06-21 00:00:00+00:00, run_after=2026-06-22 00:00:00+00:00
[2026-06-22T10:09:40.980+0300] {processor.py:183} INFO - Processing /media/data/omar/programming course/DEPI/DEPI project/anomx/venv/lib/python3.12/site-packages/airflow/example_dags/example_branch_operator_decorator.py took 0.102 seconds
[2026-06-22T10:10:56.866+0300] {processor.py:161} INFO - Started process (PID=54628) to work on /media/data/omar/programming course/DEPI/DEPI project/anomx/venv/lib/python3.12/site-packages/airflow/example_dags/example_branch_operator_decorator.py
[2026-06-22T10:10:56.869+0300] {processor.py:830} INFO - Processing file /media/data/omar/programming course/DEPI/DEPI project/anomx/venv/lib/python3.12/site-packages/airflow/example_dags/example_branch_operator_decorator.py for tasks to queue
[2026-06-22T10:10:56.872+0300] {logging_mixin.py:188} INFO - [2026-06-22T10:10:56.871+0300] {dagbag.py:540} INFO - Filling up the DagBag from /media/data/omar/programming course/DEPI/DEPI project/anomx/venv/lib/python3.12/site-packages/airflow/example_dags/example_branch_operator_decorator.py
[2026-06-22T10:10:56.900+0300] {processor.py:840} INFO - DAG(s) 'example_branch_python_operator_decorator' retrieved from /media/data/omar/programming course/DEPI/DEPI project/anomx/venv/lib/python3.12/site-packages/airflow/example_dags/example_branch_operator_decorator.py
[2026-06-22T10:10:56.922+0300] {logging_mixin.py:188} INFO - [2026-06-22T10:10:56.921+0300] {dag.py:3096} INFO - Sync 1 DAGs
[2026-06-22T10:10:56.936+0300] {logging_mixin.py:188} INFO - [2026-06-22T10:10:56.936+0300] {dag.py:3954} INFO - Setting next_dagrun for example_branch_python_operator_decorator to 2026-06-21 00:00:00+00:00, run_after=2026-06-22 00:00:00+00:00
[2026-06-22T10:10:56.965+0300] {processor.py:183} INFO - Processing /media/data/omar/programming course/DEPI/DEPI project/anomx/venv/lib/python3.12/site-packages/airflow/example_dags/example_branch_operator_decorator.py took 0.121 seconds
[2026-06-22T10:12:16.184+0300] {processor.py:161} INFO - Started process (PID=54761) to work on /media/data/omar/programming course/DEPI/DEPI project/anomx/venv/lib/python3.12/site-packages/airflow/example_dags/example_branch_operator_decorator.py
[2026-06-22T10:12:16.185+0300] {processor.py:830} INFO - Processing file /media/data/omar/programming course/DEPI/DEPI project/anomx/venv/lib/python3.12/site-packages/airflow/example_dags/example_branch_operator_decorator.py for tasks to queue
[2026-06-22T10:12:16.187+0300] {logging_mixin.py:188} INFO - [2026-06-22T10:12:16.186+0300] {dagbag.py:540} INFO - Filling up the DagBag from /media/data/omar/programming course/DEPI/DEPI project/anomx/venv/lib/python3.12/site-packages/airflow/example_dags/example_branch_operator_decorator.py
[2026-06-22T10:12:16.214+0300] {processor.py:840} INFO - DAG(s) 'example_branch_python_operator_decorator' retrieved from /media/data/omar/programming course/DEPI/DEPI project/anomx/venv/lib/python3.12/site-packages/airflow/example_dags/example_branch_operator_decorator.py
[2026-06-22T10:12:16.235+0300] {logging_mixin.py:188} INFO - [2026-06-22T10:12:16.235+0300] {dag.py:3096} INFO - Sync 1 DAGs
[2026-06-22T10:12:16.249+0300] {logging_mixin.py:188} INFO - [2026-06-22T10:12:16.249+0300] {dag.py:3954} INFO - Setting next_dagrun for example_branch_python_operator_decorator to 2026-06-21 00:00:00+00:00, run_after=2026-06-22 00:00:00+00:00
[2026-06-22T10:12:16.275+0300] {processor.py:183} INFO - Processing /media/data/omar/programming course/DEPI/DEPI project/anomx/venv/lib/python3.12/site-packages/airflow/example_dags/example_branch_operator_decorator.py took 0.099 seconds
[2026-06-22T10:13:11.711+0300] {processor.py:161} INFO - Started process (PID=54841) to work on /media/data/omar/programming course/DEPI/DEPI project/anomx/venv/lib/python3.12/site-packages/airflow/example_dags/example_branch_operator_decorator.py
[2026-06-22T10:13:11.712+0300] {processor.py:830} INFO - Processing file /media/data/omar/programming course/DEPI/DEPI project/anomx/venv/lib/python3.12/site-packages/airflow/example_dags/example_branch_operator_decorator.py for tasks to queue
[2026-06-22T10:13:11.714+0300] {logging_mixin.py:188} INFO - [2026-06-22T10:13:11.713+0300] {dagbag.py:540} INFO - Filling up the DagBag from /media/data/omar/programming course/DEPI/DEPI project/anomx/venv/lib/python3.12/site-packages/airflow/example_dags/example_branch_operator_decorator.py
[2026-06-22T10:13:11.745+0300] {processor.py:840} INFO - DAG(s) 'example_branch_python_operator_decorator' retrieved from /media/data/omar/programming course/DEPI/DEPI project/anomx/venv/lib/python3.12/site-packages/airflow/example_dags/example_branch_operator_decorator.py
[2026-06-22T10:13:11.764+0300] {logging_mixin.py:188} INFO - [2026-06-22T10:13:11.764+0300] {dag.py:3096} INFO - Sync 1 DAGs
[2026-06-22T10:13:11.778+0300] {logging_mixin.py:188} INFO - [2026-06-22T10:13:11.777+0300] {dag.py:3954} INFO - Setting next_dagrun for example_branch_python_operator_decorator to 2026-06-21 00:00:00+00:00, run_after=2026-06-22 00:00:00+00:00
[2026-06-22T10:13:11.842+0300] {processor.py:183} INFO - Processing /media/data/omar/programming course/DEPI/DEPI project/anomx/venv/lib/python3.12/site-packages/airflow/example_dags/example_branch_operator_decorator.py took 0.142 seconds
[2026-06-22T10:14:06.277+0300] {processor.py:161} INFO - Started process (PID=54917) to work on /media/data/omar/programming course/DEPI/DEPI project/anomx/venv/lib/python3.12/site-packages/airflow/example_dags/example_branch_operator_decorator.py
[2026-06-22T10:14:06.278+0300] {processor.py:830} INFO - Processing file /media/data/omar/programming course/DEPI/DEPI project/anomx/venv/lib/python3.12/site-packages/airflow/example_dags/example_branch_operator_decorator.py for tasks to queue
[2026-06-22T10:14:06.279+0300] {logging_mixin.py:188} INFO - [2026-06-22T10:14:06.279+0300] {dagbag.py:540} INFO - Filling up the DagBag from /media/data/omar/programming course/DEPI/DEPI project/anomx/venv/lib/python3.12/site-packages/airflow/example_dags/example_branch_operator_decorator.py
[2026-06-22T10:14:06.296+0300] {processor.py:840} INFO - DAG(s) 'example_branch_python_operator_decorator' retrieved from /media/data/omar/programming course/DEPI/DEPI project/anomx/venv/lib/python3.12/site-packages/airflow/example_dags/example_branch_operator_decorator.py
[2026-06-22T10:14:06.315+0300] {logging_mixin.py:188} INFO - [2026-06-22T10:14:06.315+0300] {dag.py:3096} INFO - Sync 1 DAGs
[2026-06-22T10:14:06.329+0300] {logging_mixin.py:188} INFO - [2026-06-22T10:14:06.329+0300] {dag.py:3954} INFO - Setting next_dagrun for example_branch_python_operator_decorator to 2026-06-21 00:00:00+00:00, run_after=2026-06-22 00:00:00+00:00
[2026-06-22T10:14:06.355+0300] {processor.py:183} INFO - Processing /media/data/omar/programming course/DEPI/DEPI project/anomx/venv/lib/python3.12/site-packages/airflow/example_dags/example_branch_operator_decorator.py took 0.083 seconds
[2026-06-22T10:15:01.012+0300] {processor.py:161} INFO - Started process (PID=54998) to work on /media/data/omar/programming course/DEPI/DEPI project/anomx/venv/lib/python3.12/site-packages/airflow/example_dags/example_branch_operator_decorator.py
[2026-06-22T10:15:01.013+0300] {processor.py:830} INFO - Processing file /media/data/omar/programming course/DEPI/DEPI project/anomx/venv/lib/python3.12/site-packages/airflow/example_dags/example_branch_operator_decorator.py for tasks to queue
[2026-06-22T10:15:01.015+0300] {logging_mixin.py:188} INFO - [2026-06-22T10:15:01.014+0300] {dagbag.py:540} INFO - Filling up the DagBag from /media/data/omar/programming course/DEPI/DEPI project/anomx/venv/lib/python3.12/site-packages/airflow/example_dags/example_branch_operator_decorator.py
[2026-06-22T10:15:01.042+0300] {processor.py:840} INFO - DAG(s) 'example_branch_python_operator_decorator' retrieved from /media/data/omar/programming course/DEPI/DEPI project/anomx/venv/lib/python3.12/site-packages/airflow/example_dags/example_branch_operator_decorator.py
[2026-06-22T10:15:01.062+0300] {logging_mixin.py:188} INFO - [2026-06-22T10:15:01.062+0300] {dag.py:3096} INFO - Sync 1 DAGs
[2026-06-22T10:15:01.076+0300] {logging_mixin.py:188} INFO - [2026-06-22T10:15:01.076+0300] {dag.py:3954} INFO - Setting next_dagrun for example_branch_python_operator_decorator to 2026-06-21 00:00:00+00:00, run_after=2026-06-22 00:00:00+00:00
[2026-06-22T10:15:01.102+0300] {processor.py:183} INFO - Processing /media/data/omar/programming course/DEPI/DEPI project/anomx/venv/lib/python3.12/site-packages/airflow/example_dags/example_branch_operator_decorator.py took 0.099 seconds
[2026-06-22T10:16:23.169+0300] {processor.py:161} INFO - Started process (PID=55134) to work on /media/data/omar/programming course/DEPI/DEPI project/anomx/venv/lib/python3.12/site-packages/airflow/example_dags/example_branch_operator_decorator.py
[2026-06-22T10:16:23.171+0300] {processor.py:830} INFO - Processing file /media/data/omar/programming course/DEPI/DEPI project/anomx/venv/lib/python3.12/site-packages/airflow/example_dags/example_branch_operator_decorator.py for tasks to queue
[2026-06-22T10:16:23.173+0300] {logging_mixin.py:188} INFO - [2026-06-22T10:16:23.172+0300] {dagbag.py:540} INFO - Filling up the DagBag from /media/data/omar/programming course/DEPI/DEPI project/anomx/venv/lib/python3.12/site-packages/airflow/example_dags/example_branch_operator_decorator.py
[2026-06-22T10:16:23.198+0300] {processor.py:840} INFO - DAG(s) 'example_branch_python_operator_decorator' retrieved from /media/data/omar/programming course/DEPI/DEPI project/anomx/venv/lib/python3.12/site-packages/airflow/example_dags/example_branch_operator_decorator.py
[2026-06-22T10:16:23.219+0300] {logging_mixin.py:188} INFO - [2026-06-22T10:16:23.219+0300] {dag.py:3096} INFO - Sync 1 DAGs
[2026-06-22T10:16:23.234+0300] {logging_mixin.py:188} INFO - [2026-06-22T10:16:23.233+0300] {dag.py:3954} INFO - Setting next_dagrun for example_branch_python_operator_decorator to 2026-06-21 00:00:00+00:00, run_after=2026-06-22 00:00:00+00:00
[2026-06-22T10:16:23.260+0300] {processor.py:183} INFO - Processing /media/data/omar/programming course/DEPI/DEPI project/anomx/venv/lib/python3.12/site-packages/airflow/example_dags/example_branch_operator_decorator.py took 0.109 seconds
[2026-06-22T10:17:17.109+0300] {processor.py:161} INFO - Started process (PID=55227) to work on /media/data/omar/programming course/DEPI/DEPI project/anomx/venv/lib/python3.12/site-packages/airflow/example_dags/example_branch_operator_decorator.py
[2026-06-22T10:17:17.110+0300] {processor.py:830} INFO - Processing file /media/data/omar/programming course/DEPI/DEPI project/anomx/venv/lib/python3.12/site-packages/airflow/example_dags/example_branch_operator_decorator.py for tasks to queue
[2026-06-22T10:17:17.111+0300] {logging_mixin.py:188} INFO - [2026-06-22T10:17:17.110+0300] {dagbag.py:540} INFO - Filling up the DagBag from /media/data/omar/programming course/DEPI/DEPI project/anomx/venv/lib/python3.12/site-packages/airflow/example_dags/example_branch_operator_decorator.py
[2026-06-22T10:17:17.132+0300] {processor.py:840} INFO - DAG(s) 'example_branch_python_operator_decorator' retrieved from /media/data/omar/programming course/DEPI/DEPI project/anomx/venv/lib/python3.12/site-packages/airflow/example_dags/example_branch_operator_decorator.py
[2026-06-22T10:17:17.159+0300] {logging_mixin.py:188} INFO - [2026-06-22T10:17:17.158+0300] {dag.py:3096} INFO - Sync 1 DAGs
[2026-06-22T10:17:17.172+0300] {logging_mixin.py:188} INFO - [2026-06-22T10:17:17.172+0300] {dag.py:3954} INFO - Setting next_dagrun for example_branch_python_operator_decorator to 2026-06-21 00:00:00+00:00, run_after=2026-06-22 00:00:00+00:00
[2026-06-22T10:17:17.198+0300] {processor.py:183} INFO - Processing /media/data/omar/programming course/DEPI/DEPI project/anomx/venv/lib/python3.12/site-packages/airflow/example_dags/example_branch_operator_decorator.py took 0.096 seconds
[2026-06-22T10:18:34.108+0300] {processor.py:161} INFO - Started process (PID=55338) to work on /media/data/omar/programming course/DEPI/DEPI project/anomx/venv/lib/python3.12/site-packages/airflow/example_dags/example_branch_operator_decorator.py
[2026-06-22T10:18:34.109+0300] {processor.py:830} INFO - Processing file /media/data/omar/programming course/DEPI/DEPI project/anomx/venv/lib/python3.12/site-packages/airflow/example_dags/example_branch_operator_decorator.py for tasks to queue
[2026-06-22T10:18:34.111+0300] {logging_mixin.py:188} INFO - [2026-06-22T10:18:34.110+0300] {dagbag.py:540} INFO - Filling up the DagBag from /media/data/omar/programming course/DEPI/DEPI project/anomx/venv/lib/python3.12/site-packages/airflow/example_dags/example_branch_operator_decorator.py
[2026-06-22T10:18:34.135+0300] {processor.py:840} INFO - DAG(s) 'example_branch_python_operator_decorator' retrieved from /media/data/omar/programming course/DEPI/DEPI project/anomx/venv/lib/python3.12/site-packages/airflow/example_dags/example_branch_operator_decorator.py
[2026-06-22T10:18:34.156+0300] {logging_mixin.py:188} INFO - [2026-06-22T10:18:34.156+0300] {dag.py:3096} INFO - Sync 1 DAGs
[2026-06-22T10:18:34.171+0300] {logging_mixin.py:188} INFO - [2026-06-22T10:18:34.170+0300] {dag.py:3954} INFO - Setting next_dagrun for example_branch_python_operator_decorator to 2026-06-21 00:00:00+00:00, run_after=2026-06-22 00:00:00+00:00
[2026-06-22T10:18:34.199+0300] {processor.py:183} INFO - Processing /media/data/omar/programming course/DEPI/DEPI project/anomx/venv/lib/python3.12/site-packages/airflow/example_dags/example_branch_operator_decorator.py took 0.098 seconds
[2026-06-22T10:19:50.134+0300] {processor.py:161} INFO - Started process (PID=55456) to work on /media/data/omar/programming course/DEPI/DEPI project/anomx/venv/lib/python3.12/site-packages/airflow/example_dags/example_branch_operator_decorator.py
[2026-06-22T10:19:50.135+0300] {processor.py:830} INFO - Processing file /media/data/omar/programming course/DEPI/DEPI project/anomx/venv/lib/python3.12/site-packages/airflow/example_dags/example_branch_operator_decorator.py for tasks to queue
[2026-06-22T10:19:50.136+0300] {logging_mixin.py:188} INFO - [2026-06-22T10:19:50.136+0300] {dagbag.py:540} INFO - Filling up the DagBag from /media/data/omar/programming course/DEPI/DEPI project/anomx/venv/lib/python3.12/site-packages/airflow/example_dags/example_branch_operator_decorator.py
[2026-06-22T10:19:50.154+0300] {processor.py:840} INFO - DAG(s) 'example_branch_python_operator_decorator' retrieved from /media/data/omar/programming course/DEPI/DEPI project/anomx/venv/lib/python3.12/site-packages/airflow/example_dags/example_branch_operator_decorator.py
[2026-06-22T10:19:50.174+0300] {logging_mixin.py:188} INFO - [2026-06-22T10:19:50.174+0300] {dag.py:3096} INFO - Sync 1 DAGs
[2026-06-22T10:19:50.188+0300] {logging_mixin.py:188} INFO - [2026-06-22T10:19:50.188+0300] {dag.py:3954} INFO - Setting next_dagrun for example_branch_python_operator_decorator to 2026-06-21 00:00:00+00:00, run_after=2026-06-22 00:00:00+00:00
[2026-06-22T10:19:50.213+0300] {processor.py:183} INFO - Processing /media/data/omar/programming course/DEPI/DEPI project/anomx/venv/lib/python3.12/site-packages/airflow/example_dags/example_branch_operator_decorator.py took 0.084 seconds
[2026-06-22T10:21:11.124+0300] {processor.py:161} INFO - Started process (PID=55596) to work on /media/data/omar/programming course/DEPI/DEPI project/anomx/venv/lib/python3.12/site-packages/airflow/example_dags/example_branch_operator_decorator.py
[2026-06-22T10:21:11.126+0300] {processor.py:830} INFO - Processing file /media/data/omar/programming course/DEPI/DEPI project/anomx/venv/lib/python3.12/site-packages/airflow/example_dags/example_branch_operator_decorator.py for tasks to queue
[2026-06-22T10:21:11.128+0300] {logging_mixin.py:188} INFO - [2026-06-22T10:21:11.128+0300] {dagbag.py:540} INFO - Filling up the DagBag from /media/data/omar/programming course/DEPI/DEPI project/anomx/venv/lib/python3.12/site-packages/airflow/example_dags/example_branch_operator_decorator.py
[2026-06-22T10:21:11.153+0300] {processor.py:840} INFO - DAG(s) 'example_branch_python_operator_decorator' retrieved from /media/data/omar/programming course/DEPI/DEPI project/anomx/venv/lib/python3.12/site-packages/airflow/example_dags/example_branch_operator_decorator.py
[2026-06-22T10:21:11.173+0300] {logging_mixin.py:188} INFO - [2026-06-22T10:21:11.173+0300] {dag.py:3096} INFO - Sync 1 DAGs
[2026-06-22T10:21:11.187+0300] {logging_mixin.py:188} INFO - [2026-06-22T10:21:11.187+0300] {dag.py:3954} INFO - Setting next_dagrun for example_branch_python_operator_decorator to 2026-06-21 00:00:00+00:00, run_after=2026-06-22 00:00:00+00:00
[2026-06-22T10:21:11.212+0300] {processor.py:183} INFO - Processing /media/data/omar/programming course/DEPI/DEPI project/anomx/venv/lib/python3.12/site-packages/airflow/example_dags/example_branch_operator_decorator.py took 0.109 seconds
[2026-06-22T10:22:05.402+0300] {processor.py:161} INFO - Started process (PID=55675) to work on /media/data/omar/programming course/DEPI/DEPI project/anomx/venv/lib/python3.12/site-packages/airflow/example_dags/example_branch_operator_decorator.py
[2026-06-22T10:22:05.404+0300] {processor.py:830} INFO - Processing file /media/data/omar/programming course/DEPI/DEPI project/anomx/venv/lib/python3.12/site-packages/airflow/example_dags/example_branch_operator_decorator.py for tasks to queue
[2026-06-22T10:22:05.407+0300] {logging_mixin.py:188} INFO - [2026-06-22T10:22:05.406+0300] {dagbag.py:540} INFO - Filling up the DagBag from /media/data/omar/programming course/DEPI/DEPI project/anomx/venv/lib/python3.12/site-packages/airflow/example_dags/example_branch_operator_decorator.py
[2026-06-22T10:22:05.434+0300] {processor.py:840} INFO - DAG(s) 'example_branch_python_operator_decorator' retrieved from /media/data/omar/programming course/DEPI/DEPI project/anomx/venv/lib/python3.12/site-packages/airflow/example_dags/example_branch_operator_decorator.py
[2026-06-22T10:22:05.454+0300] {logging_mixin.py:188} INFO - [2026-06-22T10:22:05.454+0300] {dag.py:3096} INFO - Sync 1 DAGs
[2026-06-22T10:22:05.468+0300] {logging_mixin.py:188} INFO - [2026-06-22T10:22:05.467+0300] {dag.py:3954} INFO - Setting next_dagrun for example_branch_python_operator_decorator to 2026-06-21 00:00:00+00:00, run_after=2026-06-22 00:00:00+00:00
[2026-06-22T10:22:05.493+0300] {processor.py:183} INFO - Processing /media/data/omar/programming course/DEPI/DEPI project/anomx/venv/lib/python3.12/site-packages/airflow/example_dags/example_branch_operator_decorator.py took 0.110 seconds
[2026-06-22T10:23:24.106+0300] {processor.py:161} INFO - Started process (PID=55810) to work on /media/data/omar/programming course/DEPI/DEPI project/anomx/venv/lib/python3.12/site-packages/airflow/example_dags/example_branch_operator_decorator.py
[2026-06-22T10:23:24.108+0300] {processor.py:830} INFO - Processing file /media/data/omar/programming course/DEPI/DEPI project/anomx/venv/lib/python3.12/site-packages/airflow/example_dags/example_branch_operator_decorator.py for tasks to queue
[2026-06-22T10:23:24.111+0300] {logging_mixin.py:188} INFO - [2026-06-22T10:23:24.109+0300] {dagbag.py:540} INFO - Filling up the DagBag from /media/data/omar/programming course/DEPI/DEPI project/anomx/venv/lib/python3.12/site-packages/airflow/example_dags/example_branch_operator_decorator.py
[2026-06-22T10:23:24.147+0300] {processor.py:840} INFO - DAG(s) 'example_branch_python_operator_decorator' retrieved from /media/data/omar/programming course/DEPI/DEPI project/anomx/venv/lib/python3.12/site-packages/airflow/example_dags/example_branch_operator_decorator.py
[2026-06-22T10:23:24.167+0300] {logging_mixin.py:188} INFO - [2026-06-22T10:23:24.167+0300] {dag.py:3096} INFO - Sync 1 DAGs
[2026-06-22T10:23:24.182+0300] {logging_mixin.py:188} INFO - [2026-06-22T10:23:24.181+0300] {dag.py:3954} INFO - Setting next_dagrun for example_branch_python_operator_decorator to 2026-06-21 00:00:00+00:00, run_after=2026-06-22 00:00:00+00:00
[2026-06-22T10:23:24.208+0300] {processor.py:183} INFO - Processing /media/data/omar/programming course/DEPI/DEPI project/anomx/venv/lib/python3.12/site-packages/airflow/example_dags/example_branch_operator_decorator.py took 0.115 seconds
[2026-06-22T10:24:19.331+0300] {processor.py:161} INFO - Started process (PID=55892) to work on /media/data/omar/programming course/DEPI/DEPI project/anomx/venv/lib/python3.12/site-packages/airflow/example_dags/example_branch_operator_decorator.py
[2026-06-22T10:24:19.331+0300] {processor.py:830} INFO - Processing file /media/data/omar/programming course/DEPI/DEPI project/anomx/venv/lib/python3.12/site-packages/airflow/example_dags/example_branch_operator_decorator.py for tasks to queue
[2026-06-22T10:24:19.333+0300] {logging_mixin.py:188} INFO - [2026-06-22T10:24:19.332+0300] {dagbag.py:540} INFO - Filling up the DagBag from /media/data/omar/programming course/DEPI/DEPI project/anomx/venv/lib/python3.12/site-packages/airflow/example_dags/example_branch_operator_decorator.py
[2026-06-22T10:24:19.352+0300] {processor.py:840} INFO - DAG(s) 'example_branch_python_operator_decorator' retrieved from /media/data/omar/programming course/DEPI/DEPI project/anomx/venv/lib/python3.12/site-packages/airflow/example_dags/example_branch_operator_decorator.py
[2026-06-22T10:24:19.372+0300] {logging_mixin.py:188} INFO - [2026-06-22T10:24:19.372+0300] {dag.py:3096} INFO - Sync 1 DAGs
[2026-06-22T10:24:19.386+0300] {logging_mixin.py:188} INFO - [2026-06-22T10:24:19.386+0300] {dag.py:3954} INFO - Setting next_dagrun for example_branch_python_operator_decorator to 2026-06-21 00:00:00+00:00, run_after=2026-06-22 00:00:00+00:00
[2026-06-22T10:24:19.412+0300] {processor.py:183} INFO - Processing /media/data/omar/programming course/DEPI/DEPI project/anomx/venv/lib/python3.12/site-packages/airflow/example_dags/example_branch_operator_decorator.py took 0.090 seconds
[2026-06-22T10:25:14.864+0300] {processor.py:161} INFO - Started process (PID=55983) to work on /media/data/omar/programming course/DEPI/DEPI project/anomx/venv/lib/python3.12/site-packages/airflow/example_dags/example_branch_operator_decorator.py
[2026-06-22T10:25:14.865+0300] {processor.py:830} INFO - Processing file /media/data/omar/programming course/DEPI/DEPI project/anomx/venv/lib/python3.12/site-packages/airflow/example_dags/example_branch_operator_decorator.py for tasks to queue
[2026-06-22T10:25:14.866+0300] {logging_mixin.py:188} INFO - [2026-06-22T10:25:14.866+0300] {dagbag.py:540} INFO - Filling up the DagBag from /media/data/omar/programming course/DEPI/DEPI project/anomx/venv/lib/python3.12/site-packages/airflow/example_dags/example_branch_operator_decorator.py
[2026-06-22T10:25:14.889+0300] {processor.py:840} INFO - DAG(s) 'example_branch_python_operator_decorator' retrieved from /media/data/omar/programming course/DEPI/DEPI project/anomx/venv/lib/python3.12/site-packages/airflow/example_dags/example_branch_operator_decorator.py
[2026-06-22T10:25:14.909+0300] {logging_mixin.py:188} INFO - [2026-06-22T10:25:14.909+0300] {dag.py:3096} INFO - Sync 1 DAGs
[2026-06-22T10:25:14.923+0300] {logging_mixin.py:188} INFO - [2026-06-22T10:25:14.923+0300] {dag.py:3954} INFO - Setting next_dagrun for example_branch_python_operator_decorator to 2026-06-21 00:00:00+00:00, run_after=2026-06-22 00:00:00+00:00
[2026-06-22T10:25:14.948+0300] {processor.py:183} INFO - Processing /media/data/omar/programming course/DEPI/DEPI project/anomx/venv/lib/python3.12/site-packages/airflow/example_dags/example_branch_operator_decorator.py took 0.094 seconds
[2026-06-22T10:26:10.763+0300] {processor.py:161} INFO - Started process (PID=56062) to work on /media/data/omar/programming course/DEPI/DEPI project/anomx/venv/lib/python3.12/site-packages/airflow/example_dags/example_branch_operator_decorator.py
[2026-06-22T10:26:10.764+0300] {processor.py:830} INFO - Processing file /media/data/omar/programming course/DEPI/DEPI project/anomx/venv/lib/python3.12/site-packages/airflow/example_dags/example_branch_operator_decorator.py for tasks to queue
[2026-06-22T10:26:10.765+0300] {logging_mixin.py:188} INFO - [2026-06-22T10:26:10.765+0300] {dagbag.py:540} INFO - Filling up the DagBag from /media/data/omar/programming course/DEPI/DEPI project/anomx/venv/lib/python3.12/site-packages/airflow/example_dags/example_branch_operator_decorator.py
[2026-06-22T10:26:10.784+0300] {processor.py:840} INFO - DAG(s) 'example_branch_python_operator_decorator' retrieved from /media/data/omar/programming course/DEPI/DEPI project/anomx/venv/lib/python3.12/site-packages/airflow/example_dags/example_branch_operator_decorator.py
[2026-06-22T10:26:10.805+0300] {logging_mixin.py:188} INFO - [2026-06-22T10:26:10.804+0300] {dag.py:3096} INFO - Sync 1 DAGs
[2026-06-22T10:26:10.820+0300] {logging_mixin.py:188} INFO - [2026-06-22T10:26:10.819+0300] {dag.py:3954} INFO - Setting next_dagrun for example_branch_python_operator_decorator to 2026-06-21 00:00:00+00:00, run_after=2026-06-22 00:00:00+00:00
[2026-06-22T10:26:10.844+0300] {processor.py:183} INFO - Processing /media/data/omar/programming course/DEPI/DEPI project/anomx/venv/lib/python3.12/site-packages/airflow/example_dags/example_branch_operator_decorator.py took 0.088 seconds
[2026-06-22T10:27:25.904+0300] {processor.py:161} INFO - Started process (PID=56185) to work on /media/data/omar/programming course/DEPI/DEPI project/anomx/venv/lib/python3.12/site-packages/airflow/example_dags/example_branch_operator_decorator.py
[2026-06-22T10:27:25.908+0300] {processor.py:830} INFO - Processing file /media/data/omar/programming course/DEPI/DEPI project/anomx/venv/lib/python3.12/site-packages/airflow/example_dags/example_branch_operator_decorator.py for tasks to queue
[2026-06-22T10:27:25.912+0300] {logging_mixin.py:188} INFO - [2026-06-22T10:27:25.910+0300] {dagbag.py:540} INFO - Filling up the DagBag from /media/data/omar/programming course/DEPI/DEPI project/anomx/venv/lib/python3.12/site-packages/airflow/example_dags/example_branch_operator_decorator.py
[2026-06-22T10:27:25.955+0300] {processor.py:840} INFO - DAG(s) 'example_branch_python_operator_decorator' retrieved from /media/data/omar/programming course/DEPI/DEPI project/anomx/venv/lib/python3.12/site-packages/airflow/example_dags/example_branch_operator_decorator.py
[2026-06-22T10:27:25.976+0300] {logging_mixin.py:188} INFO - [2026-06-22T10:27:25.976+0300] {dag.py:3096} INFO - Sync 1 DAGs
[2026-06-22T10:27:25.991+0300] {logging_mixin.py:188} INFO - [2026-06-22T10:27:25.990+0300] {dag.py:3954} INFO - Setting next_dagrun for example_branch_python_operator_decorator to 2026-06-21 00:00:00+00:00, run_after=2026-06-22 00:00:00+00:00
[2026-06-22T10:27:26.016+0300] {processor.py:183} INFO - Processing /media/data/omar/programming course/DEPI/DEPI project/anomx/venv/lib/python3.12/site-packages/airflow/example_dags/example_branch_operator_decorator.py took 0.131 seconds
[2026-06-22T10:28:44.034+0300] {processor.py:161} INFO - Started process (PID=56308) to work on /media/data/omar/programming course/DEPI/DEPI project/anomx/venv/lib/python3.12/site-packages/airflow/example_dags/example_branch_operator_decorator.py
[2026-06-22T10:28:44.035+0300] {processor.py:830} INFO - Processing file /media/data/omar/programming course/DEPI/DEPI project/anomx/venv/lib/python3.12/site-packages/airflow/example_dags/example_branch_operator_decorator.py for tasks to queue
[2026-06-22T10:28:44.038+0300] {logging_mixin.py:188} INFO - [2026-06-22T10:28:44.037+0300] {dagbag.py:540} INFO - Filling up the DagBag from /media/data/omar/programming course/DEPI/DEPI project/anomx/venv/lib/python3.12/site-packages/airflow/example_dags/example_branch_operator_decorator.py
[2026-06-22T10:28:44.069+0300] {processor.py:840} INFO - DAG(s) 'example_branch_python_operator_decorator' retrieved from /media/data/omar/programming course/DEPI/DEPI project/anomx/venv/lib/python3.12/site-packages/airflow/example_dags/example_branch_operator_decorator.py
[2026-06-22T10:28:44.090+0300] {logging_mixin.py:188} INFO - [2026-06-22T10:28:44.089+0300] {dag.py:3096} INFO - Sync 1 DAGs
[2026-06-22T10:28:44.103+0300] {logging_mixin.py:188} INFO - [2026-06-22T10:28:44.103+0300] {dag.py:3954} INFO - Setting next_dagrun for example_branch_python_operator_decorator to 2026-06-21 00:00:00+00:00, run_after=2026-06-22 00:00:00+00:00
[2026-06-22T10:28:44.130+0300] {processor.py:183} INFO - Processing /media/data/omar/programming course/DEPI/DEPI project/anomx/venv/lib/python3.12/site-packages/airflow/example_dags/example_branch_operator_decorator.py took 0.110 seconds
[2026-06-22T10:30:02.033+0300] {processor.py:161} INFO - Started process (PID=56429) to work on /media/data/omar/programming course/DEPI/DEPI project/anomx/venv/lib/python3.12/site-packages/airflow/example_dags/example_branch_operator_decorator.py
[2026-06-22T10:30:02.034+0300] {processor.py:830} INFO - Processing file /media/data/omar/programming course/DEPI/DEPI project/anomx/venv/lib/python3.12/site-packages/airflow/example_dags/example_branch_operator_decorator.py for tasks to queue
[2026-06-22T10:30:02.036+0300] {logging_mixin.py:188} INFO - [2026-06-22T10:30:02.035+0300] {dagbag.py:540} INFO - Filling up the DagBag from /media/data/omar/programming course/DEPI/DEPI project/anomx/venv/lib/python3.12/site-packages/airflow/example_dags/example_branch_operator_decorator.py
[2026-06-22T10:30:02.057+0300] {processor.py:840} INFO - DAG(s) 'example_branch_python_operator_decorator' retrieved from /media/data/omar/programming course/DEPI/DEPI project/anomx/venv/lib/python3.12/site-packages/airflow/example_dags/example_branch_operator_decorator.py
[2026-06-22T10:30:02.077+0300] {logging_mixin.py:188} INFO - [2026-06-22T10:30:02.076+0300] {dag.py:3096} INFO - Sync 1 DAGs
[2026-06-22T10:30:02.091+0300] {logging_mixin.py:188} INFO - [2026-06-22T10:30:02.091+0300] {dag.py:3954} INFO - Setting next_dagrun for example_branch_python_operator_decorator to 2026-06-21 00:00:00+00:00, run_after=2026-06-22 00:00:00+00:00
[2026-06-22T10:30:02.117+0300] {processor.py:183} INFO - Processing /media/data/omar/programming course/DEPI/DEPI project/anomx/venv/lib/python3.12/site-packages/airflow/example_dags/example_branch_operator_decorator.py took 0.095 seconds
[2026-06-22T10:30:58.359+0300] {processor.py:161} INFO - Started process (PID=56515) to work on /media/data/omar/programming course/DEPI/DEPI project/anomx/venv/lib/python3.12/site-packages/airflow/example_dags/example_branch_operator_decorator.py
[2026-06-22T10:30:58.360+0300] {processor.py:830} INFO - Processing file /media/data/omar/programming course/DEPI/DEPI project/anomx/venv/lib/python3.12/site-packages/airflow/example_dags/example_branch_operator_decorator.py for tasks to queue
[2026-06-22T10:30:58.362+0300] {logging_mixin.py:188} INFO - [2026-06-22T10:30:58.361+0300] {dagbag.py:540} INFO - Filling up the DagBag from /media/data/omar/programming course/DEPI/DEPI project/anomx/venv/lib/python3.12/site-packages/airflow/example_dags/example_branch_operator_decorator.py
[2026-06-22T10:30:58.387+0300] {processor.py:840} INFO - DAG(s) 'example_branch_python_operator_decorator' retrieved from /media/data/omar/programming course/DEPI/DEPI project/anomx/venv/lib/python3.12/site-packages/airflow/example_dags/example_branch_operator_decorator.py
[2026-06-22T10:30:58.407+0300] {logging_mixin.py:188} INFO - [2026-06-22T10:30:58.407+0300] {dag.py:3096} INFO - Sync 1 DAGs
[2026-06-22T10:30:58.422+0300] {logging_mixin.py:188} INFO - [2026-06-22T10:30:58.421+0300] {dag.py:3954} INFO - Setting next_dagrun for example_branch_python_operator_decorator to 2026-06-21 00:00:00+00:00, run_after=2026-06-22 00:00:00+00:00
[2026-06-22T10:30:58.448+0300] {processor.py:183} INFO - Processing /media/data/omar/programming course/DEPI/DEPI project/anomx/venv/lib/python3.12/site-packages/airflow/example_dags/example_branch_operator_decorator.py took 0.098 seconds
[2026-06-22T10:32:16.201+0300] {processor.py:161} INFO - Started process (PID=56638) to work on /media/data/omar/programming course/DEPI/DEPI project/anomx/venv/lib/python3.12/site-packages/airflow/example_dags/example_branch_operator_decorator.py
[2026-06-22T10:32:16.201+0300] {processor.py:830} INFO - Processing file /media/data/omar/programming course/DEPI/DEPI project/anomx/venv/lib/python3.12/site-packages/airflow/example_dags/example_branch_operator_decorator.py for tasks to queue
[2026-06-22T10:32:16.202+0300] {logging_mixin.py:188} INFO - [2026-06-22T10:32:16.202+0300] {dagbag.py:540} INFO - Filling up the DagBag from /media/data/omar/programming course/DEPI/DEPI project/anomx/venv/lib/python3.12/site-packages/airflow/example_dags/example_branch_operator_decorator.py
[2026-06-22T10:32:16.220+0300] {processor.py:840} INFO - DAG(s) 'example_branch_python_operator_decorator' retrieved from /media/data/omar/programming course/DEPI/DEPI project/anomx/venv/lib/python3.12/site-packages/airflow/example_dags/example_branch_operator_decorator.py
[2026-06-22T10:32:16.240+0300] {logging_mixin.py:188} INFO - [2026-06-22T10:32:16.240+0300] {dag.py:3096} INFO - Sync 1 DAGs
[2026-06-22T10:32:16.254+0300] {logging_mixin.py:188} INFO - [2026-06-22T10:32:16.254+0300] {dag.py:3954} INFO - Setting next_dagrun for example_branch_python_operator_decorator to 2026-06-21 00:00:00+00:00, run_after=2026-06-22 00:00:00+00:00
[2026-06-22T10:32:16.288+0300] {processor.py:183} INFO - Processing /media/data/omar/programming course/DEPI/DEPI project/anomx/venv/lib/python3.12/site-packages/airflow/example_dags/example_branch_operator_decorator.py took 0.093 seconds
[2026-06-22T10:33:34.697+0300] {processor.py:161} INFO - Started process (PID=56758) to work on /media/data/omar/programming course/DEPI/DEPI project/anomx/venv/lib/python3.12/site-packages/airflow/example_dags/example_branch_operator_decorator.py
[2026-06-22T10:33:34.699+0300] {processor.py:830} INFO - Processing file /media/data/omar/programming course/DEPI/DEPI project/anomx/venv/lib/python3.12/site-packages/airflow/example_dags/example_branch_operator_decorator.py for tasks to queue
[2026-06-22T10:33:34.701+0300] {logging_mixin.py:188} INFO - [2026-06-22T10:33:34.700+0300] {dagbag.py:540} INFO - Filling up the DagBag from /media/data/omar/programming course/DEPI/DEPI project/anomx/venv/lib/python3.12/site-packages/airflow/example_dags/example_branch_operator_decorator.py
[2026-06-22T10:33:34.735+0300] {processor.py:840} INFO - DAG(s) 'example_branch_python_operator_decorator' retrieved from /media/data/omar/programming course/DEPI/DEPI project/anomx/venv/lib/python3.12/site-packages/airflow/example_dags/example_branch_operator_decorator.py
[2026-06-22T10:33:34.755+0300] {logging_mixin.py:188} INFO - [2026-06-22T10:33:34.754+0300] {dag.py:3096} INFO - Sync 1 DAGs
[2026-06-22T10:33:34.768+0300] {logging_mixin.py:188} INFO - [2026-06-22T10:33:34.767+0300] {dag.py:3954} INFO - Setting next_dagrun for example_branch_python_operator_decorator to 2026-06-21 00:00:00+00:00, run_after=2026-06-22 00:00:00+00:00
[2026-06-22T10:33:34.806+0300] {processor.py:183} INFO - Processing /media/data/omar/programming course/DEPI/DEPI project/anomx/venv/lib/python3.12/site-packages/airflow/example_dags/example_branch_operator_decorator.py took 0.123 seconds
[2026-06-22T10:34:29.882+0300] {processor.py:161} INFO - Started process (PID=56853) to work on /media/data/omar/programming course/DEPI/DEPI project/anomx/venv/lib/python3.12/site-packages/airflow/example_dags/example_branch_operator_decorator.py
[2026-06-22T10:34:29.882+0300] {processor.py:830} INFO - Processing file /media/data/omar/programming course/DEPI/DEPI project/anomx/venv/lib/python3.12/site-packages/airflow/example_dags/example_branch_operator_decorator.py for tasks to queue
[2026-06-22T10:34:29.884+0300] {logging_mixin.py:188} INFO - [2026-06-22T10:34:29.883+0300] {dagbag.py:540} INFO - Filling up the DagBag from /media/data/omar/programming course/DEPI/DEPI project/anomx/venv/lib/python3.12/site-packages/airflow/example_dags/example_branch_operator_decorator.py
[2026-06-22T10:34:29.906+0300] {processor.py:840} INFO - DAG(s) 'example_branch_python_operator_decorator' retrieved from /media/data/omar/programming course/DEPI/DEPI project/anomx/venv/lib/python3.12/site-packages/airflow/example_dags/example_branch_operator_decorator.py
[2026-06-22T10:34:29.927+0300] {logging_mixin.py:188} INFO - [2026-06-22T10:34:29.927+0300] {dag.py:3096} INFO - Sync 1 DAGs
[2026-06-22T10:34:29.942+0300] {logging_mixin.py:188} INFO - [2026-06-22T10:34:29.941+0300] {dag.py:3954} INFO - Setting next_dagrun for example_branch_python_operator_decorator to 2026-06-21 00:00:00+00:00, run_after=2026-06-22 00:00:00+00:00
[2026-06-22T10:34:29.969+0300] {processor.py:183} INFO - Processing /media/data/omar/programming course/DEPI/DEPI project/anomx/venv/lib/python3.12/site-packages/airflow/example_dags/example_branch_operator_decorator.py took 0.093 seconds
[2026-06-22T10:35:51.763+0300] {processor.py:161} INFO - Started process (PID=56977) to work on /media/data/omar/programming course/DEPI/DEPI project/anomx/venv/lib/python3.12/site-packages/airflow/example_dags/example_branch_operator_decorator.py
[2026-06-22T10:35:51.765+0300] {processor.py:830} INFO - Processing file /media/data/omar/programming course/DEPI/DEPI project/anomx/venv/lib/python3.12/site-packages/airflow/example_dags/example_branch_operator_decorator.py for tasks to queue
[2026-06-22T10:35:51.767+0300] {logging_mixin.py:188} INFO - [2026-06-22T10:35:51.766+0300] {dagbag.py:540} INFO - Filling up the DagBag from /media/data/omar/programming course/DEPI/DEPI project/anomx/venv/lib/python3.12/site-packages/airflow/example_dags/example_branch_operator_decorator.py
[2026-06-22T10:35:51.799+0300] {processor.py:840} INFO - DAG(s) 'example_branch_python_operator_decorator' retrieved from /media/data/omar/programming course/DEPI/DEPI project/anomx/venv/lib/python3.12/site-packages/airflow/example_dags/example_branch_operator_decorator.py
[2026-06-22T10:35:51.819+0300] {logging_mixin.py:188} INFO - [2026-06-22T10:35:51.819+0300] {dag.py:3096} INFO - Sync 1 DAGs
[2026-06-22T10:35:51.833+0300] {logging_mixin.py:188} INFO - [2026-06-22T10:35:51.833+0300] {dag.py:3954} INFO - Setting next_dagrun for example_branch_python_operator_decorator to 2026-06-21 00:00:00+00:00, run_after=2026-06-22 00:00:00+00:00
[2026-06-22T10:35:51.858+0300] {processor.py:183} INFO - Processing /media/data/omar/programming course/DEPI/DEPI project/anomx/venv/lib/python3.12/site-packages/airflow/example_dags/example_branch_operator_decorator.py took 0.106 seconds
[2026-06-22T10:36:47.546+0300] {processor.py:161} INFO - Started process (PID=57061) to work on /media/data/omar/programming course/DEPI/DEPI project/anomx/venv/lib/python3.12/site-packages/airflow/example_dags/example_branch_operator_decorator.py
[2026-06-22T10:36:47.548+0300] {processor.py:830} INFO - Processing file /media/data/omar/programming course/DEPI/DEPI project/anomx/venv/lib/python3.12/site-packages/airflow/example_dags/example_branch_operator_decorator.py for tasks to queue
[2026-06-22T10:36:47.549+0300] {logging_mixin.py:188} INFO - [2026-06-22T10:36:47.549+0300] {dagbag.py:540} INFO - Filling up the DagBag from /media/data/omar/programming course/DEPI/DEPI project/anomx/venv/lib/python3.12/site-packages/airflow/example_dags/example_branch_operator_decorator.py
[2026-06-22T10:36:47.586+0300] {processor.py:840} INFO - DAG(s) 'example_branch_python_operator_decorator' retrieved from /media/data/omar/programming course/DEPI/DEPI project/anomx/venv/lib/python3.12/site-packages/airflow/example_dags/example_branch_operator_decorator.py
[2026-06-22T10:36:47.610+0300] {logging_mixin.py:188} INFO - [2026-06-22T10:36:47.610+0300] {dag.py:3096} INFO - Sync 1 DAGs
[2026-06-22T10:36:47.625+0300] {logging_mixin.py:188} INFO - [2026-06-22T10:36:47.625+0300] {dag.py:3954} INFO - Setting next_dagrun for example_branch_python_operator_decorator to 2026-06-21 00:00:00+00:00, run_after=2026-06-22 00:00:00+00:00
[2026-06-22T10:36:47.653+0300] {processor.py:183} INFO - Processing /media/data/omar/programming course/DEPI/DEPI project/anomx/venv/lib/python3.12/site-packages/airflow/example_dags/example_branch_operator_decorator.py took 0.117 seconds
[2026-06-22T10:38:05.880+0300] {processor.py:161} INFO - Started process (PID=57178) to work on /media/data/omar/programming course/DEPI/DEPI project/anomx/venv/lib/python3.12/site-packages/airflow/example_dags/example_branch_operator_decorator.py
[2026-06-22T10:38:05.881+0300] {processor.py:830} INFO - Processing file /media/data/omar/programming course/DEPI/DEPI project/anomx/venv/lib/python3.12/site-packages/airflow/example_dags/example_branch_operator_decorator.py for tasks to queue
[2026-06-22T10:38:05.883+0300] {logging_mixin.py:188} INFO - [2026-06-22T10:38:05.882+0300] {dagbag.py:540} INFO - Filling up the DagBag from /media/data/omar/programming course/DEPI/DEPI project/anomx/venv/lib/python3.12/site-packages/airflow/example_dags/example_branch_operator_decorator.py
[2026-06-22T10:38:05.909+0300] {processor.py:840} INFO - DAG(s) 'example_branch_python_operator_decorator' retrieved from /media/data/omar/programming course/DEPI/DEPI project/anomx/venv/lib/python3.12/site-packages/airflow/example_dags/example_branch_operator_decorator.py
[2026-06-22T10:38:05.931+0300] {logging_mixin.py:188} INFO - [2026-06-22T10:38:05.931+0300] {dag.py:3096} INFO - Sync 1 DAGs
[2026-06-22T10:38:05.945+0300] {logging_mixin.py:188} INFO - [2026-06-22T10:38:05.945+0300] {dag.py:3954} INFO - Setting next_dagrun for example_branch_python_operator_decorator to 2026-06-21 00:00:00+00:00, run_after=2026-06-22 00:00:00+00:00
[2026-06-22T10:38:06.052+0300] {processor.py:183} INFO - Processing /media/data/omar/programming course/DEPI/DEPI project/anomx/venv/lib/python3.12/site-packages/airflow/example_dags/example_branch_operator_decorator.py took 0.180 seconds
[2026-06-22T10:39:26.656+0300] {processor.py:161} INFO - Started process (PID=57302) to work on /media/data/omar/programming course/DEPI/DEPI project/anomx/venv/lib/python3.12/site-packages/airflow/example_dags/example_branch_operator_decorator.py
[2026-06-22T10:39:26.657+0300] {processor.py:830} INFO - Processing file /media/data/omar/programming course/DEPI/DEPI project/anomx/venv/lib/python3.12/site-packages/airflow/example_dags/example_branch_operator_decorator.py for tasks to queue
[2026-06-22T10:39:26.659+0300] {logging_mixin.py:188} INFO - [2026-06-22T10:39:26.658+0300] {dagbag.py:540} INFO - Filling up the DagBag from /media/data/omar/programming course/DEPI/DEPI project/anomx/venv/lib/python3.12/site-packages/airflow/example_dags/example_branch_operator_decorator.py
[2026-06-22T10:39:26.681+0300] {processor.py:840} INFO - DAG(s) 'example_branch_python_operator_decorator' retrieved from /media/data/omar/programming course/DEPI/DEPI project/anomx/venv/lib/python3.12/site-packages/airflow/example_dags/example_branch_operator_decorator.py
[2026-06-22T10:39:26.702+0300] {logging_mixin.py:188} INFO - [2026-06-22T10:39:26.702+0300] {dag.py:3096} INFO - Sync 1 DAGs
[2026-06-22T10:39:26.716+0300] {logging_mixin.py:188} INFO - [2026-06-22T10:39:26.716+0300] {dag.py:3954} INFO - Setting next_dagrun for example_branch_python_operator_decorator to 2026-06-21 00:00:00+00:00, run_after=2026-06-22 00:00:00+00:00
[2026-06-22T10:39:26.742+0300] {processor.py:183} INFO - Processing /media/data/omar/programming course/DEPI/DEPI project/anomx/venv/lib/python3.12/site-packages/airflow/example_dags/example_branch_operator_decorator.py took 0.099 seconds
[2026-06-22T10:40:46.680+0300] {processor.py:161} INFO - Started process (PID=57431) to work on /media/data/omar/programming course/DEPI/DEPI project/anomx/venv/lib/python3.12/site-packages/airflow/example_dags/example_branch_operator_decorator.py
[2026-06-22T10:40:46.682+0300] {processor.py:830} INFO - Processing file /media/data/omar/programming course/DEPI/DEPI project/anomx/venv/lib/python3.12/site-packages/airflow/example_dags/example_branch_operator_decorator.py for tasks to queue
[2026-06-22T10:40:46.683+0300] {logging_mixin.py:188} INFO - [2026-06-22T10:40:46.682+0300] {dagbag.py:540} INFO - Filling up the DagBag from /media/data/omar/programming course/DEPI/DEPI project/anomx/venv/lib/python3.12/site-packages/airflow/example_dags/example_branch_operator_decorator.py
[2026-06-22T10:40:46.707+0300] {processor.py:840} INFO - DAG(s) 'example_branch_python_operator_decorator' retrieved from /media/data/omar/programming course/DEPI/DEPI project/anomx/venv/lib/python3.12/site-packages/airflow/example_dags/example_branch_operator_decorator.py
[2026-06-22T10:40:46.732+0300] {logging_mixin.py:188} INFO - [2026-06-22T10:40:46.731+0300] {dag.py:3096} INFO - Sync 1 DAGs
[2026-06-22T10:40:46.748+0300] {logging_mixin.py:188} INFO - [2026-06-22T10:40:46.748+0300] {dag.py:3954} INFO - Setting next_dagrun for example_branch_python_operator_decorator to 2026-06-21 00:00:00+00:00, run_after=2026-06-22 00:00:00+00:00
[2026-06-22T10:40:46.853+0300] {processor.py:183} INFO - Processing /media/data/omar/programming course/DEPI/DEPI project/anomx/venv/lib/python3.12/site-packages/airflow/example_dags/example_branch_operator_decorator.py took 0.181 seconds
[2026-06-22T10:42:08.800+0300] {processor.py:161} INFO - Started process (PID=57545) to work on /media/data/omar/programming course/DEPI/DEPI project/anomx/venv/lib/python3.12/site-packages/airflow/example_dags/example_branch_operator_decorator.py
[2026-06-22T10:42:08.802+0300] {processor.py:830} INFO - Processing file /media/data/omar/programming course/DEPI/DEPI project/anomx/venv/lib/python3.12/site-packages/airflow/example_dags/example_branch_operator_decorator.py for tasks to queue
[2026-06-22T10:42:08.803+0300] {logging_mixin.py:188} INFO - [2026-06-22T10:42:08.802+0300] {dagbag.py:540} INFO - Filling up the DagBag from /media/data/omar/programming course/DEPI/DEPI project/anomx/venv/lib/python3.12/site-packages/airflow/example_dags/example_branch_operator_decorator.py
[2026-06-22T10:42:08.824+0300] {processor.py:840} INFO - DAG(s) 'example_branch_python_operator_decorator' retrieved from /media/data/omar/programming course/DEPI/DEPI project/anomx/venv/lib/python3.12/site-packages/airflow/example_dags/example_branch_operator_decorator.py
[2026-06-22T10:42:08.844+0300] {logging_mixin.py:188} INFO - [2026-06-22T10:42:08.844+0300] {dag.py:3096} INFO - Sync 1 DAGs
[2026-06-22T10:42:08.858+0300] {logging_mixin.py:188} INFO - [2026-06-22T10:42:08.858+0300] {dag.py:3954} INFO - Setting next_dagrun for example_branch_python_operator_decorator to 2026-06-21 00:00:00+00:00, run_after=2026-06-22 00:00:00+00:00
[2026-06-22T10:42:08.885+0300] {processor.py:183} INFO - Processing /media/data/omar/programming course/DEPI/DEPI project/anomx/venv/lib/python3.12/site-packages/airflow/example_dags/example_branch_operator_decorator.py took 0.094 seconds
[2026-06-22T10:43:23.457+0300] {processor.py:161} INFO - Started process (PID=57675) to work on /media/data/omar/programming course/DEPI/DEPI project/anomx/venv/lib/python3.12/site-packages/airflow/example_dags/example_branch_operator_decorator.py
[2026-06-22T10:43:23.458+0300] {processor.py:830} INFO - Processing file /media/data/omar/programming course/DEPI/DEPI project/anomx/venv/lib/python3.12/site-packages/airflow/example_dags/example_branch_operator_decorator.py for tasks to queue
[2026-06-22T10:43:23.460+0300] {logging_mixin.py:188} INFO - [2026-06-22T10:43:23.459+0300] {dagbag.py:540} INFO - Filling up the DagBag from /media/data/omar/programming course/DEPI/DEPI project/anomx/venv/lib/python3.12/site-packages/airflow/example_dags/example_branch_operator_decorator.py
[2026-06-22T10:43:23.481+0300] {processor.py:840} INFO - DAG(s) 'example_branch_python_operator_decorator' retrieved from /media/data/omar/programming course/DEPI/DEPI project/anomx/venv/lib/python3.12/site-packages/airflow/example_dags/example_branch_operator_decorator.py
[2026-06-22T10:43:23.501+0300] {logging_mixin.py:188} INFO - [2026-06-22T10:43:23.500+0300] {dag.py:3096} INFO - Sync 1 DAGs
[2026-06-22T10:43:23.520+0300] {logging_mixin.py:188} INFO - [2026-06-22T10:43:23.520+0300] {dag.py:3954} INFO - Setting next_dagrun for example_branch_python_operator_decorator to 2026-06-21 00:00:00+00:00, run_after=2026-06-22 00:00:00+00:00
[2026-06-22T10:43:23.549+0300] {processor.py:183} INFO - Processing /media/data/omar/programming course/DEPI/DEPI project/anomx/venv/lib/python3.12/site-packages/airflow/example_dags/example_branch_operator_decorator.py took 0.105 seconds
[2026-06-22T10:44:19.673+0300] {processor.py:161} INFO - Started process (PID=57757) to work on /media/data/omar/programming course/DEPI/DEPI project/anomx/venv/lib/python3.12/site-packages/airflow/example_dags/example_branch_operator_decorator.py
[2026-06-22T10:44:19.675+0300] {processor.py:830} INFO - Processing file /media/data/omar/programming course/DEPI/DEPI project/anomx/venv/lib/python3.12/site-packages/airflow/example_dags/example_branch_operator_decorator.py for tasks to queue
[2026-06-22T10:44:19.677+0300] {logging_mixin.py:188} INFO - [2026-06-22T10:44:19.676+0300] {dagbag.py:540} INFO - Filling up the DagBag from /media/data/omar/programming course/DEPI/DEPI project/anomx/venv/lib/python3.12/site-packages/airflow/example_dags/example_branch_operator_decorator.py
[2026-06-22T10:44:19.701+0300] {processor.py:840} INFO - DAG(s) 'example_branch_python_operator_decorator' retrieved from /media/data/omar/programming course/DEPI/DEPI project/anomx/venv/lib/python3.12/site-packages/airflow/example_dags/example_branch_operator_decorator.py
[2026-06-22T10:44:19.722+0300] {logging_mixin.py:188} INFO - [2026-06-22T10:44:19.722+0300] {dag.py:3096} INFO - Sync 1 DAGs
[2026-06-22T10:44:19.737+0300] {logging_mixin.py:188} INFO - [2026-06-22T10:44:19.737+0300] {dag.py:3954} INFO - Setting next_dagrun for example_branch_python_operator_decorator to 2026-06-21 00:00:00+00:00, run_after=2026-06-22 00:00:00+00:00
[2026-06-22T10:44:19.763+0300] {processor.py:183} INFO - Processing /media/data/omar/programming course/DEPI/DEPI project/anomx/venv/lib/python3.12/site-packages/airflow/example_dags/example_branch_operator_decorator.py took 0.106 seconds
[2026-06-22T10:45:39.337+0300] {processor.py:161} INFO - Started process (PID=57889) to work on /media/data/omar/programming course/DEPI/DEPI project/anomx/venv/lib/python3.12/site-packages/airflow/example_dags/example_branch_operator_decorator.py
[2026-06-22T10:45:39.339+0300] {processor.py:830} INFO - Processing file /media/data/omar/programming course/DEPI/DEPI project/anomx/venv/lib/python3.12/site-packages/airflow/example_dags/example_branch_operator_decorator.py for tasks to queue
[2026-06-22T10:45:39.341+0300] {logging_mixin.py:188} INFO - [2026-06-22T10:45:39.340+0300] {dagbag.py:540} INFO - Filling up the DagBag from /media/data/omar/programming course/DEPI/DEPI project/anomx/venv/lib/python3.12/site-packages/airflow/example_dags/example_branch_operator_decorator.py
[2026-06-22T10:45:39.369+0300] {processor.py:840} INFO - DAG(s) 'example_branch_python_operator_decorator' retrieved from /media/data/omar/programming course/DEPI/DEPI project/anomx/venv/lib/python3.12/site-packages/airflow/example_dags/example_branch_operator_decorator.py
[2026-06-22T10:45:39.390+0300] {logging_mixin.py:188} INFO - [2026-06-22T10:45:39.390+0300] {dag.py:3096} INFO - Sync 1 DAGs
[2026-06-22T10:45:39.403+0300] {logging_mixin.py:188} INFO - [2026-06-22T10:45:39.403+0300] {dag.py:3954} INFO - Setting next_dagrun for example_branch_python_operator_decorator to 2026-06-21 00:00:00+00:00, run_after=2026-06-22 00:00:00+00:00
[2026-06-22T10:45:39.429+0300] {processor.py:183} INFO - Processing /media/data/omar/programming course/DEPI/DEPI project/anomx/venv/lib/python3.12/site-packages/airflow/example_dags/example_branch_operator_decorator.py took 0.105 seconds
[2026-06-22T10:46:34.579+0300] {processor.py:161} INFO - Started process (PID=57976) to work on /media/data/omar/programming course/DEPI/DEPI project/anomx/venv/lib/python3.12/site-packages/airflow/example_dags/example_branch_operator_decorator.py
[2026-06-22T10:46:34.580+0300] {processor.py:830} INFO - Processing file /media/data/omar/programming course/DEPI/DEPI project/anomx/venv/lib/python3.12/site-packages/airflow/example_dags/example_branch_operator_decorator.py for tasks to queue
[2026-06-22T10:46:34.581+0300] {logging_mixin.py:188} INFO - [2026-06-22T10:46:34.581+0300] {dagbag.py:540} INFO - Filling up the DagBag from /media/data/omar/programming course/DEPI/DEPI project/anomx/venv/lib/python3.12/site-packages/airflow/example_dags/example_branch_operator_decorator.py
[2026-06-22T10:46:34.603+0300] {processor.py:840} INFO - DAG(s) 'example_branch_python_operator_decorator' retrieved from /media/data/omar/programming course/DEPI/DEPI project/anomx/venv/lib/python3.12/site-packages/airflow/example_dags/example_branch_operator_decorator.py
[2026-06-22T10:46:34.626+0300] {logging_mixin.py:188} INFO - [2026-06-22T10:46:34.625+0300] {dag.py:3096} INFO - Sync 1 DAGs
[2026-06-22T10:46:34.640+0300] {logging_mixin.py:188} INFO - [2026-06-22T10:46:34.640+0300] {dag.py:3954} INFO - Setting next_dagrun for example_branch_python_operator_decorator to 2026-06-21 00:00:00+00:00, run_after=2026-06-22 00:00:00+00:00
[2026-06-22T10:46:34.667+0300] {processor.py:183} INFO - Processing /media/data/omar/programming course/DEPI/DEPI project/anomx/venv/lib/python3.12/site-packages/airflow/example_dags/example_branch_operator_decorator.py took 0.099 seconds
[2026-06-22T10:47:53.653+0300] {processor.py:161} INFO - Started process (PID=58122) to work on /media/data/omar/programming course/DEPI/DEPI project/anomx/venv/lib/python3.12/site-packages/airflow/example_dags/example_branch_operator_decorator.py
[2026-06-22T10:47:53.654+0300] {processor.py:830} INFO - Processing file /media/data/omar/programming course/DEPI/DEPI project/anomx/venv/lib/python3.12/site-packages/airflow/example_dags/example_branch_operator_decorator.py for tasks to queue
[2026-06-22T10:47:53.655+0300] {logging_mixin.py:188} INFO - [2026-06-22T10:47:53.655+0300] {dagbag.py:540} INFO - Filling up the DagBag from /media/data/omar/programming course/DEPI/DEPI project/anomx/venv/lib/python3.12/site-packages/airflow/example_dags/example_branch_operator_decorator.py
[2026-06-22T10:47:53.676+0300] {processor.py:840} INFO - DAG(s) 'example_branch_python_operator_decorator' retrieved from /media/data/omar/programming course/DEPI/DEPI project/anomx/venv/lib/python3.12/site-packages/airflow/example_dags/example_branch_operator_decorator.py
[2026-06-22T10:47:53.697+0300] {logging_mixin.py:188} INFO - [2026-06-22T10:47:53.697+0300] {dag.py:3096} INFO - Sync 1 DAGs
[2026-06-22T10:47:53.711+0300] {logging_mixin.py:188} INFO - [2026-06-22T10:47:53.711+0300] {dag.py:3954} INFO - Setting next_dagrun for example_branch_python_operator_decorator to 2026-06-21 00:00:00+00:00, run_after=2026-06-22 00:00:00+00:00
[2026-06-22T10:47:53.737+0300] {processor.py:183} INFO - Processing /media/data/omar/programming course/DEPI/DEPI project/anomx/venv/lib/python3.12/site-packages/airflow/example_dags/example_branch_operator_decorator.py took 0.095 seconds
[2026-06-22T10:49:06.549+0300] {processor.py:161} INFO - Started process (PID=58240) to work on /media/data/omar/programming course/DEPI/DEPI project/anomx/venv/lib/python3.12/site-packages/airflow/example_dags/example_branch_operator_decorator.py
[2026-06-22T10:49:06.551+0300] {processor.py:830} INFO - Processing file /media/data/omar/programming course/DEPI/DEPI project/anomx/venv/lib/python3.12/site-packages/airflow/example_dags/example_branch_operator_decorator.py for tasks to queue
[2026-06-22T10:49:06.554+0300] {logging_mixin.py:188} INFO - [2026-06-22T10:49:06.553+0300] {dagbag.py:540} INFO - Filling up the DagBag from /media/data/omar/programming course/DEPI/DEPI project/anomx/venv/lib/python3.12/site-packages/airflow/example_dags/example_branch_operator_decorator.py
[2026-06-22T10:49:06.591+0300] {processor.py:840} INFO - DAG(s) 'example_branch_python_operator_decorator' retrieved from /media/data/omar/programming course/DEPI/DEPI project/anomx/venv/lib/python3.12/site-packages/airflow/example_dags/example_branch_operator_decorator.py
[2026-06-22T10:49:06.615+0300] {logging_mixin.py:188} INFO - [2026-06-22T10:49:06.614+0300] {dag.py:3096} INFO - Sync 1 DAGs
[2026-06-22T10:49:06.629+0300] {logging_mixin.py:188} INFO - [2026-06-22T10:49:06.629+0300] {dag.py:3954} INFO - Setting next_dagrun for example_branch_python_operator_decorator to 2026-06-21 00:00:00+00:00, run_after=2026-06-22 00:00:00+00:00
[2026-06-22T10:49:06.655+0300] {processor.py:183} INFO - Processing /media/data/omar/programming course/DEPI/DEPI project/anomx/venv/lib/python3.12/site-packages/airflow/example_dags/example_branch_operator_decorator.py took 0.119 seconds
[2026-06-22T10:50:27.880+0300] {processor.py:161} INFO - Started process (PID=58498) to work on /media/data/omar/programming course/DEPI/DEPI project/anomx/venv/lib/python3.12/site-packages/airflow/example_dags/example_branch_operator_decorator.py
[2026-06-22T10:50:27.881+0300] {processor.py:830} INFO - Processing file /media/data/omar/programming course/DEPI/DEPI project/anomx/venv/lib/python3.12/site-packages/airflow/example_dags/example_branch_operator_decorator.py for tasks to queue
[2026-06-22T10:50:27.885+0300] {logging_mixin.py:188} INFO - [2026-06-22T10:50:27.883+0300] {dagbag.py:540} INFO - Filling up the DagBag from /media/data/omar/programming course/DEPI/DEPI project/anomx/venv/lib/python3.12/site-packages/airflow/example_dags/example_branch_operator_decorator.py
[2026-06-22T10:50:27.929+0300] {processor.py:840} INFO - DAG(s) 'example_branch_python_operator_decorator' retrieved from /media/data/omar/programming course/DEPI/DEPI project/anomx/venv/lib/python3.12/site-packages/airflow/example_dags/example_branch_operator_decorator.py
[2026-06-22T10:50:27.961+0300] {logging_mixin.py:188} INFO - [2026-06-22T10:50:27.961+0300] {dag.py:3096} INFO - Sync 1 DAGs
[2026-06-22T10:50:27.987+0300] {logging_mixin.py:188} INFO - [2026-06-22T10:50:27.987+0300] {dag.py:3954} INFO - Setting next_dagrun for example_branch_python_operator_decorator to 2026-06-21 00:00:00+00:00, run_after=2026-06-22 00:00:00+00:00
[2026-06-22T10:50:28.041+0300] {processor.py:183} INFO - Processing /media/data/omar/programming course/DEPI/DEPI project/anomx/venv/lib/python3.12/site-packages/airflow/example_dags/example_branch_operator_decorator.py took 0.169 seconds
[2026-06-22T10:51:26.211+0300] {processor.py:161} INFO - Started process (PID=58601) to work on /media/data/omar/programming course/DEPI/DEPI project/anomx/venv/lib/python3.12/site-packages/airflow/example_dags/example_branch_operator_decorator.py
[2026-06-22T10:51:26.212+0300] {processor.py:830} INFO - Processing file /media/data/omar/programming course/DEPI/DEPI project/anomx/venv/lib/python3.12/site-packages/airflow/example_dags/example_branch_operator_decorator.py for tasks to queue
[2026-06-22T10:51:26.213+0300] {logging_mixin.py:188} INFO - [2026-06-22T10:51:26.213+0300] {dagbag.py:540} INFO - Filling up the DagBag from /media/data/omar/programming course/DEPI/DEPI project/anomx/venv/lib/python3.12/site-packages/airflow/example_dags/example_branch_operator_decorator.py
[2026-06-22T10:51:26.235+0300] {processor.py:840} INFO - DAG(s) 'example_branch_python_operator_decorator' retrieved from /media/data/omar/programming course/DEPI/DEPI project/anomx/venv/lib/python3.12/site-packages/airflow/example_dags/example_branch_operator_decorator.py
[2026-06-22T10:51:26.262+0300] {logging_mixin.py:188} INFO - [2026-06-22T10:51:26.261+0300] {dag.py:3096} INFO - Sync 1 DAGs
[2026-06-22T10:51:26.280+0300] {logging_mixin.py:188} INFO - [2026-06-22T10:51:26.280+0300] {dag.py:3954} INFO - Setting next_dagrun for example_branch_python_operator_decorator to 2026-06-21 00:00:00+00:00, run_after=2026-06-22 00:00:00+00:00
[2026-06-22T10:51:26.317+0300] {processor.py:183} INFO - Processing /media/data/omar/programming course/DEPI/DEPI project/anomx/venv/lib/python3.12/site-packages/airflow/example_dags/example_branch_operator_decorator.py took 0.112 seconds
[2026-06-22T10:52:24.238+0300] {processor.py:161} INFO - Started process (PID=58760) to work on /media/data/omar/programming course/DEPI/DEPI project/anomx/venv/lib/python3.12/site-packages/airflow/example_dags/example_branch_operator_decorator.py
[2026-06-22T10:52:24.239+0300] {processor.py:830} INFO - Processing file /media/data/omar/programming course/DEPI/DEPI project/anomx/venv/lib/python3.12/site-packages/airflow/example_dags/example_branch_operator_decorator.py for tasks to queue
[2026-06-22T10:52:24.240+0300] {logging_mixin.py:188} INFO - [2026-06-22T10:52:24.240+0300] {dagbag.py:540} INFO - Filling up the DagBag from /media/data/omar/programming course/DEPI/DEPI project/anomx/venv/lib/python3.12/site-packages/airflow/example_dags/example_branch_operator_decorator.py
[2026-06-22T10:52:24.261+0300] {processor.py:840} INFO - DAG(s) 'example_branch_python_operator_decorator' retrieved from /media/data/omar/programming course/DEPI/DEPI project/anomx/venv/lib/python3.12/site-packages/airflow/example_dags/example_branch_operator_decorator.py
[2026-06-22T10:52:24.284+0300] {logging_mixin.py:188} INFO - [2026-06-22T10:52:24.284+0300] {dag.py:3096} INFO - Sync 1 DAGs
[2026-06-22T10:52:24.300+0300] {logging_mixin.py:188} INFO - [2026-06-22T10:52:24.299+0300] {dag.py:3954} INFO - Setting next_dagrun for example_branch_python_operator_decorator to 2026-06-21 00:00:00+00:00, run_after=2026-06-22 00:00:00+00:00
[2026-06-22T10:52:24.330+0300] {processor.py:183} INFO - Processing /media/data/omar/programming course/DEPI/DEPI project/anomx/venv/lib/python3.12/site-packages/airflow/example_dags/example_branch_operator_decorator.py took 0.099 seconds
[2026-06-22T10:53:19.970+0300] {processor.py:161} INFO - Started process (PID=58900) to work on /media/data/omar/programming course/DEPI/DEPI project/anomx/venv/lib/python3.12/site-packages/airflow/example_dags/example_branch_operator_decorator.py
[2026-06-22T10:53:19.972+0300] {processor.py:830} INFO - Processing file /media/data/omar/programming course/DEPI/DEPI project/anomx/venv/lib/python3.12/site-packages/airflow/example_dags/example_branch_operator_decorator.py for tasks to queue
[2026-06-22T10:53:19.973+0300] {logging_mixin.py:188} INFO - [2026-06-22T10:53:19.973+0300] {dagbag.py:540} INFO - Filling up the DagBag from /media/data/omar/programming course/DEPI/DEPI project/anomx/venv/lib/python3.12/site-packages/airflow/example_dags/example_branch_operator_decorator.py
[2026-06-22T10:53:20.007+0300] {processor.py:840} INFO - DAG(s) 'example_branch_python_operator_decorator' retrieved from /media/data/omar/programming course/DEPI/DEPI project/anomx/venv/lib/python3.12/site-packages/airflow/example_dags/example_branch_operator_decorator.py
[2026-06-22T10:53:20.032+0300] {logging_mixin.py:188} INFO - [2026-06-22T10:53:20.032+0300] {dag.py:3096} INFO - Sync 1 DAGs
[2026-06-22T10:53:20.049+0300] {logging_mixin.py:188} INFO - [2026-06-22T10:53:20.049+0300] {dag.py:3954} INFO - Setting next_dagrun for example_branch_python_operator_decorator to 2026-06-21 00:00:00+00:00, run_after=2026-06-22 00:00:00+00:00
[2026-06-22T10:53:20.083+0300] {processor.py:183} INFO - Processing /media/data/omar/programming course/DEPI/DEPI project/anomx/venv/lib/python3.12/site-packages/airflow/example_dags/example_branch_operator_decorator.py took 0.125 seconds
[2026-06-22T10:54:17.426+0300] {processor.py:161} INFO - Started process (PID=59094) to work on /media/data/omar/programming course/DEPI/DEPI project/anomx/venv/lib/python3.12/site-packages/airflow/example_dags/example_branch_operator_decorator.py
[2026-06-22T10:54:17.427+0300] {processor.py:830} INFO - Processing file /media/data/omar/programming course/DEPI/DEPI project/anomx/venv/lib/python3.12/site-packages/airflow/example_dags/example_branch_operator_decorator.py for tasks to queue
[2026-06-22T10:54:17.428+0300] {logging_mixin.py:188} INFO - [2026-06-22T10:54:17.428+0300] {dagbag.py:540} INFO - Filling up the DagBag from /media/data/omar/programming course/DEPI/DEPI project/anomx/venv/lib/python3.12/site-packages/airflow/example_dags/example_branch_operator_decorator.py
[2026-06-22T10:54:17.448+0300] {processor.py:840} INFO - DAG(s) 'example_branch_python_operator_decorator' retrieved from /media/data/omar/programming course/DEPI/DEPI project/anomx/venv/lib/python3.12/site-packages/airflow/example_dags/example_branch_operator_decorator.py
[2026-06-22T10:54:17.471+0300] {logging_mixin.py:188} INFO - [2026-06-22T10:54:17.470+0300] {dag.py:3096} INFO - Sync 1 DAGs
[2026-06-22T10:54:17.486+0300] {logging_mixin.py:188} INFO - [2026-06-22T10:54:17.486+0300] {dag.py:3954} INFO - Setting next_dagrun for example_branch_python_operator_decorator to 2026-06-21 00:00:00+00:00, run_after=2026-06-22 00:00:00+00:00
[2026-06-22T10:54:17.513+0300] {processor.py:183} INFO - Processing /media/data/omar/programming course/DEPI/DEPI project/anomx/venv/lib/python3.12/site-packages/airflow/example_dags/example_branch_operator_decorator.py took 0.092 seconds
[2026-06-22T10:55:34.950+0300] {processor.py:161} INFO - Started process (PID=59354) to work on /media/data/omar/programming course/DEPI/DEPI project/anomx/venv/lib/python3.12/site-packages/airflow/example_dags/example_branch_operator_decorator.py
[2026-06-22T10:55:34.951+0300] {processor.py:830} INFO - Processing file /media/data/omar/programming course/DEPI/DEPI project/anomx/venv/lib/python3.12/site-packages/airflow/example_dags/example_branch_operator_decorator.py for tasks to queue
[2026-06-22T10:55:34.952+0300] {logging_mixin.py:188} INFO - [2026-06-22T10:55:34.951+0300] {dagbag.py:540} INFO - Filling up the DagBag from /media/data/omar/programming course/DEPI/DEPI project/anomx/venv/lib/python3.12/site-packages/airflow/example_dags/example_branch_operator_decorator.py
[2026-06-22T10:55:34.975+0300] {processor.py:840} INFO - DAG(s) 'example_branch_python_operator_decorator' retrieved from /media/data/omar/programming course/DEPI/DEPI project/anomx/venv/lib/python3.12/site-packages/airflow/example_dags/example_branch_operator_decorator.py
[2026-06-22T10:55:34.997+0300] {logging_mixin.py:188} INFO - [2026-06-22T10:55:34.997+0300] {dag.py:3096} INFO - Sync 1 DAGs
[2026-06-22T10:55:35.015+0300] {logging_mixin.py:188} INFO - [2026-06-22T10:55:35.014+0300] {dag.py:3954} INFO - Setting next_dagrun for example_branch_python_operator_decorator to 2026-06-21 00:00:00+00:00, run_after=2026-06-22 00:00:00+00:00
[2026-06-22T10:55:35.048+0300] {processor.py:183} INFO - Processing /media/data/omar/programming course/DEPI/DEPI project/anomx/venv/lib/python3.12/site-packages/airflow/example_dags/example_branch_operator_decorator.py took 0.104 seconds
[2026-06-22T10:56:31.337+0300] {processor.py:161} INFO - Started process (PID=59479) to work on /media/data/omar/programming course/DEPI/DEPI project/anomx/venv/lib/python3.12/site-packages/airflow/example_dags/example_branch_operator_decorator.py
[2026-06-22T10:56:31.338+0300] {processor.py:830} INFO - Processing file /media/data/omar/programming course/DEPI/DEPI project/anomx/venv/lib/python3.12/site-packages/airflow/example_dags/example_branch_operator_decorator.py for tasks to queue
[2026-06-22T10:56:31.339+0300] {logging_mixin.py:188} INFO - [2026-06-22T10:56:31.338+0300] {dagbag.py:540} INFO - Filling up the DagBag from /media/data/omar/programming course/DEPI/DEPI project/anomx/venv/lib/python3.12/site-packages/airflow/example_dags/example_branch_operator_decorator.py
[2026-06-22T10:56:31.368+0300] {processor.py:840} INFO - DAG(s) 'example_branch_python_operator_decorator' retrieved from /media/data/omar/programming course/DEPI/DEPI project/anomx/venv/lib/python3.12/site-packages/airflow/example_dags/example_branch_operator_decorator.py
[2026-06-22T10:56:31.406+0300] {logging_mixin.py:188} INFO - [2026-06-22T10:56:31.405+0300] {dag.py:3096} INFO - Sync 1 DAGs
[2026-06-22T10:56:31.423+0300] {logging_mixin.py:188} INFO - [2026-06-22T10:56:31.422+0300] {dag.py:3954} INFO - Setting next_dagrun for example_branch_python_operator_decorator to 2026-06-21 00:00:00+00:00, run_after=2026-06-22 00:00:00+00:00
[2026-06-22T10:56:31.467+0300] {processor.py:183} INFO - Processing /media/data/omar/programming course/DEPI/DEPI project/anomx/venv/lib/python3.12/site-packages/airflow/example_dags/example_branch_operator_decorator.py took 0.138 seconds
[2026-06-22T10:57:27.980+0300] {processor.py:161} INFO - Started process (PID=59594) to work on /media/data/omar/programming course/DEPI/DEPI project/anomx/venv/lib/python3.12/site-packages/airflow/example_dags/example_branch_operator_decorator.py
[2026-06-22T10:57:27.982+0300] {processor.py:830} INFO - Processing file /media/data/omar/programming course/DEPI/DEPI project/anomx/venv/lib/python3.12/site-packages/airflow/example_dags/example_branch_operator_decorator.py for tasks to queue
[2026-06-22T10:57:27.984+0300] {logging_mixin.py:188} INFO - [2026-06-22T10:57:27.983+0300] {dagbag.py:540} INFO - Filling up the DagBag from /media/data/omar/programming course/DEPI/DEPI project/anomx/venv/lib/python3.12/site-packages/airflow/example_dags/example_branch_operator_decorator.py
[2026-06-22T10:57:28.006+0300] {processor.py:840} INFO - DAG(s) 'example_branch_python_operator_decorator' retrieved from /media/data/omar/programming course/DEPI/DEPI project/anomx/venv/lib/python3.12/site-packages/airflow/example_dags/example_branch_operator_decorator.py
[2026-06-22T10:57:28.027+0300] {logging_mixin.py:188} INFO - [2026-06-22T10:57:28.027+0300] {dag.py:3096} INFO - Sync 1 DAGs
[2026-06-22T10:57:28.042+0300] {logging_mixin.py:188} INFO - [2026-06-22T10:57:28.042+0300] {dag.py:3954} INFO - Setting next_dagrun for example_branch_python_operator_decorator to 2026-06-21 00:00:00+00:00, run_after=2026-06-22 00:00:00+00:00
[2026-06-22T10:57:28.070+0300] {processor.py:183} INFO - Processing /media/data/omar/programming course/DEPI/DEPI project/anomx/venv/lib/python3.12/site-packages/airflow/example_dags/example_branch_operator_decorator.py took 0.102 seconds
[2026-06-22T10:58:27.525+0300] {processor.py:161} INFO - Started process (PID=59711) to work on /media/data/omar/programming course/DEPI/DEPI project/anomx/venv/lib/python3.12/site-packages/airflow/example_dags/example_branch_operator_decorator.py
[2026-06-22T10:58:27.529+0300] {processor.py:830} INFO - Processing file /media/data/omar/programming course/DEPI/DEPI project/anomx/venv/lib/python3.12/site-packages/airflow/example_dags/example_branch_operator_decorator.py for tasks to queue
[2026-06-22T10:58:27.534+0300] {logging_mixin.py:188} INFO - [2026-06-22T10:58:27.532+0300] {dagbag.py:540} INFO - Filling up the DagBag from /media/data/omar/programming course/DEPI/DEPI project/anomx/venv/lib/python3.12/site-packages/airflow/example_dags/example_branch_operator_decorator.py
[2026-06-22T10:58:27.588+0300] {processor.py:840} INFO - DAG(s) 'example_branch_python_operator_decorator' retrieved from /media/data/omar/programming course/DEPI/DEPI project/anomx/venv/lib/python3.12/site-packages/airflow/example_dags/example_branch_operator_decorator.py
[2026-06-22T10:58:27.615+0300] {logging_mixin.py:188} INFO - [2026-06-22T10:58:27.615+0300] {dag.py:3096} INFO - Sync 1 DAGs
[2026-06-22T10:58:27.634+0300] {logging_mixin.py:188} INFO - [2026-06-22T10:58:27.633+0300] {dag.py:3954} INFO - Setting next_dagrun for example_branch_python_operator_decorator to 2026-06-21 00:00:00+00:00, run_after=2026-06-22 00:00:00+00:00
[2026-06-22T10:58:27.668+0300] {processor.py:183} INFO - Processing /media/data/omar/programming course/DEPI/DEPI project/anomx/venv/lib/python3.12/site-packages/airflow/example_dags/example_branch_operator_decorator.py took 0.163 seconds
[2026-06-22T10:59:22.802+0300] {processor.py:161} INFO - Started process (PID=59801) to work on /media/data/omar/programming course/DEPI/DEPI project/anomx/venv/lib/python3.12/site-packages/airflow/example_dags/example_branch_operator_decorator.py
[2026-06-22T10:59:22.803+0300] {processor.py:830} INFO - Processing file /media/data/omar/programming course/DEPI/DEPI project/anomx/venv/lib/python3.12/site-packages/airflow/example_dags/example_branch_operator_decorator.py for tasks to queue
[2026-06-22T10:59:22.804+0300] {logging_mixin.py:188} INFO - [2026-06-22T10:59:22.803+0300] {dagbag.py:540} INFO - Filling up the DagBag from /media/data/omar/programming course/DEPI/DEPI project/anomx/venv/lib/python3.12/site-packages/airflow/example_dags/example_branch_operator_decorator.py
[2026-06-22T10:59:22.825+0300] {processor.py:840} INFO - DAG(s) 'example_branch_python_operator_decorator' retrieved from /media/data/omar/programming course/DEPI/DEPI project/anomx/venv/lib/python3.12/site-packages/airflow/example_dags/example_branch_operator_decorator.py
[2026-06-22T10:59:22.850+0300] {logging_mixin.py:188} INFO - [2026-06-22T10:59:22.849+0300] {dag.py:3096} INFO - Sync 1 DAGs
[2026-06-22T10:59:22.866+0300] {logging_mixin.py:188} INFO - [2026-06-22T10:59:22.865+0300] {dag.py:3954} INFO - Setting next_dagrun for example_branch_python_operator_decorator to 2026-06-21 00:00:00+00:00, run_after=2026-06-22 00:00:00+00:00
[2026-06-22T10:59:22.904+0300] {processor.py:183} INFO - Processing /media/data/omar/programming course/DEPI/DEPI project/anomx/venv/lib/python3.12/site-packages/airflow/example_dags/example_branch_operator_decorator.py took 0.108 seconds
[2026-06-22T11:00:18.674+0300] {processor.py:161} INFO - Started process (PID=59902) to work on /media/data/omar/programming course/DEPI/DEPI project/anomx/venv/lib/python3.12/site-packages/airflow/example_dags/example_branch_operator_decorator.py
[2026-06-22T11:00:18.675+0300] {processor.py:830} INFO - Processing file /media/data/omar/programming course/DEPI/DEPI project/anomx/venv/lib/python3.12/site-packages/airflow/example_dags/example_branch_operator_decorator.py for tasks to queue
[2026-06-22T11:00:18.677+0300] {logging_mixin.py:188} INFO - [2026-06-22T11:00:18.676+0300] {dagbag.py:540} INFO - Filling up the DagBag from /media/data/omar/programming course/DEPI/DEPI project/anomx/venv/lib/python3.12/site-packages/airflow/example_dags/example_branch_operator_decorator.py
[2026-06-22T11:00:18.704+0300] {processor.py:840} INFO - DAG(s) 'example_branch_python_operator_decorator' retrieved from /media/data/omar/programming course/DEPI/DEPI project/anomx/venv/lib/python3.12/site-packages/airflow/example_dags/example_branch_operator_decorator.py
[2026-06-22T11:00:18.734+0300] {logging_mixin.py:188} INFO - [2026-06-22T11:00:18.733+0300] {dag.py:3096} INFO - Sync 1 DAGs
[2026-06-22T11:00:18.752+0300] {logging_mixin.py:188} INFO - [2026-06-22T11:00:18.751+0300] {dag.py:3954} INFO - Setting next_dagrun for example_branch_python_operator_decorator to 2026-06-21 00:00:00+00:00, run_after=2026-06-22 00:00:00+00:00
[2026-06-22T11:00:18.784+0300] {processor.py:183} INFO - Processing /media/data/omar/programming course/DEPI/DEPI project/anomx/venv/lib/python3.12/site-packages/airflow/example_dags/example_branch_operator_decorator.py took 0.118 seconds
[2026-06-22T11:01:41.900+0300] {processor.py:161} INFO - Started process (PID=60032) to work on /media/data/omar/programming course/DEPI/DEPI project/anomx/venv/lib/python3.12/site-packages/airflow/example_dags/example_branch_operator_decorator.py
[2026-06-22T11:01:41.901+0300] {processor.py:830} INFO - Processing file /media/data/omar/programming course/DEPI/DEPI project/anomx/venv/lib/python3.12/site-packages/airflow/example_dags/example_branch_operator_decorator.py for tasks to queue
[2026-06-22T11:01:41.902+0300] {logging_mixin.py:188} INFO - [2026-06-22T11:01:41.902+0300] {dagbag.py:540} INFO - Filling up the DagBag from /media/data/omar/programming course/DEPI/DEPI project/anomx/venv/lib/python3.12/site-packages/airflow/example_dags/example_branch_operator_decorator.py
[2026-06-22T11:01:41.924+0300] {processor.py:840} INFO - DAG(s) 'example_branch_python_operator_decorator' retrieved from /media/data/omar/programming course/DEPI/DEPI project/anomx/venv/lib/python3.12/site-packages/airflow/example_dags/example_branch_operator_decorator.py
[2026-06-22T11:01:41.947+0300] {logging_mixin.py:188} INFO - [2026-06-22T11:01:41.947+0300] {dag.py:3096} INFO - Sync 1 DAGs
[2026-06-22T11:01:41.963+0300] {logging_mixin.py:188} INFO - [2026-06-22T11:01:41.963+0300] {dag.py:3954} INFO - Setting next_dagrun for example_branch_python_operator_decorator to 2026-06-21 00:00:00+00:00, run_after=2026-06-22 00:00:00+00:00
[2026-06-22T11:01:41.993+0300] {processor.py:183} INFO - Processing /media/data/omar/programming course/DEPI/DEPI project/anomx/venv/lib/python3.12/site-packages/airflow/example_dags/example_branch_operator_decorator.py took 0.105 seconds
[2026-06-22T11:02:39.365+0300] {processor.py:161} INFO - Started process (PID=60141) to work on /media/data/omar/programming course/DEPI/DEPI project/anomx/venv/lib/python3.12/site-packages/airflow/example_dags/example_branch_operator_decorator.py
[2026-06-22T11:02:39.368+0300] {processor.py:830} INFO - Processing file /media/data/omar/programming course/DEPI/DEPI project/anomx/venv/lib/python3.12/site-packages/airflow/example_dags/example_branch_operator_decorator.py for tasks to queue
[2026-06-22T11:02:39.369+0300] {logging_mixin.py:188} INFO - [2026-06-22T11:02:39.369+0300] {dagbag.py:540} INFO - Filling up the DagBag from /media/data/omar/programming course/DEPI/DEPI project/anomx/venv/lib/python3.12/site-packages/airflow/example_dags/example_branch_operator_decorator.py
[2026-06-22T11:02:39.415+0300] {processor.py:840} INFO - DAG(s) 'example_branch_python_operator_decorator' retrieved from /media/data/omar/programming course/DEPI/DEPI project/anomx/venv/lib/python3.12/site-packages/airflow/example_dags/example_branch_operator_decorator.py
[2026-06-22T11:02:39.449+0300] {logging_mixin.py:188} INFO - [2026-06-22T11:02:39.449+0300] {dag.py:3096} INFO - Sync 1 DAGs
[2026-06-22T11:02:39.470+0300] {logging_mixin.py:188} INFO - [2026-06-22T11:02:39.470+0300] {dag.py:3954} INFO - Setting next_dagrun for example_branch_python_operator_decorator to 2026-06-21 00:00:00+00:00, run_after=2026-06-22 00:00:00+00:00
[2026-06-22T11:02:39.554+0300] {processor.py:183} INFO - Processing /media/data/omar/programming course/DEPI/DEPI project/anomx/venv/lib/python3.12/site-packages/airflow/example_dags/example_branch_operator_decorator.py took 0.201 seconds
