[2026-06-22T08:15:04.914+0300] {processor.py:161} INFO - Started process (PID=42068) to work on /media/data/omar/programming course/DEPI/DEPI project/anomx/venv/lib/python3.12/site-packages/airflow/example_dags/example_subdag_operator.py
[2026-06-22T08:15:04.915+0300] {processor.py:830} INFO - Processing file /media/data/omar/programming course/DEPI/DEPI project/anomx/venv/lib/python3.12/site-packages/airflow/example_dags/example_subdag_operator.py for tasks to queue
[2026-06-22T08:15:04.916+0300] {logging_mixin.py:188} INFO - [2026-06-22T08:15:04.916+0300] {dagbag.py:540} INFO - Filling up the DagBag from /media/data/omar/programming course/DEPI/DEPI project/anomx/venv/lib/python3.12/site-packages/airflow/example_dags/example_subdag_operator.py
[2026-06-22T08:15:04.938+0300] {processor.py:840} INFO - DAG(s) 'example_subdag_operator.section-1', 'example_subdag_operator.section-2', 'example_subdag_operator' retrieved from /media/data/omar/programming course/DEPI/DEPI project/anomx/venv/lib/python3.12/site-packages/airflow/example_dags/example_subdag_operator.py
[2026-06-22T08:15:04.954+0300] {logging_mixin.py:188} INFO - [2026-06-22T08:15:04.954+0300] {dag.py:3096} INFO - Sync 3 DAGs
[2026-06-22T08:15:05.046+0300] {logging_mixin.py:188} INFO - [2026-06-22T08:15:05.046+0300] {dag.py:3954} INFO - Setting next_dagrun for example_subdag_operator to 2022-01-01 00:00:00+00:00, run_after=2022-01-01 00:00:00+00:00
[2026-06-22T08:15:05.048+0300] {logging_mixin.py:188} INFO - [2026-06-22T08:15:05.048+0300] {dag.py:3954} INFO - Setting next_dagrun for example_subdag_operator.section-1 to None, run_after=None
[2026-06-22T08:15:05.050+0300] {logging_mixin.py:188} INFO - [2026-06-22T08:15:05.049+0300] {dag.py:3954} INFO - Setting next_dagrun for example_subdag_operator.section-2 to None, run_after=None
[2026-06-22T08:15:05.054+0300] {logging_mixin.py:188} INFO - [2026-06-22T08:15:05.054+0300] {dag.py:3096} INFO - Sync 2 DAGs
[2026-06-22T08:15:05.057+0300] {logging_mixin.py:188} INFO - [2026-06-22T08:15:05.056+0300] {dag.py:3954} INFO - Setting next_dagrun for example_subdag_operator.section-1 to None, run_after=None
[2026-06-22T08:15:05.057+0300] {logging_mixin.py:188} INFO - [2026-06-22T08:15:05.057+0300] {dag.py:3954} INFO - Setting next_dagrun for example_subdag_operator.section-2 to None, run_after=None
[2026-06-22T08:15:05.077+0300] {processor.py:183} INFO - Processing /media/data/omar/programming course/DEPI/DEPI project/anomx/venv/lib/python3.12/site-packages/airflow/example_dags/example_subdag_operator.py took 0.168 seconds
[2026-06-22T08:16:00.219+0300] {processor.py:161} INFO - Started process (PID=42148) to work on /media/data/omar/programming course/DEPI/DEPI project/anomx/venv/lib/python3.12/site-packages/airflow/example_dags/example_subdag_operator.py
[2026-06-22T08:16:00.220+0300] {processor.py:830} INFO - Processing file /media/data/omar/programming course/DEPI/DEPI project/anomx/venv/lib/python3.12/site-packages/airflow/example_dags/example_subdag_operator.py for tasks to queue
[2026-06-22T08:16:00.222+0300] {logging_mixin.py:188} INFO - [2026-06-22T08:16:00.221+0300] {dagbag.py:540} INFO - Filling up the DagBag from /media/data/omar/programming course/DEPI/DEPI project/anomx/venv/lib/python3.12/site-packages/airflow/example_dags/example_subdag_operator.py
[2026-06-22T08:16:00.248+0300] {processor.py:840} INFO - DAG(s) 'example_subdag_operator.section-1', 'example_subdag_operator.section-2', 'example_subdag_operator' retrieved from /media/data/omar/programming course/DEPI/DEPI project/anomx/venv/lib/python3.12/site-packages/airflow/example_dags/example_subdag_operator.py
[2026-06-22T08:16:00.268+0300] {logging_mixin.py:188} INFO - [2026-06-22T08:16:00.267+0300] {dag.py:3096} INFO - Sync 3 DAGs
[2026-06-22T08:16:00.290+0300] {logging_mixin.py:188} INFO - [2026-06-22T08:16:00.289+0300] {dag.py:3954} INFO - Setting next_dagrun for example_subdag_operator to 2022-01-01 00:00:00+00:00, run_after=2022-01-01 00:00:00+00:00
[2026-06-22T08:16:00.294+0300] {logging_mixin.py:188} INFO - [2026-06-22T08:16:00.293+0300] {dag.py:3954} INFO - Setting next_dagrun for example_subdag_operator.section-1 to None, run_after=None
[2026-06-22T08:16:00.296+0300] {logging_mixin.py:188} INFO - [2026-06-22T08:16:00.295+0300] {dag.py:3954} INFO - Setting next_dagrun for example_subdag_operator.section-2 to None, run_after=None
[2026-06-22T08:16:00.303+0300] {logging_mixin.py:188} INFO - [2026-06-22T08:16:00.302+0300] {dag.py:3096} INFO - Sync 2 DAGs
[2026-06-22T08:16:00.307+0300] {logging_mixin.py:188} INFO - [2026-06-22T08:16:00.307+0300] {dag.py:3954} INFO - Setting next_dagrun for example_subdag_operator.section-1 to None, run_after=None
[2026-06-22T08:16:00.308+0300] {logging_mixin.py:188} INFO - [2026-06-22T08:16:00.308+0300] {dag.py:3954} INFO - Setting next_dagrun for example_subdag_operator.section-2 to None, run_after=None
[2026-06-22T08:16:00.333+0300] {processor.py:183} INFO - Processing /media/data/omar/programming course/DEPI/DEPI project/anomx/venv/lib/python3.12/site-packages/airflow/example_dags/example_subdag_operator.py took 0.121 seconds
[2026-06-22T08:16:54.738+0300] {processor.py:161} INFO - Started process (PID=42236) to work on /media/data/omar/programming course/DEPI/DEPI project/anomx/venv/lib/python3.12/site-packages/airflow/example_dags/example_subdag_operator.py
[2026-06-22T08:16:54.739+0300] {processor.py:830} INFO - Processing file /media/data/omar/programming course/DEPI/DEPI project/anomx/venv/lib/python3.12/site-packages/airflow/example_dags/example_subdag_operator.py for tasks to queue
[2026-06-22T08:16:54.741+0300] {logging_mixin.py:188} INFO - [2026-06-22T08:16:54.739+0300] {dagbag.py:540} INFO - Filling up the DagBag from /media/data/omar/programming course/DEPI/DEPI project/anomx/venv/lib/python3.12/site-packages/airflow/example_dags/example_subdag_operator.py
[2026-06-22T08:16:54.780+0300] {processor.py:840} INFO - DAG(s) 'example_subdag_operator.section-1', 'example_subdag_operator.section-2', 'example_subdag_operator' retrieved from /media/data/omar/programming course/DEPI/DEPI project/anomx/venv/lib/python3.12/site-packages/airflow/example_dags/example_subdag_operator.py
[2026-06-22T08:16:54.797+0300] {logging_mixin.py:188} INFO - [2026-06-22T08:16:54.796+0300] {dag.py:3096} INFO - Sync 3 DAGs
[2026-06-22T08:16:54.822+0300] {logging_mixin.py:188} INFO - [2026-06-22T08:16:54.822+0300] {dag.py:3954} INFO - Setting next_dagrun for example_subdag_operator to 2022-01-01 00:00:00+00:00, run_after=2022-01-01 00:00:00+00:00
[2026-06-22T08:16:54.826+0300] {logging_mixin.py:188} INFO - [2026-06-22T08:16:54.826+0300] {dag.py:3954} INFO - Setting next_dagrun for example_subdag_operator.section-1 to None, run_after=None
[2026-06-22T08:16:54.828+0300] {logging_mixin.py:188} INFO - [2026-06-22T08:16:54.827+0300] {dag.py:3954} INFO - Setting next_dagrun for example_subdag_operator.section-2 to None, run_after=None
[2026-06-22T08:16:54.833+0300] {logging_mixin.py:188} INFO - [2026-06-22T08:16:54.833+0300] {dag.py:3096} INFO - Sync 2 DAGs
[2026-06-22T08:16:54.837+0300] {logging_mixin.py:188} INFO - [2026-06-22T08:16:54.837+0300] {dag.py:3954} INFO - Setting next_dagrun for example_subdag_operator.section-1 to None, run_after=None
[2026-06-22T08:16:54.838+0300] {logging_mixin.py:188} INFO - [2026-06-22T08:16:54.838+0300] {dag.py:3954} INFO - Setting next_dagrun for example_subdag_operator.section-2 to None, run_after=None
[2026-06-22T08:16:54.870+0300] {processor.py:183} INFO - Processing /media/data/omar/programming course/DEPI/DEPI project/anomx/venv/lib/python3.12/site-packages/airflow/example_dags/example_subdag_operator.py took 0.139 seconds
[2026-06-22T08:17:51.665+0300] {processor.py:161} INFO - Started process (PID=42330) to work on /media/data/omar/programming course/DEPI/DEPI project/anomx/venv/lib/python3.12/site-packages/airflow/example_dags/example_subdag_operator.py
[2026-06-22T08:17:51.666+0300] {processor.py:830} INFO - Processing file /media/data/omar/programming course/DEPI/DEPI project/anomx/venv/lib/python3.12/site-packages/airflow/example_dags/example_subdag_operator.py for tasks to queue
[2026-06-22T08:17:51.667+0300] {logging_mixin.py:188} INFO - [2026-06-22T08:17:51.667+0300] {dagbag.py:540} INFO - Filling up the DagBag from /media/data/omar/programming course/DEPI/DEPI project/anomx/venv/lib/python3.12/site-packages/airflow/example_dags/example_subdag_operator.py
[2026-06-22T08:17:51.686+0300] {processor.py:840} INFO - DAG(s) 'example_subdag_operator.section-1', 'example_subdag_operator.section-2', 'example_subdag_operator' retrieved from /media/data/omar/programming course/DEPI/DEPI project/anomx/venv/lib/python3.12/site-packages/airflow/example_dags/example_subdag_operator.py
[2026-06-22T08:17:51.698+0300] {logging_mixin.py:188} INFO - [2026-06-22T08:17:51.698+0300] {dag.py:3096} INFO - Sync 3 DAGs
[2026-06-22T08:17:51.710+0300] {logging_mixin.py:188} INFO - [2026-06-22T08:17:51.710+0300] {dag.py:3954} INFO - Setting next_dagrun for example_subdag_operator to 2022-01-01 00:00:00+00:00, run_after=2022-01-01 00:00:00+00:00
[2026-06-22T08:17:51.712+0300] {logging_mixin.py:188} INFO - [2026-06-22T08:17:51.712+0300] {dag.py:3954} INFO - Setting next_dagrun for example_subdag_operator.section-1 to None, run_after=None
[2026-06-22T08:17:51.714+0300] {logging_mixin.py:188} INFO - [2026-06-22T08:17:51.713+0300] {dag.py:3954} INFO - Setting next_dagrun for example_subdag_operator.section-2 to None, run_after=None
[2026-06-22T08:17:51.718+0300] {logging_mixin.py:188} INFO - [2026-06-22T08:17:51.718+0300] {dag.py:3096} INFO - Sync 2 DAGs
[2026-06-22T08:17:51.721+0300] {logging_mixin.py:188} INFO - [2026-06-22T08:17:51.721+0300] {dag.py:3954} INFO - Setting next_dagrun for example_subdag_operator.section-1 to None, run_after=None
[2026-06-22T08:17:51.721+0300] {logging_mixin.py:188} INFO - [2026-06-22T08:17:51.721+0300] {dag.py:3954} INFO - Setting next_dagrun for example_subdag_operator.section-2 to None, run_after=None
[2026-06-22T08:17:51.742+0300] {processor.py:183} INFO - Processing /media/data/omar/programming course/DEPI/DEPI project/anomx/venv/lib/python3.12/site-packages/airflow/example_dags/example_subdag_operator.py took 0.081 seconds
[2026-06-22T08:18:45.428+0300] {processor.py:161} INFO - Started process (PID=42424) to work on /media/data/omar/programming course/DEPI/DEPI project/anomx/venv/lib/python3.12/site-packages/airflow/example_dags/example_subdag_operator.py
[2026-06-22T08:18:45.428+0300] {processor.py:830} INFO - Processing file /media/data/omar/programming course/DEPI/DEPI project/anomx/venv/lib/python3.12/site-packages/airflow/example_dags/example_subdag_operator.py for tasks to queue
[2026-06-22T08:18:45.429+0300] {logging_mixin.py:188} INFO - [2026-06-22T08:18:45.429+0300] {dagbag.py:540} INFO - Filling up the DagBag from /media/data/omar/programming course/DEPI/DEPI project/anomx/venv/lib/python3.12/site-packages/airflow/example_dags/example_subdag_operator.py
[2026-06-22T08:18:45.448+0300] {processor.py:840} INFO - DAG(s) 'example_subdag_operator.section-1', 'example_subdag_operator.section-2', 'example_subdag_operator' retrieved from /media/data/omar/programming course/DEPI/DEPI project/anomx/venv/lib/python3.12/site-packages/airflow/example_dags/example_subdag_operator.py
[2026-06-22T08:18:45.460+0300] {logging_mixin.py:188} INFO - [2026-06-22T08:18:45.460+0300] {dag.py:3096} INFO - Sync 3 DAGs
[2026-06-22T08:18:45.472+0300] {logging_mixin.py:188} INFO - [2026-06-22T08:18:45.472+0300] {dag.py:3954} INFO - Setting next_dagrun for example_subdag_operator to 2022-01-01 00:00:00+00:00, run_after=2022-01-01 00:00:00+00:00
[2026-06-22T08:18:45.475+0300] {logging_mixin.py:188} INFO - [2026-06-22T08:18:45.474+0300] {dag.py:3954} INFO - Setting next_dagrun for example_subdag_operator.section-1 to None, run_after=None
[2026-06-22T08:18:45.476+0300] {logging_mixin.py:188} INFO - [2026-06-22T08:18:45.475+0300] {dag.py:3954} INFO - Setting next_dagrun for example_subdag_operator.section-2 to None, run_after=None
[2026-06-22T08:18:45.481+0300] {logging_mixin.py:188} INFO - [2026-06-22T08:18:45.480+0300] {dag.py:3096} INFO - Sync 2 DAGs
[2026-06-22T08:18:45.484+0300] {logging_mixin.py:188} INFO - [2026-06-22T08:18:45.483+0300] {dag.py:3954} INFO - Setting next_dagrun for example_subdag_operator.section-1 to None, run_after=None
[2026-06-22T08:18:45.484+0300] {logging_mixin.py:188} INFO - [2026-06-22T08:18:45.484+0300] {dag.py:3954} INFO - Setting next_dagrun for example_subdag_operator.section-2 to None, run_after=None
[2026-06-22T08:18:45.505+0300] {processor.py:183} INFO - Processing /media/data/omar/programming course/DEPI/DEPI project/anomx/venv/lib/python3.12/site-packages/airflow/example_dags/example_subdag_operator.py took 0.082 seconds
[2026-06-22T08:19:41.738+0300] {processor.py:161} INFO - Started process (PID=42507) to work on /media/data/omar/programming course/DEPI/DEPI project/anomx/venv/lib/python3.12/site-packages/airflow/example_dags/example_subdag_operator.py
[2026-06-22T08:19:41.739+0300] {processor.py:830} INFO - Processing file /media/data/omar/programming course/DEPI/DEPI project/anomx/venv/lib/python3.12/site-packages/airflow/example_dags/example_subdag_operator.py for tasks to queue
[2026-06-22T08:19:41.741+0300] {logging_mixin.py:188} INFO - [2026-06-22T08:19:41.740+0300] {dagbag.py:540} INFO - Filling up the DagBag from /media/data/omar/programming course/DEPI/DEPI project/anomx/venv/lib/python3.12/site-packages/airflow/example_dags/example_subdag_operator.py
[2026-06-22T08:19:41.768+0300] {processor.py:840} INFO - DAG(s) 'example_subdag_operator.section-1', 'example_subdag_operator.section-2', 'example_subdag_operator' retrieved from /media/data/omar/programming course/DEPI/DEPI project/anomx/venv/lib/python3.12/site-packages/airflow/example_dags/example_subdag_operator.py
[2026-06-22T08:19:41.780+0300] {logging_mixin.py:188} INFO - [2026-06-22T08:19:41.780+0300] {dag.py:3096} INFO - Sync 3 DAGs
[2026-06-22T08:19:41.792+0300] {logging_mixin.py:188} INFO - [2026-06-22T08:19:41.792+0300] {dag.py:3954} INFO - Setting next_dagrun for example_subdag_operator to 2022-01-01 00:00:00+00:00, run_after=2022-01-01 00:00:00+00:00
[2026-06-22T08:19:41.794+0300] {logging_mixin.py:188} INFO - [2026-06-22T08:19:41.794+0300] {dag.py:3954} INFO - Setting next_dagrun for example_subdag_operator.section-1 to None, run_after=None
[2026-06-22T08:19:41.795+0300] {logging_mixin.py:188} INFO - [2026-06-22T08:19:41.795+0300] {dag.py:3954} INFO - Setting next_dagrun for example_subdag_operator.section-2 to None, run_after=None
[2026-06-22T08:19:41.800+0300] {logging_mixin.py:188} INFO - [2026-06-22T08:19:41.800+0300] {dag.py:3096} INFO - Sync 2 DAGs
[2026-06-22T08:19:41.803+0300] {logging_mixin.py:188} INFO - [2026-06-22T08:19:41.803+0300] {dag.py:3954} INFO - Setting next_dagrun for example_subdag_operator.section-1 to None, run_after=None
[2026-06-22T08:19:41.803+0300] {logging_mixin.py:188} INFO - [2026-06-22T08:19:41.803+0300] {dag.py:3954} INFO - Setting next_dagrun for example_subdag_operator.section-2 to None, run_after=None
[2026-06-22T08:19:41.824+0300] {processor.py:183} INFO - Processing /media/data/omar/programming course/DEPI/DEPI project/anomx/venv/lib/python3.12/site-packages/airflow/example_dags/example_subdag_operator.py took 0.095 seconds
[2026-06-22T08:20:38.638+0300] {processor.py:161} INFO - Started process (PID=42622) to work on /media/data/omar/programming course/DEPI/DEPI project/anomx/venv/lib/python3.12/site-packages/airflow/example_dags/example_subdag_operator.py
[2026-06-22T08:20:38.641+0300] {processor.py:830} INFO - Processing file /media/data/omar/programming course/DEPI/DEPI project/anomx/venv/lib/python3.12/site-packages/airflow/example_dags/example_subdag_operator.py for tasks to queue
[2026-06-22T08:20:38.644+0300] {logging_mixin.py:188} INFO - [2026-06-22T08:20:38.643+0300] {dagbag.py:540} INFO - Filling up the DagBag from /media/data/omar/programming course/DEPI/DEPI project/anomx/venv/lib/python3.12/site-packages/airflow/example_dags/example_subdag_operator.py
[2026-06-22T08:20:38.673+0300] {processor.py:840} INFO - DAG(s) 'example_subdag_operator.section-1', 'example_subdag_operator.section-2', 'example_subdag_operator' retrieved from /media/data/omar/programming course/DEPI/DEPI project/anomx/venv/lib/python3.12/site-packages/airflow/example_dags/example_subdag_operator.py
[2026-06-22T08:20:38.686+0300] {logging_mixin.py:188} INFO - [2026-06-22T08:20:38.686+0300] {dag.py:3096} INFO - Sync 3 DAGs
[2026-06-22T08:20:38.699+0300] {logging_mixin.py:188} INFO - [2026-06-22T08:20:38.699+0300] {dag.py:3954} INFO - Setting next_dagrun for example_subdag_operator to 2022-01-01 00:00:00+00:00, run_after=2022-01-01 00:00:00+00:00
[2026-06-22T08:20:38.701+0300] {logging_mixin.py:188} INFO - [2026-06-22T08:20:38.701+0300] {dag.py:3954} INFO - Setting next_dagrun for example_subdag_operator.section-1 to None, run_after=None
[2026-06-22T08:20:38.702+0300] {logging_mixin.py:188} INFO - [2026-06-22T08:20:38.702+0300] {dag.py:3954} INFO - Setting next_dagrun for example_subdag_operator.section-2 to None, run_after=None
[2026-06-22T08:20:38.707+0300] {logging_mixin.py:188} INFO - [2026-06-22T08:20:38.707+0300] {dag.py:3096} INFO - Sync 2 DAGs
[2026-06-22T08:20:38.710+0300] {logging_mixin.py:188} INFO - [2026-06-22T08:20:38.709+0300] {dag.py:3954} INFO - Setting next_dagrun for example_subdag_operator.section-1 to None, run_after=None
[2026-06-22T08:20:38.710+0300] {logging_mixin.py:188} INFO - [2026-06-22T08:20:38.710+0300] {dag.py:3954} INFO - Setting next_dagrun for example_subdag_operator.section-2 to None, run_after=None
[2026-06-22T08:20:38.730+0300] {processor.py:183} INFO - Processing /media/data/omar/programming course/DEPI/DEPI project/anomx/venv/lib/python3.12/site-packages/airflow/example_dags/example_subdag_operator.py took 0.111 seconds
[2026-06-22T08:21:32.591+0300] {processor.py:161} INFO - Started process (PID=42716) to work on /media/data/omar/programming course/DEPI/DEPI project/anomx/venv/lib/python3.12/site-packages/airflow/example_dags/example_subdag_operator.py
[2026-06-22T08:21:32.594+0300] {processor.py:830} INFO - Processing file /media/data/omar/programming course/DEPI/DEPI project/anomx/venv/lib/python3.12/site-packages/airflow/example_dags/example_subdag_operator.py for tasks to queue
[2026-06-22T08:21:32.596+0300] {logging_mixin.py:188} INFO - [2026-06-22T08:21:32.595+0300] {dagbag.py:540} INFO - Filling up the DagBag from /media/data/omar/programming course/DEPI/DEPI project/anomx/venv/lib/python3.12/site-packages/airflow/example_dags/example_subdag_operator.py
[2026-06-22T08:21:32.623+0300] {processor.py:840} INFO - DAG(s) 'example_subdag_operator.section-1', 'example_subdag_operator.section-2', 'example_subdag_operator' retrieved from /media/data/omar/programming course/DEPI/DEPI project/anomx/venv/lib/python3.12/site-packages/airflow/example_dags/example_subdag_operator.py
[2026-06-22T08:21:32.635+0300] {logging_mixin.py:188} INFO - [2026-06-22T08:21:32.635+0300] {dag.py:3096} INFO - Sync 3 DAGs
[2026-06-22T08:21:32.647+0300] {logging_mixin.py:188} INFO - [2026-06-22T08:21:32.647+0300] {dag.py:3954} INFO - Setting next_dagrun for example_subdag_operator to 2022-01-01 00:00:00+00:00, run_after=2022-01-01 00:00:00+00:00
[2026-06-22T08:21:32.650+0300] {logging_mixin.py:188} INFO - [2026-06-22T08:21:32.650+0300] {dag.py:3954} INFO - Setting next_dagrun for example_subdag_operator.section-1 to None, run_after=None
[2026-06-22T08:21:32.651+0300] {logging_mixin.py:188} INFO - [2026-06-22T08:21:32.651+0300] {dag.py:3954} INFO - Setting next_dagrun for example_subdag_operator.section-2 to None, run_after=None
[2026-06-22T08:21:32.656+0300] {logging_mixin.py:188} INFO - [2026-06-22T08:21:32.656+0300] {dag.py:3096} INFO - Sync 2 DAGs
[2026-06-22T08:21:32.659+0300] {logging_mixin.py:188} INFO - [2026-06-22T08:21:32.659+0300] {dag.py:3954} INFO - Setting next_dagrun for example_subdag_operator.section-1 to None, run_after=None
[2026-06-22T08:21:32.659+0300] {logging_mixin.py:188} INFO - [2026-06-22T08:21:32.659+0300] {dag.py:3954} INFO - Setting next_dagrun for example_subdag_operator.section-2 to None, run_after=None
[2026-06-22T08:21:32.678+0300] {processor.py:183} INFO - Processing /media/data/omar/programming course/DEPI/DEPI project/anomx/venv/lib/python3.12/site-packages/airflow/example_dags/example_subdag_operator.py took 0.105 seconds
[2026-06-22T08:22:27.211+0300] {processor.py:161} INFO - Started process (PID=42859) to work on /media/data/omar/programming course/DEPI/DEPI project/anomx/venv/lib/python3.12/site-packages/airflow/example_dags/example_subdag_operator.py
[2026-06-22T08:22:27.212+0300] {processor.py:830} INFO - Processing file /media/data/omar/programming course/DEPI/DEPI project/anomx/venv/lib/python3.12/site-packages/airflow/example_dags/example_subdag_operator.py for tasks to queue
[2026-06-22T08:22:27.214+0300] {logging_mixin.py:188} INFO - [2026-06-22T08:22:27.213+0300] {dagbag.py:540} INFO - Filling up the DagBag from /media/data/omar/programming course/DEPI/DEPI project/anomx/venv/lib/python3.12/site-packages/airflow/example_dags/example_subdag_operator.py
[2026-06-22T08:22:27.251+0300] {processor.py:840} INFO - DAG(s) 'example_subdag_operator.section-1', 'example_subdag_operator.section-2', 'example_subdag_operator' retrieved from /media/data/omar/programming course/DEPI/DEPI project/anomx/venv/lib/python3.12/site-packages/airflow/example_dags/example_subdag_operator.py
[2026-06-22T08:22:27.272+0300] {logging_mixin.py:188} INFO - [2026-06-22T08:22:27.272+0300] {dag.py:3096} INFO - Sync 3 DAGs
[2026-06-22T08:22:27.300+0300] {logging_mixin.py:188} INFO - [2026-06-22T08:22:27.299+0300] {dag.py:3954} INFO - Setting next_dagrun for example_subdag_operator to 2022-01-01 00:00:00+00:00, run_after=2022-01-01 00:00:00+00:00
[2026-06-22T08:22:27.304+0300] {logging_mixin.py:188} INFO - [2026-06-22T08:22:27.304+0300] {dag.py:3954} INFO - Setting next_dagrun for example_subdag_operator.section-1 to None, run_after=None
[2026-06-22T08:22:27.307+0300] {logging_mixin.py:188} INFO - [2026-06-22T08:22:27.307+0300] {dag.py:3954} INFO - Setting next_dagrun for example_subdag_operator.section-2 to None, run_after=None
[2026-06-22T08:22:27.317+0300] {logging_mixin.py:188} INFO - [2026-06-22T08:22:27.317+0300] {dag.py:3096} INFO - Sync 2 DAGs
[2026-06-22T08:22:27.322+0300] {logging_mixin.py:188} INFO - [2026-06-22T08:22:27.321+0300] {dag.py:3954} INFO - Setting next_dagrun for example_subdag_operator.section-1 to None, run_after=None
[2026-06-22T08:22:27.323+0300] {logging_mixin.py:188} INFO - [2026-06-22T08:22:27.322+0300] {dag.py:3954} INFO - Setting next_dagrun for example_subdag_operator.section-2 to None, run_after=None
[2026-06-22T08:22:27.355+0300] {processor.py:183} INFO - Processing /media/data/omar/programming course/DEPI/DEPI project/anomx/venv/lib/python3.12/site-packages/airflow/example_dags/example_subdag_operator.py took 0.154 seconds
[2026-06-22T08:23:23.776+0300] {processor.py:161} INFO - Started process (PID=42950) to work on /media/data/omar/programming course/DEPI/DEPI project/anomx/venv/lib/python3.12/site-packages/airflow/example_dags/example_subdag_operator.py
[2026-06-22T08:23:23.778+0300] {processor.py:830} INFO - Processing file /media/data/omar/programming course/DEPI/DEPI project/anomx/venv/lib/python3.12/site-packages/airflow/example_dags/example_subdag_operator.py for tasks to queue
[2026-06-22T08:23:23.780+0300] {logging_mixin.py:188} INFO - [2026-06-22T08:23:23.779+0300] {dagbag.py:540} INFO - Filling up the DagBag from /media/data/omar/programming course/DEPI/DEPI project/anomx/venv/lib/python3.12/site-packages/airflow/example_dags/example_subdag_operator.py
[2026-06-22T08:23:23.806+0300] {processor.py:840} INFO - DAG(s) 'example_subdag_operator.section-1', 'example_subdag_operator.section-2', 'example_subdag_operator' retrieved from /media/data/omar/programming course/DEPI/DEPI project/anomx/venv/lib/python3.12/site-packages/airflow/example_dags/example_subdag_operator.py
[2026-06-22T08:23:23.818+0300] {logging_mixin.py:188} INFO - [2026-06-22T08:23:23.818+0300] {dag.py:3096} INFO - Sync 3 DAGs
[2026-06-22T08:23:23.830+0300] {logging_mixin.py:188} INFO - [2026-06-22T08:23:23.830+0300] {dag.py:3954} INFO - Setting next_dagrun for example_subdag_operator to 2022-01-01 00:00:00+00:00, run_after=2022-01-01 00:00:00+00:00
[2026-06-22T08:23:23.833+0300] {logging_mixin.py:188} INFO - [2026-06-22T08:23:23.832+0300] {dag.py:3954} INFO - Setting next_dagrun for example_subdag_operator.section-1 to None, run_after=None
[2026-06-22T08:23:23.834+0300] {logging_mixin.py:188} INFO - [2026-06-22T08:23:23.833+0300] {dag.py:3954} INFO - Setting next_dagrun for example_subdag_operator.section-2 to None, run_after=None
[2026-06-22T08:23:23.839+0300] {logging_mixin.py:188} INFO - [2026-06-22T08:23:23.838+0300] {dag.py:3096} INFO - Sync 2 DAGs
[2026-06-22T08:23:23.842+0300] {logging_mixin.py:188} INFO - [2026-06-22T08:23:23.841+0300] {dag.py:3954} INFO - Setting next_dagrun for example_subdag_operator.section-1 to None, run_after=None
[2026-06-22T08:23:23.843+0300] {logging_mixin.py:188} INFO - [2026-06-22T08:23:23.842+0300] {dag.py:3954} INFO - Setting next_dagrun for example_subdag_operator.section-2 to None, run_after=None
[2026-06-22T08:23:23.863+0300] {processor.py:183} INFO - Processing /media/data/omar/programming course/DEPI/DEPI project/anomx/venv/lib/python3.12/site-packages/airflow/example_dags/example_subdag_operator.py took 0.105 seconds
[2026-06-22T08:24:17.758+0300] {processor.py:161} INFO - Started process (PID=43053) to work on /media/data/omar/programming course/DEPI/DEPI project/anomx/venv/lib/python3.12/site-packages/airflow/example_dags/example_subdag_operator.py
[2026-06-22T08:24:17.760+0300] {processor.py:830} INFO - Processing file /media/data/omar/programming course/DEPI/DEPI project/anomx/venv/lib/python3.12/site-packages/airflow/example_dags/example_subdag_operator.py for tasks to queue
[2026-06-22T08:24:17.763+0300] {logging_mixin.py:188} INFO - [2026-06-22T08:24:17.762+0300] {dagbag.py:540} INFO - Filling up the DagBag from /media/data/omar/programming course/DEPI/DEPI project/anomx/venv/lib/python3.12/site-packages/airflow/example_dags/example_subdag_operator.py
[2026-06-22T08:24:17.795+0300] {processor.py:840} INFO - DAG(s) 'example_subdag_operator.section-1', 'example_subdag_operator.section-2', 'example_subdag_operator' retrieved from /media/data/omar/programming course/DEPI/DEPI project/anomx/venv/lib/python3.12/site-packages/airflow/example_dags/example_subdag_operator.py
[2026-06-22T08:24:17.808+0300] {logging_mixin.py:188} INFO - [2026-06-22T08:24:17.808+0300] {dag.py:3096} INFO - Sync 3 DAGs
[2026-06-22T08:24:17.820+0300] {logging_mixin.py:188} INFO - [2026-06-22T08:24:17.820+0300] {dag.py:3954} INFO - Setting next_dagrun for example_subdag_operator to 2022-01-01 00:00:00+00:00, run_after=2022-01-01 00:00:00+00:00
[2026-06-22T08:24:17.823+0300] {logging_mixin.py:188} INFO - [2026-06-22T08:24:17.822+0300] {dag.py:3954} INFO - Setting next_dagrun for example_subdag_operator.section-1 to None, run_after=None
[2026-06-22T08:24:17.824+0300] {logging_mixin.py:188} INFO - [2026-06-22T08:24:17.823+0300] {dag.py:3954} INFO - Setting next_dagrun for example_subdag_operator.section-2 to None, run_after=None
[2026-06-22T08:24:17.829+0300] {logging_mixin.py:188} INFO - [2026-06-22T08:24:17.828+0300] {dag.py:3096} INFO - Sync 2 DAGs
[2026-06-22T08:24:17.831+0300] {logging_mixin.py:188} INFO - [2026-06-22T08:24:17.831+0300] {dag.py:3954} INFO - Setting next_dagrun for example_subdag_operator.section-1 to None, run_after=None
[2026-06-22T08:24:17.832+0300] {logging_mixin.py:188} INFO - [2026-06-22T08:24:17.832+0300] {dag.py:3954} INFO - Setting next_dagrun for example_subdag_operator.section-2 to None, run_after=None
[2026-06-22T08:24:17.854+0300] {processor.py:183} INFO - Processing /media/data/omar/programming course/DEPI/DEPI project/anomx/venv/lib/python3.12/site-packages/airflow/example_dags/example_subdag_operator.py took 0.108 seconds
[2026-06-22T08:25:10.102+0300] {processor.py:161} INFO - Started process (PID=43134) to work on /media/data/omar/programming course/DEPI/DEPI project/anomx/venv/lib/python3.12/site-packages/airflow/example_dags/example_subdag_operator.py
[2026-06-22T08:25:10.102+0300] {processor.py:830} INFO - Processing file /media/data/omar/programming course/DEPI/DEPI project/anomx/venv/lib/python3.12/site-packages/airflow/example_dags/example_subdag_operator.py for tasks to queue
[2026-06-22T08:25:10.103+0300] {logging_mixin.py:188} INFO - [2026-06-22T08:25:10.103+0300] {dagbag.py:540} INFO - Filling up the DagBag from /media/data/omar/programming course/DEPI/DEPI project/anomx/venv/lib/python3.12/site-packages/airflow/example_dags/example_subdag_operator.py
[2026-06-22T08:25:10.124+0300] {processor.py:840} INFO - DAG(s) 'example_subdag_operator.section-1', 'example_subdag_operator.section-2', 'example_subdag_operator' retrieved from /media/data/omar/programming course/DEPI/DEPI project/anomx/venv/lib/python3.12/site-packages/airflow/example_dags/example_subdag_operator.py
[2026-06-22T08:25:10.136+0300] {logging_mixin.py:188} INFO - [2026-06-22T08:25:10.136+0300] {dag.py:3096} INFO - Sync 3 DAGs
[2026-06-22T08:25:10.149+0300] {logging_mixin.py:188} INFO - [2026-06-22T08:25:10.149+0300] {dag.py:3954} INFO - Setting next_dagrun for example_subdag_operator to 2022-01-01 00:00:00+00:00, run_after=2022-01-01 00:00:00+00:00
[2026-06-22T08:25:10.151+0300] {logging_mixin.py:188} INFO - [2026-06-22T08:25:10.151+0300] {dag.py:3954} INFO - Setting next_dagrun for example_subdag_operator.section-1 to None, run_after=None
[2026-06-22T08:25:10.152+0300] {logging_mixin.py:188} INFO - [2026-06-22T08:25:10.152+0300] {dag.py:3954} INFO - Setting next_dagrun for example_subdag_operator.section-2 to None, run_after=None
[2026-06-22T08:25:10.158+0300] {logging_mixin.py:188} INFO - [2026-06-22T08:25:10.157+0300] {dag.py:3096} INFO - Sync 2 DAGs
[2026-06-22T08:25:10.161+0300] {logging_mixin.py:188} INFO - [2026-06-22T08:25:10.160+0300] {dag.py:3954} INFO - Setting next_dagrun for example_subdag_operator.section-1 to None, run_after=None
[2026-06-22T08:25:10.161+0300] {logging_mixin.py:188} INFO - [2026-06-22T08:25:10.161+0300] {dag.py:3954} INFO - Setting next_dagrun for example_subdag_operator.section-2 to None, run_after=None
[2026-06-22T08:25:10.182+0300] {processor.py:183} INFO - Processing /media/data/omar/programming course/DEPI/DEPI project/anomx/venv/lib/python3.12/site-packages/airflow/example_dags/example_subdag_operator.py took 0.086 seconds
[2026-06-22T08:26:03.388+0300] {processor.py:161} INFO - Started process (PID=43217) to work on /media/data/omar/programming course/DEPI/DEPI project/anomx/venv/lib/python3.12/site-packages/airflow/example_dags/example_subdag_operator.py
[2026-06-22T08:26:03.389+0300] {processor.py:830} INFO - Processing file /media/data/omar/programming course/DEPI/DEPI project/anomx/venv/lib/python3.12/site-packages/airflow/example_dags/example_subdag_operator.py for tasks to queue
[2026-06-22T08:26:03.390+0300] {logging_mixin.py:188} INFO - [2026-06-22T08:26:03.389+0300] {dagbag.py:540} INFO - Filling up the DagBag from /media/data/omar/programming course/DEPI/DEPI project/anomx/venv/lib/python3.12/site-packages/airflow/example_dags/example_subdag_operator.py
[2026-06-22T08:26:03.411+0300] {processor.py:840} INFO - DAG(s) 'example_subdag_operator.section-1', 'example_subdag_operator.section-2', 'example_subdag_operator' retrieved from /media/data/omar/programming course/DEPI/DEPI project/anomx/venv/lib/python3.12/site-packages/airflow/example_dags/example_subdag_operator.py
[2026-06-22T08:26:03.425+0300] {logging_mixin.py:188} INFO - [2026-06-22T08:26:03.424+0300] {dag.py:3096} INFO - Sync 3 DAGs
[2026-06-22T08:26:03.440+0300] {logging_mixin.py:188} INFO - [2026-06-22T08:26:03.440+0300] {dag.py:3954} INFO - Setting next_dagrun for example_subdag_operator to 2022-01-01 00:00:00+00:00, run_after=2022-01-01 00:00:00+00:00
[2026-06-22T08:26:03.443+0300] {logging_mixin.py:188} INFO - [2026-06-22T08:26:03.443+0300] {dag.py:3954} INFO - Setting next_dagrun for example_subdag_operator.section-1 to None, run_after=None
[2026-06-22T08:26:03.444+0300] {logging_mixin.py:188} INFO - [2026-06-22T08:26:03.444+0300] {dag.py:3954} INFO - Setting next_dagrun for example_subdag_operator.section-2 to None, run_after=None
[2026-06-22T08:26:03.449+0300] {logging_mixin.py:188} INFO - [2026-06-22T08:26:03.449+0300] {dag.py:3096} INFO - Sync 2 DAGs
[2026-06-22T08:26:03.452+0300] {logging_mixin.py:188} INFO - [2026-06-22T08:26:03.452+0300] {dag.py:3954} INFO - Setting next_dagrun for example_subdag_operator.section-1 to None, run_after=None
[2026-06-22T08:26:03.453+0300] {logging_mixin.py:188} INFO - [2026-06-22T08:26:03.453+0300] {dag.py:3954} INFO - Setting next_dagrun for example_subdag_operator.section-2 to None, run_after=None
[2026-06-22T08:26:03.475+0300] {processor.py:183} INFO - Processing /media/data/omar/programming course/DEPI/DEPI project/anomx/venv/lib/python3.12/site-packages/airflow/example_dags/example_subdag_operator.py took 0.093 seconds
[2026-06-22T08:26:57.325+0300] {processor.py:161} INFO - Started process (PID=43308) to work on /media/data/omar/programming course/DEPI/DEPI project/anomx/venv/lib/python3.12/site-packages/airflow/example_dags/example_subdag_operator.py
[2026-06-22T08:26:57.326+0300] {processor.py:830} INFO - Processing file /media/data/omar/programming course/DEPI/DEPI project/anomx/venv/lib/python3.12/site-packages/airflow/example_dags/example_subdag_operator.py for tasks to queue
[2026-06-22T08:26:57.327+0300] {logging_mixin.py:188} INFO - [2026-06-22T08:26:57.327+0300] {dagbag.py:540} INFO - Filling up the DagBag from /media/data/omar/programming course/DEPI/DEPI project/anomx/venv/lib/python3.12/site-packages/airflow/example_dags/example_subdag_operator.py
[2026-06-22T08:26:57.346+0300] {processor.py:840} INFO - DAG(s) 'example_subdag_operator.section-1', 'example_subdag_operator.section-2', 'example_subdag_operator' retrieved from /media/data/omar/programming course/DEPI/DEPI project/anomx/venv/lib/python3.12/site-packages/airflow/example_dags/example_subdag_operator.py
[2026-06-22T08:26:57.357+0300] {logging_mixin.py:188} INFO - [2026-06-22T08:26:57.357+0300] {dag.py:3096} INFO - Sync 3 DAGs
[2026-06-22T08:26:57.370+0300] {logging_mixin.py:188} INFO - [2026-06-22T08:26:57.369+0300] {dag.py:3954} INFO - Setting next_dagrun for example_subdag_operator to 2022-01-01 00:00:00+00:00, run_after=2022-01-01 00:00:00+00:00
[2026-06-22T08:26:57.372+0300] {logging_mixin.py:188} INFO - [2026-06-22T08:26:57.372+0300] {dag.py:3954} INFO - Setting next_dagrun for example_subdag_operator.section-1 to None, run_after=None
[2026-06-22T08:26:57.373+0300] {logging_mixin.py:188} INFO - [2026-06-22T08:26:57.373+0300] {dag.py:3954} INFO - Setting next_dagrun for example_subdag_operator.section-2 to None, run_after=None
[2026-06-22T08:26:57.378+0300] {logging_mixin.py:188} INFO - [2026-06-22T08:26:57.378+0300] {dag.py:3096} INFO - Sync 2 DAGs
[2026-06-22T08:26:57.381+0300] {logging_mixin.py:188} INFO - [2026-06-22T08:26:57.380+0300] {dag.py:3954} INFO - Setting next_dagrun for example_subdag_operator.section-1 to None, run_after=None
[2026-06-22T08:26:57.381+0300] {logging_mixin.py:188} INFO - [2026-06-22T08:26:57.381+0300] {dag.py:3954} INFO - Setting next_dagrun for example_subdag_operator.section-2 to None, run_after=None
[2026-06-22T08:26:57.402+0300] {processor.py:183} INFO - Processing /media/data/omar/programming course/DEPI/DEPI project/anomx/venv/lib/python3.12/site-packages/airflow/example_dags/example_subdag_operator.py took 0.082 seconds
[2026-06-22T08:27:48.124+0300] {processor.py:161} INFO - Started process (PID=43385) to work on /media/data/omar/programming course/DEPI/DEPI project/anomx/venv/lib/python3.12/site-packages/airflow/example_dags/example_subdag_operator.py
[2026-06-22T08:27:48.125+0300] {processor.py:830} INFO - Processing file /media/data/omar/programming course/DEPI/DEPI project/anomx/venv/lib/python3.12/site-packages/airflow/example_dags/example_subdag_operator.py for tasks to queue
[2026-06-22T08:27:48.126+0300] {logging_mixin.py:188} INFO - [2026-06-22T08:27:48.126+0300] {dagbag.py:540} INFO - Filling up the DagBag from /media/data/omar/programming course/DEPI/DEPI project/anomx/venv/lib/python3.12/site-packages/airflow/example_dags/example_subdag_operator.py
[2026-06-22T08:27:48.147+0300] {processor.py:840} INFO - DAG(s) 'example_subdag_operator.section-1', 'example_subdag_operator.section-2', 'example_subdag_operator' retrieved from /media/data/omar/programming course/DEPI/DEPI project/anomx/venv/lib/python3.12/site-packages/airflow/example_dags/example_subdag_operator.py
[2026-06-22T08:27:48.163+0300] {logging_mixin.py:188} INFO - [2026-06-22T08:27:48.160+0300] {dag.py:3096} INFO - Sync 3 DAGs
[2026-06-22T08:27:48.176+0300] {logging_mixin.py:188} INFO - [2026-06-22T08:27:48.175+0300] {dag.py:3954} INFO - Setting next_dagrun for example_subdag_operator to 2022-01-01 00:00:00+00:00, run_after=2022-01-01 00:00:00+00:00
[2026-06-22T08:27:48.178+0300] {logging_mixin.py:188} INFO - [2026-06-22T08:27:48.178+0300] {dag.py:3954} INFO - Setting next_dagrun for example_subdag_operator.section-1 to None, run_after=None
[2026-06-22T08:27:48.180+0300] {logging_mixin.py:188} INFO - [2026-06-22T08:27:48.179+0300] {dag.py:3954} INFO - Setting next_dagrun for example_subdag_operator.section-2 to None, run_after=None
[2026-06-22T08:27:48.185+0300] {logging_mixin.py:188} INFO - [2026-06-22T08:27:48.185+0300] {dag.py:3096} INFO - Sync 2 DAGs
[2026-06-22T08:27:48.189+0300] {logging_mixin.py:188} INFO - [2026-06-22T08:27:48.188+0300] {dag.py:3954} INFO - Setting next_dagrun for example_subdag_operator.section-1 to None, run_after=None
[2026-06-22T08:27:48.189+0300] {logging_mixin.py:188} INFO - [2026-06-22T08:27:48.189+0300] {dag.py:3954} INFO - Setting next_dagrun for example_subdag_operator.section-2 to None, run_after=None
[2026-06-22T08:27:48.211+0300] {processor.py:183} INFO - Processing /media/data/omar/programming course/DEPI/DEPI project/anomx/venv/lib/python3.12/site-packages/airflow/example_dags/example_subdag_operator.py took 0.092 seconds
[2026-06-22T08:28:45.132+0300] {processor.py:161} INFO - Started process (PID=43490) to work on /media/data/omar/programming course/DEPI/DEPI project/anomx/venv/lib/python3.12/site-packages/airflow/example_dags/example_subdag_operator.py
[2026-06-22T08:28:45.133+0300] {processor.py:830} INFO - Processing file /media/data/omar/programming course/DEPI/DEPI project/anomx/venv/lib/python3.12/site-packages/airflow/example_dags/example_subdag_operator.py for tasks to queue
[2026-06-22T08:28:45.135+0300] {logging_mixin.py:188} INFO - [2026-06-22T08:28:45.134+0300] {dagbag.py:540} INFO - Filling up the DagBag from /media/data/omar/programming course/DEPI/DEPI project/anomx/venv/lib/python3.12/site-packages/airflow/example_dags/example_subdag_operator.py
[2026-06-22T08:28:45.155+0300] {processor.py:840} INFO - DAG(s) 'example_subdag_operator.section-1', 'example_subdag_operator.section-2', 'example_subdag_operator' retrieved from /media/data/omar/programming course/DEPI/DEPI project/anomx/venv/lib/python3.12/site-packages/airflow/example_dags/example_subdag_operator.py
[2026-06-22T08:28:45.167+0300] {logging_mixin.py:188} INFO - [2026-06-22T08:28:45.166+0300] {dag.py:3096} INFO - Sync 3 DAGs
[2026-06-22T08:28:45.179+0300] {logging_mixin.py:188} INFO - [2026-06-22T08:28:45.179+0300] {dag.py:3954} INFO - Setting next_dagrun for example_subdag_operator to 2022-01-01 00:00:00+00:00, run_after=2022-01-01 00:00:00+00:00
[2026-06-22T08:28:45.182+0300] {logging_mixin.py:188} INFO - [2026-06-22T08:28:45.181+0300] {dag.py:3954} INFO - Setting next_dagrun for example_subdag_operator.section-1 to None, run_after=None
[2026-06-22T08:28:45.183+0300] {logging_mixin.py:188} INFO - [2026-06-22T08:28:45.183+0300] {dag.py:3954} INFO - Setting next_dagrun for example_subdag_operator.section-2 to None, run_after=None
[2026-06-22T08:28:45.188+0300] {logging_mixin.py:188} INFO - [2026-06-22T08:28:45.188+0300] {dag.py:3096} INFO - Sync 2 DAGs
[2026-06-22T08:28:45.191+0300] {logging_mixin.py:188} INFO - [2026-06-22T08:28:45.191+0300] {dag.py:3954} INFO - Setting next_dagrun for example_subdag_operator.section-1 to None, run_after=None
[2026-06-22T08:28:45.191+0300] {logging_mixin.py:188} INFO - [2026-06-22T08:28:45.191+0300] {dag.py:3954} INFO - Setting next_dagrun for example_subdag_operator.section-2 to None, run_after=None
[2026-06-22T08:28:45.211+0300] {processor.py:183} INFO - Processing /media/data/omar/programming course/DEPI/DEPI project/anomx/venv/lib/python3.12/site-packages/airflow/example_dags/example_subdag_operator.py took 0.086 seconds
[2026-06-22T08:29:38.136+0300] {processor.py:161} INFO - Started process (PID=43569) to work on /media/data/omar/programming course/DEPI/DEPI project/anomx/venv/lib/python3.12/site-packages/airflow/example_dags/example_subdag_operator.py
[2026-06-22T08:29:38.137+0300] {processor.py:830} INFO - Processing file /media/data/omar/programming course/DEPI/DEPI project/anomx/venv/lib/python3.12/site-packages/airflow/example_dags/example_subdag_operator.py for tasks to queue
[2026-06-22T08:29:38.138+0300] {logging_mixin.py:188} INFO - [2026-06-22T08:29:38.137+0300] {dagbag.py:540} INFO - Filling up the DagBag from /media/data/omar/programming course/DEPI/DEPI project/anomx/venv/lib/python3.12/site-packages/airflow/example_dags/example_subdag_operator.py
[2026-06-22T08:29:38.158+0300] {processor.py:840} INFO - DAG(s) 'example_subdag_operator.section-1', 'example_subdag_operator.section-2', 'example_subdag_operator' retrieved from /media/data/omar/programming course/DEPI/DEPI project/anomx/venv/lib/python3.12/site-packages/airflow/example_dags/example_subdag_operator.py
[2026-06-22T08:29:38.171+0300] {logging_mixin.py:188} INFO - [2026-06-22T08:29:38.170+0300] {dag.py:3096} INFO - Sync 3 DAGs
[2026-06-22T08:29:38.184+0300] {logging_mixin.py:188} INFO - [2026-06-22T08:29:38.183+0300] {dag.py:3954} INFO - Setting next_dagrun for example_subdag_operator to 2022-01-01 00:00:00+00:00, run_after=2022-01-01 00:00:00+00:00
[2026-06-22T08:29:38.186+0300] {logging_mixin.py:188} INFO - [2026-06-22T08:29:38.186+0300] {dag.py:3954} INFO - Setting next_dagrun for example_subdag_operator.section-1 to None, run_after=None
[2026-06-22T08:29:38.187+0300] {logging_mixin.py:188} INFO - [2026-06-22T08:29:38.187+0300] {dag.py:3954} INFO - Setting next_dagrun for example_subdag_operator.section-2 to None, run_after=None
[2026-06-22T08:29:38.193+0300] {logging_mixin.py:188} INFO - [2026-06-22T08:29:38.192+0300] {dag.py:3096} INFO - Sync 2 DAGs
[2026-06-22T08:29:38.196+0300] {logging_mixin.py:188} INFO - [2026-06-22T08:29:38.195+0300] {dag.py:3954} INFO - Setting next_dagrun for example_subdag_operator.section-1 to None, run_after=None
[2026-06-22T08:29:38.196+0300] {logging_mixin.py:188} INFO - [2026-06-22T08:29:38.196+0300] {dag.py:3954} INFO - Setting next_dagrun for example_subdag_operator.section-2 to None, run_after=None
[2026-06-22T08:29:38.218+0300] {processor.py:183} INFO - Processing /media/data/omar/programming course/DEPI/DEPI project/anomx/venv/lib/python3.12/site-packages/airflow/example_dags/example_subdag_operator.py took 0.088 seconds
[2026-06-22T08:30:30.693+0300] {processor.py:161} INFO - Started process (PID=43657) to work on /media/data/omar/programming course/DEPI/DEPI project/anomx/venv/lib/python3.12/site-packages/airflow/example_dags/example_subdag_operator.py
[2026-06-22T08:30:30.696+0300] {processor.py:830} INFO - Processing file /media/data/omar/programming course/DEPI/DEPI project/anomx/venv/lib/python3.12/site-packages/airflow/example_dags/example_subdag_operator.py for tasks to queue
[2026-06-22T08:30:30.700+0300] {logging_mixin.py:188} INFO - [2026-06-22T08:30:30.698+0300] {dagbag.py:540} INFO - Filling up the DagBag from /media/data/omar/programming course/DEPI/DEPI project/anomx/venv/lib/python3.12/site-packages/airflow/example_dags/example_subdag_operator.py
[2026-06-22T08:30:30.729+0300] {processor.py:840} INFO - DAG(s) 'example_subdag_operator.section-1', 'example_subdag_operator.section-2', 'example_subdag_operator' retrieved from /media/data/omar/programming course/DEPI/DEPI project/anomx/venv/lib/python3.12/site-packages/airflow/example_dags/example_subdag_operator.py
[2026-06-22T08:30:30.740+0300] {logging_mixin.py:188} INFO - [2026-06-22T08:30:30.740+0300] {dag.py:3096} INFO - Sync 3 DAGs
[2026-06-22T08:30:30.753+0300] {logging_mixin.py:188} INFO - [2026-06-22T08:30:30.753+0300] {dag.py:3954} INFO - Setting next_dagrun for example_subdag_operator to 2022-01-01 00:00:00+00:00, run_after=2022-01-01 00:00:00+00:00
[2026-06-22T08:30:30.755+0300] {logging_mixin.py:188} INFO - [2026-06-22T08:30:30.755+0300] {dag.py:3954} INFO - Setting next_dagrun for example_subdag_operator.section-1 to None, run_after=None
[2026-06-22T08:30:30.756+0300] {logging_mixin.py:188} INFO - [2026-06-22T08:30:30.756+0300] {dag.py:3954} INFO - Setting next_dagrun for example_subdag_operator.section-2 to None, run_after=None
[2026-06-22T08:30:30.761+0300] {logging_mixin.py:188} INFO - [2026-06-22T08:30:30.761+0300] {dag.py:3096} INFO - Sync 2 DAGs
[2026-06-22T08:30:30.764+0300] {logging_mixin.py:188} INFO - [2026-06-22T08:30:30.764+0300] {dag.py:3954} INFO - Setting next_dagrun for example_subdag_operator.section-1 to None, run_after=None
[2026-06-22T08:30:30.764+0300] {logging_mixin.py:188} INFO - [2026-06-22T08:30:30.764+0300] {dag.py:3954} INFO - Setting next_dagrun for example_subdag_operator.section-2 to None, run_after=None
[2026-06-22T08:30:30.784+0300] {processor.py:183} INFO - Processing /media/data/omar/programming course/DEPI/DEPI project/anomx/venv/lib/python3.12/site-packages/airflow/example_dags/example_subdag_operator.py took 0.110 seconds
[2026-06-22T08:31:24.745+0300] {processor.py:161} INFO - Started process (PID=43763) to work on /media/data/omar/programming course/DEPI/DEPI project/anomx/venv/lib/python3.12/site-packages/airflow/example_dags/example_subdag_operator.py
[2026-06-22T08:31:24.746+0300] {processor.py:830} INFO - Processing file /media/data/omar/programming course/DEPI/DEPI project/anomx/venv/lib/python3.12/site-packages/airflow/example_dags/example_subdag_operator.py for tasks to queue
[2026-06-22T08:31:24.747+0300] {logging_mixin.py:188} INFO - [2026-06-22T08:31:24.746+0300] {dagbag.py:540} INFO - Filling up the DagBag from /media/data/omar/programming course/DEPI/DEPI project/anomx/venv/lib/python3.12/site-packages/airflow/example_dags/example_subdag_operator.py
[2026-06-22T08:31:24.766+0300] {processor.py:840} INFO - DAG(s) 'example_subdag_operator.section-1', 'example_subdag_operator.section-2', 'example_subdag_operator' retrieved from /media/data/omar/programming course/DEPI/DEPI project/anomx/venv/lib/python3.12/site-packages/airflow/example_dags/example_subdag_operator.py
[2026-06-22T08:31:24.778+0300] {logging_mixin.py:188} INFO - [2026-06-22T08:31:24.777+0300] {dag.py:3096} INFO - Sync 3 DAGs
[2026-06-22T08:31:24.790+0300] {logging_mixin.py:188} INFO - [2026-06-22T08:31:24.790+0300] {dag.py:3954} INFO - Setting next_dagrun for example_subdag_operator to 2022-01-01 00:00:00+00:00, run_after=2022-01-01 00:00:00+00:00
[2026-06-22T08:31:24.792+0300] {logging_mixin.py:188} INFO - [2026-06-22T08:31:24.792+0300] {dag.py:3954} INFO - Setting next_dagrun for example_subdag_operator.section-1 to None, run_after=None
[2026-06-22T08:31:24.793+0300] {logging_mixin.py:188} INFO - [2026-06-22T08:31:24.793+0300] {dag.py:3954} INFO - Setting next_dagrun for example_subdag_operator.section-2 to None, run_after=None
[2026-06-22T08:31:24.798+0300] {logging_mixin.py:188} INFO - [2026-06-22T08:31:24.798+0300] {dag.py:3096} INFO - Sync 2 DAGs
[2026-06-22T08:31:24.801+0300] {logging_mixin.py:188} INFO - [2026-06-22T08:31:24.801+0300] {dag.py:3954} INFO - Setting next_dagrun for example_subdag_operator.section-1 to None, run_after=None
[2026-06-22T08:31:24.802+0300] {logging_mixin.py:188} INFO - [2026-06-22T08:31:24.801+0300] {dag.py:3954} INFO - Setting next_dagrun for example_subdag_operator.section-2 to None, run_after=None
[2026-06-22T08:31:24.822+0300] {processor.py:183} INFO - Processing /media/data/omar/programming course/DEPI/DEPI project/anomx/venv/lib/python3.12/site-packages/airflow/example_dags/example_subdag_operator.py took 0.082 seconds
[2026-06-22T08:32:16.850+0300] {processor.py:161} INFO - Started process (PID=43844) to work on /media/data/omar/programming course/DEPI/DEPI project/anomx/venv/lib/python3.12/site-packages/airflow/example_dags/example_subdag_operator.py
[2026-06-22T08:32:16.851+0300] {processor.py:830} INFO - Processing file /media/data/omar/programming course/DEPI/DEPI project/anomx/venv/lib/python3.12/site-packages/airflow/example_dags/example_subdag_operator.py for tasks to queue
[2026-06-22T08:32:16.854+0300] {logging_mixin.py:188} INFO - [2026-06-22T08:32:16.853+0300] {dagbag.py:540} INFO - Filling up the DagBag from /media/data/omar/programming course/DEPI/DEPI project/anomx/venv/lib/python3.12/site-packages/airflow/example_dags/example_subdag_operator.py
[2026-06-22T08:32:16.885+0300] {processor.py:840} INFO - DAG(s) 'example_subdag_operator.section-1', 'example_subdag_operator.section-2', 'example_subdag_operator' retrieved from /media/data/omar/programming course/DEPI/DEPI project/anomx/venv/lib/python3.12/site-packages/airflow/example_dags/example_subdag_operator.py
[2026-06-22T08:32:16.905+0300] {logging_mixin.py:188} INFO - [2026-06-22T08:32:16.905+0300] {dag.py:3096} INFO - Sync 3 DAGs
[2026-06-22T08:32:16.920+0300] {logging_mixin.py:188} INFO - [2026-06-22T08:32:16.920+0300] {dag.py:3954} INFO - Setting next_dagrun for example_subdag_operator to 2022-01-01 00:00:00+00:00, run_after=2022-01-01 00:00:00+00:00
[2026-06-22T08:32:16.923+0300] {logging_mixin.py:188} INFO - [2026-06-22T08:32:16.923+0300] {dag.py:3954} INFO - Setting next_dagrun for example_subdag_operator.section-1 to None, run_after=None
[2026-06-22T08:32:16.924+0300] {logging_mixin.py:188} INFO - [2026-06-22T08:32:16.924+0300] {dag.py:3954} INFO - Setting next_dagrun for example_subdag_operator.section-2 to None, run_after=None
[2026-06-22T08:32:16.930+0300] {logging_mixin.py:188} INFO - [2026-06-22T08:32:16.929+0300] {dag.py:3096} INFO - Sync 2 DAGs
[2026-06-22T08:32:16.933+0300] {logging_mixin.py:188} INFO - [2026-06-22T08:32:16.932+0300] {dag.py:3954} INFO - Setting next_dagrun for example_subdag_operator.section-1 to None, run_after=None
[2026-06-22T08:32:16.933+0300] {logging_mixin.py:188} INFO - [2026-06-22T08:32:16.933+0300] {dag.py:3954} INFO - Setting next_dagrun for example_subdag_operator.section-2 to None, run_after=None
[2026-06-22T08:32:16.983+0300] {processor.py:183} INFO - Processing /media/data/omar/programming course/DEPI/DEPI project/anomx/venv/lib/python3.12/site-packages/airflow/example_dags/example_subdag_operator.py took 0.144 seconds
[2026-06-22T08:33:05.215+0300] {processor.py:161} INFO - Started process (PID=43921) to work on /media/data/omar/programming course/DEPI/DEPI project/anomx/venv/lib/python3.12/site-packages/airflow/example_dags/example_subdag_operator.py
[2026-06-22T08:33:05.217+0300] {processor.py:830} INFO - Processing file /media/data/omar/programming course/DEPI/DEPI project/anomx/venv/lib/python3.12/site-packages/airflow/example_dags/example_subdag_operator.py for tasks to queue
[2026-06-22T08:33:05.218+0300] {logging_mixin.py:188} INFO - [2026-06-22T08:33:05.218+0300] {dagbag.py:540} INFO - Filling up the DagBag from /media/data/omar/programming course/DEPI/DEPI project/anomx/venv/lib/python3.12/site-packages/airflow/example_dags/example_subdag_operator.py
[2026-06-22T08:33:05.248+0300] {processor.py:840} INFO - DAG(s) 'example_subdag_operator.section-1', 'example_subdag_operator.section-2', 'example_subdag_operator' retrieved from /media/data/omar/programming course/DEPI/DEPI project/anomx/venv/lib/python3.12/site-packages/airflow/example_dags/example_subdag_operator.py
[2026-06-22T08:33:05.260+0300] {logging_mixin.py:188} INFO - [2026-06-22T08:33:05.260+0300] {dag.py:3096} INFO - Sync 3 DAGs
[2026-06-22T08:33:05.273+0300] {logging_mixin.py:188} INFO - [2026-06-22T08:33:05.272+0300] {dag.py:3954} INFO - Setting next_dagrun for example_subdag_operator to 2022-01-01 00:00:00+00:00, run_after=2022-01-01 00:00:00+00:00
[2026-06-22T08:33:05.275+0300] {logging_mixin.py:188} INFO - [2026-06-22T08:33:05.275+0300] {dag.py:3954} INFO - Setting next_dagrun for example_subdag_operator.section-1 to None, run_after=None
[2026-06-22T08:33:05.276+0300] {logging_mixin.py:188} INFO - [2026-06-22T08:33:05.276+0300] {dag.py:3954} INFO - Setting next_dagrun for example_subdag_operator.section-2 to None, run_after=None
[2026-06-22T08:33:05.281+0300] {logging_mixin.py:188} INFO - [2026-06-22T08:33:05.280+0300] {dag.py:3096} INFO - Sync 2 DAGs
[2026-06-22T08:33:05.283+0300] {logging_mixin.py:188} INFO - [2026-06-22T08:33:05.283+0300] {dag.py:3954} INFO - Setting next_dagrun for example_subdag_operator.section-1 to None, run_after=None
[2026-06-22T08:33:05.284+0300] {logging_mixin.py:188} INFO - [2026-06-22T08:33:05.284+0300] {dag.py:3954} INFO - Setting next_dagrun for example_subdag_operator.section-2 to None, run_after=None
[2026-06-22T08:33:05.304+0300] {processor.py:183} INFO - Processing /media/data/omar/programming course/DEPI/DEPI project/anomx/venv/lib/python3.12/site-packages/airflow/example_dags/example_subdag_operator.py took 0.099 seconds
[2026-06-22T08:33:57.597+0300] {processor.py:161} INFO - Started process (PID=44008) to work on /media/data/omar/programming course/DEPI/DEPI project/anomx/venv/lib/python3.12/site-packages/airflow/example_dags/example_subdag_operator.py
[2026-06-22T08:33:57.598+0300] {processor.py:830} INFO - Processing file /media/data/omar/programming course/DEPI/DEPI project/anomx/venv/lib/python3.12/site-packages/airflow/example_dags/example_subdag_operator.py for tasks to queue
[2026-06-22T08:33:57.598+0300] {logging_mixin.py:188} INFO - [2026-06-22T08:33:57.598+0300] {dagbag.py:540} INFO - Filling up the DagBag from /media/data/omar/programming course/DEPI/DEPI project/anomx/venv/lib/python3.12/site-packages/airflow/example_dags/example_subdag_operator.py
[2026-06-22T08:33:57.618+0300] {processor.py:840} INFO - DAG(s) 'example_subdag_operator.section-1', 'example_subdag_operator.section-2', 'example_subdag_operator' retrieved from /media/data/omar/programming course/DEPI/DEPI project/anomx/venv/lib/python3.12/site-packages/airflow/example_dags/example_subdag_operator.py
[2026-06-22T08:33:57.630+0300] {logging_mixin.py:188} INFO - [2026-06-22T08:33:57.630+0300] {dag.py:3096} INFO - Sync 3 DAGs
[2026-06-22T08:33:57.642+0300] {logging_mixin.py:188} INFO - [2026-06-22T08:33:57.642+0300] {dag.py:3954} INFO - Setting next_dagrun for example_subdag_operator to 2022-01-01 00:00:00+00:00, run_after=2022-01-01 00:00:00+00:00
[2026-06-22T08:33:57.645+0300] {logging_mixin.py:188} INFO - [2026-06-22T08:33:57.644+0300] {dag.py:3954} INFO - Setting next_dagrun for example_subdag_operator.section-1 to None, run_after=None
[2026-06-22T08:33:57.646+0300] {logging_mixin.py:188} INFO - [2026-06-22T08:33:57.645+0300] {dag.py:3954} INFO - Setting next_dagrun for example_subdag_operator.section-2 to None, run_after=None
[2026-06-22T08:33:57.651+0300] {logging_mixin.py:188} INFO - [2026-06-22T08:33:57.651+0300] {dag.py:3096} INFO - Sync 2 DAGs
[2026-06-22T08:33:57.654+0300] {logging_mixin.py:188} INFO - [2026-06-22T08:33:57.653+0300] {dag.py:3954} INFO - Setting next_dagrun for example_subdag_operator.section-1 to None, run_after=None
[2026-06-22T08:33:57.654+0300] {logging_mixin.py:188} INFO - [2026-06-22T08:33:57.654+0300] {dag.py:3954} INFO - Setting next_dagrun for example_subdag_operator.section-2 to None, run_after=None
[2026-06-22T08:33:57.676+0300] {processor.py:183} INFO - Processing /media/data/omar/programming course/DEPI/DEPI project/anomx/venv/lib/python3.12/site-packages/airflow/example_dags/example_subdag_operator.py took 0.084 seconds
[2026-06-22T08:34:49.764+0300] {processor.py:161} INFO - Started process (PID=44084) to work on /media/data/omar/programming course/DEPI/DEPI project/anomx/venv/lib/python3.12/site-packages/airflow/example_dags/example_subdag_operator.py
[2026-06-22T08:34:49.765+0300] {processor.py:830} INFO - Processing file /media/data/omar/programming course/DEPI/DEPI project/anomx/venv/lib/python3.12/site-packages/airflow/example_dags/example_subdag_operator.py for tasks to queue
[2026-06-22T08:34:49.767+0300] {logging_mixin.py:188} INFO - [2026-06-22T08:34:49.766+0300] {dagbag.py:540} INFO - Filling up the DagBag from /media/data/omar/programming course/DEPI/DEPI project/anomx/venv/lib/python3.12/site-packages/airflow/example_dags/example_subdag_operator.py
[2026-06-22T08:34:49.792+0300] {processor.py:840} INFO - DAG(s) 'example_subdag_operator.section-1', 'example_subdag_operator.section-2', 'example_subdag_operator' retrieved from /media/data/omar/programming course/DEPI/DEPI project/anomx/venv/lib/python3.12/site-packages/airflow/example_dags/example_subdag_operator.py
[2026-06-22T08:34:49.805+0300] {logging_mixin.py:188} INFO - [2026-06-22T08:34:49.804+0300] {dag.py:3096} INFO - Sync 3 DAGs
[2026-06-22T08:34:49.816+0300] {logging_mixin.py:188} INFO - [2026-06-22T08:34:49.816+0300] {dag.py:3954} INFO - Setting next_dagrun for example_subdag_operator to 2022-01-01 00:00:00+00:00, run_after=2022-01-01 00:00:00+00:00
[2026-06-22T08:34:49.819+0300] {logging_mixin.py:188} INFO - [2026-06-22T08:34:49.818+0300] {dag.py:3954} INFO - Setting next_dagrun for example_subdag_operator.section-1 to None, run_after=None
[2026-06-22T08:34:49.820+0300] {logging_mixin.py:188} INFO - [2026-06-22T08:34:49.820+0300] {dag.py:3954} INFO - Setting next_dagrun for example_subdag_operator.section-2 to None, run_after=None
[2026-06-22T08:34:49.826+0300] {logging_mixin.py:188} INFO - [2026-06-22T08:34:49.825+0300] {dag.py:3096} INFO - Sync 2 DAGs
[2026-06-22T08:34:49.828+0300] {logging_mixin.py:188} INFO - [2026-06-22T08:34:49.828+0300] {dag.py:3954} INFO - Setting next_dagrun for example_subdag_operator.section-1 to None, run_after=None
[2026-06-22T08:34:49.829+0300] {logging_mixin.py:188} INFO - [2026-06-22T08:34:49.829+0300] {dag.py:3954} INFO - Setting next_dagrun for example_subdag_operator.section-2 to None, run_after=None
[2026-06-22T08:34:49.851+0300] {processor.py:183} INFO - Processing /media/data/omar/programming course/DEPI/DEPI project/anomx/venv/lib/python3.12/site-packages/airflow/example_dags/example_subdag_operator.py took 0.098 seconds
[2026-06-22T08:35:36.353+0300] {processor.py:161} INFO - Started process (PID=44164) to work on /media/data/omar/programming course/DEPI/DEPI project/anomx/venv/lib/python3.12/site-packages/airflow/example_dags/example_subdag_operator.py
[2026-06-22T08:35:36.353+0300] {processor.py:830} INFO - Processing file /media/data/omar/programming course/DEPI/DEPI project/anomx/venv/lib/python3.12/site-packages/airflow/example_dags/example_subdag_operator.py for tasks to queue
[2026-06-22T08:35:36.354+0300] {logging_mixin.py:188} INFO - [2026-06-22T08:35:36.354+0300] {dagbag.py:540} INFO - Filling up the DagBag from /media/data/omar/programming course/DEPI/DEPI project/anomx/venv/lib/python3.12/site-packages/airflow/example_dags/example_subdag_operator.py
[2026-06-22T08:35:36.373+0300] {processor.py:840} INFO - DAG(s) 'example_subdag_operator.section-1', 'example_subdag_operator.section-2', 'example_subdag_operator' retrieved from /media/data/omar/programming course/DEPI/DEPI project/anomx/venv/lib/python3.12/site-packages/airflow/example_dags/example_subdag_operator.py
[2026-06-22T08:35:36.384+0300] {logging_mixin.py:188} INFO - [2026-06-22T08:35:36.384+0300] {dag.py:3096} INFO - Sync 3 DAGs
[2026-06-22T08:35:36.396+0300] {logging_mixin.py:188} INFO - [2026-06-22T08:35:36.396+0300] {dag.py:3954} INFO - Setting next_dagrun for example_subdag_operator to 2022-01-01 00:00:00+00:00, run_after=2022-01-01 00:00:00+00:00
[2026-06-22T08:35:36.399+0300] {logging_mixin.py:188} INFO - [2026-06-22T08:35:36.398+0300] {dag.py:3954} INFO - Setting next_dagrun for example_subdag_operator.section-1 to None, run_after=None
[2026-06-22T08:35:36.400+0300] {logging_mixin.py:188} INFO - [2026-06-22T08:35:36.399+0300] {dag.py:3954} INFO - Setting next_dagrun for example_subdag_operator.section-2 to None, run_after=None
[2026-06-22T08:35:36.404+0300] {logging_mixin.py:188} INFO - [2026-06-22T08:35:36.404+0300] {dag.py:3096} INFO - Sync 2 DAGs
[2026-06-22T08:35:36.407+0300] {logging_mixin.py:188} INFO - [2026-06-22T08:35:36.407+0300] {dag.py:3954} INFO - Setting next_dagrun for example_subdag_operator.section-1 to None, run_after=None
[2026-06-22T08:35:36.408+0300] {logging_mixin.py:188} INFO - [2026-06-22T08:35:36.407+0300] {dag.py:3954} INFO - Setting next_dagrun for example_subdag_operator.section-2 to None, run_after=None
[2026-06-22T08:35:36.427+0300] {processor.py:183} INFO - Processing /media/data/omar/programming course/DEPI/DEPI project/anomx/venv/lib/python3.12/site-packages/airflow/example_dags/example_subdag_operator.py took 0.079 seconds
[2026-06-22T08:36:26.270+0300] {processor.py:161} INFO - Started process (PID=44239) to work on /media/data/omar/programming course/DEPI/DEPI project/anomx/venv/lib/python3.12/site-packages/airflow/example_dags/example_subdag_operator.py
[2026-06-22T08:36:26.271+0300] {processor.py:830} INFO - Processing file /media/data/omar/programming course/DEPI/DEPI project/anomx/venv/lib/python3.12/site-packages/airflow/example_dags/example_subdag_operator.py for tasks to queue
[2026-06-22T08:36:26.272+0300] {logging_mixin.py:188} INFO - [2026-06-22T08:36:26.271+0300] {dagbag.py:540} INFO - Filling up the DagBag from /media/data/omar/programming course/DEPI/DEPI project/anomx/venv/lib/python3.12/site-packages/airflow/example_dags/example_subdag_operator.py
[2026-06-22T08:36:26.297+0300] {processor.py:840} INFO - DAG(s) 'example_subdag_operator.section-1', 'example_subdag_operator.section-2', 'example_subdag_operator' retrieved from /media/data/omar/programming course/DEPI/DEPI project/anomx/venv/lib/python3.12/site-packages/airflow/example_dags/example_subdag_operator.py
[2026-06-22T08:36:26.310+0300] {logging_mixin.py:188} INFO - [2026-06-22T08:36:26.309+0300] {dag.py:3096} INFO - Sync 3 DAGs
[2026-06-22T08:36:26.322+0300] {logging_mixin.py:188} INFO - [2026-06-22T08:36:26.322+0300] {dag.py:3954} INFO - Setting next_dagrun for example_subdag_operator to 2022-01-01 00:00:00+00:00, run_after=2022-01-01 00:00:00+00:00
[2026-06-22T08:36:26.324+0300] {logging_mixin.py:188} INFO - [2026-06-22T08:36:26.324+0300] {dag.py:3954} INFO - Setting next_dagrun for example_subdag_operator.section-1 to None, run_after=None
[2026-06-22T08:36:26.326+0300] {logging_mixin.py:188} INFO - [2026-06-22T08:36:26.325+0300] {dag.py:3954} INFO - Setting next_dagrun for example_subdag_operator.section-2 to None, run_after=None
[2026-06-22T08:36:26.331+0300] {logging_mixin.py:188} INFO - [2026-06-22T08:36:26.330+0300] {dag.py:3096} INFO - Sync 2 DAGs
[2026-06-22T08:36:26.334+0300] {logging_mixin.py:188} INFO - [2026-06-22T08:36:26.333+0300] {dag.py:3954} INFO - Setting next_dagrun for example_subdag_operator.section-1 to None, run_after=None
[2026-06-22T08:36:26.334+0300] {logging_mixin.py:188} INFO - [2026-06-22T08:36:26.334+0300] {dag.py:3954} INFO - Setting next_dagrun for example_subdag_operator.section-2 to None, run_after=None
[2026-06-22T08:36:26.354+0300] {processor.py:183} INFO - Processing /media/data/omar/programming course/DEPI/DEPI project/anomx/venv/lib/python3.12/site-packages/airflow/example_dags/example_subdag_operator.py took 0.091 seconds
[2026-06-22T08:37:19.194+0300] {processor.py:161} INFO - Started process (PID=44314) to work on /media/data/omar/programming course/DEPI/DEPI project/anomx/venv/lib/python3.12/site-packages/airflow/example_dags/example_subdag_operator.py
[2026-06-22T08:37:19.195+0300] {processor.py:830} INFO - Processing file /media/data/omar/programming course/DEPI/DEPI project/anomx/venv/lib/python3.12/site-packages/airflow/example_dags/example_subdag_operator.py for tasks to queue
[2026-06-22T08:37:19.196+0300] {logging_mixin.py:188} INFO - [2026-06-22T08:37:19.195+0300] {dagbag.py:540} INFO - Filling up the DagBag from /media/data/omar/programming course/DEPI/DEPI project/anomx/venv/lib/python3.12/site-packages/airflow/example_dags/example_subdag_operator.py
[2026-06-22T08:37:19.214+0300] {processor.py:840} INFO - DAG(s) 'example_subdag_operator.section-1', 'example_subdag_operator.section-2', 'example_subdag_operator' retrieved from /media/data/omar/programming course/DEPI/DEPI project/anomx/venv/lib/python3.12/site-packages/airflow/example_dags/example_subdag_operator.py
[2026-06-22T08:37:19.226+0300] {logging_mixin.py:188} INFO - [2026-06-22T08:37:19.225+0300] {dag.py:3096} INFO - Sync 3 DAGs
[2026-06-22T08:37:19.239+0300] {logging_mixin.py:188} INFO - [2026-06-22T08:37:19.238+0300] {dag.py:3954} INFO - Setting next_dagrun for example_subdag_operator to 2022-01-01 00:00:00+00:00, run_after=2022-01-01 00:00:00+00:00
[2026-06-22T08:37:19.241+0300] {logging_mixin.py:188} INFO - [2026-06-22T08:37:19.241+0300] {dag.py:3954} INFO - Setting next_dagrun for example_subdag_operator.section-1 to None, run_after=None
[2026-06-22T08:37:19.242+0300] {logging_mixin.py:188} INFO - [2026-06-22T08:37:19.242+0300] {dag.py:3954} INFO - Setting next_dagrun for example_subdag_operator.section-2 to None, run_after=None
[2026-06-22T08:37:19.247+0300] {logging_mixin.py:188} INFO - [2026-06-22T08:37:19.246+0300] {dag.py:3096} INFO - Sync 2 DAGs
[2026-06-22T08:37:19.250+0300] {logging_mixin.py:188} INFO - [2026-06-22T08:37:19.249+0300] {dag.py:3954} INFO - Setting next_dagrun for example_subdag_operator.section-1 to None, run_after=None
[2026-06-22T08:37:19.250+0300] {logging_mixin.py:188} INFO - [2026-06-22T08:37:19.250+0300] {dag.py:3954} INFO - Setting next_dagrun for example_subdag_operator.section-2 to None, run_after=None
[2026-06-22T08:37:19.271+0300] {processor.py:183} INFO - Processing /media/data/omar/programming course/DEPI/DEPI project/anomx/venv/lib/python3.12/site-packages/airflow/example_dags/example_subdag_operator.py took 0.082 seconds
[2026-06-22T08:38:08.526+0300] {processor.py:161} INFO - Started process (PID=44391) to work on /media/data/omar/programming course/DEPI/DEPI project/anomx/venv/lib/python3.12/site-packages/airflow/example_dags/example_subdag_operator.py
[2026-06-22T08:38:08.527+0300] {processor.py:830} INFO - Processing file /media/data/omar/programming course/DEPI/DEPI project/anomx/venv/lib/python3.12/site-packages/airflow/example_dags/example_subdag_operator.py for tasks to queue
[2026-06-22T08:38:08.528+0300] {logging_mixin.py:188} INFO - [2026-06-22T08:38:08.527+0300] {dagbag.py:540} INFO - Filling up the DagBag from /media/data/omar/programming course/DEPI/DEPI project/anomx/venv/lib/python3.12/site-packages/airflow/example_dags/example_subdag_operator.py
[2026-06-22T08:38:08.546+0300] {processor.py:840} INFO - DAG(s) 'example_subdag_operator.section-1', 'example_subdag_operator.section-2', 'example_subdag_operator' retrieved from /media/data/omar/programming course/DEPI/DEPI project/anomx/venv/lib/python3.12/site-packages/airflow/example_dags/example_subdag_operator.py
[2026-06-22T08:38:08.558+0300] {logging_mixin.py:188} INFO - [2026-06-22T08:38:08.558+0300] {dag.py:3096} INFO - Sync 3 DAGs
[2026-06-22T08:38:08.570+0300] {logging_mixin.py:188} INFO - [2026-06-22T08:38:08.570+0300] {dag.py:3954} INFO - Setting next_dagrun for example_subdag_operator to 2022-01-01 00:00:00+00:00, run_after=2022-01-01 00:00:00+00:00
[2026-06-22T08:38:08.573+0300] {logging_mixin.py:188} INFO - [2026-06-22T08:38:08.572+0300] {dag.py:3954} INFO - Setting next_dagrun for example_subdag_operator.section-1 to None, run_after=None
[2026-06-22T08:38:08.574+0300] {logging_mixin.py:188} INFO - [2026-06-22T08:38:08.574+0300] {dag.py:3954} INFO - Setting next_dagrun for example_subdag_operator.section-2 to None, run_after=None
[2026-06-22T08:38:08.579+0300] {logging_mixin.py:188} INFO - [2026-06-22T08:38:08.578+0300] {dag.py:3096} INFO - Sync 2 DAGs
[2026-06-22T08:38:08.581+0300] {logging_mixin.py:188} INFO - [2026-06-22T08:38:08.581+0300] {dag.py:3954} INFO - Setting next_dagrun for example_subdag_operator.section-1 to None, run_after=None
[2026-06-22T08:38:08.582+0300] {logging_mixin.py:188} INFO - [2026-06-22T08:38:08.582+0300] {dag.py:3954} INFO - Setting next_dagrun for example_subdag_operator.section-2 to None, run_after=None
[2026-06-22T08:38:08.601+0300] {processor.py:183} INFO - Processing /media/data/omar/programming course/DEPI/DEPI project/anomx/venv/lib/python3.12/site-packages/airflow/example_dags/example_subdag_operator.py took 0.080 seconds
[2026-06-22T08:38:58.289+0300] {processor.py:161} INFO - Started process (PID=44485) to work on /media/data/omar/programming course/DEPI/DEPI project/anomx/venv/lib/python3.12/site-packages/airflow/example_dags/example_subdag_operator.py
[2026-06-22T08:38:58.290+0300] {processor.py:830} INFO - Processing file /media/data/omar/programming course/DEPI/DEPI project/anomx/venv/lib/python3.12/site-packages/airflow/example_dags/example_subdag_operator.py for tasks to queue
[2026-06-22T08:38:58.292+0300] {logging_mixin.py:188} INFO - [2026-06-22T08:38:58.291+0300] {dagbag.py:540} INFO - Filling up the DagBag from /media/data/omar/programming course/DEPI/DEPI project/anomx/venv/lib/python3.12/site-packages/airflow/example_dags/example_subdag_operator.py
[2026-06-22T08:38:58.322+0300] {processor.py:840} INFO - DAG(s) 'example_subdag_operator.section-1', 'example_subdag_operator.section-2', 'example_subdag_operator' retrieved from /media/data/omar/programming course/DEPI/DEPI project/anomx/venv/lib/python3.12/site-packages/airflow/example_dags/example_subdag_operator.py
[2026-06-22T08:38:58.338+0300] {logging_mixin.py:188} INFO - [2026-06-22T08:38:58.337+0300] {dag.py:3096} INFO - Sync 3 DAGs
[2026-06-22T08:38:58.355+0300] {logging_mixin.py:188} INFO - [2026-06-22T08:38:58.354+0300] {dag.py:3954} INFO - Setting next_dagrun for example_subdag_operator to 2022-01-01 00:00:00+00:00, run_after=2022-01-01 00:00:00+00:00
[2026-06-22T08:38:58.357+0300] {logging_mixin.py:188} INFO - [2026-06-22T08:38:58.357+0300] {dag.py:3954} INFO - Setting next_dagrun for example_subdag_operator.section-1 to None, run_after=None
[2026-06-22T08:38:58.358+0300] {logging_mixin.py:188} INFO - [2026-06-22T08:38:58.358+0300] {dag.py:3954} INFO - Setting next_dagrun for example_subdag_operator.section-2 to None, run_after=None
[2026-06-22T08:38:58.365+0300] {logging_mixin.py:188} INFO - [2026-06-22T08:38:58.365+0300] {dag.py:3096} INFO - Sync 2 DAGs
[2026-06-22T08:38:58.370+0300] {logging_mixin.py:188} INFO - [2026-06-22T08:38:58.369+0300] {dag.py:3954} INFO - Setting next_dagrun for example_subdag_operator.section-1 to None, run_after=None
[2026-06-22T08:38:58.370+0300] {logging_mixin.py:188} INFO - [2026-06-22T08:38:58.370+0300] {dag.py:3954} INFO - Setting next_dagrun for example_subdag_operator.section-2 to None, run_after=None
[2026-06-22T08:38:58.394+0300] {processor.py:183} INFO - Processing /media/data/omar/programming course/DEPI/DEPI project/anomx/venv/lib/python3.12/site-packages/airflow/example_dags/example_subdag_operator.py took 0.116 seconds
[2026-06-22T08:39:51.872+0300] {processor.py:161} INFO - Started process (PID=44564) to work on /media/data/omar/programming course/DEPI/DEPI project/anomx/venv/lib/python3.12/site-packages/airflow/example_dags/example_subdag_operator.py
[2026-06-22T08:39:51.874+0300] {processor.py:830} INFO - Processing file /media/data/omar/programming course/DEPI/DEPI project/anomx/venv/lib/python3.12/site-packages/airflow/example_dags/example_subdag_operator.py for tasks to queue
[2026-06-22T08:39:51.875+0300] {logging_mixin.py:188} INFO - [2026-06-22T08:39:51.875+0300] {dagbag.py:540} INFO - Filling up the DagBag from /media/data/omar/programming course/DEPI/DEPI project/anomx/venv/lib/python3.12/site-packages/airflow/example_dags/example_subdag_operator.py
[2026-06-22T08:39:51.901+0300] {processor.py:840} INFO - DAG(s) 'example_subdag_operator.section-1', 'example_subdag_operator.section-2', 'example_subdag_operator' retrieved from /media/data/omar/programming course/DEPI/DEPI project/anomx/venv/lib/python3.12/site-packages/airflow/example_dags/example_subdag_operator.py
[2026-06-22T08:39:51.916+0300] {logging_mixin.py:188} INFO - [2026-06-22T08:39:51.916+0300] {dag.py:3096} INFO - Sync 3 DAGs
[2026-06-22T08:39:51.930+0300] {logging_mixin.py:188} INFO - [2026-06-22T08:39:51.930+0300] {dag.py:3954} INFO - Setting next_dagrun for example_subdag_operator to 2022-01-01 00:00:00+00:00, run_after=2022-01-01 00:00:00+00:00
[2026-06-22T08:39:51.933+0300] {logging_mixin.py:188} INFO - [2026-06-22T08:39:51.933+0300] {dag.py:3954} INFO - Setting next_dagrun for example_subdag_operator.section-1 to None, run_after=None
[2026-06-22T08:39:51.935+0300] {logging_mixin.py:188} INFO - [2026-06-22T08:39:51.935+0300] {dag.py:3954} INFO - Setting next_dagrun for example_subdag_operator.section-2 to None, run_after=None
[2026-06-22T08:39:51.942+0300] {logging_mixin.py:188} INFO - [2026-06-22T08:39:51.941+0300] {dag.py:3096} INFO - Sync 2 DAGs
[2026-06-22T08:39:51.945+0300] {logging_mixin.py:188} INFO - [2026-06-22T08:39:51.945+0300] {dag.py:3954} INFO - Setting next_dagrun for example_subdag_operator.section-1 to None, run_after=None
[2026-06-22T08:39:51.945+0300] {logging_mixin.py:188} INFO - [2026-06-22T08:39:51.945+0300] {dag.py:3954} INFO - Setting next_dagrun for example_subdag_operator.section-2 to None, run_after=None
[2026-06-22T08:39:51.968+0300] {processor.py:183} INFO - Processing /media/data/omar/programming course/DEPI/DEPI project/anomx/venv/lib/python3.12/site-packages/airflow/example_dags/example_subdag_operator.py took 0.105 seconds
[2026-06-22T08:40:47.218+0300] {processor.py:161} INFO - Started process (PID=44668) to work on /media/data/omar/programming course/DEPI/DEPI project/anomx/venv/lib/python3.12/site-packages/airflow/example_dags/example_subdag_operator.py
[2026-06-22T08:40:47.220+0300] {processor.py:830} INFO - Processing file /media/data/omar/programming course/DEPI/DEPI project/anomx/venv/lib/python3.12/site-packages/airflow/example_dags/example_subdag_operator.py for tasks to queue
[2026-06-22T08:40:47.224+0300] {logging_mixin.py:188} INFO - [2026-06-22T08:40:47.222+0300] {dagbag.py:540} INFO - Filling up the DagBag from /media/data/omar/programming course/DEPI/DEPI project/anomx/venv/lib/python3.12/site-packages/airflow/example_dags/example_subdag_operator.py
[2026-06-22T08:40:47.259+0300] {processor.py:840} INFO - DAG(s) 'example_subdag_operator.section-1', 'example_subdag_operator.section-2', 'example_subdag_operator' retrieved from /media/data/omar/programming course/DEPI/DEPI project/anomx/venv/lib/python3.12/site-packages/airflow/example_dags/example_subdag_operator.py
[2026-06-22T08:40:47.272+0300] {logging_mixin.py:188} INFO - [2026-06-22T08:40:47.271+0300] {dag.py:3096} INFO - Sync 3 DAGs
[2026-06-22T08:40:47.286+0300] {logging_mixin.py:188} INFO - [2026-06-22T08:40:47.286+0300] {dag.py:3954} INFO - Setting next_dagrun for example_subdag_operator to 2022-01-01 00:00:00+00:00, run_after=2022-01-01 00:00:00+00:00
[2026-06-22T08:40:47.289+0300] {logging_mixin.py:188} INFO - [2026-06-22T08:40:47.289+0300] {dag.py:3954} INFO - Setting next_dagrun for example_subdag_operator.section-1 to None, run_after=None
[2026-06-22T08:40:47.290+0300] {logging_mixin.py:188} INFO - [2026-06-22T08:40:47.290+0300] {dag.py:3954} INFO - Setting next_dagrun for example_subdag_operator.section-2 to None, run_after=None
[2026-06-22T08:40:47.297+0300] {logging_mixin.py:188} INFO - [2026-06-22T08:40:47.296+0300] {dag.py:3096} INFO - Sync 2 DAGs
[2026-06-22T08:40:47.300+0300] {logging_mixin.py:188} INFO - [2026-06-22T08:40:47.300+0300] {dag.py:3954} INFO - Setting next_dagrun for example_subdag_operator.section-1 to None, run_after=None
[2026-06-22T08:40:47.301+0300] {logging_mixin.py:188} INFO - [2026-06-22T08:40:47.301+0300] {dag.py:3954} INFO - Setting next_dagrun for example_subdag_operator.section-2 to None, run_after=None
[2026-06-22T08:40:47.325+0300] {processor.py:183} INFO - Processing /media/data/omar/programming course/DEPI/DEPI project/anomx/venv/lib/python3.12/site-packages/airflow/example_dags/example_subdag_operator.py took 0.123 seconds
[2026-06-22T08:41:44.734+0300] {processor.py:161} INFO - Started process (PID=44751) to work on /media/data/omar/programming course/DEPI/DEPI project/anomx/venv/lib/python3.12/site-packages/airflow/example_dags/example_subdag_operator.py
[2026-06-22T08:41:44.735+0300] {processor.py:830} INFO - Processing file /media/data/omar/programming course/DEPI/DEPI project/anomx/venv/lib/python3.12/site-packages/airflow/example_dags/example_subdag_operator.py for tasks to queue
[2026-06-22T08:41:44.738+0300] {logging_mixin.py:188} INFO - [2026-06-22T08:41:44.738+0300] {dagbag.py:540} INFO - Filling up the DagBag from /media/data/omar/programming course/DEPI/DEPI project/anomx/venv/lib/python3.12/site-packages/airflow/example_dags/example_subdag_operator.py
[2026-06-22T08:41:44.774+0300] {processor.py:840} INFO - DAG(s) 'example_subdag_operator.section-1', 'example_subdag_operator.section-2', 'example_subdag_operator' retrieved from /media/data/omar/programming course/DEPI/DEPI project/anomx/venv/lib/python3.12/site-packages/airflow/example_dags/example_subdag_operator.py
[2026-06-22T08:41:44.789+0300] {logging_mixin.py:188} INFO - [2026-06-22T08:41:44.789+0300] {dag.py:3096} INFO - Sync 3 DAGs
[2026-06-22T08:41:44.805+0300] {logging_mixin.py:188} INFO - [2026-06-22T08:41:44.804+0300] {dag.py:3954} INFO - Setting next_dagrun for example_subdag_operator to 2022-01-01 00:00:00+00:00, run_after=2022-01-01 00:00:00+00:00
[2026-06-22T08:41:44.808+0300] {logging_mixin.py:188} INFO - [2026-06-22T08:41:44.807+0300] {dag.py:3954} INFO - Setting next_dagrun for example_subdag_operator.section-1 to None, run_after=None
[2026-06-22T08:41:44.809+0300] {logging_mixin.py:188} INFO - [2026-06-22T08:41:44.808+0300] {dag.py:3954} INFO - Setting next_dagrun for example_subdag_operator.section-2 to None, run_after=None
[2026-06-22T08:41:44.817+0300] {logging_mixin.py:188} INFO - [2026-06-22T08:41:44.816+0300] {dag.py:3096} INFO - Sync 2 DAGs
[2026-06-22T08:41:44.820+0300] {logging_mixin.py:188} INFO - [2026-06-22T08:41:44.820+0300] {dag.py:3954} INFO - Setting next_dagrun for example_subdag_operator.section-1 to None, run_after=None
[2026-06-22T08:41:44.821+0300] {logging_mixin.py:188} INFO - [2026-06-22T08:41:44.821+0300] {dag.py:3954} INFO - Setting next_dagrun for example_subdag_operator.section-2 to None, run_after=None
[2026-06-22T08:41:44.845+0300] {processor.py:183} INFO - Processing /media/data/omar/programming course/DEPI/DEPI project/anomx/venv/lib/python3.12/site-packages/airflow/example_dags/example_subdag_operator.py took 0.132 seconds
[2026-06-22T08:42:35.408+0300] {processor.py:161} INFO - Started process (PID=44825) to work on /media/data/omar/programming course/DEPI/DEPI project/anomx/venv/lib/python3.12/site-packages/airflow/example_dags/example_subdag_operator.py
[2026-06-22T08:42:35.410+0300] {processor.py:830} INFO - Processing file /media/data/omar/programming course/DEPI/DEPI project/anomx/venv/lib/python3.12/site-packages/airflow/example_dags/example_subdag_operator.py for tasks to queue
[2026-06-22T08:42:35.413+0300] {logging_mixin.py:188} INFO - [2026-06-22T08:42:35.412+0300] {dagbag.py:540} INFO - Filling up the DagBag from /media/data/omar/programming course/DEPI/DEPI project/anomx/venv/lib/python3.12/site-packages/airflow/example_dags/example_subdag_operator.py
[2026-06-22T08:42:35.444+0300] {processor.py:840} INFO - DAG(s) 'example_subdag_operator.section-1', 'example_subdag_operator.section-2', 'example_subdag_operator' retrieved from /media/data/omar/programming course/DEPI/DEPI project/anomx/venv/lib/python3.12/site-packages/airflow/example_dags/example_subdag_operator.py
[2026-06-22T08:42:35.468+0300] {logging_mixin.py:188} INFO - [2026-06-22T08:42:35.467+0300] {dag.py:3096} INFO - Sync 3 DAGs
[2026-06-22T08:42:35.491+0300] {logging_mixin.py:188} INFO - [2026-06-22T08:42:35.491+0300] {dag.py:3954} INFO - Setting next_dagrun for example_subdag_operator to 2022-01-01 00:00:00+00:00, run_after=2022-01-01 00:00:00+00:00
[2026-06-22T08:42:35.496+0300] {logging_mixin.py:188} INFO - [2026-06-22T08:42:35.495+0300] {dag.py:3954} INFO - Setting next_dagrun for example_subdag_operator.section-1 to None, run_after=None
[2026-06-22T08:42:35.497+0300] {logging_mixin.py:188} INFO - [2026-06-22T08:42:35.497+0300] {dag.py:3954} INFO - Setting next_dagrun for example_subdag_operator.section-2 to None, run_after=None
[2026-06-22T08:42:35.505+0300] {logging_mixin.py:188} INFO - [2026-06-22T08:42:35.504+0300] {dag.py:3096} INFO - Sync 2 DAGs
[2026-06-22T08:42:35.508+0300] {logging_mixin.py:188} INFO - [2026-06-22T08:42:35.508+0300] {dag.py:3954} INFO - Setting next_dagrun for example_subdag_operator.section-1 to None, run_after=None
[2026-06-22T08:42:35.509+0300] {logging_mixin.py:188} INFO - [2026-06-22T08:42:35.508+0300] {dag.py:3954} INFO - Setting next_dagrun for example_subdag_operator.section-2 to None, run_after=None
[2026-06-22T08:42:35.534+0300] {processor.py:183} INFO - Processing /media/data/omar/programming course/DEPI/DEPI project/anomx/venv/lib/python3.12/site-packages/airflow/example_dags/example_subdag_operator.py took 0.136 seconds
[2026-06-22T08:43:27.979+0300] {processor.py:161} INFO - Started process (PID=44912) to work on /media/data/omar/programming course/DEPI/DEPI project/anomx/venv/lib/python3.12/site-packages/airflow/example_dags/example_subdag_operator.py
[2026-06-22T08:43:27.980+0300] {processor.py:830} INFO - Processing file /media/data/omar/programming course/DEPI/DEPI project/anomx/venv/lib/python3.12/site-packages/airflow/example_dags/example_subdag_operator.py for tasks to queue
[2026-06-22T08:43:27.982+0300] {logging_mixin.py:188} INFO - [2026-06-22T08:43:27.981+0300] {dagbag.py:540} INFO - Filling up the DagBag from /media/data/omar/programming course/DEPI/DEPI project/anomx/venv/lib/python3.12/site-packages/airflow/example_dags/example_subdag_operator.py
[2026-06-22T08:43:28.008+0300] {processor.py:840} INFO - DAG(s) 'example_subdag_operator.section-1', 'example_subdag_operator.section-2', 'example_subdag_operator' retrieved from /media/data/omar/programming course/DEPI/DEPI project/anomx/venv/lib/python3.12/site-packages/airflow/example_dags/example_subdag_operator.py
[2026-06-22T08:43:28.022+0300] {logging_mixin.py:188} INFO - [2026-06-22T08:43:28.021+0300] {dag.py:3096} INFO - Sync 3 DAGs
[2026-06-22T08:43:28.036+0300] {logging_mixin.py:188} INFO - [2026-06-22T08:43:28.036+0300] {dag.py:3954} INFO - Setting next_dagrun for example_subdag_operator to 2022-01-01 00:00:00+00:00, run_after=2022-01-01 00:00:00+00:00
[2026-06-22T08:43:28.040+0300] {logging_mixin.py:188} INFO - [2026-06-22T08:43:28.040+0300] {dag.py:3954} INFO - Setting next_dagrun for example_subdag_operator.section-1 to None, run_after=None
[2026-06-22T08:43:28.041+0300] {logging_mixin.py:188} INFO - [2026-06-22T08:43:28.041+0300] {dag.py:3954} INFO - Setting next_dagrun for example_subdag_operator.section-2 to None, run_after=None
[2026-06-22T08:43:28.047+0300] {logging_mixin.py:188} INFO - [2026-06-22T08:43:28.047+0300] {dag.py:3096} INFO - Sync 2 DAGs
[2026-06-22T08:43:28.050+0300] {logging_mixin.py:188} INFO - [2026-06-22T08:43:28.050+0300] {dag.py:3954} INFO - Setting next_dagrun for example_subdag_operator.section-1 to None, run_after=None
[2026-06-22T08:43:28.051+0300] {logging_mixin.py:188} INFO - [2026-06-22T08:43:28.051+0300] {dag.py:3954} INFO - Setting next_dagrun for example_subdag_operator.section-2 to None, run_after=None
[2026-06-22T08:43:28.073+0300] {processor.py:183} INFO - Processing /media/data/omar/programming course/DEPI/DEPI project/anomx/venv/lib/python3.12/site-packages/airflow/example_dags/example_subdag_operator.py took 0.103 seconds
[2026-06-22T08:44:21.316+0300] {processor.py:161} INFO - Started process (PID=45005) to work on /media/data/omar/programming course/DEPI/DEPI project/anomx/venv/lib/python3.12/site-packages/airflow/example_dags/example_subdag_operator.py
[2026-06-22T08:44:21.317+0300] {processor.py:830} INFO - Processing file /media/data/omar/programming course/DEPI/DEPI project/anomx/venv/lib/python3.12/site-packages/airflow/example_dags/example_subdag_operator.py for tasks to queue
[2026-06-22T08:44:21.319+0300] {logging_mixin.py:188} INFO - [2026-06-22T08:44:21.318+0300] {dagbag.py:540} INFO - Filling up the DagBag from /media/data/omar/programming course/DEPI/DEPI project/anomx/venv/lib/python3.12/site-packages/airflow/example_dags/example_subdag_operator.py
[2026-06-22T08:44:21.349+0300] {processor.py:840} INFO - DAG(s) 'example_subdag_operator.section-1', 'example_subdag_operator.section-2', 'example_subdag_operator' retrieved from /media/data/omar/programming course/DEPI/DEPI project/anomx/venv/lib/python3.12/site-packages/airflow/example_dags/example_subdag_operator.py
[2026-06-22T08:44:21.365+0300] {logging_mixin.py:188} INFO - [2026-06-22T08:44:21.365+0300] {dag.py:3096} INFO - Sync 3 DAGs
[2026-06-22T08:44:21.380+0300] {logging_mixin.py:188} INFO - [2026-06-22T08:44:21.380+0300] {dag.py:3954} INFO - Setting next_dagrun for example_subdag_operator to 2022-01-01 00:00:00+00:00, run_after=2022-01-01 00:00:00+00:00
[2026-06-22T08:44:21.383+0300] {logging_mixin.py:188} INFO - [2026-06-22T08:44:21.383+0300] {dag.py:3954} INFO - Setting next_dagrun for example_subdag_operator.section-1 to None, run_after=None
[2026-06-22T08:44:21.384+0300] {logging_mixin.py:188} INFO - [2026-06-22T08:44:21.384+0300] {dag.py:3954} INFO - Setting next_dagrun for example_subdag_operator.section-2 to None, run_after=None
[2026-06-22T08:44:21.390+0300] {logging_mixin.py:188} INFO - [2026-06-22T08:44:21.390+0300] {dag.py:3096} INFO - Sync 2 DAGs
[2026-06-22T08:44:21.393+0300] {logging_mixin.py:188} INFO - [2026-06-22T08:44:21.393+0300] {dag.py:3954} INFO - Setting next_dagrun for example_subdag_operator.section-1 to None, run_after=None
[2026-06-22T08:44:21.394+0300] {logging_mixin.py:188} INFO - [2026-06-22T08:44:21.394+0300] {dag.py:3954} INFO - Setting next_dagrun for example_subdag_operator.section-2 to None, run_after=None
[2026-06-22T08:44:21.419+0300] {processor.py:183} INFO - Processing /media/data/omar/programming course/DEPI/DEPI project/anomx/venv/lib/python3.12/site-packages/airflow/example_dags/example_subdag_operator.py took 0.114 seconds
[2026-06-22T08:45:10.729+0300] {processor.py:161} INFO - Started process (PID=45085) to work on /media/data/omar/programming course/DEPI/DEPI project/anomx/venv/lib/python3.12/site-packages/airflow/example_dags/example_subdag_operator.py
[2026-06-22T08:45:10.730+0300] {processor.py:830} INFO - Processing file /media/data/omar/programming course/DEPI/DEPI project/anomx/venv/lib/python3.12/site-packages/airflow/example_dags/example_subdag_operator.py for tasks to queue
[2026-06-22T08:45:10.731+0300] {logging_mixin.py:188} INFO - [2026-06-22T08:45:10.731+0300] {dagbag.py:540} INFO - Filling up the DagBag from /media/data/omar/programming course/DEPI/DEPI project/anomx/venv/lib/python3.12/site-packages/airflow/example_dags/example_subdag_operator.py
[2026-06-22T08:45:10.752+0300] {processor.py:840} INFO - DAG(s) 'example_subdag_operator.section-1', 'example_subdag_operator.section-2', 'example_subdag_operator' retrieved from /media/data/omar/programming course/DEPI/DEPI project/anomx/venv/lib/python3.12/site-packages/airflow/example_dags/example_subdag_operator.py
[2026-06-22T08:45:10.768+0300] {logging_mixin.py:188} INFO - [2026-06-22T08:45:10.767+0300] {dag.py:3096} INFO - Sync 3 DAGs
[2026-06-22T08:45:10.789+0300] {logging_mixin.py:188} INFO - [2026-06-22T08:45:10.788+0300] {dag.py:3954} INFO - Setting next_dagrun for example_subdag_operator to 2022-01-01 00:00:00+00:00, run_after=2022-01-01 00:00:00+00:00
[2026-06-22T08:45:10.794+0300] {logging_mixin.py:188} INFO - [2026-06-22T08:45:10.794+0300] {dag.py:3954} INFO - Setting next_dagrun for example_subdag_operator.section-1 to None, run_after=None
[2026-06-22T08:45:10.796+0300] {logging_mixin.py:188} INFO - [2026-06-22T08:45:10.796+0300] {dag.py:3954} INFO - Setting next_dagrun for example_subdag_operator.section-2 to None, run_after=None
[2026-06-22T08:45:10.803+0300] {logging_mixin.py:188} INFO - [2026-06-22T08:45:10.802+0300] {dag.py:3096} INFO - Sync 2 DAGs
[2026-06-22T08:45:10.806+0300] {logging_mixin.py:188} INFO - [2026-06-22T08:45:10.806+0300] {dag.py:3954} INFO - Setting next_dagrun for example_subdag_operator.section-1 to None, run_after=None
[2026-06-22T08:45:10.807+0300] {logging_mixin.py:188} INFO - [2026-06-22T08:45:10.806+0300] {dag.py:3954} INFO - Setting next_dagrun for example_subdag_operator.section-2 to None, run_after=None
[2026-06-22T08:45:10.830+0300] {processor.py:183} INFO - Processing /media/data/omar/programming course/DEPI/DEPI project/anomx/venv/lib/python3.12/site-packages/airflow/example_dags/example_subdag_operator.py took 0.106 seconds
[2026-06-22T08:46:01.779+0300] {processor.py:161} INFO - Started process (PID=45159) to work on /media/data/omar/programming course/DEPI/DEPI project/anomx/venv/lib/python3.12/site-packages/airflow/example_dags/example_subdag_operator.py
[2026-06-22T08:46:01.781+0300] {processor.py:830} INFO - Processing file /media/data/omar/programming course/DEPI/DEPI project/anomx/venv/lib/python3.12/site-packages/airflow/example_dags/example_subdag_operator.py for tasks to queue
[2026-06-22T08:46:01.784+0300] {logging_mixin.py:188} INFO - [2026-06-22T08:46:01.782+0300] {dagbag.py:540} INFO - Filling up the DagBag from /media/data/omar/programming course/DEPI/DEPI project/anomx/venv/lib/python3.12/site-packages/airflow/example_dags/example_subdag_operator.py
[2026-06-22T08:46:01.814+0300] {processor.py:840} INFO - DAG(s) 'example_subdag_operator.section-1', 'example_subdag_operator.section-2', 'example_subdag_operator' retrieved from /media/data/omar/programming course/DEPI/DEPI project/anomx/venv/lib/python3.12/site-packages/airflow/example_dags/example_subdag_operator.py
[2026-06-22T08:46:01.831+0300] {logging_mixin.py:188} INFO - [2026-06-22T08:46:01.831+0300] {dag.py:3096} INFO - Sync 3 DAGs
[2026-06-22T08:46:01.847+0300] {logging_mixin.py:188} INFO - [2026-06-22T08:46:01.847+0300] {dag.py:3954} INFO - Setting next_dagrun for example_subdag_operator to 2022-01-01 00:00:00+00:00, run_after=2022-01-01 00:00:00+00:00
[2026-06-22T08:46:01.850+0300] {logging_mixin.py:188} INFO - [2026-06-22T08:46:01.850+0300] {dag.py:3954} INFO - Setting next_dagrun for example_subdag_operator.section-1 to None, run_after=None
[2026-06-22T08:46:01.851+0300] {logging_mixin.py:188} INFO - [2026-06-22T08:46:01.851+0300] {dag.py:3954} INFO - Setting next_dagrun for example_subdag_operator.section-2 to None, run_after=None
[2026-06-22T08:46:01.856+0300] {logging_mixin.py:188} INFO - [2026-06-22T08:46:01.856+0300] {dag.py:3096} INFO - Sync 2 DAGs
[2026-06-22T08:46:01.860+0300] {logging_mixin.py:188} INFO - [2026-06-22T08:46:01.860+0300] {dag.py:3954} INFO - Setting next_dagrun for example_subdag_operator.section-1 to None, run_after=None
[2026-06-22T08:46:01.861+0300] {logging_mixin.py:188} INFO - [2026-06-22T08:46:01.861+0300] {dag.py:3954} INFO - Setting next_dagrun for example_subdag_operator.section-2 to None, run_after=None
[2026-06-22T08:46:01.888+0300] {processor.py:183} INFO - Processing /media/data/omar/programming course/DEPI/DEPI project/anomx/venv/lib/python3.12/site-packages/airflow/example_dags/example_subdag_operator.py took 0.116 seconds
[2026-06-22T08:46:52.884+0300] {processor.py:161} INFO - Started process (PID=45245) to work on /media/data/omar/programming course/DEPI/DEPI project/anomx/venv/lib/python3.12/site-packages/airflow/example_dags/example_subdag_operator.py
[2026-06-22T08:46:52.885+0300] {processor.py:830} INFO - Processing file /media/data/omar/programming course/DEPI/DEPI project/anomx/venv/lib/python3.12/site-packages/airflow/example_dags/example_subdag_operator.py for tasks to queue
[2026-06-22T08:46:52.887+0300] {logging_mixin.py:188} INFO - [2026-06-22T08:46:52.886+0300] {dagbag.py:540} INFO - Filling up the DagBag from /media/data/omar/programming course/DEPI/DEPI project/anomx/venv/lib/python3.12/site-packages/airflow/example_dags/example_subdag_operator.py
[2026-06-22T08:46:52.915+0300] {processor.py:840} INFO - DAG(s) 'example_subdag_operator.section-1', 'example_subdag_operator.section-2', 'example_subdag_operator' retrieved from /media/data/omar/programming course/DEPI/DEPI project/anomx/venv/lib/python3.12/site-packages/airflow/example_dags/example_subdag_operator.py
[2026-06-22T08:46:52.929+0300] {logging_mixin.py:188} INFO - [2026-06-22T08:46:52.929+0300] {dag.py:3096} INFO - Sync 3 DAGs
[2026-06-22T08:46:52.944+0300] {logging_mixin.py:188} INFO - [2026-06-22T08:46:52.944+0300] {dag.py:3954} INFO - Setting next_dagrun for example_subdag_operator to 2022-01-01 00:00:00+00:00, run_after=2022-01-01 00:00:00+00:00
[2026-06-22T08:46:52.947+0300] {logging_mixin.py:188} INFO - [2026-06-22T08:46:52.947+0300] {dag.py:3954} INFO - Setting next_dagrun for example_subdag_operator.section-1 to None, run_after=None
[2026-06-22T08:46:52.948+0300] {logging_mixin.py:188} INFO - [2026-06-22T08:46:52.948+0300] {dag.py:3954} INFO - Setting next_dagrun for example_subdag_operator.section-2 to None, run_after=None
[2026-06-22T08:46:52.954+0300] {logging_mixin.py:188} INFO - [2026-06-22T08:46:52.954+0300] {dag.py:3096} INFO - Sync 2 DAGs
[2026-06-22T08:46:52.959+0300] {logging_mixin.py:188} INFO - [2026-06-22T08:46:52.958+0300] {dag.py:3954} INFO - Setting next_dagrun for example_subdag_operator.section-1 to None, run_after=None
[2026-06-22T08:46:52.959+0300] {logging_mixin.py:188} INFO - [2026-06-22T08:46:52.959+0300] {dag.py:3954} INFO - Setting next_dagrun for example_subdag_operator.section-2 to None, run_after=None
[2026-06-22T08:46:52.984+0300] {processor.py:183} INFO - Processing /media/data/omar/programming course/DEPI/DEPI project/anomx/venv/lib/python3.12/site-packages/airflow/example_dags/example_subdag_operator.py took 0.108 seconds
[2026-06-22T08:47:44.423+0300] {processor.py:161} INFO - Started process (PID=45331) to work on /media/data/omar/programming course/DEPI/DEPI project/anomx/venv/lib/python3.12/site-packages/airflow/example_dags/example_subdag_operator.py
[2026-06-22T08:47:44.424+0300] {processor.py:830} INFO - Processing file /media/data/omar/programming course/DEPI/DEPI project/anomx/venv/lib/python3.12/site-packages/airflow/example_dags/example_subdag_operator.py for tasks to queue
[2026-06-22T08:47:44.425+0300] {logging_mixin.py:188} INFO - [2026-06-22T08:47:44.424+0300] {dagbag.py:540} INFO - Filling up the DagBag from /media/data/omar/programming course/DEPI/DEPI project/anomx/venv/lib/python3.12/site-packages/airflow/example_dags/example_subdag_operator.py
[2026-06-22T08:47:44.445+0300] {processor.py:840} INFO - DAG(s) 'example_subdag_operator.section-1', 'example_subdag_operator.section-2', 'example_subdag_operator' retrieved from /media/data/omar/programming course/DEPI/DEPI project/anomx/venv/lib/python3.12/site-packages/airflow/example_dags/example_subdag_operator.py
[2026-06-22T08:47:44.459+0300] {logging_mixin.py:188} INFO - [2026-06-22T08:47:44.459+0300] {dag.py:3096} INFO - Sync 3 DAGs
[2026-06-22T08:47:44.474+0300] {logging_mixin.py:188} INFO - [2026-06-22T08:47:44.474+0300] {dag.py:3954} INFO - Setting next_dagrun for example_subdag_operator to 2022-01-01 00:00:00+00:00, run_after=2022-01-01 00:00:00+00:00
[2026-06-22T08:47:44.477+0300] {logging_mixin.py:188} INFO - [2026-06-22T08:47:44.476+0300] {dag.py:3954} INFO - Setting next_dagrun for example_subdag_operator.section-1 to None, run_after=None
[2026-06-22T08:47:44.478+0300] {logging_mixin.py:188} INFO - [2026-06-22T08:47:44.478+0300] {dag.py:3954} INFO - Setting next_dagrun for example_subdag_operator.section-2 to None, run_after=None
[2026-06-22T08:47:44.483+0300] {logging_mixin.py:188} INFO - [2026-06-22T08:47:44.483+0300] {dag.py:3096} INFO - Sync 2 DAGs
[2026-06-22T08:47:44.486+0300] {logging_mixin.py:188} INFO - [2026-06-22T08:47:44.486+0300] {dag.py:3954} INFO - Setting next_dagrun for example_subdag_operator.section-1 to None, run_after=None
[2026-06-22T08:47:44.487+0300] {logging_mixin.py:188} INFO - [2026-06-22T08:47:44.487+0300] {dag.py:3954} INFO - Setting next_dagrun for example_subdag_operator.section-2 to None, run_after=None
[2026-06-22T08:47:44.512+0300] {processor.py:183} INFO - Processing /media/data/omar/programming course/DEPI/DEPI project/anomx/venv/lib/python3.12/site-packages/airflow/example_dags/example_subdag_operator.py took 0.095 seconds
[2026-06-22T08:48:33.690+0300] {processor.py:161} INFO - Started process (PID=45408) to work on /media/data/omar/programming course/DEPI/DEPI project/anomx/venv/lib/python3.12/site-packages/airflow/example_dags/example_subdag_operator.py
[2026-06-22T08:48:33.692+0300] {processor.py:830} INFO - Processing file /media/data/omar/programming course/DEPI/DEPI project/anomx/venv/lib/python3.12/site-packages/airflow/example_dags/example_subdag_operator.py for tasks to queue
[2026-06-22T08:48:33.695+0300] {logging_mixin.py:188} INFO - [2026-06-22T08:48:33.694+0300] {dagbag.py:540} INFO - Filling up the DagBag from /media/data/omar/programming course/DEPI/DEPI project/anomx/venv/lib/python3.12/site-packages/airflow/example_dags/example_subdag_operator.py
[2026-06-22T08:48:33.723+0300] {processor.py:840} INFO - DAG(s) 'example_subdag_operator.section-1', 'example_subdag_operator.section-2', 'example_subdag_operator' retrieved from /media/data/omar/programming course/DEPI/DEPI project/anomx/venv/lib/python3.12/site-packages/airflow/example_dags/example_subdag_operator.py
[2026-06-22T08:48:33.736+0300] {logging_mixin.py:188} INFO - [2026-06-22T08:48:33.736+0300] {dag.py:3096} INFO - Sync 3 DAGs
[2026-06-22T08:48:33.749+0300] {logging_mixin.py:188} INFO - [2026-06-22T08:48:33.748+0300] {dag.py:3954} INFO - Setting next_dagrun for example_subdag_operator to 2022-01-01 00:00:00+00:00, run_after=2022-01-01 00:00:00+00:00
[2026-06-22T08:48:33.751+0300] {logging_mixin.py:188} INFO - [2026-06-22T08:48:33.751+0300] {dag.py:3954} INFO - Setting next_dagrun for example_subdag_operator.section-1 to None, run_after=None
[2026-06-22T08:48:33.752+0300] {logging_mixin.py:188} INFO - [2026-06-22T08:48:33.752+0300] {dag.py:3954} INFO - Setting next_dagrun for example_subdag_operator.section-2 to None, run_after=None
[2026-06-22T08:48:33.757+0300] {logging_mixin.py:188} INFO - [2026-06-22T08:48:33.757+0300] {dag.py:3096} INFO - Sync 2 DAGs
[2026-06-22T08:48:33.760+0300] {logging_mixin.py:188} INFO - [2026-06-22T08:48:33.760+0300] {dag.py:3954} INFO - Setting next_dagrun for example_subdag_operator.section-1 to None, run_after=None
[2026-06-22T08:48:33.760+0300] {logging_mixin.py:188} INFO - [2026-06-22T08:48:33.760+0300] {dag.py:3954} INFO - Setting next_dagrun for example_subdag_operator.section-2 to None, run_after=None
[2026-06-22T08:48:33.780+0300] {processor.py:183} INFO - Processing /media/data/omar/programming course/DEPI/DEPI project/anomx/venv/lib/python3.12/site-packages/airflow/example_dags/example_subdag_operator.py took 0.103 seconds
[2026-06-22T08:49:24.434+0300] {processor.py:161} INFO - Started process (PID=45495) to work on /media/data/omar/programming course/DEPI/DEPI project/anomx/venv/lib/python3.12/site-packages/airflow/example_dags/example_subdag_operator.py
[2026-06-22T08:49:24.437+0300] {processor.py:830} INFO - Processing file /media/data/omar/programming course/DEPI/DEPI project/anomx/venv/lib/python3.12/site-packages/airflow/example_dags/example_subdag_operator.py for tasks to queue
[2026-06-22T08:49:24.440+0300] {logging_mixin.py:188} INFO - [2026-06-22T08:49:24.439+0300] {dagbag.py:540} INFO - Filling up the DagBag from /media/data/omar/programming course/DEPI/DEPI project/anomx/venv/lib/python3.12/site-packages/airflow/example_dags/example_subdag_operator.py
[2026-06-22T08:49:24.470+0300] {processor.py:840} INFO - DAG(s) 'example_subdag_operator.section-1', 'example_subdag_operator.section-2', 'example_subdag_operator' retrieved from /media/data/omar/programming course/DEPI/DEPI project/anomx/venv/lib/python3.12/site-packages/airflow/example_dags/example_subdag_operator.py
[2026-06-22T08:49:24.484+0300] {logging_mixin.py:188} INFO - [2026-06-22T08:49:24.483+0300] {dag.py:3096} INFO - Sync 3 DAGs
[2026-06-22T08:49:24.497+0300] {logging_mixin.py:188} INFO - [2026-06-22T08:49:24.497+0300] {dag.py:3954} INFO - Setting next_dagrun for example_subdag_operator to 2022-01-01 00:00:00+00:00, run_after=2022-01-01 00:00:00+00:00
[2026-06-22T08:49:24.500+0300] {logging_mixin.py:188} INFO - [2026-06-22T08:49:24.500+0300] {dag.py:3954} INFO - Setting next_dagrun for example_subdag_operator.section-1 to None, run_after=None
[2026-06-22T08:49:24.501+0300] {logging_mixin.py:188} INFO - [2026-06-22T08:49:24.501+0300] {dag.py:3954} INFO - Setting next_dagrun for example_subdag_operator.section-2 to None, run_after=None
[2026-06-22T08:49:24.507+0300] {logging_mixin.py:188} INFO - [2026-06-22T08:49:24.507+0300] {dag.py:3096} INFO - Sync 2 DAGs
[2026-06-22T08:49:24.511+0300] {logging_mixin.py:188} INFO - [2026-06-22T08:49:24.511+0300] {dag.py:3954} INFO - Setting next_dagrun for example_subdag_operator.section-1 to None, run_after=None
[2026-06-22T08:49:24.512+0300] {logging_mixin.py:188} INFO - [2026-06-22T08:49:24.512+0300] {dag.py:3954} INFO - Setting next_dagrun for example_subdag_operator.section-2 to None, run_after=None
[2026-06-22T08:49:24.534+0300] {processor.py:183} INFO - Processing /media/data/omar/programming course/DEPI/DEPI project/anomx/venv/lib/python3.12/site-packages/airflow/example_dags/example_subdag_operator.py took 0.119 seconds
[2026-06-22T08:50:20.052+0300] {processor.py:161} INFO - Started process (PID=45587) to work on /media/data/omar/programming course/DEPI/DEPI project/anomx/venv/lib/python3.12/site-packages/airflow/example_dags/example_subdag_operator.py
[2026-06-22T08:50:20.055+0300] {processor.py:830} INFO - Processing file /media/data/omar/programming course/DEPI/DEPI project/anomx/venv/lib/python3.12/site-packages/airflow/example_dags/example_subdag_operator.py for tasks to queue
[2026-06-22T08:50:20.059+0300] {logging_mixin.py:188} INFO - [2026-06-22T08:50:20.057+0300] {dagbag.py:540} INFO - Filling up the DagBag from /media/data/omar/programming course/DEPI/DEPI project/anomx/venv/lib/python3.12/site-packages/airflow/example_dags/example_subdag_operator.py
[2026-06-22T08:50:20.099+0300] {processor.py:840} INFO - DAG(s) 'example_subdag_operator.section-1', 'example_subdag_operator.section-2', 'example_subdag_operator' retrieved from /media/data/omar/programming course/DEPI/DEPI project/anomx/venv/lib/python3.12/site-packages/airflow/example_dags/example_subdag_operator.py
[2026-06-22T08:50:20.113+0300] {logging_mixin.py:188} INFO - [2026-06-22T08:50:20.112+0300] {dag.py:3096} INFO - Sync 3 DAGs
[2026-06-22T08:50:20.127+0300] {logging_mixin.py:188} INFO - [2026-06-22T08:50:20.127+0300] {dag.py:3954} INFO - Setting next_dagrun for example_subdag_operator to 2022-01-01 00:00:00+00:00, run_after=2022-01-01 00:00:00+00:00
[2026-06-22T08:50:20.129+0300] {logging_mixin.py:188} INFO - [2026-06-22T08:50:20.129+0300] {dag.py:3954} INFO - Setting next_dagrun for example_subdag_operator.section-1 to None, run_after=None
[2026-06-22T08:50:20.130+0300] {logging_mixin.py:188} INFO - [2026-06-22T08:50:20.130+0300] {dag.py:3954} INFO - Setting next_dagrun for example_subdag_operator.section-2 to None, run_after=None
[2026-06-22T08:50:20.135+0300] {logging_mixin.py:188} INFO - [2026-06-22T08:50:20.135+0300] {dag.py:3096} INFO - Sync 2 DAGs
[2026-06-22T08:50:20.139+0300] {logging_mixin.py:188} INFO - [2026-06-22T08:50:20.138+0300] {dag.py:3954} INFO - Setting next_dagrun for example_subdag_operator.section-1 to None, run_after=None
[2026-06-22T08:50:20.139+0300] {logging_mixin.py:188} INFO - [2026-06-22T08:50:20.139+0300] {dag.py:3954} INFO - Setting next_dagrun for example_subdag_operator.section-2 to None, run_after=None
[2026-06-22T08:50:20.159+0300] {processor.py:183} INFO - Processing /media/data/omar/programming course/DEPI/DEPI project/anomx/venv/lib/python3.12/site-packages/airflow/example_dags/example_subdag_operator.py took 0.126 seconds
[2026-06-22T08:51:11.599+0300] {processor.py:161} INFO - Started process (PID=45666) to work on /media/data/omar/programming course/DEPI/DEPI project/anomx/venv/lib/python3.12/site-packages/airflow/example_dags/example_subdag_operator.py
[2026-06-22T08:51:11.599+0300] {processor.py:830} INFO - Processing file /media/data/omar/programming course/DEPI/DEPI project/anomx/venv/lib/python3.12/site-packages/airflow/example_dags/example_subdag_operator.py for tasks to queue
[2026-06-22T08:51:11.600+0300] {logging_mixin.py:188} INFO - [2026-06-22T08:51:11.600+0300] {dagbag.py:540} INFO - Filling up the DagBag from /media/data/omar/programming course/DEPI/DEPI project/anomx/venv/lib/python3.12/site-packages/airflow/example_dags/example_subdag_operator.py
[2026-06-22T08:51:11.629+0300] {processor.py:840} INFO - DAG(s) 'example_subdag_operator.section-1', 'example_subdag_operator.section-2', 'example_subdag_operator' retrieved from /media/data/omar/programming course/DEPI/DEPI project/anomx/venv/lib/python3.12/site-packages/airflow/example_dags/example_subdag_operator.py
[2026-06-22T08:51:11.646+0300] {logging_mixin.py:188} INFO - [2026-06-22T08:51:11.645+0300] {dag.py:3096} INFO - Sync 3 DAGs
[2026-06-22T08:51:11.660+0300] {logging_mixin.py:188} INFO - [2026-06-22T08:51:11.660+0300] {dag.py:3954} INFO - Setting next_dagrun for example_subdag_operator to 2022-01-01 00:00:00+00:00, run_after=2022-01-01 00:00:00+00:00
[2026-06-22T08:51:11.663+0300] {logging_mixin.py:188} INFO - [2026-06-22T08:51:11.663+0300] {dag.py:3954} INFO - Setting next_dagrun for example_subdag_operator.section-1 to None, run_after=None
[2026-06-22T08:51:11.665+0300] {logging_mixin.py:188} INFO - [2026-06-22T08:51:11.664+0300] {dag.py:3954} INFO - Setting next_dagrun for example_subdag_operator.section-2 to None, run_after=None
[2026-06-22T08:51:11.672+0300] {logging_mixin.py:188} INFO - [2026-06-22T08:51:11.671+0300] {dag.py:3096} INFO - Sync 2 DAGs
[2026-06-22T08:51:11.676+0300] {logging_mixin.py:188} INFO - [2026-06-22T08:51:11.675+0300] {dag.py:3954} INFO - Setting next_dagrun for example_subdag_operator.section-1 to None, run_after=None
[2026-06-22T08:51:11.676+0300] {logging_mixin.py:188} INFO - [2026-06-22T08:51:11.676+0300] {dag.py:3954} INFO - Setting next_dagrun for example_subdag_operator.section-2 to None, run_after=None
[2026-06-22T08:51:11.701+0300] {processor.py:183} INFO - Processing /media/data/omar/programming course/DEPI/DEPI project/anomx/venv/lib/python3.12/site-packages/airflow/example_dags/example_subdag_operator.py took 0.109 seconds
[2026-06-22T08:52:08.381+0300] {processor.py:161} INFO - Started process (PID=45912) to work on /media/data/omar/programming course/DEPI/DEPI project/anomx/venv/lib/python3.12/site-packages/airflow/example_dags/example_subdag_operator.py
[2026-06-22T08:52:08.383+0300] {processor.py:830} INFO - Processing file /media/data/omar/programming course/DEPI/DEPI project/anomx/venv/lib/python3.12/site-packages/airflow/example_dags/example_subdag_operator.py for tasks to queue
[2026-06-22T08:52:08.386+0300] {logging_mixin.py:188} INFO - [2026-06-22T08:52:08.385+0300] {dagbag.py:540} INFO - Filling up the DagBag from /media/data/omar/programming course/DEPI/DEPI project/anomx/venv/lib/python3.12/site-packages/airflow/example_dags/example_subdag_operator.py
[2026-06-22T08:52:08.413+0300] {processor.py:840} INFO - DAG(s) 'example_subdag_operator.section-1', 'example_subdag_operator.section-2', 'example_subdag_operator' retrieved from /media/data/omar/programming course/DEPI/DEPI project/anomx/venv/lib/python3.12/site-packages/airflow/example_dags/example_subdag_operator.py
[2026-06-22T08:52:08.427+0300] {logging_mixin.py:188} INFO - [2026-06-22T08:52:08.427+0300] {dag.py:3096} INFO - Sync 3 DAGs
[2026-06-22T08:52:08.442+0300] {logging_mixin.py:188} INFO - [2026-06-22T08:52:08.441+0300] {dag.py:3954} INFO - Setting next_dagrun for example_subdag_operator to 2022-01-01 00:00:00+00:00, run_after=2022-01-01 00:00:00+00:00
[2026-06-22T08:52:08.445+0300] {logging_mixin.py:188} INFO - [2026-06-22T08:52:08.444+0300] {dag.py:3954} INFO - Setting next_dagrun for example_subdag_operator.section-1 to None, run_after=None
[2026-06-22T08:52:08.446+0300] {logging_mixin.py:188} INFO - [2026-06-22T08:52:08.446+0300] {dag.py:3954} INFO - Setting next_dagrun for example_subdag_operator.section-2 to None, run_after=None
[2026-06-22T08:52:08.452+0300] {logging_mixin.py:188} INFO - [2026-06-22T08:52:08.452+0300] {dag.py:3096} INFO - Sync 2 DAGs
[2026-06-22T08:52:08.456+0300] {logging_mixin.py:188} INFO - [2026-06-22T08:52:08.456+0300] {dag.py:3954} INFO - Setting next_dagrun for example_subdag_operator.section-1 to None, run_after=None
[2026-06-22T08:52:08.457+0300] {logging_mixin.py:188} INFO - [2026-06-22T08:52:08.457+0300] {dag.py:3954} INFO - Setting next_dagrun for example_subdag_operator.section-2 to None, run_after=None
[2026-06-22T08:52:08.480+0300] {processor.py:183} INFO - Processing /media/data/omar/programming course/DEPI/DEPI project/anomx/venv/lib/python3.12/site-packages/airflow/example_dags/example_subdag_operator.py took 0.117 seconds
[2026-06-22T08:52:59.159+0300] {processor.py:161} INFO - Started process (PID=45995) to work on /media/data/omar/programming course/DEPI/DEPI project/anomx/venv/lib/python3.12/site-packages/airflow/example_dags/example_subdag_operator.py
[2026-06-22T08:52:59.160+0300] {processor.py:830} INFO - Processing file /media/data/omar/programming course/DEPI/DEPI project/anomx/venv/lib/python3.12/site-packages/airflow/example_dags/example_subdag_operator.py for tasks to queue
[2026-06-22T08:52:59.162+0300] {logging_mixin.py:188} INFO - [2026-06-22T08:52:59.161+0300] {dagbag.py:540} INFO - Filling up the DagBag from /media/data/omar/programming course/DEPI/DEPI project/anomx/venv/lib/python3.12/site-packages/airflow/example_dags/example_subdag_operator.py
[2026-06-22T08:52:59.185+0300] {processor.py:840} INFO - DAG(s) 'example_subdag_operator.section-1', 'example_subdag_operator.section-2', 'example_subdag_operator' retrieved from /media/data/omar/programming course/DEPI/DEPI project/anomx/venv/lib/python3.12/site-packages/airflow/example_dags/example_subdag_operator.py
[2026-06-22T08:52:59.199+0300] {logging_mixin.py:188} INFO - [2026-06-22T08:52:59.198+0300] {dag.py:3096} INFO - Sync 3 DAGs
[2026-06-22T08:52:59.213+0300] {logging_mixin.py:188} INFO - [2026-06-22T08:52:59.213+0300] {dag.py:3954} INFO - Setting next_dagrun for example_subdag_operator to 2022-01-01 00:00:00+00:00, run_after=2022-01-01 00:00:00+00:00
[2026-06-22T08:52:59.216+0300] {logging_mixin.py:188} INFO - [2026-06-22T08:52:59.216+0300] {dag.py:3954} INFO - Setting next_dagrun for example_subdag_operator.section-1 to None, run_after=None
[2026-06-22T08:52:59.217+0300] {logging_mixin.py:188} INFO - [2026-06-22T08:52:59.217+0300] {dag.py:3954} INFO - Setting next_dagrun for example_subdag_operator.section-2 to None, run_after=None
[2026-06-22T08:52:59.223+0300] {logging_mixin.py:188} INFO - [2026-06-22T08:52:59.223+0300] {dag.py:3096} INFO - Sync 2 DAGs
[2026-06-22T08:52:59.227+0300] {logging_mixin.py:188} INFO - [2026-06-22T08:52:59.227+0300] {dag.py:3954} INFO - Setting next_dagrun for example_subdag_operator.section-1 to None, run_after=None
[2026-06-22T08:52:59.227+0300] {logging_mixin.py:188} INFO - [2026-06-22T08:52:59.227+0300] {dag.py:3954} INFO - Setting next_dagrun for example_subdag_operator.section-2 to None, run_after=None
[2026-06-22T08:52:59.249+0300] {processor.py:183} INFO - Processing /media/data/omar/programming course/DEPI/DEPI project/anomx/venv/lib/python3.12/site-packages/airflow/example_dags/example_subdag_operator.py took 0.101 seconds
[2026-06-22T08:53:54.142+0300] {processor.py:161} INFO - Started process (PID=46071) to work on /media/data/omar/programming course/DEPI/DEPI project/anomx/venv/lib/python3.12/site-packages/airflow/example_dags/example_subdag_operator.py
[2026-06-22T08:53:54.143+0300] {processor.py:830} INFO - Processing file /media/data/omar/programming course/DEPI/DEPI project/anomx/venv/lib/python3.12/site-packages/airflow/example_dags/example_subdag_operator.py for tasks to queue
[2026-06-22T08:53:54.145+0300] {logging_mixin.py:188} INFO - [2026-06-22T08:53:54.144+0300] {dagbag.py:540} INFO - Filling up the DagBag from /media/data/omar/programming course/DEPI/DEPI project/anomx/venv/lib/python3.12/site-packages/airflow/example_dags/example_subdag_operator.py
[2026-06-22T08:53:54.170+0300] {processor.py:840} INFO - DAG(s) 'example_subdag_operator.section-1', 'example_subdag_operator.section-2', 'example_subdag_operator' retrieved from /media/data/omar/programming course/DEPI/DEPI project/anomx/venv/lib/python3.12/site-packages/airflow/example_dags/example_subdag_operator.py
[2026-06-22T08:53:54.184+0300] {logging_mixin.py:188} INFO - [2026-06-22T08:53:54.184+0300] {dag.py:3096} INFO - Sync 3 DAGs
[2026-06-22T08:53:54.199+0300] {logging_mixin.py:188} INFO - [2026-06-22T08:53:54.198+0300] {dag.py:3954} INFO - Setting next_dagrun for example_subdag_operator to 2022-01-01 00:00:00+00:00, run_after=2022-01-01 00:00:00+00:00
[2026-06-22T08:53:54.202+0300] {logging_mixin.py:188} INFO - [2026-06-22T08:53:54.202+0300] {dag.py:3954} INFO - Setting next_dagrun for example_subdag_operator.section-1 to None, run_after=None
[2026-06-22T08:53:54.203+0300] {logging_mixin.py:188} INFO - [2026-06-22T08:53:54.203+0300] {dag.py:3954} INFO - Setting next_dagrun for example_subdag_operator.section-2 to None, run_after=None
[2026-06-22T08:53:54.209+0300] {logging_mixin.py:188} INFO - [2026-06-22T08:53:54.209+0300] {dag.py:3096} INFO - Sync 2 DAGs
[2026-06-22T08:53:54.213+0300] {logging_mixin.py:188} INFO - [2026-06-22T08:53:54.213+0300] {dag.py:3954} INFO - Setting next_dagrun for example_subdag_operator.section-1 to None, run_after=None
[2026-06-22T08:53:54.214+0300] {logging_mixin.py:188} INFO - [2026-06-22T08:53:54.213+0300] {dag.py:3954} INFO - Setting next_dagrun for example_subdag_operator.section-2 to None, run_after=None
[2026-06-22T08:53:54.237+0300] {processor.py:183} INFO - Processing /media/data/omar/programming course/DEPI/DEPI project/anomx/venv/lib/python3.12/site-packages/airflow/example_dags/example_subdag_operator.py took 0.107 seconds
[2026-06-22T08:54:48.359+0300] {processor.py:161} INFO - Started process (PID=46153) to work on /media/data/omar/programming course/DEPI/DEPI project/anomx/venv/lib/python3.12/site-packages/airflow/example_dags/example_subdag_operator.py
[2026-06-22T08:54:48.360+0300] {processor.py:830} INFO - Processing file /media/data/omar/programming course/DEPI/DEPI project/anomx/venv/lib/python3.12/site-packages/airflow/example_dags/example_subdag_operator.py for tasks to queue
[2026-06-22T08:54:48.361+0300] {logging_mixin.py:188} INFO - [2026-06-22T08:54:48.361+0300] {dagbag.py:540} INFO - Filling up the DagBag from /media/data/omar/programming course/DEPI/DEPI project/anomx/venv/lib/python3.12/site-packages/airflow/example_dags/example_subdag_operator.py
[2026-06-22T08:54:48.384+0300] {processor.py:840} INFO - DAG(s) 'example_subdag_operator.section-1', 'example_subdag_operator.section-2', 'example_subdag_operator' retrieved from /media/data/omar/programming course/DEPI/DEPI project/anomx/venv/lib/python3.12/site-packages/airflow/example_dags/example_subdag_operator.py
[2026-06-22T08:54:48.398+0300] {logging_mixin.py:188} INFO - [2026-06-22T08:54:48.398+0300] {dag.py:3096} INFO - Sync 3 DAGs
[2026-06-22T08:54:48.413+0300] {logging_mixin.py:188} INFO - [2026-06-22T08:54:48.413+0300] {dag.py:3954} INFO - Setting next_dagrun for example_subdag_operator to 2022-01-01 00:00:00+00:00, run_after=2022-01-01 00:00:00+00:00
[2026-06-22T08:54:48.416+0300] {logging_mixin.py:188} INFO - [2026-06-22T08:54:48.416+0300] {dag.py:3954} INFO - Setting next_dagrun for example_subdag_operator.section-1 to None, run_after=None
[2026-06-22T08:54:48.417+0300] {logging_mixin.py:188} INFO - [2026-06-22T08:54:48.417+0300] {dag.py:3954} INFO - Setting next_dagrun for example_subdag_operator.section-2 to None, run_after=None
[2026-06-22T08:54:48.424+0300] {logging_mixin.py:188} INFO - [2026-06-22T08:54:48.423+0300] {dag.py:3096} INFO - Sync 2 DAGs
[2026-06-22T08:54:48.427+0300] {logging_mixin.py:188} INFO - [2026-06-22T08:54:48.427+0300] {dag.py:3954} INFO - Setting next_dagrun for example_subdag_operator.section-1 to None, run_after=None
[2026-06-22T08:54:48.428+0300] {logging_mixin.py:188} INFO - [2026-06-22T08:54:48.428+0300] {dag.py:3954} INFO - Setting next_dagrun for example_subdag_operator.section-2 to None, run_after=None
[2026-06-22T08:54:48.451+0300] {processor.py:183} INFO - Processing /media/data/omar/programming course/DEPI/DEPI project/anomx/venv/lib/python3.12/site-packages/airflow/example_dags/example_subdag_operator.py took 0.098 seconds
[2026-06-22T08:55:42.221+0300] {processor.py:161} INFO - Started process (PID=46244) to work on /media/data/omar/programming course/DEPI/DEPI project/anomx/venv/lib/python3.12/site-packages/airflow/example_dags/example_subdag_operator.py
[2026-06-22T08:55:42.222+0300] {processor.py:830} INFO - Processing file /media/data/omar/programming course/DEPI/DEPI project/anomx/venv/lib/python3.12/site-packages/airflow/example_dags/example_subdag_operator.py for tasks to queue
[2026-06-22T08:55:42.224+0300] {logging_mixin.py:188} INFO - [2026-06-22T08:55:42.223+0300] {dagbag.py:540} INFO - Filling up the DagBag from /media/data/omar/programming course/DEPI/DEPI project/anomx/venv/lib/python3.12/site-packages/airflow/example_dags/example_subdag_operator.py
[2026-06-22T08:55:42.248+0300] {processor.py:840} INFO - DAG(s) 'example_subdag_operator.section-1', 'example_subdag_operator.section-2', 'example_subdag_operator' retrieved from /media/data/omar/programming course/DEPI/DEPI project/anomx/venv/lib/python3.12/site-packages/airflow/example_dags/example_subdag_operator.py
[2026-06-22T08:55:42.262+0300] {logging_mixin.py:188} INFO - [2026-06-22T08:55:42.262+0300] {dag.py:3096} INFO - Sync 3 DAGs
[2026-06-22T08:55:42.277+0300] {logging_mixin.py:188} INFO - [2026-06-22T08:55:42.277+0300] {dag.py:3954} INFO - Setting next_dagrun for example_subdag_operator to 2022-01-01 00:00:00+00:00, run_after=2022-01-01 00:00:00+00:00
[2026-06-22T08:55:42.280+0300] {logging_mixin.py:188} INFO - [2026-06-22T08:55:42.280+0300] {dag.py:3954} INFO - Setting next_dagrun for example_subdag_operator.section-1 to None, run_after=None
[2026-06-22T08:55:42.282+0300] {logging_mixin.py:188} INFO - [2026-06-22T08:55:42.281+0300] {dag.py:3954} INFO - Setting next_dagrun for example_subdag_operator.section-2 to None, run_after=None
[2026-06-22T08:55:42.288+0300] {logging_mixin.py:188} INFO - [2026-06-22T08:55:42.288+0300] {dag.py:3096} INFO - Sync 2 DAGs
[2026-06-22T08:55:42.292+0300] {logging_mixin.py:188} INFO - [2026-06-22T08:55:42.292+0300] {dag.py:3954} INFO - Setting next_dagrun for example_subdag_operator.section-1 to None, run_after=None
[2026-06-22T08:55:42.293+0300] {logging_mixin.py:188} INFO - [2026-06-22T08:55:42.292+0300] {dag.py:3954} INFO - Setting next_dagrun for example_subdag_operator.section-2 to None, run_after=None
[2026-06-22T08:55:42.318+0300] {processor.py:183} INFO - Processing /media/data/omar/programming course/DEPI/DEPI project/anomx/venv/lib/python3.12/site-packages/airflow/example_dags/example_subdag_operator.py took 0.109 seconds
[2026-06-22T08:56:35.139+0300] {processor.py:161} INFO - Started process (PID=46323) to work on /media/data/omar/programming course/DEPI/DEPI project/anomx/venv/lib/python3.12/site-packages/airflow/example_dags/example_subdag_operator.py
[2026-06-22T08:56:35.141+0300] {processor.py:830} INFO - Processing file /media/data/omar/programming course/DEPI/DEPI project/anomx/venv/lib/python3.12/site-packages/airflow/example_dags/example_subdag_operator.py for tasks to queue
[2026-06-22T08:56:35.143+0300] {logging_mixin.py:188} INFO - [2026-06-22T08:56:35.142+0300] {dagbag.py:540} INFO - Filling up the DagBag from /media/data/omar/programming course/DEPI/DEPI project/anomx/venv/lib/python3.12/site-packages/airflow/example_dags/example_subdag_operator.py
[2026-06-22T08:56:35.168+0300] {processor.py:840} INFO - DAG(s) 'example_subdag_operator.section-1', 'example_subdag_operator.section-2', 'example_subdag_operator' retrieved from /media/data/omar/programming course/DEPI/DEPI project/anomx/venv/lib/python3.12/site-packages/airflow/example_dags/example_subdag_operator.py
[2026-06-22T08:56:35.182+0300] {logging_mixin.py:188} INFO - [2026-06-22T08:56:35.182+0300] {dag.py:3096} INFO - Sync 3 DAGs
[2026-06-22T08:56:35.198+0300] {logging_mixin.py:188} INFO - [2026-06-22T08:56:35.197+0300] {dag.py:3954} INFO - Setting next_dagrun for example_subdag_operator to 2022-01-01 00:00:00+00:00, run_after=2022-01-01 00:00:00+00:00
[2026-06-22T08:56:35.200+0300] {logging_mixin.py:188} INFO - [2026-06-22T08:56:35.200+0300] {dag.py:3954} INFO - Setting next_dagrun for example_subdag_operator.section-1 to None, run_after=None
[2026-06-22T08:56:35.201+0300] {logging_mixin.py:188} INFO - [2026-06-22T08:56:35.201+0300] {dag.py:3954} INFO - Setting next_dagrun for example_subdag_operator.section-2 to None, run_after=None
[2026-06-22T08:56:35.208+0300] {logging_mixin.py:188} INFO - [2026-06-22T08:56:35.207+0300] {dag.py:3096} INFO - Sync 2 DAGs
[2026-06-22T08:56:35.212+0300] {logging_mixin.py:188} INFO - [2026-06-22T08:56:35.211+0300] {dag.py:3954} INFO - Setting next_dagrun for example_subdag_operator.section-1 to None, run_after=None
[2026-06-22T08:56:35.212+0300] {logging_mixin.py:188} INFO - [2026-06-22T08:56:35.212+0300] {dag.py:3954} INFO - Setting next_dagrun for example_subdag_operator.section-2 to None, run_after=None
[2026-06-22T08:56:35.241+0300] {processor.py:183} INFO - Processing /media/data/omar/programming course/DEPI/DEPI project/anomx/venv/lib/python3.12/site-packages/airflow/example_dags/example_subdag_operator.py took 0.113 seconds
[2026-06-22T08:57:30.578+0300] {processor.py:161} INFO - Started process (PID=46417) to work on /media/data/omar/programming course/DEPI/DEPI project/anomx/venv/lib/python3.12/site-packages/airflow/example_dags/example_subdag_operator.py
[2026-06-22T08:57:30.580+0300] {processor.py:830} INFO - Processing file /media/data/omar/programming course/DEPI/DEPI project/anomx/venv/lib/python3.12/site-packages/airflow/example_dags/example_subdag_operator.py for tasks to queue
[2026-06-22T08:57:30.583+0300] {logging_mixin.py:188} INFO - [2026-06-22T08:57:30.582+0300] {dagbag.py:540} INFO - Filling up the DagBag from /media/data/omar/programming course/DEPI/DEPI project/anomx/venv/lib/python3.12/site-packages/airflow/example_dags/example_subdag_operator.py
[2026-06-22T08:57:30.613+0300] {processor.py:840} INFO - DAG(s) 'example_subdag_operator.section-1', 'example_subdag_operator.section-2', 'example_subdag_operator' retrieved from /media/data/omar/programming course/DEPI/DEPI project/anomx/venv/lib/python3.12/site-packages/airflow/example_dags/example_subdag_operator.py
[2026-06-22T08:57:30.626+0300] {logging_mixin.py:188} INFO - [2026-06-22T08:57:30.626+0300] {dag.py:3096} INFO - Sync 3 DAGs
[2026-06-22T08:57:30.638+0300] {logging_mixin.py:188} INFO - [2026-06-22T08:57:30.638+0300] {dag.py:3954} INFO - Setting next_dagrun for example_subdag_operator to 2022-01-01 00:00:00+00:00, run_after=2022-01-01 00:00:00+00:00
[2026-06-22T08:57:30.641+0300] {logging_mixin.py:188} INFO - [2026-06-22T08:57:30.640+0300] {dag.py:3954} INFO - Setting next_dagrun for example_subdag_operator.section-1 to None, run_after=None
[2026-06-22T08:57:30.642+0300] {logging_mixin.py:188} INFO - [2026-06-22T08:57:30.642+0300] {dag.py:3954} INFO - Setting next_dagrun for example_subdag_operator.section-2 to None, run_after=None
[2026-06-22T08:57:30.647+0300] {logging_mixin.py:188} INFO - [2026-06-22T08:57:30.647+0300] {dag.py:3096} INFO - Sync 2 DAGs
[2026-06-22T08:57:30.650+0300] {logging_mixin.py:188} INFO - [2026-06-22T08:57:30.650+0300] {dag.py:3954} INFO - Setting next_dagrun for example_subdag_operator.section-1 to None, run_after=None
[2026-06-22T08:57:30.651+0300] {logging_mixin.py:188} INFO - [2026-06-22T08:57:30.650+0300] {dag.py:3954} INFO - Setting next_dagrun for example_subdag_operator.section-2 to None, run_after=None
[2026-06-22T08:57:30.672+0300] {processor.py:183} INFO - Processing /media/data/omar/programming course/DEPI/DEPI project/anomx/venv/lib/python3.12/site-packages/airflow/example_dags/example_subdag_operator.py took 0.107 seconds
[2026-06-22T08:58:22.256+0300] {processor.py:161} INFO - Started process (PID=46495) to work on /media/data/omar/programming course/DEPI/DEPI project/anomx/venv/lib/python3.12/site-packages/airflow/example_dags/example_subdag_operator.py
[2026-06-22T08:58:22.257+0300] {processor.py:830} INFO - Processing file /media/data/omar/programming course/DEPI/DEPI project/anomx/venv/lib/python3.12/site-packages/airflow/example_dags/example_subdag_operator.py for tasks to queue
[2026-06-22T08:58:22.258+0300] {logging_mixin.py:188} INFO - [2026-06-22T08:58:22.257+0300] {dagbag.py:540} INFO - Filling up the DagBag from /media/data/omar/programming course/DEPI/DEPI project/anomx/venv/lib/python3.12/site-packages/airflow/example_dags/example_subdag_operator.py
[2026-06-22T08:58:22.279+0300] {processor.py:840} INFO - DAG(s) 'example_subdag_operator.section-1', 'example_subdag_operator.section-2', 'example_subdag_operator' retrieved from /media/data/omar/programming course/DEPI/DEPI project/anomx/venv/lib/python3.12/site-packages/airflow/example_dags/example_subdag_operator.py
[2026-06-22T08:58:22.292+0300] {logging_mixin.py:188} INFO - [2026-06-22T08:58:22.292+0300] {dag.py:3096} INFO - Sync 3 DAGs
[2026-06-22T08:58:22.306+0300] {logging_mixin.py:188} INFO - [2026-06-22T08:58:22.305+0300] {dag.py:3954} INFO - Setting next_dagrun for example_subdag_operator to 2022-01-01 00:00:00+00:00, run_after=2022-01-01 00:00:00+00:00
[2026-06-22T08:58:22.308+0300] {logging_mixin.py:188} INFO - [2026-06-22T08:58:22.308+0300] {dag.py:3954} INFO - Setting next_dagrun for example_subdag_operator.section-1 to None, run_after=None
[2026-06-22T08:58:22.309+0300] {logging_mixin.py:188} INFO - [2026-06-22T08:58:22.309+0300] {dag.py:3954} INFO - Setting next_dagrun for example_subdag_operator.section-2 to None, run_after=None
[2026-06-22T08:58:22.315+0300] {logging_mixin.py:188} INFO - [2026-06-22T08:58:22.315+0300] {dag.py:3096} INFO - Sync 2 DAGs
[2026-06-22T08:58:22.318+0300] {logging_mixin.py:188} INFO - [2026-06-22T08:58:22.318+0300] {dag.py:3954} INFO - Setting next_dagrun for example_subdag_operator.section-1 to None, run_after=None
[2026-06-22T08:58:22.318+0300] {logging_mixin.py:188} INFO - [2026-06-22T08:58:22.318+0300] {dag.py:3954} INFO - Setting next_dagrun for example_subdag_operator.section-2 to None, run_after=None
[2026-06-22T08:58:22.339+0300] {processor.py:183} INFO - Processing /media/data/omar/programming course/DEPI/DEPI project/anomx/venv/lib/python3.12/site-packages/airflow/example_dags/example_subdag_operator.py took 0.091 seconds
[2026-06-22T08:59:11.558+0300] {processor.py:161} INFO - Started process (PID=46570) to work on /media/data/omar/programming course/DEPI/DEPI project/anomx/venv/lib/python3.12/site-packages/airflow/example_dags/example_subdag_operator.py
[2026-06-22T08:59:11.560+0300] {processor.py:830} INFO - Processing file /media/data/omar/programming course/DEPI/DEPI project/anomx/venv/lib/python3.12/site-packages/airflow/example_dags/example_subdag_operator.py for tasks to queue
[2026-06-22T08:59:11.562+0300] {logging_mixin.py:188} INFO - [2026-06-22T08:59:11.561+0300] {dagbag.py:540} INFO - Filling up the DagBag from /media/data/omar/programming course/DEPI/DEPI project/anomx/venv/lib/python3.12/site-packages/airflow/example_dags/example_subdag_operator.py
[2026-06-22T08:59:11.584+0300] {processor.py:840} INFO - DAG(s) 'example_subdag_operator.section-1', 'example_subdag_operator.section-2', 'example_subdag_operator' retrieved from /media/data/omar/programming course/DEPI/DEPI project/anomx/venv/lib/python3.12/site-packages/airflow/example_dags/example_subdag_operator.py
[2026-06-22T08:59:11.597+0300] {logging_mixin.py:188} INFO - [2026-06-22T08:59:11.596+0300] {dag.py:3096} INFO - Sync 3 DAGs
[2026-06-22T08:59:11.609+0300] {logging_mixin.py:188} INFO - [2026-06-22T08:59:11.609+0300] {dag.py:3954} INFO - Setting next_dagrun for example_subdag_operator to 2022-01-01 00:00:00+00:00, run_after=2022-01-01 00:00:00+00:00
[2026-06-22T08:59:11.612+0300] {logging_mixin.py:188} INFO - [2026-06-22T08:59:11.611+0300] {dag.py:3954} INFO - Setting next_dagrun for example_subdag_operator.section-1 to None, run_after=None
[2026-06-22T08:59:11.613+0300] {logging_mixin.py:188} INFO - [2026-06-22T08:59:11.613+0300] {dag.py:3954} INFO - Setting next_dagrun for example_subdag_operator.section-2 to None, run_after=None
[2026-06-22T08:59:11.622+0300] {logging_mixin.py:188} INFO - [2026-06-22T08:59:11.621+0300] {dag.py:3096} INFO - Sync 2 DAGs
[2026-06-22T08:59:11.625+0300] {logging_mixin.py:188} INFO - [2026-06-22T08:59:11.624+0300] {dag.py:3954} INFO - Setting next_dagrun for example_subdag_operator.section-1 to None, run_after=None
[2026-06-22T08:59:11.625+0300] {logging_mixin.py:188} INFO - [2026-06-22T08:59:11.625+0300] {dag.py:3954} INFO - Setting next_dagrun for example_subdag_operator.section-2 to None, run_after=None
[2026-06-22T08:59:11.645+0300] {processor.py:183} INFO - Processing /media/data/omar/programming course/DEPI/DEPI project/anomx/venv/lib/python3.12/site-packages/airflow/example_dags/example_subdag_operator.py took 0.103 seconds
[2026-06-22T09:00:05.382+0300] {processor.py:161} INFO - Started process (PID=46647) to work on /media/data/omar/programming course/DEPI/DEPI project/anomx/venv/lib/python3.12/site-packages/airflow/example_dags/example_subdag_operator.py
[2026-06-22T09:00:05.384+0300] {processor.py:830} INFO - Processing file /media/data/omar/programming course/DEPI/DEPI project/anomx/venv/lib/python3.12/site-packages/airflow/example_dags/example_subdag_operator.py for tasks to queue
[2026-06-22T09:00:05.387+0300] {logging_mixin.py:188} INFO - [2026-06-22T09:00:05.386+0300] {dagbag.py:540} INFO - Filling up the DagBag from /media/data/omar/programming course/DEPI/DEPI project/anomx/venv/lib/python3.12/site-packages/airflow/example_dags/example_subdag_operator.py
[2026-06-22T09:00:05.417+0300] {processor.py:840} INFO - DAG(s) 'example_subdag_operator.section-1', 'example_subdag_operator.section-2', 'example_subdag_operator' retrieved from /media/data/omar/programming course/DEPI/DEPI project/anomx/venv/lib/python3.12/site-packages/airflow/example_dags/example_subdag_operator.py
[2026-06-22T09:00:05.430+0300] {logging_mixin.py:188} INFO - [2026-06-22T09:00:05.430+0300] {dag.py:3096} INFO - Sync 3 DAGs
[2026-06-22T09:00:05.444+0300] {logging_mixin.py:188} INFO - [2026-06-22T09:00:05.444+0300] {dag.py:3954} INFO - Setting next_dagrun for example_subdag_operator to 2022-01-01 00:00:00+00:00, run_after=2022-01-01 00:00:00+00:00
[2026-06-22T09:00:05.446+0300] {logging_mixin.py:188} INFO - [2026-06-22T09:00:05.446+0300] {dag.py:3954} INFO - Setting next_dagrun for example_subdag_operator.section-1 to None, run_after=None
[2026-06-22T09:00:05.448+0300] {logging_mixin.py:188} INFO - [2026-06-22T09:00:05.447+0300] {dag.py:3954} INFO - Setting next_dagrun for example_subdag_operator.section-2 to None, run_after=None
[2026-06-22T09:00:05.453+0300] {logging_mixin.py:188} INFO - [2026-06-22T09:00:05.452+0300] {dag.py:3096} INFO - Sync 2 DAGs
[2026-06-22T09:00:05.456+0300] {logging_mixin.py:188} INFO - [2026-06-22T09:00:05.455+0300] {dag.py:3954} INFO - Setting next_dagrun for example_subdag_operator.section-1 to None, run_after=None
[2026-06-22T09:00:05.457+0300] {logging_mixin.py:188} INFO - [2026-06-22T09:00:05.456+0300] {dag.py:3954} INFO - Setting next_dagrun for example_subdag_operator.section-2 to None, run_after=None
[2026-06-22T09:00:05.499+0300] {processor.py:183} INFO - Processing /media/data/omar/programming course/DEPI/DEPI project/anomx/venv/lib/python3.12/site-packages/airflow/example_dags/example_subdag_operator.py took 0.130 seconds
[2026-06-22T09:01:00.266+0300] {processor.py:161} INFO - Started process (PID=46727) to work on /media/data/omar/programming course/DEPI/DEPI project/anomx/venv/lib/python3.12/site-packages/airflow/example_dags/example_subdag_operator.py
[2026-06-22T09:01:00.267+0300] {processor.py:830} INFO - Processing file /media/data/omar/programming course/DEPI/DEPI project/anomx/venv/lib/python3.12/site-packages/airflow/example_dags/example_subdag_operator.py for tasks to queue
[2026-06-22T09:01:00.268+0300] {logging_mixin.py:188} INFO - [2026-06-22T09:01:00.268+0300] {dagbag.py:540} INFO - Filling up the DagBag from /media/data/omar/programming course/DEPI/DEPI project/anomx/venv/lib/python3.12/site-packages/airflow/example_dags/example_subdag_operator.py
[2026-06-22T09:01:00.291+0300] {processor.py:840} INFO - DAG(s) 'example_subdag_operator.section-1', 'example_subdag_operator.section-2', 'example_subdag_operator' retrieved from /media/data/omar/programming course/DEPI/DEPI project/anomx/venv/lib/python3.12/site-packages/airflow/example_dags/example_subdag_operator.py
[2026-06-22T09:01:00.303+0300] {logging_mixin.py:188} INFO - [2026-06-22T09:01:00.303+0300] {dag.py:3096} INFO - Sync 3 DAGs
[2026-06-22T09:01:00.317+0300] {logging_mixin.py:188} INFO - [2026-06-22T09:01:00.316+0300] {dag.py:3954} INFO - Setting next_dagrun for example_subdag_operator to 2022-01-01 00:00:00+00:00, run_after=2022-01-01 00:00:00+00:00
[2026-06-22T09:01:00.319+0300] {logging_mixin.py:188} INFO - [2026-06-22T09:01:00.319+0300] {dag.py:3954} INFO - Setting next_dagrun for example_subdag_operator.section-1 to None, run_after=None
[2026-06-22T09:01:00.320+0300] {logging_mixin.py:188} INFO - [2026-06-22T09:01:00.320+0300] {dag.py:3954} INFO - Setting next_dagrun for example_subdag_operator.section-2 to None, run_after=None
[2026-06-22T09:01:00.326+0300] {logging_mixin.py:188} INFO - [2026-06-22T09:01:00.326+0300] {dag.py:3096} INFO - Sync 2 DAGs
[2026-06-22T09:01:00.329+0300] {logging_mixin.py:188} INFO - [2026-06-22T09:01:00.329+0300] {dag.py:3954} INFO - Setting next_dagrun for example_subdag_operator.section-1 to None, run_after=None
[2026-06-22T09:01:00.330+0300] {logging_mixin.py:188} INFO - [2026-06-22T09:01:00.330+0300] {dag.py:3954} INFO - Setting next_dagrun for example_subdag_operator.section-2 to None, run_after=None
[2026-06-22T09:01:00.351+0300] {processor.py:183} INFO - Processing /media/data/omar/programming course/DEPI/DEPI project/anomx/venv/lib/python3.12/site-packages/airflow/example_dags/example_subdag_operator.py took 0.090 seconds
[2026-06-22T09:01:53.181+0300] {processor.py:161} INFO - Started process (PID=46806) to work on /media/data/omar/programming course/DEPI/DEPI project/anomx/venv/lib/python3.12/site-packages/airflow/example_dags/example_subdag_operator.py
[2026-06-22T09:01:53.182+0300] {processor.py:830} INFO - Processing file /media/data/omar/programming course/DEPI/DEPI project/anomx/venv/lib/python3.12/site-packages/airflow/example_dags/example_subdag_operator.py for tasks to queue
[2026-06-22T09:01:53.184+0300] {logging_mixin.py:188} INFO - [2026-06-22T09:01:53.183+0300] {dagbag.py:540} INFO - Filling up the DagBag from /media/data/omar/programming course/DEPI/DEPI project/anomx/venv/lib/python3.12/site-packages/airflow/example_dags/example_subdag_operator.py
[2026-06-22T09:01:53.207+0300] {processor.py:840} INFO - DAG(s) 'example_subdag_operator.section-1', 'example_subdag_operator.section-2', 'example_subdag_operator' retrieved from /media/data/omar/programming course/DEPI/DEPI project/anomx/venv/lib/python3.12/site-packages/airflow/example_dags/example_subdag_operator.py
[2026-06-22T09:01:53.220+0300] {logging_mixin.py:188} INFO - [2026-06-22T09:01:53.220+0300] {dag.py:3096} INFO - Sync 3 DAGs
[2026-06-22T09:01:53.233+0300] {logging_mixin.py:188} INFO - [2026-06-22T09:01:53.233+0300] {dag.py:3954} INFO - Setting next_dagrun for example_subdag_operator to 2022-01-01 00:00:00+00:00, run_after=2022-01-01 00:00:00+00:00
[2026-06-22T09:01:53.236+0300] {logging_mixin.py:188} INFO - [2026-06-22T09:01:53.236+0300] {dag.py:3954} INFO - Setting next_dagrun for example_subdag_operator.section-1 to None, run_after=None
[2026-06-22T09:01:53.237+0300] {logging_mixin.py:188} INFO - [2026-06-22T09:01:53.237+0300] {dag.py:3954} INFO - Setting next_dagrun for example_subdag_operator.section-2 to None, run_after=None
[2026-06-22T09:01:53.243+0300] {logging_mixin.py:188} INFO - [2026-06-22T09:01:53.243+0300] {dag.py:3096} INFO - Sync 2 DAGs
[2026-06-22T09:01:53.246+0300] {logging_mixin.py:188} INFO - [2026-06-22T09:01:53.246+0300] {dag.py:3954} INFO - Setting next_dagrun for example_subdag_operator.section-1 to None, run_after=None
[2026-06-22T09:01:53.247+0300] {logging_mixin.py:188} INFO - [2026-06-22T09:01:53.247+0300] {dag.py:3954} INFO - Setting next_dagrun for example_subdag_operator.section-2 to None, run_after=None
[2026-06-22T09:01:53.269+0300] {processor.py:183} INFO - Processing /media/data/omar/programming course/DEPI/DEPI project/anomx/venv/lib/python3.12/site-packages/airflow/example_dags/example_subdag_operator.py took 0.101 seconds
[2026-06-22T09:02:40.746+0300] {processor.py:161} INFO - Started process (PID=46883) to work on /media/data/omar/programming course/DEPI/DEPI project/anomx/venv/lib/python3.12/site-packages/airflow/example_dags/example_subdag_operator.py
[2026-06-22T09:02:40.747+0300] {processor.py:830} INFO - Processing file /media/data/omar/programming course/DEPI/DEPI project/anomx/venv/lib/python3.12/site-packages/airflow/example_dags/example_subdag_operator.py for tasks to queue
[2026-06-22T09:02:40.749+0300] {logging_mixin.py:188} INFO - [2026-06-22T09:02:40.748+0300] {dagbag.py:540} INFO - Filling up the DagBag from /media/data/omar/programming course/DEPI/DEPI project/anomx/venv/lib/python3.12/site-packages/airflow/example_dags/example_subdag_operator.py
[2026-06-22T09:02:40.777+0300] {processor.py:840} INFO - DAG(s) 'example_subdag_operator.section-1', 'example_subdag_operator.section-2', 'example_subdag_operator' retrieved from /media/data/omar/programming course/DEPI/DEPI project/anomx/venv/lib/python3.12/site-packages/airflow/example_dags/example_subdag_operator.py
[2026-06-22T09:02:40.794+0300] {logging_mixin.py:188} INFO - [2026-06-22T09:02:40.794+0300] {dag.py:3096} INFO - Sync 3 DAGs
[2026-06-22T09:02:40.810+0300] {logging_mixin.py:188} INFO - [2026-06-22T09:02:40.809+0300] {dag.py:3954} INFO - Setting next_dagrun for example_subdag_operator to 2022-01-01 00:00:00+00:00, run_after=2022-01-01 00:00:00+00:00
[2026-06-22T09:02:40.813+0300] {logging_mixin.py:188} INFO - [2026-06-22T09:02:40.812+0300] {dag.py:3954} INFO - Setting next_dagrun for example_subdag_operator.section-1 to None, run_after=None
[2026-06-22T09:02:40.814+0300] {logging_mixin.py:188} INFO - [2026-06-22T09:02:40.814+0300] {dag.py:3954} INFO - Setting next_dagrun for example_subdag_operator.section-2 to None, run_after=None
[2026-06-22T09:02:40.820+0300] {logging_mixin.py:188} INFO - [2026-06-22T09:02:40.820+0300] {dag.py:3096} INFO - Sync 2 DAGs
[2026-06-22T09:02:40.824+0300] {logging_mixin.py:188} INFO - [2026-06-22T09:02:40.823+0300] {dag.py:3954} INFO - Setting next_dagrun for example_subdag_operator.section-1 to None, run_after=None
[2026-06-22T09:02:40.824+0300] {logging_mixin.py:188} INFO - [2026-06-22T09:02:40.824+0300] {dag.py:3954} INFO - Setting next_dagrun for example_subdag_operator.section-2 to None, run_after=None
[2026-06-22T09:02:40.846+0300] {processor.py:183} INFO - Processing /media/data/omar/programming course/DEPI/DEPI project/anomx/venv/lib/python3.12/site-packages/airflow/example_dags/example_subdag_operator.py took 0.114 seconds
[2026-06-22T09:03:35.236+0300] {processor.py:161} INFO - Started process (PID=46970) to work on /media/data/omar/programming course/DEPI/DEPI project/anomx/venv/lib/python3.12/site-packages/airflow/example_dags/example_subdag_operator.py
[2026-06-22T09:03:35.238+0300] {processor.py:830} INFO - Processing file /media/data/omar/programming course/DEPI/DEPI project/anomx/venv/lib/python3.12/site-packages/airflow/example_dags/example_subdag_operator.py for tasks to queue
[2026-06-22T09:03:35.240+0300] {logging_mixin.py:188} INFO - [2026-06-22T09:03:35.239+0300] {dagbag.py:540} INFO - Filling up the DagBag from /media/data/omar/programming course/DEPI/DEPI project/anomx/venv/lib/python3.12/site-packages/airflow/example_dags/example_subdag_operator.py
[2026-06-22T09:03:35.266+0300] {processor.py:840} INFO - DAG(s) 'example_subdag_operator.section-1', 'example_subdag_operator.section-2', 'example_subdag_operator' retrieved from /media/data/omar/programming course/DEPI/DEPI project/anomx/venv/lib/python3.12/site-packages/airflow/example_dags/example_subdag_operator.py
[2026-06-22T09:03:35.281+0300] {logging_mixin.py:188} INFO - [2026-06-22T09:03:35.281+0300] {dag.py:3096} INFO - Sync 3 DAGs
[2026-06-22T09:03:35.294+0300] {logging_mixin.py:188} INFO - [2026-06-22T09:03:35.294+0300] {dag.py:3954} INFO - Setting next_dagrun for example_subdag_operator to 2022-01-01 00:00:00+00:00, run_after=2022-01-01 00:00:00+00:00
[2026-06-22T09:03:35.297+0300] {logging_mixin.py:188} INFO - [2026-06-22T09:03:35.297+0300] {dag.py:3954} INFO - Setting next_dagrun for example_subdag_operator.section-1 to None, run_after=None
[2026-06-22T09:03:35.299+0300] {logging_mixin.py:188} INFO - [2026-06-22T09:03:35.298+0300] {dag.py:3954} INFO - Setting next_dagrun for example_subdag_operator.section-2 to None, run_after=None
[2026-06-22T09:03:35.305+0300] {logging_mixin.py:188} INFO - [2026-06-22T09:03:35.305+0300] {dag.py:3096} INFO - Sync 2 DAGs
[2026-06-22T09:03:35.308+0300] {logging_mixin.py:188} INFO - [2026-06-22T09:03:35.307+0300] {dag.py:3954} INFO - Setting next_dagrun for example_subdag_operator.section-1 to None, run_after=None
[2026-06-22T09:03:35.308+0300] {logging_mixin.py:188} INFO - [2026-06-22T09:03:35.308+0300] {dag.py:3954} INFO - Setting next_dagrun for example_subdag_operator.section-2 to None, run_after=None
[2026-06-22T09:03:35.331+0300] {processor.py:183} INFO - Processing /media/data/omar/programming course/DEPI/DEPI project/anomx/venv/lib/python3.12/site-packages/airflow/example_dags/example_subdag_operator.py took 0.109 seconds
[2026-06-22T09:04:31.525+0300] {processor.py:161} INFO - Started process (PID=47050) to work on /media/data/omar/programming course/DEPI/DEPI project/anomx/venv/lib/python3.12/site-packages/airflow/example_dags/example_subdag_operator.py
[2026-06-22T09:04:31.526+0300] {processor.py:830} INFO - Processing file /media/data/omar/programming course/DEPI/DEPI project/anomx/venv/lib/python3.12/site-packages/airflow/example_dags/example_subdag_operator.py for tasks to queue
[2026-06-22T09:04:31.527+0300] {logging_mixin.py:188} INFO - [2026-06-22T09:04:31.527+0300] {dagbag.py:540} INFO - Filling up the DagBag from /media/data/omar/programming course/DEPI/DEPI project/anomx/venv/lib/python3.12/site-packages/airflow/example_dags/example_subdag_operator.py
[2026-06-22T09:04:31.551+0300] {processor.py:840} INFO - DAG(s) 'example_subdag_operator.section-1', 'example_subdag_operator.section-2', 'example_subdag_operator' retrieved from /media/data/omar/programming course/DEPI/DEPI project/anomx/venv/lib/python3.12/site-packages/airflow/example_dags/example_subdag_operator.py
[2026-06-22T09:04:31.565+0300] {logging_mixin.py:188} INFO - [2026-06-22T09:04:31.565+0300] {dag.py:3096} INFO - Sync 3 DAGs
[2026-06-22T09:04:31.578+0300] {logging_mixin.py:188} INFO - [2026-06-22T09:04:31.577+0300] {dag.py:3954} INFO - Setting next_dagrun for example_subdag_operator to 2022-01-01 00:00:00+00:00, run_after=2022-01-01 00:00:00+00:00
[2026-06-22T09:04:31.580+0300] {logging_mixin.py:188} INFO - [2026-06-22T09:04:31.580+0300] {dag.py:3954} INFO - Setting next_dagrun for example_subdag_operator.section-1 to None, run_after=None
[2026-06-22T09:04:31.581+0300] {logging_mixin.py:188} INFO - [2026-06-22T09:04:31.581+0300] {dag.py:3954} INFO - Setting next_dagrun for example_subdag_operator.section-2 to None, run_after=None
[2026-06-22T09:04:31.586+0300] {logging_mixin.py:188} INFO - [2026-06-22T09:04:31.586+0300] {dag.py:3096} INFO - Sync 2 DAGs
[2026-06-22T09:04:31.589+0300] {logging_mixin.py:188} INFO - [2026-06-22T09:04:31.589+0300] {dag.py:3954} INFO - Setting next_dagrun for example_subdag_operator.section-1 to None, run_after=None
[2026-06-22T09:04:31.590+0300] {logging_mixin.py:188} INFO - [2026-06-22T09:04:31.590+0300] {dag.py:3954} INFO - Setting next_dagrun for example_subdag_operator.section-2 to None, run_after=None
[2026-06-22T09:04:31.611+0300] {processor.py:183} INFO - Processing /media/data/omar/programming course/DEPI/DEPI project/anomx/venv/lib/python3.12/site-packages/airflow/example_dags/example_subdag_operator.py took 0.095 seconds
[2026-06-22T09:05:22.341+0300] {processor.py:161} INFO - Started process (PID=47129) to work on /media/data/omar/programming course/DEPI/DEPI project/anomx/venv/lib/python3.12/site-packages/airflow/example_dags/example_subdag_operator.py
[2026-06-22T09:05:22.342+0300] {processor.py:830} INFO - Processing file /media/data/omar/programming course/DEPI/DEPI project/anomx/venv/lib/python3.12/site-packages/airflow/example_dags/example_subdag_operator.py for tasks to queue
[2026-06-22T09:05:22.344+0300] {logging_mixin.py:188} INFO - [2026-06-22T09:05:22.343+0300] {dagbag.py:540} INFO - Filling up the DagBag from /media/data/omar/programming course/DEPI/DEPI project/anomx/venv/lib/python3.12/site-packages/airflow/example_dags/example_subdag_operator.py
[2026-06-22T09:05:22.375+0300] {processor.py:840} INFO - DAG(s) 'example_subdag_operator.section-1', 'example_subdag_operator.section-2', 'example_subdag_operator' retrieved from /media/data/omar/programming course/DEPI/DEPI project/anomx/venv/lib/python3.12/site-packages/airflow/example_dags/example_subdag_operator.py
[2026-06-22T09:05:22.389+0300] {logging_mixin.py:188} INFO - [2026-06-22T09:05:22.388+0300] {dag.py:3096} INFO - Sync 3 DAGs
[2026-06-22T09:05:22.402+0300] {logging_mixin.py:188} INFO - [2026-06-22T09:05:22.402+0300] {dag.py:3954} INFO - Setting next_dagrun for example_subdag_operator to 2022-01-01 00:00:00+00:00, run_after=2022-01-01 00:00:00+00:00
[2026-06-22T09:05:22.405+0300] {logging_mixin.py:188} INFO - [2026-06-22T09:05:22.404+0300] {dag.py:3954} INFO - Setting next_dagrun for example_subdag_operator.section-1 to None, run_after=None
[2026-06-22T09:05:22.406+0300] {logging_mixin.py:188} INFO - [2026-06-22T09:05:22.405+0300] {dag.py:3954} INFO - Setting next_dagrun for example_subdag_operator.section-2 to None, run_after=None
[2026-06-22T09:05:22.412+0300] {logging_mixin.py:188} INFO - [2026-06-22T09:05:22.411+0300] {dag.py:3096} INFO - Sync 2 DAGs
[2026-06-22T09:05:22.415+0300] {logging_mixin.py:188} INFO - [2026-06-22T09:05:22.415+0300] {dag.py:3954} INFO - Setting next_dagrun for example_subdag_operator.section-1 to None, run_after=None
[2026-06-22T09:05:22.416+0300] {logging_mixin.py:188} INFO - [2026-06-22T09:05:22.416+0300] {dag.py:3954} INFO - Setting next_dagrun for example_subdag_operator.section-2 to None, run_after=None
[2026-06-22T09:05:22.469+0300] {processor.py:183} INFO - Processing /media/data/omar/programming course/DEPI/DEPI project/anomx/venv/lib/python3.12/site-packages/airflow/example_dags/example_subdag_operator.py took 0.145 seconds
[2026-06-22T09:06:14.329+0300] {processor.py:161} INFO - Started process (PID=47223) to work on /media/data/omar/programming course/DEPI/DEPI project/anomx/venv/lib/python3.12/site-packages/airflow/example_dags/example_subdag_operator.py
[2026-06-22T09:06:14.331+0300] {processor.py:830} INFO - Processing file /media/data/omar/programming course/DEPI/DEPI project/anomx/venv/lib/python3.12/site-packages/airflow/example_dags/example_subdag_operator.py for tasks to queue
[2026-06-22T09:06:14.333+0300] {logging_mixin.py:188} INFO - [2026-06-22T09:06:14.332+0300] {dagbag.py:540} INFO - Filling up the DagBag from /media/data/omar/programming course/DEPI/DEPI project/anomx/venv/lib/python3.12/site-packages/airflow/example_dags/example_subdag_operator.py
[2026-06-22T09:06:14.359+0300] {processor.py:840} INFO - DAG(s) 'example_subdag_operator.section-1', 'example_subdag_operator.section-2', 'example_subdag_operator' retrieved from /media/data/omar/programming course/DEPI/DEPI project/anomx/venv/lib/python3.12/site-packages/airflow/example_dags/example_subdag_operator.py
[2026-06-22T09:06:14.372+0300] {logging_mixin.py:188} INFO - [2026-06-22T09:06:14.372+0300] {dag.py:3096} INFO - Sync 3 DAGs
[2026-06-22T09:06:14.387+0300] {logging_mixin.py:188} INFO - [2026-06-22T09:06:14.386+0300] {dag.py:3954} INFO - Setting next_dagrun for example_subdag_operator to 2022-01-01 00:00:00+00:00, run_after=2022-01-01 00:00:00+00:00
[2026-06-22T09:06:14.389+0300] {logging_mixin.py:188} INFO - [2026-06-22T09:06:14.389+0300] {dag.py:3954} INFO - Setting next_dagrun for example_subdag_operator.section-1 to None, run_after=None
[2026-06-22T09:06:14.390+0300] {logging_mixin.py:188} INFO - [2026-06-22T09:06:14.390+0300] {dag.py:3954} INFO - Setting next_dagrun for example_subdag_operator.section-2 to None, run_after=None
[2026-06-22T09:06:14.396+0300] {logging_mixin.py:188} INFO - [2026-06-22T09:06:14.396+0300] {dag.py:3096} INFO - Sync 2 DAGs
[2026-06-22T09:06:14.399+0300] {logging_mixin.py:188} INFO - [2026-06-22T09:06:14.399+0300] {dag.py:3954} INFO - Setting next_dagrun for example_subdag_operator.section-1 to None, run_after=None
[2026-06-22T09:06:14.400+0300] {logging_mixin.py:188} INFO - [2026-06-22T09:06:14.400+0300] {dag.py:3954} INFO - Setting next_dagrun for example_subdag_operator.section-2 to None, run_after=None
[2026-06-22T09:06:14.422+0300] {processor.py:183} INFO - Processing /media/data/omar/programming course/DEPI/DEPI project/anomx/venv/lib/python3.12/site-packages/airflow/example_dags/example_subdag_operator.py took 0.103 seconds
[2026-06-22T09:07:06.632+0300] {processor.py:161} INFO - Started process (PID=47299) to work on /media/data/omar/programming course/DEPI/DEPI project/anomx/venv/lib/python3.12/site-packages/airflow/example_dags/example_subdag_operator.py
[2026-06-22T09:07:06.634+0300] {processor.py:830} INFO - Processing file /media/data/omar/programming course/DEPI/DEPI project/anomx/venv/lib/python3.12/site-packages/airflow/example_dags/example_subdag_operator.py for tasks to queue
[2026-06-22T09:07:06.636+0300] {logging_mixin.py:188} INFO - [2026-06-22T09:07:06.635+0300] {dagbag.py:540} INFO - Filling up the DagBag from /media/data/omar/programming course/DEPI/DEPI project/anomx/venv/lib/python3.12/site-packages/airflow/example_dags/example_subdag_operator.py
[2026-06-22T09:07:06.670+0300] {processor.py:840} INFO - DAG(s) 'example_subdag_operator.section-1', 'example_subdag_operator.section-2', 'example_subdag_operator' retrieved from /media/data/omar/programming course/DEPI/DEPI project/anomx/venv/lib/python3.12/site-packages/airflow/example_dags/example_subdag_operator.py
[2026-06-22T09:07:06.685+0300] {logging_mixin.py:188} INFO - [2026-06-22T09:07:06.684+0300] {dag.py:3096} INFO - Sync 3 DAGs
[2026-06-22T09:07:06.699+0300] {logging_mixin.py:188} INFO - [2026-06-22T09:07:06.698+0300] {dag.py:3954} INFO - Setting next_dagrun for example_subdag_operator to 2022-01-01 00:00:00+00:00, run_after=2022-01-01 00:00:00+00:00
[2026-06-22T09:07:06.701+0300] {logging_mixin.py:188} INFO - [2026-06-22T09:07:06.701+0300] {dag.py:3954} INFO - Setting next_dagrun for example_subdag_operator.section-1 to None, run_after=None
[2026-06-22T09:07:06.703+0300] {logging_mixin.py:188} INFO - [2026-06-22T09:07:06.702+0300] {dag.py:3954} INFO - Setting next_dagrun for example_subdag_operator.section-2 to None, run_after=None
[2026-06-22T09:07:06.709+0300] {logging_mixin.py:188} INFO - [2026-06-22T09:07:06.708+0300] {dag.py:3096} INFO - Sync 2 DAGs
[2026-06-22T09:07:06.712+0300] {logging_mixin.py:188} INFO - [2026-06-22T09:07:06.711+0300] {dag.py:3954} INFO - Setting next_dagrun for example_subdag_operator.section-1 to None, run_after=None
[2026-06-22T09:07:06.712+0300] {logging_mixin.py:188} INFO - [2026-06-22T09:07:06.712+0300] {dag.py:3954} INFO - Setting next_dagrun for example_subdag_operator.section-2 to None, run_after=None
[2026-06-22T09:07:06.736+0300] {processor.py:183} INFO - Processing /media/data/omar/programming course/DEPI/DEPI project/anomx/venv/lib/python3.12/site-packages/airflow/example_dags/example_subdag_operator.py took 0.113 seconds
[2026-06-22T09:08:00.700+0300] {processor.py:161} INFO - Started process (PID=47377) to work on /media/data/omar/programming course/DEPI/DEPI project/anomx/venv/lib/python3.12/site-packages/airflow/example_dags/example_subdag_operator.py
[2026-06-22T09:08:00.700+0300] {processor.py:830} INFO - Processing file /media/data/omar/programming course/DEPI/DEPI project/anomx/venv/lib/python3.12/site-packages/airflow/example_dags/example_subdag_operator.py for tasks to queue
[2026-06-22T09:08:00.701+0300] {logging_mixin.py:188} INFO - [2026-06-22T09:08:00.701+0300] {dagbag.py:540} INFO - Filling up the DagBag from /media/data/omar/programming course/DEPI/DEPI project/anomx/venv/lib/python3.12/site-packages/airflow/example_dags/example_subdag_operator.py
[2026-06-22T09:08:00.723+0300] {processor.py:840} INFO - DAG(s) 'example_subdag_operator.section-1', 'example_subdag_operator.section-2', 'example_subdag_operator' retrieved from /media/data/omar/programming course/DEPI/DEPI project/anomx/venv/lib/python3.12/site-packages/airflow/example_dags/example_subdag_operator.py
[2026-06-22T09:08:00.736+0300] {logging_mixin.py:188} INFO - [2026-06-22T09:08:00.735+0300] {dag.py:3096} INFO - Sync 3 DAGs
[2026-06-22T09:08:00.749+0300] {logging_mixin.py:188} INFO - [2026-06-22T09:08:00.748+0300] {dag.py:3954} INFO - Setting next_dagrun for example_subdag_operator to 2022-01-01 00:00:00+00:00, run_after=2022-01-01 00:00:00+00:00
[2026-06-22T09:08:00.751+0300] {logging_mixin.py:188} INFO - [2026-06-22T09:08:00.751+0300] {dag.py:3954} INFO - Setting next_dagrun for example_subdag_operator.section-1 to None, run_after=None
[2026-06-22T09:08:00.752+0300] {logging_mixin.py:188} INFO - [2026-06-22T09:08:00.752+0300] {dag.py:3954} INFO - Setting next_dagrun for example_subdag_operator.section-2 to None, run_after=None
[2026-06-22T09:08:00.758+0300] {logging_mixin.py:188} INFO - [2026-06-22T09:08:00.757+0300] {dag.py:3096} INFO - Sync 2 DAGs
[2026-06-22T09:08:00.761+0300] {logging_mixin.py:188} INFO - [2026-06-22T09:08:00.760+0300] {dag.py:3954} INFO - Setting next_dagrun for example_subdag_operator.section-1 to None, run_after=None
[2026-06-22T09:08:00.761+0300] {logging_mixin.py:188} INFO - [2026-06-22T09:08:00.761+0300] {dag.py:3954} INFO - Setting next_dagrun for example_subdag_operator.section-2 to None, run_after=None
[2026-06-22T09:08:00.781+0300] {processor.py:183} INFO - Processing /media/data/omar/programming course/DEPI/DEPI project/anomx/venv/lib/python3.12/site-packages/airflow/example_dags/example_subdag_operator.py took 0.087 seconds
[2026-06-22T09:08:54.707+0300] {processor.py:161} INFO - Started process (PID=47458) to work on /media/data/omar/programming course/DEPI/DEPI project/anomx/venv/lib/python3.12/site-packages/airflow/example_dags/example_subdag_operator.py
[2026-06-22T09:08:54.708+0300] {processor.py:830} INFO - Processing file /media/data/omar/programming course/DEPI/DEPI project/anomx/venv/lib/python3.12/site-packages/airflow/example_dags/example_subdag_operator.py for tasks to queue
[2026-06-22T09:08:54.709+0300] {logging_mixin.py:188} INFO - [2026-06-22T09:08:54.709+0300] {dagbag.py:540} INFO - Filling up the DagBag from /media/data/omar/programming course/DEPI/DEPI project/anomx/venv/lib/python3.12/site-packages/airflow/example_dags/example_subdag_operator.py
[2026-06-22T09:08:54.732+0300] {processor.py:840} INFO - DAG(s) 'example_subdag_operator.section-1', 'example_subdag_operator.section-2', 'example_subdag_operator' retrieved from /media/data/omar/programming course/DEPI/DEPI project/anomx/venv/lib/python3.12/site-packages/airflow/example_dags/example_subdag_operator.py
[2026-06-22T09:08:54.747+0300] {logging_mixin.py:188} INFO - [2026-06-22T09:08:54.746+0300] {dag.py:3096} INFO - Sync 3 DAGs
[2026-06-22T09:08:54.761+0300] {logging_mixin.py:188} INFO - [2026-06-22T09:08:54.760+0300] {dag.py:3954} INFO - Setting next_dagrun for example_subdag_operator to 2022-01-01 00:00:00+00:00, run_after=2022-01-01 00:00:00+00:00
[2026-06-22T09:08:54.763+0300] {logging_mixin.py:188} INFO - [2026-06-22T09:08:54.763+0300] {dag.py:3954} INFO - Setting next_dagrun for example_subdag_operator.section-1 to None, run_after=None
[2026-06-22T09:08:54.765+0300] {logging_mixin.py:188} INFO - [2026-06-22T09:08:54.764+0300] {dag.py:3954} INFO - Setting next_dagrun for example_subdag_operator.section-2 to None, run_after=None
[2026-06-22T09:08:54.771+0300] {logging_mixin.py:188} INFO - [2026-06-22T09:08:54.771+0300] {dag.py:3096} INFO - Sync 2 DAGs
[2026-06-22T09:08:54.775+0300] {logging_mixin.py:188} INFO - [2026-06-22T09:08:54.774+0300] {dag.py:3954} INFO - Setting next_dagrun for example_subdag_operator.section-1 to None, run_after=None
[2026-06-22T09:08:54.775+0300] {logging_mixin.py:188} INFO - [2026-06-22T09:08:54.775+0300] {dag.py:3954} INFO - Setting next_dagrun for example_subdag_operator.section-2 to None, run_after=None
[2026-06-22T09:08:54.798+0300] {processor.py:183} INFO - Processing /media/data/omar/programming course/DEPI/DEPI project/anomx/venv/lib/python3.12/site-packages/airflow/example_dags/example_subdag_operator.py took 0.097 seconds
[2026-06-22T09:09:46.416+0300] {processor.py:161} INFO - Started process (PID=47544) to work on /media/data/omar/programming course/DEPI/DEPI project/anomx/venv/lib/python3.12/site-packages/airflow/example_dags/example_subdag_operator.py
[2026-06-22T09:09:46.418+0300] {processor.py:830} INFO - Processing file /media/data/omar/programming course/DEPI/DEPI project/anomx/venv/lib/python3.12/site-packages/airflow/example_dags/example_subdag_operator.py for tasks to queue
[2026-06-22T09:09:46.420+0300] {logging_mixin.py:188} INFO - [2026-06-22T09:09:46.419+0300] {dagbag.py:540} INFO - Filling up the DagBag from /media/data/omar/programming course/DEPI/DEPI project/anomx/venv/lib/python3.12/site-packages/airflow/example_dags/example_subdag_operator.py
[2026-06-22T09:09:46.446+0300] {processor.py:840} INFO - DAG(s) 'example_subdag_operator.section-1', 'example_subdag_operator.section-2', 'example_subdag_operator' retrieved from /media/data/omar/programming course/DEPI/DEPI project/anomx/venv/lib/python3.12/site-packages/airflow/example_dags/example_subdag_operator.py
[2026-06-22T09:09:46.459+0300] {logging_mixin.py:188} INFO - [2026-06-22T09:09:46.459+0300] {dag.py:3096} INFO - Sync 3 DAGs
[2026-06-22T09:09:46.473+0300] {logging_mixin.py:188} INFO - [2026-06-22T09:09:46.473+0300] {dag.py:3954} INFO - Setting next_dagrun for example_subdag_operator to 2022-01-01 00:00:00+00:00, run_after=2022-01-01 00:00:00+00:00
[2026-06-22T09:09:46.475+0300] {logging_mixin.py:188} INFO - [2026-06-22T09:09:46.475+0300] {dag.py:3954} INFO - Setting next_dagrun for example_subdag_operator.section-1 to None, run_after=None
[2026-06-22T09:09:46.476+0300] {logging_mixin.py:188} INFO - [2026-06-22T09:09:46.476+0300] {dag.py:3954} INFO - Setting next_dagrun for example_subdag_operator.section-2 to None, run_after=None
[2026-06-22T09:09:46.482+0300] {logging_mixin.py:188} INFO - [2026-06-22T09:09:46.482+0300] {dag.py:3096} INFO - Sync 2 DAGs
[2026-06-22T09:09:46.485+0300] {logging_mixin.py:188} INFO - [2026-06-22T09:09:46.485+0300] {dag.py:3954} INFO - Setting next_dagrun for example_subdag_operator.section-1 to None, run_after=None
[2026-06-22T09:09:46.486+0300] {logging_mixin.py:188} INFO - [2026-06-22T09:09:46.486+0300] {dag.py:3954} INFO - Setting next_dagrun for example_subdag_operator.section-2 to None, run_after=None
[2026-06-22T09:09:46.508+0300] {processor.py:183} INFO - Processing /media/data/omar/programming course/DEPI/DEPI project/anomx/venv/lib/python3.12/site-packages/airflow/example_dags/example_subdag_operator.py took 0.112 seconds
[2026-06-22T09:10:37.415+0300] {processor.py:161} INFO - Started process (PID=47707) to work on /media/data/omar/programming course/DEPI/DEPI project/anomx/venv/lib/python3.12/site-packages/airflow/example_dags/example_subdag_operator.py
[2026-06-22T09:10:37.417+0300] {processor.py:830} INFO - Processing file /media/data/omar/programming course/DEPI/DEPI project/anomx/venv/lib/python3.12/site-packages/airflow/example_dags/example_subdag_operator.py for tasks to queue
[2026-06-22T09:10:37.418+0300] {logging_mixin.py:188} INFO - [2026-06-22T09:10:37.417+0300] {dagbag.py:540} INFO - Filling up the DagBag from /media/data/omar/programming course/DEPI/DEPI project/anomx/venv/lib/python3.12/site-packages/airflow/example_dags/example_subdag_operator.py
[2026-06-22T09:10:37.447+0300] {processor.py:840} INFO - DAG(s) 'example_subdag_operator.section-1', 'example_subdag_operator.section-2', 'example_subdag_operator' retrieved from /media/data/omar/programming course/DEPI/DEPI project/anomx/venv/lib/python3.12/site-packages/airflow/example_dags/example_subdag_operator.py
[2026-06-22T09:10:37.463+0300] {logging_mixin.py:188} INFO - [2026-06-22T09:10:37.462+0300] {dag.py:3096} INFO - Sync 3 DAGs
[2026-06-22T09:10:37.479+0300] {logging_mixin.py:188} INFO - [2026-06-22T09:10:37.478+0300] {dag.py:3954} INFO - Setting next_dagrun for example_subdag_operator to 2022-01-01 00:00:00+00:00, run_after=2022-01-01 00:00:00+00:00
[2026-06-22T09:10:37.482+0300] {logging_mixin.py:188} INFO - [2026-06-22T09:10:37.481+0300] {dag.py:3954} INFO - Setting next_dagrun for example_subdag_operator.section-1 to None, run_after=None
[2026-06-22T09:10:37.483+0300] {logging_mixin.py:188} INFO - [2026-06-22T09:10:37.483+0300] {dag.py:3954} INFO - Setting next_dagrun for example_subdag_operator.section-2 to None, run_after=None
[2026-06-22T09:10:37.491+0300] {logging_mixin.py:188} INFO - [2026-06-22T09:10:37.491+0300] {dag.py:3096} INFO - Sync 2 DAGs
[2026-06-22T09:10:37.495+0300] {logging_mixin.py:188} INFO - [2026-06-22T09:10:37.494+0300] {dag.py:3954} INFO - Setting next_dagrun for example_subdag_operator.section-1 to None, run_after=None
[2026-06-22T09:10:37.495+0300] {logging_mixin.py:188} INFO - [2026-06-22T09:10:37.495+0300] {dag.py:3954} INFO - Setting next_dagrun for example_subdag_operator.section-2 to None, run_after=None
[2026-06-22T09:10:37.519+0300] {processor.py:183} INFO - Processing /media/data/omar/programming course/DEPI/DEPI project/anomx/venv/lib/python3.12/site-packages/airflow/example_dags/example_subdag_operator.py took 0.113 seconds
[2026-06-22T09:11:31.542+0300] {processor.py:161} INFO - Started process (PID=47911) to work on /media/data/omar/programming course/DEPI/DEPI project/anomx/venv/lib/python3.12/site-packages/airflow/example_dags/example_subdag_operator.py
[2026-06-22T09:11:31.543+0300] {processor.py:830} INFO - Processing file /media/data/omar/programming course/DEPI/DEPI project/anomx/venv/lib/python3.12/site-packages/airflow/example_dags/example_subdag_operator.py for tasks to queue
[2026-06-22T09:11:31.544+0300] {logging_mixin.py:188} INFO - [2026-06-22T09:11:31.544+0300] {dagbag.py:540} INFO - Filling up the DagBag from /media/data/omar/programming course/DEPI/DEPI project/anomx/venv/lib/python3.12/site-packages/airflow/example_dags/example_subdag_operator.py
[2026-06-22T09:11:31.575+0300] {processor.py:840} INFO - DAG(s) 'example_subdag_operator.section-1', 'example_subdag_operator.section-2', 'example_subdag_operator' retrieved from /media/data/omar/programming course/DEPI/DEPI project/anomx/venv/lib/python3.12/site-packages/airflow/example_dags/example_subdag_operator.py
[2026-06-22T09:11:31.590+0300] {logging_mixin.py:188} INFO - [2026-06-22T09:11:31.590+0300] {dag.py:3096} INFO - Sync 3 DAGs
[2026-06-22T09:11:31.607+0300] {logging_mixin.py:188} INFO - [2026-06-22T09:11:31.606+0300] {dag.py:3954} INFO - Setting next_dagrun for example_subdag_operator to 2022-01-01 00:00:00+00:00, run_after=2022-01-01 00:00:00+00:00
[2026-06-22T09:11:31.609+0300] {logging_mixin.py:188} INFO - [2026-06-22T09:11:31.609+0300] {dag.py:3954} INFO - Setting next_dagrun for example_subdag_operator.section-1 to None, run_after=None
[2026-06-22T09:11:31.610+0300] {logging_mixin.py:188} INFO - [2026-06-22T09:11:31.610+0300] {dag.py:3954} INFO - Setting next_dagrun for example_subdag_operator.section-2 to None, run_after=None
[2026-06-22T09:11:31.618+0300] {logging_mixin.py:188} INFO - [2026-06-22T09:11:31.618+0300] {dag.py:3096} INFO - Sync 2 DAGs
[2026-06-22T09:11:31.622+0300] {logging_mixin.py:188} INFO - [2026-06-22T09:11:31.622+0300] {dag.py:3954} INFO - Setting next_dagrun for example_subdag_operator.section-1 to None, run_after=None
[2026-06-22T09:11:31.623+0300] {logging_mixin.py:188} INFO - [2026-06-22T09:11:31.622+0300] {dag.py:3954} INFO - Setting next_dagrun for example_subdag_operator.section-2 to None, run_after=None
[2026-06-22T09:11:31.646+0300] {processor.py:183} INFO - Processing /media/data/omar/programming course/DEPI/DEPI project/anomx/venv/lib/python3.12/site-packages/airflow/example_dags/example_subdag_operator.py took 0.114 seconds
[2026-06-22T09:12:28.186+0300] {processor.py:161} INFO - Started process (PID=48008) to work on /media/data/omar/programming course/DEPI/DEPI project/anomx/venv/lib/python3.12/site-packages/airflow/example_dags/example_subdag_operator.py
[2026-06-22T09:12:28.187+0300] {processor.py:830} INFO - Processing file /media/data/omar/programming course/DEPI/DEPI project/anomx/venv/lib/python3.12/site-packages/airflow/example_dags/example_subdag_operator.py for tasks to queue
[2026-06-22T09:12:28.189+0300] {logging_mixin.py:188} INFO - [2026-06-22T09:12:28.188+0300] {dagbag.py:540} INFO - Filling up the DagBag from /media/data/omar/programming course/DEPI/DEPI project/anomx/venv/lib/python3.12/site-packages/airflow/example_dags/example_subdag_operator.py
[2026-06-22T09:12:28.217+0300] {processor.py:840} INFO - DAG(s) 'example_subdag_operator.section-1', 'example_subdag_operator.section-2', 'example_subdag_operator' retrieved from /media/data/omar/programming course/DEPI/DEPI project/anomx/venv/lib/python3.12/site-packages/airflow/example_dags/example_subdag_operator.py
[2026-06-22T09:12:28.231+0300] {logging_mixin.py:188} INFO - [2026-06-22T09:12:28.230+0300] {dag.py:3096} INFO - Sync 3 DAGs
[2026-06-22T09:12:28.243+0300] {logging_mixin.py:188} INFO - [2026-06-22T09:12:28.243+0300] {dag.py:3954} INFO - Setting next_dagrun for example_subdag_operator to 2022-01-01 00:00:00+00:00, run_after=2022-01-01 00:00:00+00:00
[2026-06-22T09:12:28.246+0300] {logging_mixin.py:188} INFO - [2026-06-22T09:12:28.245+0300] {dag.py:3954} INFO - Setting next_dagrun for example_subdag_operator.section-1 to None, run_after=None
[2026-06-22T09:12:28.247+0300] {logging_mixin.py:188} INFO - [2026-06-22T09:12:28.247+0300] {dag.py:3954} INFO - Setting next_dagrun for example_subdag_operator.section-2 to None, run_after=None
[2026-06-22T09:12:28.252+0300] {logging_mixin.py:188} INFO - [2026-06-22T09:12:28.252+0300] {dag.py:3096} INFO - Sync 2 DAGs
[2026-06-22T09:12:28.255+0300] {logging_mixin.py:188} INFO - [2026-06-22T09:12:28.255+0300] {dag.py:3954} INFO - Setting next_dagrun for example_subdag_operator.section-1 to None, run_after=None
[2026-06-22T09:12:28.256+0300] {logging_mixin.py:188} INFO - [2026-06-22T09:12:28.256+0300] {dag.py:3954} INFO - Setting next_dagrun for example_subdag_operator.section-2 to None, run_after=None
[2026-06-22T09:12:28.290+0300] {processor.py:183} INFO - Processing /media/data/omar/programming course/DEPI/DEPI project/anomx/venv/lib/python3.12/site-packages/airflow/example_dags/example_subdag_operator.py took 0.113 seconds
[2026-06-22T09:13:19.690+0300] {processor.py:161} INFO - Started process (PID=48101) to work on /media/data/omar/programming course/DEPI/DEPI project/anomx/venv/lib/python3.12/site-packages/airflow/example_dags/example_subdag_operator.py
[2026-06-22T09:13:19.697+0300] {processor.py:830} INFO - Processing file /media/data/omar/programming course/DEPI/DEPI project/anomx/venv/lib/python3.12/site-packages/airflow/example_dags/example_subdag_operator.py for tasks to queue
[2026-06-22T09:13:19.701+0300] {logging_mixin.py:188} INFO - [2026-06-22T09:13:19.698+0300] {dagbag.py:540} INFO - Filling up the DagBag from /media/data/omar/programming course/DEPI/DEPI project/anomx/venv/lib/python3.12/site-packages/airflow/example_dags/example_subdag_operator.py
[2026-06-22T09:13:19.761+0300] {processor.py:840} INFO - DAG(s) 'example_subdag_operator.section-1', 'example_subdag_operator.section-2', 'example_subdag_operator' retrieved from /media/data/omar/programming course/DEPI/DEPI project/anomx/venv/lib/python3.12/site-packages/airflow/example_dags/example_subdag_operator.py
[2026-06-22T09:13:19.824+0300] {logging_mixin.py:188} INFO - [2026-06-22T09:13:19.823+0300] {dag.py:3096} INFO - Sync 3 DAGs
[2026-06-22T09:13:19.879+0300] {logging_mixin.py:188} INFO - [2026-06-22T09:13:19.877+0300] {dag.py:3954} INFO - Setting next_dagrun for example_subdag_operator to 2022-01-01 00:00:00+00:00, run_after=2022-01-01 00:00:00+00:00
[2026-06-22T09:13:19.892+0300] {logging_mixin.py:188} INFO - [2026-06-22T09:13:19.891+0300] {dag.py:3954} INFO - Setting next_dagrun for example_subdag_operator.section-1 to None, run_after=None
[2026-06-22T09:13:19.900+0300] {logging_mixin.py:188} INFO - [2026-06-22T09:13:19.898+0300] {dag.py:3954} INFO - Setting next_dagrun for example_subdag_operator.section-2 to None, run_after=None
[2026-06-22T09:13:19.940+0300] {logging_mixin.py:188} INFO - [2026-06-22T09:13:19.939+0300] {dag.py:3096} INFO - Sync 2 DAGs
[2026-06-22T09:13:19.952+0300] {logging_mixin.py:188} INFO - [2026-06-22T09:13:19.951+0300] {dag.py:3954} INFO - Setting next_dagrun for example_subdag_operator.section-1 to None, run_after=None
[2026-06-22T09:13:19.953+0300] {logging_mixin.py:188} INFO - [2026-06-22T09:13:19.952+0300] {dag.py:3954} INFO - Setting next_dagrun for example_subdag_operator.section-2 to None, run_after=None
[2026-06-22T09:13:20.009+0300] {processor.py:183} INFO - Processing /media/data/omar/programming course/DEPI/DEPI project/anomx/venv/lib/python3.12/site-packages/airflow/example_dags/example_subdag_operator.py took 0.332 seconds
[2026-06-22T09:14:13.246+0300] {processor.py:161} INFO - Started process (PID=48180) to work on /media/data/omar/programming course/DEPI/DEPI project/anomx/venv/lib/python3.12/site-packages/airflow/example_dags/example_subdag_operator.py
[2026-06-22T09:14:13.248+0300] {processor.py:830} INFO - Processing file /media/data/omar/programming course/DEPI/DEPI project/anomx/venv/lib/python3.12/site-packages/airflow/example_dags/example_subdag_operator.py for tasks to queue
[2026-06-22T09:14:13.250+0300] {logging_mixin.py:188} INFO - [2026-06-22T09:14:13.249+0300] {dagbag.py:540} INFO - Filling up the DagBag from /media/data/omar/programming course/DEPI/DEPI project/anomx/venv/lib/python3.12/site-packages/airflow/example_dags/example_subdag_operator.py
[2026-06-22T09:14:13.273+0300] {processor.py:840} INFO - DAG(s) 'example_subdag_operator.section-1', 'example_subdag_operator.section-2', 'example_subdag_operator' retrieved from /media/data/omar/programming course/DEPI/DEPI project/anomx/venv/lib/python3.12/site-packages/airflow/example_dags/example_subdag_operator.py
[2026-06-22T09:14:13.286+0300] {logging_mixin.py:188} INFO - [2026-06-22T09:14:13.286+0300] {dag.py:3096} INFO - Sync 3 DAGs
[2026-06-22T09:14:13.299+0300] {logging_mixin.py:188} INFO - [2026-06-22T09:14:13.299+0300] {dag.py:3954} INFO - Setting next_dagrun for example_subdag_operator to 2022-01-01 00:00:00+00:00, run_after=2022-01-01 00:00:00+00:00
[2026-06-22T09:14:13.301+0300] {logging_mixin.py:188} INFO - [2026-06-22T09:14:13.301+0300] {dag.py:3954} INFO - Setting next_dagrun for example_subdag_operator.section-1 to None, run_after=None
[2026-06-22T09:14:13.302+0300] {logging_mixin.py:188} INFO - [2026-06-22T09:14:13.302+0300] {dag.py:3954} INFO - Setting next_dagrun for example_subdag_operator.section-2 to None, run_after=None
[2026-06-22T09:14:13.307+0300] {logging_mixin.py:188} INFO - [2026-06-22T09:14:13.307+0300] {dag.py:3096} INFO - Sync 2 DAGs
[2026-06-22T09:14:13.310+0300] {logging_mixin.py:188} INFO - [2026-06-22T09:14:13.310+0300] {dag.py:3954} INFO - Setting next_dagrun for example_subdag_operator.section-1 to None, run_after=None
[2026-06-22T09:14:13.312+0300] {logging_mixin.py:188} INFO - [2026-06-22T09:14:13.311+0300] {dag.py:3954} INFO - Setting next_dagrun for example_subdag_operator.section-2 to None, run_after=None
[2026-06-22T09:14:13.334+0300] {processor.py:183} INFO - Processing /media/data/omar/programming course/DEPI/DEPI project/anomx/venv/lib/python3.12/site-packages/airflow/example_dags/example_subdag_operator.py took 0.103 seconds
[2026-06-22T09:15:05.776+0300] {processor.py:161} INFO - Started process (PID=48276) to work on /media/data/omar/programming course/DEPI/DEPI project/anomx/venv/lib/python3.12/site-packages/airflow/example_dags/example_subdag_operator.py
[2026-06-22T09:15:05.777+0300] {processor.py:830} INFO - Processing file /media/data/omar/programming course/DEPI/DEPI project/anomx/venv/lib/python3.12/site-packages/airflow/example_dags/example_subdag_operator.py for tasks to queue
[2026-06-22T09:15:05.779+0300] {logging_mixin.py:188} INFO - [2026-06-22T09:15:05.778+0300] {dagbag.py:540} INFO - Filling up the DagBag from /media/data/omar/programming course/DEPI/DEPI project/anomx/venv/lib/python3.12/site-packages/airflow/example_dags/example_subdag_operator.py
[2026-06-22T09:15:05.808+0300] {processor.py:840} INFO - DAG(s) 'example_subdag_operator.section-1', 'example_subdag_operator.section-2', 'example_subdag_operator' retrieved from /media/data/omar/programming course/DEPI/DEPI project/anomx/venv/lib/python3.12/site-packages/airflow/example_dags/example_subdag_operator.py
[2026-06-22T09:15:05.830+0300] {logging_mixin.py:188} INFO - [2026-06-22T09:15:05.830+0300] {dag.py:3096} INFO - Sync 3 DAGs
[2026-06-22T09:15:05.858+0300] {logging_mixin.py:188} INFO - [2026-06-22T09:15:05.857+0300] {dag.py:3954} INFO - Setting next_dagrun for example_subdag_operator to 2022-01-01 00:00:00+00:00, run_after=2022-01-01 00:00:00+00:00
[2026-06-22T09:15:05.862+0300] {logging_mixin.py:188} INFO - [2026-06-22T09:15:05.861+0300] {dag.py:3954} INFO - Setting next_dagrun for example_subdag_operator.section-1 to None, run_after=None
[2026-06-22T09:15:05.864+0300] {logging_mixin.py:188} INFO - [2026-06-22T09:15:05.863+0300] {dag.py:3954} INFO - Setting next_dagrun for example_subdag_operator.section-2 to None, run_after=None
[2026-06-22T09:15:05.881+0300] {logging_mixin.py:188} INFO - [2026-06-22T09:15:05.881+0300] {dag.py:3096} INFO - Sync 2 DAGs
[2026-06-22T09:15:05.896+0300] {logging_mixin.py:188} INFO - [2026-06-22T09:15:05.895+0300] {dag.py:3954} INFO - Setting next_dagrun for example_subdag_operator.section-1 to None, run_after=None
[2026-06-22T09:15:05.898+0300] {logging_mixin.py:188} INFO - [2026-06-22T09:15:05.897+0300] {dag.py:3954} INFO - Setting next_dagrun for example_subdag_operator.section-2 to None, run_after=None
[2026-06-22T09:15:05.961+0300] {processor.py:183} INFO - Processing /media/data/omar/programming course/DEPI/DEPI project/anomx/venv/lib/python3.12/site-packages/airflow/example_dags/example_subdag_operator.py took 0.195 seconds
[2026-06-22T09:16:00.048+0300] {processor.py:161} INFO - Started process (PID=48366) to work on /media/data/omar/programming course/DEPI/DEPI project/anomx/venv/lib/python3.12/site-packages/airflow/example_dags/example_subdag_operator.py
[2026-06-22T09:16:00.049+0300] {processor.py:830} INFO - Processing file /media/data/omar/programming course/DEPI/DEPI project/anomx/venv/lib/python3.12/site-packages/airflow/example_dags/example_subdag_operator.py for tasks to queue
[2026-06-22T09:16:00.051+0300] {logging_mixin.py:188} INFO - [2026-06-22T09:16:00.050+0300] {dagbag.py:540} INFO - Filling up the DagBag from /media/data/omar/programming course/DEPI/DEPI project/anomx/venv/lib/python3.12/site-packages/airflow/example_dags/example_subdag_operator.py
[2026-06-22T09:16:00.081+0300] {processor.py:840} INFO - DAG(s) 'example_subdag_operator.section-1', 'example_subdag_operator.section-2', 'example_subdag_operator' retrieved from /media/data/omar/programming course/DEPI/DEPI project/anomx/venv/lib/python3.12/site-packages/airflow/example_dags/example_subdag_operator.py
[2026-06-22T09:16:00.108+0300] {logging_mixin.py:188} INFO - [2026-06-22T09:16:00.108+0300] {dag.py:3096} INFO - Sync 3 DAGs
[2026-06-22T09:16:00.131+0300] {logging_mixin.py:188} INFO - [2026-06-22T09:16:00.130+0300] {dag.py:3954} INFO - Setting next_dagrun for example_subdag_operator to 2022-01-01 00:00:00+00:00, run_after=2022-01-01 00:00:00+00:00
[2026-06-22T09:16:00.136+0300] {logging_mixin.py:188} INFO - [2026-06-22T09:16:00.135+0300] {dag.py:3954} INFO - Setting next_dagrun for example_subdag_operator.section-1 to None, run_after=None
[2026-06-22T09:16:00.143+0300] {logging_mixin.py:188} INFO - [2026-06-22T09:16:00.141+0300] {dag.py:3954} INFO - Setting next_dagrun for example_subdag_operator.section-2 to None, run_after=None
[2026-06-22T09:16:00.150+0300] {logging_mixin.py:188} INFO - [2026-06-22T09:16:00.150+0300] {dag.py:3096} INFO - Sync 2 DAGs
[2026-06-22T09:16:00.156+0300] {logging_mixin.py:188} INFO - [2026-06-22T09:16:00.155+0300] {dag.py:3954} INFO - Setting next_dagrun for example_subdag_operator.section-1 to None, run_after=None
[2026-06-22T09:16:00.157+0300] {logging_mixin.py:188} INFO - [2026-06-22T09:16:00.157+0300] {dag.py:3954} INFO - Setting next_dagrun for example_subdag_operator.section-2 to None, run_after=None
[2026-06-22T09:16:00.185+0300] {processor.py:183} INFO - Processing /media/data/omar/programming course/DEPI/DEPI project/anomx/venv/lib/python3.12/site-packages/airflow/example_dags/example_subdag_operator.py took 0.145 seconds
[2026-06-22T09:16:59.198+0300] {processor.py:161} INFO - Started process (PID=48469) to work on /media/data/omar/programming course/DEPI/DEPI project/anomx/venv/lib/python3.12/site-packages/airflow/example_dags/example_subdag_operator.py
[2026-06-22T09:16:59.200+0300] {processor.py:830} INFO - Processing file /media/data/omar/programming course/DEPI/DEPI project/anomx/venv/lib/python3.12/site-packages/airflow/example_dags/example_subdag_operator.py for tasks to queue
[2026-06-22T09:16:59.201+0300] {logging_mixin.py:188} INFO - [2026-06-22T09:16:59.201+0300] {dagbag.py:540} INFO - Filling up the DagBag from /media/data/omar/programming course/DEPI/DEPI project/anomx/venv/lib/python3.12/site-packages/airflow/example_dags/example_subdag_operator.py
[2026-06-22T09:16:59.228+0300] {processor.py:840} INFO - DAG(s) 'example_subdag_operator.section-1', 'example_subdag_operator.section-2', 'example_subdag_operator' retrieved from /media/data/omar/programming course/DEPI/DEPI project/anomx/venv/lib/python3.12/site-packages/airflow/example_dags/example_subdag_operator.py
[2026-06-22T09:16:59.245+0300] {logging_mixin.py:188} INFO - [2026-06-22T09:16:59.245+0300] {dag.py:3096} INFO - Sync 3 DAGs
[2026-06-22T09:16:59.266+0300] {logging_mixin.py:188} INFO - [2026-06-22T09:16:59.266+0300] {dag.py:3954} INFO - Setting next_dagrun for example_subdag_operator to 2022-01-01 00:00:00+00:00, run_after=2022-01-01 00:00:00+00:00
[2026-06-22T09:16:59.269+0300] {logging_mixin.py:188} INFO - [2026-06-22T09:16:59.269+0300] {dag.py:3954} INFO - Setting next_dagrun for example_subdag_operator.section-1 to None, run_after=None
[2026-06-22T09:16:59.270+0300] {logging_mixin.py:188} INFO - [2026-06-22T09:16:59.270+0300] {dag.py:3954} INFO - Setting next_dagrun for example_subdag_operator.section-2 to None, run_after=None
[2026-06-22T09:16:59.276+0300] {logging_mixin.py:188} INFO - [2026-06-22T09:16:59.276+0300] {dag.py:3096} INFO - Sync 2 DAGs
[2026-06-22T09:16:59.279+0300] {logging_mixin.py:188} INFO - [2026-06-22T09:16:59.279+0300] {dag.py:3954} INFO - Setting next_dagrun for example_subdag_operator.section-1 to None, run_after=None
[2026-06-22T09:16:59.280+0300] {logging_mixin.py:188} INFO - [2026-06-22T09:16:59.279+0300] {dag.py:3954} INFO - Setting next_dagrun for example_subdag_operator.section-2 to None, run_after=None
[2026-06-22T09:16:59.305+0300] {processor.py:183} INFO - Processing /media/data/omar/programming course/DEPI/DEPI project/anomx/venv/lib/python3.12/site-packages/airflow/example_dags/example_subdag_operator.py took 0.120 seconds
[2026-06-22T09:17:59.477+0300] {processor.py:161} INFO - Started process (PID=48588) to work on /media/data/omar/programming course/DEPI/DEPI project/anomx/venv/lib/python3.12/site-packages/airflow/example_dags/example_subdag_operator.py
[2026-06-22T09:17:59.479+0300] {processor.py:830} INFO - Processing file /media/data/omar/programming course/DEPI/DEPI project/anomx/venv/lib/python3.12/site-packages/airflow/example_dags/example_subdag_operator.py for tasks to queue
[2026-06-22T09:17:59.480+0300] {logging_mixin.py:188} INFO - [2026-06-22T09:17:59.479+0300] {dagbag.py:540} INFO - Filling up the DagBag from /media/data/omar/programming course/DEPI/DEPI project/anomx/venv/lib/python3.12/site-packages/airflow/example_dags/example_subdag_operator.py
[2026-06-22T09:17:59.515+0300] {processor.py:840} INFO - DAG(s) 'example_subdag_operator.section-1', 'example_subdag_operator.section-2', 'example_subdag_operator' retrieved from /media/data/omar/programming course/DEPI/DEPI project/anomx/venv/lib/python3.12/site-packages/airflow/example_dags/example_subdag_operator.py
[2026-06-22T09:17:59.539+0300] {logging_mixin.py:188} INFO - [2026-06-22T09:17:59.539+0300] {dag.py:3096} INFO - Sync 3 DAGs
[2026-06-22T09:17:59.560+0300] {logging_mixin.py:188} INFO - [2026-06-22T09:17:59.559+0300] {dag.py:3954} INFO - Setting next_dagrun for example_subdag_operator to 2022-01-01 00:00:00+00:00, run_after=2022-01-01 00:00:00+00:00
[2026-06-22T09:17:59.567+0300] {logging_mixin.py:188} INFO - [2026-06-22T09:17:59.566+0300] {dag.py:3954} INFO - Setting next_dagrun for example_subdag_operator.section-1 to None, run_after=None
[2026-06-22T09:17:59.569+0300] {logging_mixin.py:188} INFO - [2026-06-22T09:17:59.569+0300] {dag.py:3954} INFO - Setting next_dagrun for example_subdag_operator.section-2 to None, run_after=None
[2026-06-22T09:17:59.579+0300] {logging_mixin.py:188} INFO - [2026-06-22T09:17:59.578+0300] {dag.py:3096} INFO - Sync 2 DAGs
[2026-06-22T09:17:59.585+0300] {logging_mixin.py:188} INFO - [2026-06-22T09:17:59.584+0300] {dag.py:3954} INFO - Setting next_dagrun for example_subdag_operator.section-1 to None, run_after=None
[2026-06-22T09:17:59.586+0300] {logging_mixin.py:188} INFO - [2026-06-22T09:17:59.585+0300] {dag.py:3954} INFO - Setting next_dagrun for example_subdag_operator.section-2 to None, run_after=None
[2026-06-22T09:17:59.618+0300] {processor.py:183} INFO - Processing /media/data/omar/programming course/DEPI/DEPI project/anomx/venv/lib/python3.12/site-packages/airflow/example_dags/example_subdag_operator.py took 0.151 seconds
[2026-06-22T09:19:05.283+0300] {processor.py:161} INFO - Started process (PID=48738) to work on /media/data/omar/programming course/DEPI/DEPI project/anomx/venv/lib/python3.12/site-packages/airflow/example_dags/example_subdag_operator.py
[2026-06-22T09:19:05.284+0300] {processor.py:830} INFO - Processing file /media/data/omar/programming course/DEPI/DEPI project/anomx/venv/lib/python3.12/site-packages/airflow/example_dags/example_subdag_operator.py for tasks to queue
[2026-06-22T09:19:05.286+0300] {logging_mixin.py:188} INFO - [2026-06-22T09:19:05.285+0300] {dagbag.py:540} INFO - Filling up the DagBag from /media/data/omar/programming course/DEPI/DEPI project/anomx/venv/lib/python3.12/site-packages/airflow/example_dags/example_subdag_operator.py
[2026-06-22T09:19:05.318+0300] {processor.py:840} INFO - DAG(s) 'example_subdag_operator.section-1', 'example_subdag_operator.section-2', 'example_subdag_operator' retrieved from /media/data/omar/programming course/DEPI/DEPI project/anomx/venv/lib/python3.12/site-packages/airflow/example_dags/example_subdag_operator.py
[2026-06-22T09:19:05.332+0300] {logging_mixin.py:188} INFO - [2026-06-22T09:19:05.332+0300] {dag.py:3096} INFO - Sync 3 DAGs
[2026-06-22T09:19:05.349+0300] {logging_mixin.py:188} INFO - [2026-06-22T09:19:05.349+0300] {dag.py:3954} INFO - Setting next_dagrun for example_subdag_operator to 2022-01-01 00:00:00+00:00, run_after=2022-01-01 00:00:00+00:00
[2026-06-22T09:19:05.352+0300] {logging_mixin.py:188} INFO - [2026-06-22T09:19:05.351+0300] {dag.py:3954} INFO - Setting next_dagrun for example_subdag_operator.section-1 to None, run_after=None
[2026-06-22T09:19:05.353+0300] {logging_mixin.py:188} INFO - [2026-06-22T09:19:05.352+0300] {dag.py:3954} INFO - Setting next_dagrun for example_subdag_operator.section-2 to None, run_after=None
[2026-06-22T09:19:05.360+0300] {logging_mixin.py:188} INFO - [2026-06-22T09:19:05.360+0300] {dag.py:3096} INFO - Sync 2 DAGs
[2026-06-22T09:19:05.364+0300] {logging_mixin.py:188} INFO - [2026-06-22T09:19:05.363+0300] {dag.py:3954} INFO - Setting next_dagrun for example_subdag_operator.section-1 to None, run_after=None
[2026-06-22T09:19:05.364+0300] {logging_mixin.py:188} INFO - [2026-06-22T09:19:05.364+0300] {dag.py:3954} INFO - Setting next_dagrun for example_subdag_operator.section-2 to None, run_after=None
[2026-06-22T09:19:05.392+0300] {processor.py:183} INFO - Processing /media/data/omar/programming course/DEPI/DEPI project/anomx/venv/lib/python3.12/site-packages/airflow/example_dags/example_subdag_operator.py took 0.123 seconds
[2026-06-22T09:19:58.801+0300] {processor.py:161} INFO - Started process (PID=48937) to work on /media/data/omar/programming course/DEPI/DEPI project/anomx/venv/lib/python3.12/site-packages/airflow/example_dags/example_subdag_operator.py
[2026-06-22T09:19:58.802+0300] {processor.py:830} INFO - Processing file /media/data/omar/programming course/DEPI/DEPI project/anomx/venv/lib/python3.12/site-packages/airflow/example_dags/example_subdag_operator.py for tasks to queue
[2026-06-22T09:19:58.805+0300] {logging_mixin.py:188} INFO - [2026-06-22T09:19:58.803+0300] {dagbag.py:540} INFO - Filling up the DagBag from /media/data/omar/programming course/DEPI/DEPI project/anomx/venv/lib/python3.12/site-packages/airflow/example_dags/example_subdag_operator.py
[2026-06-22T09:19:58.861+0300] {processor.py:840} INFO - DAG(s) 'example_subdag_operator.section-1', 'example_subdag_operator.section-2', 'example_subdag_operator' retrieved from /media/data/omar/programming course/DEPI/DEPI project/anomx/venv/lib/python3.12/site-packages/airflow/example_dags/example_subdag_operator.py
[2026-06-22T09:19:58.892+0300] {logging_mixin.py:188} INFO - [2026-06-22T09:19:58.890+0300] {dag.py:3096} INFO - Sync 3 DAGs
[2026-06-22T09:19:58.948+0300] {logging_mixin.py:188} INFO - [2026-06-22T09:19:58.945+0300] {dag.py:3954} INFO - Setting next_dagrun for example_subdag_operator to 2022-01-01 00:00:00+00:00, run_after=2022-01-01 00:00:00+00:00
[2026-06-22T09:19:58.954+0300] {logging_mixin.py:188} INFO - [2026-06-22T09:19:58.953+0300] {dag.py:3954} INFO - Setting next_dagrun for example_subdag_operator.section-1 to None, run_after=None
[2026-06-22T09:19:58.956+0300] {logging_mixin.py:188} INFO - [2026-06-22T09:19:58.956+0300] {dag.py:3954} INFO - Setting next_dagrun for example_subdag_operator.section-2 to None, run_after=None
[2026-06-22T09:19:58.972+0300] {logging_mixin.py:188} INFO - [2026-06-22T09:19:58.970+0300] {dag.py:3096} INFO - Sync 2 DAGs
[2026-06-22T09:19:58.984+0300] {logging_mixin.py:188} INFO - [2026-06-22T09:19:58.983+0300] {dag.py:3954} INFO - Setting next_dagrun for example_subdag_operator.section-1 to None, run_after=None
[2026-06-22T09:19:58.985+0300] {logging_mixin.py:188} INFO - [2026-06-22T09:19:58.985+0300] {dag.py:3954} INFO - Setting next_dagrun for example_subdag_operator.section-2 to None, run_after=None
[2026-06-22T09:19:59.027+0300] {processor.py:183} INFO - Processing /media/data/omar/programming course/DEPI/DEPI project/anomx/venv/lib/python3.12/site-packages/airflow/example_dags/example_subdag_operator.py took 0.242 seconds
[2026-06-22T09:21:07.183+0300] {processor.py:161} INFO - Started process (PID=49127) to work on /media/data/omar/programming course/DEPI/DEPI project/anomx/venv/lib/python3.12/site-packages/airflow/example_dags/example_subdag_operator.py
[2026-06-22T09:21:07.184+0300] {processor.py:830} INFO - Processing file /media/data/omar/programming course/DEPI/DEPI project/anomx/venv/lib/python3.12/site-packages/airflow/example_dags/example_subdag_operator.py for tasks to queue
[2026-06-22T09:21:07.185+0300] {logging_mixin.py:188} INFO - [2026-06-22T09:21:07.185+0300] {dagbag.py:540} INFO - Filling up the DagBag from /media/data/omar/programming course/DEPI/DEPI project/anomx/venv/lib/python3.12/site-packages/airflow/example_dags/example_subdag_operator.py
[2026-06-22T09:21:07.210+0300] {processor.py:840} INFO - DAG(s) 'example_subdag_operator.section-1', 'example_subdag_operator.section-2', 'example_subdag_operator' retrieved from /media/data/omar/programming course/DEPI/DEPI project/anomx/venv/lib/python3.12/site-packages/airflow/example_dags/example_subdag_operator.py
[2026-06-22T09:21:07.225+0300] {logging_mixin.py:188} INFO - [2026-06-22T09:21:07.224+0300] {dag.py:3096} INFO - Sync 3 DAGs
[2026-06-22T09:21:07.243+0300] {logging_mixin.py:188} INFO - [2026-06-22T09:21:07.242+0300] {dag.py:3954} INFO - Setting next_dagrun for example_subdag_operator to 2022-01-01 00:00:00+00:00, run_after=2022-01-01 00:00:00+00:00
[2026-06-22T09:21:07.247+0300] {logging_mixin.py:188} INFO - [2026-06-22T09:21:07.247+0300] {dag.py:3954} INFO - Setting next_dagrun for example_subdag_operator.section-1 to None, run_after=None
[2026-06-22T09:21:07.249+0300] {logging_mixin.py:188} INFO - [2026-06-22T09:21:07.249+0300] {dag.py:3954} INFO - Setting next_dagrun for example_subdag_operator.section-2 to None, run_after=None
[2026-06-22T09:21:07.255+0300] {logging_mixin.py:188} INFO - [2026-06-22T09:21:07.255+0300] {dag.py:3096} INFO - Sync 2 DAGs
[2026-06-22T09:21:07.260+0300] {logging_mixin.py:188} INFO - [2026-06-22T09:21:07.259+0300] {dag.py:3954} INFO - Setting next_dagrun for example_subdag_operator.section-1 to None, run_after=None
[2026-06-22T09:21:07.260+0300] {logging_mixin.py:188} INFO - [2026-06-22T09:21:07.260+0300] {dag.py:3954} INFO - Setting next_dagrun for example_subdag_operator.section-2 to None, run_after=None
[2026-06-22T09:21:07.285+0300] {processor.py:183} INFO - Processing /media/data/omar/programming course/DEPI/DEPI project/anomx/venv/lib/python3.12/site-packages/airflow/example_dags/example_subdag_operator.py took 0.109 seconds
[2026-06-22T09:22:18.206+0300] {processor.py:161} INFO - Started process (PID=49328) to work on /media/data/omar/programming course/DEPI/DEPI project/anomx/venv/lib/python3.12/site-packages/airflow/example_dags/example_subdag_operator.py
[2026-06-22T09:22:18.208+0300] {processor.py:830} INFO - Processing file /media/data/omar/programming course/DEPI/DEPI project/anomx/venv/lib/python3.12/site-packages/airflow/example_dags/example_subdag_operator.py for tasks to queue
[2026-06-22T09:22:18.210+0300] {logging_mixin.py:188} INFO - [2026-06-22T09:22:18.209+0300] {dagbag.py:540} INFO - Filling up the DagBag from /media/data/omar/programming course/DEPI/DEPI project/anomx/venv/lib/python3.12/site-packages/airflow/example_dags/example_subdag_operator.py
[2026-06-22T09:22:18.269+0300] {processor.py:840} INFO - DAG(s) 'example_subdag_operator.section-1', 'example_subdag_operator.section-2', 'example_subdag_operator' retrieved from /media/data/omar/programming course/DEPI/DEPI project/anomx/venv/lib/python3.12/site-packages/airflow/example_dags/example_subdag_operator.py
[2026-06-22T09:22:18.305+0300] {logging_mixin.py:188} INFO - [2026-06-22T09:22:18.304+0300] {dag.py:3096} INFO - Sync 3 DAGs
[2026-06-22T09:22:18.337+0300] {logging_mixin.py:188} INFO - [2026-06-22T09:22:18.337+0300] {dag.py:3954} INFO - Setting next_dagrun for example_subdag_operator to 2022-01-01 00:00:00+00:00, run_after=2022-01-01 00:00:00+00:00
[2026-06-22T09:22:18.342+0300] {logging_mixin.py:188} INFO - [2026-06-22T09:22:18.341+0300] {dag.py:3954} INFO - Setting next_dagrun for example_subdag_operator.section-1 to None, run_after=None
[2026-06-22T09:22:18.344+0300] {logging_mixin.py:188} INFO - [2026-06-22T09:22:18.343+0300] {dag.py:3954} INFO - Setting next_dagrun for example_subdag_operator.section-2 to None, run_after=None
[2026-06-22T09:22:18.355+0300] {logging_mixin.py:188} INFO - [2026-06-22T09:22:18.354+0300] {dag.py:3096} INFO - Sync 2 DAGs
[2026-06-22T09:22:18.358+0300] {logging_mixin.py:188} INFO - [2026-06-22T09:22:18.358+0300] {dag.py:3954} INFO - Setting next_dagrun for example_subdag_operator.section-1 to None, run_after=None
[2026-06-22T09:22:18.358+0300] {logging_mixin.py:188} INFO - [2026-06-22T09:22:18.358+0300] {dag.py:3954} INFO - Setting next_dagrun for example_subdag_operator.section-2 to None, run_after=None
[2026-06-22T09:22:18.388+0300] {processor.py:183} INFO - Processing /media/data/omar/programming course/DEPI/DEPI project/anomx/venv/lib/python3.12/site-packages/airflow/example_dags/example_subdag_operator.py took 0.196 seconds
[2026-06-22T09:23:23.174+0300] {processor.py:161} INFO - Started process (PID=49448) to work on /media/data/omar/programming course/DEPI/DEPI project/anomx/venv/lib/python3.12/site-packages/airflow/example_dags/example_subdag_operator.py
[2026-06-22T09:23:23.179+0300] {processor.py:830} INFO - Processing file /media/data/omar/programming course/DEPI/DEPI project/anomx/venv/lib/python3.12/site-packages/airflow/example_dags/example_subdag_operator.py for tasks to queue
[2026-06-22T09:23:23.187+0300] {logging_mixin.py:188} INFO - [2026-06-22T09:23:23.183+0300] {dagbag.py:540} INFO - Filling up the DagBag from /media/data/omar/programming course/DEPI/DEPI project/anomx/venv/lib/python3.12/site-packages/airflow/example_dags/example_subdag_operator.py
[2026-06-22T09:23:23.302+0300] {processor.py:840} INFO - DAG(s) 'example_subdag_operator.section-1', 'example_subdag_operator.section-2', 'example_subdag_operator' retrieved from /media/data/omar/programming course/DEPI/DEPI project/anomx/venv/lib/python3.12/site-packages/airflow/example_dags/example_subdag_operator.py
[2026-06-22T09:23:23.378+0300] {logging_mixin.py:188} INFO - [2026-06-22T09:23:23.376+0300] {dag.py:3096} INFO - Sync 3 DAGs
[2026-06-22T09:23:23.421+0300] {logging_mixin.py:188} INFO - [2026-06-22T09:23:23.420+0300] {dag.py:3954} INFO - Setting next_dagrun for example_subdag_operator to 2022-01-01 00:00:00+00:00, run_after=2022-01-01 00:00:00+00:00
[2026-06-22T09:23:23.427+0300] {logging_mixin.py:188} INFO - [2026-06-22T09:23:23.427+0300] {dag.py:3954} INFO - Setting next_dagrun for example_subdag_operator.section-1 to None, run_after=None
[2026-06-22T09:23:23.430+0300] {logging_mixin.py:188} INFO - [2026-06-22T09:23:23.430+0300] {dag.py:3954} INFO - Setting next_dagrun for example_subdag_operator.section-2 to None, run_after=None
[2026-06-22T09:23:23.440+0300] {logging_mixin.py:188} INFO - [2026-06-22T09:23:23.439+0300] {dag.py:3096} INFO - Sync 2 DAGs
[2026-06-22T09:23:23.450+0300] {logging_mixin.py:188} INFO - [2026-06-22T09:23:23.449+0300] {dag.py:3954} INFO - Setting next_dagrun for example_subdag_operator.section-1 to None, run_after=None
[2026-06-22T09:23:23.453+0300] {logging_mixin.py:188} INFO - [2026-06-22T09:23:23.452+0300] {dag.py:3954} INFO - Setting next_dagrun for example_subdag_operator.section-2 to None, run_after=None
[2026-06-22T09:23:23.484+0300] {processor.py:183} INFO - Processing /media/data/omar/programming course/DEPI/DEPI project/anomx/venv/lib/python3.12/site-packages/airflow/example_dags/example_subdag_operator.py took 0.339 seconds
[2026-06-22T09:24:29.768+0300] {processor.py:161} INFO - Started process (PID=49640) to work on /media/data/omar/programming course/DEPI/DEPI project/anomx/venv/lib/python3.12/site-packages/airflow/example_dags/example_subdag_operator.py
[2026-06-22T09:24:29.769+0300] {processor.py:830} INFO - Processing file /media/data/omar/programming course/DEPI/DEPI project/anomx/venv/lib/python3.12/site-packages/airflow/example_dags/example_subdag_operator.py for tasks to queue
[2026-06-22T09:24:29.770+0300] {logging_mixin.py:188} INFO - [2026-06-22T09:24:29.770+0300] {dagbag.py:540} INFO - Filling up the DagBag from /media/data/omar/programming course/DEPI/DEPI project/anomx/venv/lib/python3.12/site-packages/airflow/example_dags/example_subdag_operator.py
[2026-06-22T09:24:29.799+0300] {processor.py:840} INFO - DAG(s) 'example_subdag_operator.section-1', 'example_subdag_operator.section-2', 'example_subdag_operator' retrieved from /media/data/omar/programming course/DEPI/DEPI project/anomx/venv/lib/python3.12/site-packages/airflow/example_dags/example_subdag_operator.py
[2026-06-22T09:24:29.815+0300] {logging_mixin.py:188} INFO - [2026-06-22T09:24:29.815+0300] {dag.py:3096} INFO - Sync 3 DAGs
[2026-06-22T09:24:29.940+0300] {logging_mixin.py:188} INFO - [2026-06-22T09:24:29.939+0300] {dag.py:3954} INFO - Setting next_dagrun for example_subdag_operator to 2022-01-01 00:00:00+00:00, run_after=2022-01-01 00:00:00+00:00
[2026-06-22T09:24:29.942+0300] {logging_mixin.py:188} INFO - [2026-06-22T09:24:29.942+0300] {dag.py:3954} INFO - Setting next_dagrun for example_subdag_operator.section-1 to None, run_after=None
[2026-06-22T09:24:29.943+0300] {logging_mixin.py:188} INFO - [2026-06-22T09:24:29.943+0300] {dag.py:3954} INFO - Setting next_dagrun for example_subdag_operator.section-2 to None, run_after=None
[2026-06-22T09:24:29.950+0300] {logging_mixin.py:188} INFO - [2026-06-22T09:24:29.950+0300] {dag.py:3096} INFO - Sync 2 DAGs
[2026-06-22T09:24:29.955+0300] {logging_mixin.py:188} INFO - [2026-06-22T09:24:29.954+0300] {dag.py:3954} INFO - Setting next_dagrun for example_subdag_operator.section-1 to None, run_after=None
[2026-06-22T09:24:29.955+0300] {logging_mixin.py:188} INFO - [2026-06-22T09:24:29.955+0300] {dag.py:3954} INFO - Setting next_dagrun for example_subdag_operator.section-2 to None, run_after=None
[2026-06-22T09:24:29.978+0300] {processor.py:183} INFO - Processing /media/data/omar/programming course/DEPI/DEPI project/anomx/venv/lib/python3.12/site-packages/airflow/example_dags/example_subdag_operator.py took 0.216 seconds
[2026-06-22T09:25:40.018+0300] {processor.py:161} INFO - Started process (PID=49814) to work on /media/data/omar/programming course/DEPI/DEPI project/anomx/venv/lib/python3.12/site-packages/airflow/example_dags/example_subdag_operator.py
[2026-06-22T09:25:40.019+0300] {processor.py:830} INFO - Processing file /media/data/omar/programming course/DEPI/DEPI project/anomx/venv/lib/python3.12/site-packages/airflow/example_dags/example_subdag_operator.py for tasks to queue
[2026-06-22T09:25:40.022+0300] {logging_mixin.py:188} INFO - [2026-06-22T09:25:40.021+0300] {dagbag.py:540} INFO - Filling up the DagBag from /media/data/omar/programming course/DEPI/DEPI project/anomx/venv/lib/python3.12/site-packages/airflow/example_dags/example_subdag_operator.py
[2026-06-22T09:25:40.060+0300] {processor.py:840} INFO - DAG(s) 'example_subdag_operator.section-1', 'example_subdag_operator.section-2', 'example_subdag_operator' retrieved from /media/data/omar/programming course/DEPI/DEPI project/anomx/venv/lib/python3.12/site-packages/airflow/example_dags/example_subdag_operator.py
[2026-06-22T09:25:40.080+0300] {logging_mixin.py:188} INFO - [2026-06-22T09:25:40.079+0300] {dag.py:3096} INFO - Sync 3 DAGs
[2026-06-22T09:25:40.109+0300] {logging_mixin.py:188} INFO - [2026-06-22T09:25:40.109+0300] {dag.py:3954} INFO - Setting next_dagrun for example_subdag_operator to 2022-01-01 00:00:00+00:00, run_after=2022-01-01 00:00:00+00:00
[2026-06-22T09:25:40.112+0300] {logging_mixin.py:188} INFO - [2026-06-22T09:25:40.112+0300] {dag.py:3954} INFO - Setting next_dagrun for example_subdag_operator.section-1 to None, run_after=None
[2026-06-22T09:25:40.115+0300] {logging_mixin.py:188} INFO - [2026-06-22T09:25:40.114+0300] {dag.py:3954} INFO - Setting next_dagrun for example_subdag_operator.section-2 to None, run_after=None
[2026-06-22T09:25:40.130+0300] {logging_mixin.py:188} INFO - [2026-06-22T09:25:40.130+0300] {dag.py:3096} INFO - Sync 2 DAGs
[2026-06-22T09:25:40.135+0300] {logging_mixin.py:188} INFO - [2026-06-22T09:25:40.134+0300] {dag.py:3954} INFO - Setting next_dagrun for example_subdag_operator.section-1 to None, run_after=None
[2026-06-22T09:25:40.137+0300] {logging_mixin.py:188} INFO - [2026-06-22T09:25:40.136+0300] {dag.py:3954} INFO - Setting next_dagrun for example_subdag_operator.section-2 to None, run_after=None
[2026-06-22T09:25:40.335+0300] {processor.py:183} INFO - Processing /media/data/omar/programming course/DEPI/DEPI project/anomx/venv/lib/python3.12/site-packages/airflow/example_dags/example_subdag_operator.py took 0.323 seconds
[2026-06-22T09:26:52.680+0300] {processor.py:161} INFO - Started process (PID=50017) to work on /media/data/omar/programming course/DEPI/DEPI project/anomx/venv/lib/python3.12/site-packages/airflow/example_dags/example_subdag_operator.py
[2026-06-22T09:26:52.684+0300] {processor.py:830} INFO - Processing file /media/data/omar/programming course/DEPI/DEPI project/anomx/venv/lib/python3.12/site-packages/airflow/example_dags/example_subdag_operator.py for tasks to queue
[2026-06-22T09:26:52.692+0300] {logging_mixin.py:188} INFO - [2026-06-22T09:26:52.687+0300] {dagbag.py:540} INFO - Filling up the DagBag from /media/data/omar/programming course/DEPI/DEPI project/anomx/venv/lib/python3.12/site-packages/airflow/example_dags/example_subdag_operator.py
[2026-06-22T09:26:52.772+0300] {processor.py:840} INFO - DAG(s) 'example_subdag_operator.section-1', 'example_subdag_operator.section-2', 'example_subdag_operator' retrieved from /media/data/omar/programming course/DEPI/DEPI project/anomx/venv/lib/python3.12/site-packages/airflow/example_dags/example_subdag_operator.py
[2026-06-22T09:26:52.796+0300] {logging_mixin.py:188} INFO - [2026-06-22T09:26:52.795+0300] {dag.py:3096} INFO - Sync 3 DAGs
[2026-06-22T09:26:52.812+0300] {logging_mixin.py:188} INFO - [2026-06-22T09:26:52.812+0300] {dag.py:3954} INFO - Setting next_dagrun for example_subdag_operator to 2022-01-01 00:00:00+00:00, run_after=2022-01-01 00:00:00+00:00
[2026-06-22T09:26:52.815+0300] {logging_mixin.py:188} INFO - [2026-06-22T09:26:52.815+0300] {dag.py:3954} INFO - Setting next_dagrun for example_subdag_operator.section-1 to None, run_after=None
[2026-06-22T09:26:52.817+0300] {logging_mixin.py:188} INFO - [2026-06-22T09:26:52.817+0300] {dag.py:3954} INFO - Setting next_dagrun for example_subdag_operator.section-2 to None, run_after=None
[2026-06-22T09:26:52.826+0300] {logging_mixin.py:188} INFO - [2026-06-22T09:26:52.825+0300] {dag.py:3096} INFO - Sync 2 DAGs
[2026-06-22T09:26:52.833+0300] {logging_mixin.py:188} INFO - [2026-06-22T09:26:52.832+0300] {dag.py:3954} INFO - Setting next_dagrun for example_subdag_operator.section-1 to None, run_after=None
[2026-06-22T09:26:52.834+0300] {logging_mixin.py:188} INFO - [2026-06-22T09:26:52.834+0300] {dag.py:3954} INFO - Setting next_dagrun for example_subdag_operator.section-2 to None, run_after=None
[2026-06-22T09:26:52.865+0300] {processor.py:183} INFO - Processing /media/data/omar/programming course/DEPI/DEPI project/anomx/venv/lib/python3.12/site-packages/airflow/example_dags/example_subdag_operator.py took 0.216 seconds
[2026-06-22T09:28:03.338+0300] {processor.py:161} INFO - Started process (PID=50197) to work on /media/data/omar/programming course/DEPI/DEPI project/anomx/venv/lib/python3.12/site-packages/airflow/example_dags/example_subdag_operator.py
[2026-06-22T09:28:03.339+0300] {processor.py:830} INFO - Processing file /media/data/omar/programming course/DEPI/DEPI project/anomx/venv/lib/python3.12/site-packages/airflow/example_dags/example_subdag_operator.py for tasks to queue
[2026-06-22T09:28:03.340+0300] {logging_mixin.py:188} INFO - [2026-06-22T09:28:03.339+0300] {dagbag.py:540} INFO - Filling up the DagBag from /media/data/omar/programming course/DEPI/DEPI project/anomx/venv/lib/python3.12/site-packages/airflow/example_dags/example_subdag_operator.py
[2026-06-22T09:28:03.367+0300] {processor.py:840} INFO - DAG(s) 'example_subdag_operator.section-1', 'example_subdag_operator.section-2', 'example_subdag_operator' retrieved from /media/data/omar/programming course/DEPI/DEPI project/anomx/venv/lib/python3.12/site-packages/airflow/example_dags/example_subdag_operator.py
[2026-06-22T09:28:03.382+0300] {logging_mixin.py:188} INFO - [2026-06-22T09:28:03.382+0300] {dag.py:3096} INFO - Sync 3 DAGs
[2026-06-22T09:28:03.400+0300] {logging_mixin.py:188} INFO - [2026-06-22T09:28:03.400+0300] {dag.py:3954} INFO - Setting next_dagrun for example_subdag_operator to 2022-01-01 00:00:00+00:00, run_after=2022-01-01 00:00:00+00:00
[2026-06-22T09:28:03.403+0300] {logging_mixin.py:188} INFO - [2026-06-22T09:28:03.403+0300] {dag.py:3954} INFO - Setting next_dagrun for example_subdag_operator.section-1 to None, run_after=None
[2026-06-22T09:28:03.405+0300] {logging_mixin.py:188} INFO - [2026-06-22T09:28:03.404+0300] {dag.py:3954} INFO - Setting next_dagrun for example_subdag_operator.section-2 to None, run_after=None
[2026-06-22T09:28:03.411+0300] {logging_mixin.py:188} INFO - [2026-06-22T09:28:03.410+0300] {dag.py:3096} INFO - Sync 2 DAGs
[2026-06-22T09:28:03.414+0300] {logging_mixin.py:188} INFO - [2026-06-22T09:28:03.414+0300] {dag.py:3954} INFO - Setting next_dagrun for example_subdag_operator.section-1 to None, run_after=None
[2026-06-22T09:28:03.415+0300] {logging_mixin.py:188} INFO - [2026-06-22T09:28:03.415+0300] {dag.py:3954} INFO - Setting next_dagrun for example_subdag_operator.section-2 to None, run_after=None
[2026-06-22T09:28:03.441+0300] {processor.py:183} INFO - Processing /media/data/omar/programming course/DEPI/DEPI project/anomx/venv/lib/python3.12/site-packages/airflow/example_dags/example_subdag_operator.py took 0.110 seconds
[2026-06-22T09:29:10.685+0300] {processor.py:161} INFO - Started process (PID=50354) to work on /media/data/omar/programming course/DEPI/DEPI project/anomx/venv/lib/python3.12/site-packages/airflow/example_dags/example_subdag_operator.py
[2026-06-22T09:29:10.686+0300] {processor.py:830} INFO - Processing file /media/data/omar/programming course/DEPI/DEPI project/anomx/venv/lib/python3.12/site-packages/airflow/example_dags/example_subdag_operator.py for tasks to queue
[2026-06-22T09:29:10.687+0300] {logging_mixin.py:188} INFO - [2026-06-22T09:29:10.687+0300] {dagbag.py:540} INFO - Filling up the DagBag from /media/data/omar/programming course/DEPI/DEPI project/anomx/venv/lib/python3.12/site-packages/airflow/example_dags/example_subdag_operator.py
[2026-06-22T09:29:10.716+0300] {processor.py:840} INFO - DAG(s) 'example_subdag_operator.section-1', 'example_subdag_operator.section-2', 'example_subdag_operator' retrieved from /media/data/omar/programming course/DEPI/DEPI project/anomx/venv/lib/python3.12/site-packages/airflow/example_dags/example_subdag_operator.py
[2026-06-22T09:29:10.734+0300] {logging_mixin.py:188} INFO - [2026-06-22T09:29:10.733+0300] {dag.py:3096} INFO - Sync 3 DAGs
[2026-06-22T09:29:10.751+0300] {logging_mixin.py:188} INFO - [2026-06-22T09:29:10.750+0300] {dag.py:3954} INFO - Setting next_dagrun for example_subdag_operator to 2022-01-01 00:00:00+00:00, run_after=2022-01-01 00:00:00+00:00
[2026-06-22T09:29:10.754+0300] {logging_mixin.py:188} INFO - [2026-06-22T09:29:10.753+0300] {dag.py:3954} INFO - Setting next_dagrun for example_subdag_operator.section-1 to None, run_after=None
[2026-06-22T09:29:10.755+0300] {logging_mixin.py:188} INFO - [2026-06-22T09:29:10.755+0300] {dag.py:3954} INFO - Setting next_dagrun for example_subdag_operator.section-2 to None, run_after=None
[2026-06-22T09:29:10.769+0300] {logging_mixin.py:188} INFO - [2026-06-22T09:29:10.767+0300] {dag.py:3096} INFO - Sync 2 DAGs
[2026-06-22T09:29:10.774+0300] {logging_mixin.py:188} INFO - [2026-06-22T09:29:10.772+0300] {dag.py:3954} INFO - Setting next_dagrun for example_subdag_operator.section-1 to None, run_after=None
[2026-06-22T09:29:10.775+0300] {logging_mixin.py:188} INFO - [2026-06-22T09:29:10.775+0300] {dag.py:3954} INFO - Setting next_dagrun for example_subdag_operator.section-2 to None, run_after=None
[2026-06-22T09:29:10.803+0300] {processor.py:183} INFO - Processing /media/data/omar/programming course/DEPI/DEPI project/anomx/venv/lib/python3.12/site-packages/airflow/example_dags/example_subdag_operator.py took 0.124 seconds
[2026-06-22T09:30:20.511+0300] {processor.py:161} INFO - Started process (PID=50531) to work on /media/data/omar/programming course/DEPI/DEPI project/anomx/venv/lib/python3.12/site-packages/airflow/example_dags/example_subdag_operator.py
[2026-06-22T09:30:20.521+0300] {processor.py:830} INFO - Processing file /media/data/omar/programming course/DEPI/DEPI project/anomx/venv/lib/python3.12/site-packages/airflow/example_dags/example_subdag_operator.py for tasks to queue
[2026-06-22T09:30:20.533+0300] {logging_mixin.py:188} INFO - [2026-06-22T09:30:20.530+0300] {dagbag.py:540} INFO - Filling up the DagBag from /media/data/omar/programming course/DEPI/DEPI project/anomx/venv/lib/python3.12/site-packages/airflow/example_dags/example_subdag_operator.py
[2026-06-22T09:30:20.672+0300] {processor.py:840} INFO - DAG(s) 'example_subdag_operator.section-1', 'example_subdag_operator.section-2', 'example_subdag_operator' retrieved from /media/data/omar/programming course/DEPI/DEPI project/anomx/venv/lib/python3.12/site-packages/airflow/example_dags/example_subdag_operator.py
[2026-06-22T09:30:20.747+0300] {logging_mixin.py:188} INFO - [2026-06-22T09:30:20.744+0300] {dag.py:3096} INFO - Sync 3 DAGs
[2026-06-22T09:30:20.801+0300] {logging_mixin.py:188} INFO - [2026-06-22T09:30:20.799+0300] {dag.py:3954} INFO - Setting next_dagrun for example_subdag_operator to 2022-01-01 00:00:00+00:00, run_after=2022-01-01 00:00:00+00:00
[2026-06-22T09:30:20.819+0300] {logging_mixin.py:188} INFO - [2026-06-22T09:30:20.813+0300] {dag.py:3954} INFO - Setting next_dagrun for example_subdag_operator.section-1 to None, run_after=None
[2026-06-22T09:30:20.828+0300] {logging_mixin.py:188} INFO - [2026-06-22T09:30:20.827+0300] {dag.py:3954} INFO - Setting next_dagrun for example_subdag_operator.section-2 to None, run_after=None
[2026-06-22T09:30:20.846+0300] {logging_mixin.py:188} INFO - [2026-06-22T09:30:20.844+0300] {dag.py:3096} INFO - Sync 2 DAGs
[2026-06-22T09:30:20.856+0300] {logging_mixin.py:188} INFO - [2026-06-22T09:30:20.855+0300] {dag.py:3954} INFO - Setting next_dagrun for example_subdag_operator.section-1 to None, run_after=None
[2026-06-22T09:30:20.857+0300] {logging_mixin.py:188} INFO - [2026-06-22T09:30:20.857+0300] {dag.py:3954} INFO - Setting next_dagrun for example_subdag_operator.section-2 to None, run_after=None
[2026-06-22T09:30:20.901+0300] {processor.py:183} INFO - Processing /media/data/omar/programming course/DEPI/DEPI project/anomx/venv/lib/python3.12/site-packages/airflow/example_dags/example_subdag_operator.py took 0.412 seconds
[2026-06-22T09:31:32.387+0300] {processor.py:161} INFO - Started process (PID=50720) to work on /media/data/omar/programming course/DEPI/DEPI project/anomx/venv/lib/python3.12/site-packages/airflow/example_dags/example_subdag_operator.py
[2026-06-22T09:31:32.388+0300] {processor.py:830} INFO - Processing file /media/data/omar/programming course/DEPI/DEPI project/anomx/venv/lib/python3.12/site-packages/airflow/example_dags/example_subdag_operator.py for tasks to queue
[2026-06-22T09:31:32.389+0300] {logging_mixin.py:188} INFO - [2026-06-22T09:31:32.389+0300] {dagbag.py:540} INFO - Filling up the DagBag from /media/data/omar/programming course/DEPI/DEPI project/anomx/venv/lib/python3.12/site-packages/airflow/example_dags/example_subdag_operator.py
[2026-06-22T09:31:32.413+0300] {processor.py:840} INFO - DAG(s) 'example_subdag_operator.section-1', 'example_subdag_operator.section-2', 'example_subdag_operator' retrieved from /media/data/omar/programming course/DEPI/DEPI project/anomx/venv/lib/python3.12/site-packages/airflow/example_dags/example_subdag_operator.py
[2026-06-22T09:31:32.426+0300] {logging_mixin.py:188} INFO - [2026-06-22T09:31:32.425+0300] {dag.py:3096} INFO - Sync 3 DAGs
[2026-06-22T09:31:32.438+0300] {logging_mixin.py:188} INFO - [2026-06-22T09:31:32.438+0300] {dag.py:3954} INFO - Setting next_dagrun for example_subdag_operator to 2022-01-01 00:00:00+00:00, run_after=2022-01-01 00:00:00+00:00
[2026-06-22T09:31:32.441+0300] {logging_mixin.py:188} INFO - [2026-06-22T09:31:32.441+0300] {dag.py:3954} INFO - Setting next_dagrun for example_subdag_operator.section-1 to None, run_after=None
[2026-06-22T09:31:32.442+0300] {logging_mixin.py:188} INFO - [2026-06-22T09:31:32.442+0300] {dag.py:3954} INFO - Setting next_dagrun for example_subdag_operator.section-2 to None, run_after=None
[2026-06-22T09:31:32.447+0300] {logging_mixin.py:188} INFO - [2026-06-22T09:31:32.446+0300] {dag.py:3096} INFO - Sync 2 DAGs
[2026-06-22T09:31:32.450+0300] {logging_mixin.py:188} INFO - [2026-06-22T09:31:32.449+0300] {dag.py:3954} INFO - Setting next_dagrun for example_subdag_operator.section-1 to None, run_after=None
[2026-06-22T09:31:32.451+0300] {logging_mixin.py:188} INFO - [2026-06-22T09:31:32.450+0300] {dag.py:3954} INFO - Setting next_dagrun for example_subdag_operator.section-2 to None, run_after=None
[2026-06-22T09:31:32.472+0300] {processor.py:183} INFO - Processing /media/data/omar/programming course/DEPI/DEPI project/anomx/venv/lib/python3.12/site-packages/airflow/example_dags/example_subdag_operator.py took 0.092 seconds
[2026-06-22T09:32:28.547+0300] {processor.py:161} INFO - Started process (PID=50802) to work on /media/data/omar/programming course/DEPI/DEPI project/anomx/venv/lib/python3.12/site-packages/airflow/example_dags/example_subdag_operator.py
[2026-06-22T09:32:28.547+0300] {processor.py:830} INFO - Processing file /media/data/omar/programming course/DEPI/DEPI project/anomx/venv/lib/python3.12/site-packages/airflow/example_dags/example_subdag_operator.py for tasks to queue
[2026-06-22T09:32:28.548+0300] {logging_mixin.py:188} INFO - [2026-06-22T09:32:28.548+0300] {dagbag.py:540} INFO - Filling up the DagBag from /media/data/omar/programming course/DEPI/DEPI project/anomx/venv/lib/python3.12/site-packages/airflow/example_dags/example_subdag_operator.py
[2026-06-22T09:32:28.568+0300] {processor.py:840} INFO - DAG(s) 'example_subdag_operator.section-1', 'example_subdag_operator.section-2', 'example_subdag_operator' retrieved from /media/data/omar/programming course/DEPI/DEPI project/anomx/venv/lib/python3.12/site-packages/airflow/example_dags/example_subdag_operator.py
[2026-06-22T09:32:28.581+0300] {logging_mixin.py:188} INFO - [2026-06-22T09:32:28.581+0300] {dag.py:3096} INFO - Sync 3 DAGs
[2026-06-22T09:32:28.595+0300] {logging_mixin.py:188} INFO - [2026-06-22T09:32:28.595+0300] {dag.py:3954} INFO - Setting next_dagrun for example_subdag_operator to 2022-01-01 00:00:00+00:00, run_after=2022-01-01 00:00:00+00:00
[2026-06-22T09:32:28.598+0300] {logging_mixin.py:188} INFO - [2026-06-22T09:32:28.598+0300] {dag.py:3954} INFO - Setting next_dagrun for example_subdag_operator.section-1 to None, run_after=None
[2026-06-22T09:32:28.599+0300] {logging_mixin.py:188} INFO - [2026-06-22T09:32:28.599+0300] {dag.py:3954} INFO - Setting next_dagrun for example_subdag_operator.section-2 to None, run_after=None
[2026-06-22T09:32:28.605+0300] {logging_mixin.py:188} INFO - [2026-06-22T09:32:28.604+0300] {dag.py:3096} INFO - Sync 2 DAGs
[2026-06-22T09:32:28.608+0300] {logging_mixin.py:188} INFO - [2026-06-22T09:32:28.608+0300] {dag.py:3954} INFO - Setting next_dagrun for example_subdag_operator.section-1 to None, run_after=None
[2026-06-22T09:32:28.608+0300] {logging_mixin.py:188} INFO - [2026-06-22T09:32:28.608+0300] {dag.py:3954} INFO - Setting next_dagrun for example_subdag_operator.section-2 to None, run_after=None
[2026-06-22T09:32:28.629+0300] {processor.py:183} INFO - Processing /media/data/omar/programming course/DEPI/DEPI project/anomx/venv/lib/python3.12/site-packages/airflow/example_dags/example_subdag_operator.py took 0.089 seconds
[2026-06-22T09:33:21.894+0300] {processor.py:161} INFO - Started process (PID=50889) to work on /media/data/omar/programming course/DEPI/DEPI project/anomx/venv/lib/python3.12/site-packages/airflow/example_dags/example_subdag_operator.py
[2026-06-22T09:33:21.896+0300] {processor.py:830} INFO - Processing file /media/data/omar/programming course/DEPI/DEPI project/anomx/venv/lib/python3.12/site-packages/airflow/example_dags/example_subdag_operator.py for tasks to queue
[2026-06-22T09:33:21.898+0300] {logging_mixin.py:188} INFO - [2026-06-22T09:33:21.897+0300] {dagbag.py:540} INFO - Filling up the DagBag from /media/data/omar/programming course/DEPI/DEPI project/anomx/venv/lib/python3.12/site-packages/airflow/example_dags/example_subdag_operator.py
[2026-06-22T09:33:21.923+0300] {processor.py:840} INFO - DAG(s) 'example_subdag_operator.section-1', 'example_subdag_operator.section-2', 'example_subdag_operator' retrieved from /media/data/omar/programming course/DEPI/DEPI project/anomx/venv/lib/python3.12/site-packages/airflow/example_dags/example_subdag_operator.py
[2026-06-22T09:33:21.935+0300] {logging_mixin.py:188} INFO - [2026-06-22T09:33:21.935+0300] {dag.py:3096} INFO - Sync 3 DAGs
[2026-06-22T09:33:21.948+0300] {logging_mixin.py:188} INFO - [2026-06-22T09:33:21.948+0300] {dag.py:3954} INFO - Setting next_dagrun for example_subdag_operator to 2022-01-01 00:00:00+00:00, run_after=2022-01-01 00:00:00+00:00
[2026-06-22T09:33:21.950+0300] {logging_mixin.py:188} INFO - [2026-06-22T09:33:21.950+0300] {dag.py:3954} INFO - Setting next_dagrun for example_subdag_operator.section-1 to None, run_after=None
[2026-06-22T09:33:21.952+0300] {logging_mixin.py:188} INFO - [2026-06-22T09:33:21.951+0300] {dag.py:3954} INFO - Setting next_dagrun for example_subdag_operator.section-2 to None, run_after=None
[2026-06-22T09:33:21.956+0300] {logging_mixin.py:188} INFO - [2026-06-22T09:33:21.956+0300] {dag.py:3096} INFO - Sync 2 DAGs
[2026-06-22T09:33:21.960+0300] {logging_mixin.py:188} INFO - [2026-06-22T09:33:21.959+0300] {dag.py:3954} INFO - Setting next_dagrun for example_subdag_operator.section-1 to None, run_after=None
[2026-06-22T09:33:21.961+0300] {logging_mixin.py:188} INFO - [2026-06-22T09:33:21.960+0300] {dag.py:3954} INFO - Setting next_dagrun for example_subdag_operator.section-2 to None, run_after=None
[2026-06-22T09:33:21.982+0300] {processor.py:183} INFO - Processing /media/data/omar/programming course/DEPI/DEPI project/anomx/venv/lib/python3.12/site-packages/airflow/example_dags/example_subdag_operator.py took 0.103 seconds
[2026-06-22T09:34:12.589+0300] {processor.py:161} INFO - Started process (PID=50984) to work on /media/data/omar/programming course/DEPI/DEPI project/anomx/venv/lib/python3.12/site-packages/airflow/example_dags/example_subdag_operator.py
[2026-06-22T09:34:12.591+0300] {processor.py:830} INFO - Processing file /media/data/omar/programming course/DEPI/DEPI project/anomx/venv/lib/python3.12/site-packages/airflow/example_dags/example_subdag_operator.py for tasks to queue
[2026-06-22T09:34:12.593+0300] {logging_mixin.py:188} INFO - [2026-06-22T09:34:12.593+0300] {dagbag.py:540} INFO - Filling up the DagBag from /media/data/omar/programming course/DEPI/DEPI project/anomx/venv/lib/python3.12/site-packages/airflow/example_dags/example_subdag_operator.py
[2026-06-22T09:34:12.620+0300] {processor.py:840} INFO - DAG(s) 'example_subdag_operator.section-1', 'example_subdag_operator.section-2', 'example_subdag_operator' retrieved from /media/data/omar/programming course/DEPI/DEPI project/anomx/venv/lib/python3.12/site-packages/airflow/example_dags/example_subdag_operator.py
[2026-06-22T09:34:12.633+0300] {logging_mixin.py:188} INFO - [2026-06-22T09:34:12.633+0300] {dag.py:3096} INFO - Sync 3 DAGs
[2026-06-22T09:34:12.647+0300] {logging_mixin.py:188} INFO - [2026-06-22T09:34:12.647+0300] {dag.py:3954} INFO - Setting next_dagrun for example_subdag_operator to 2022-01-01 00:00:00+00:00, run_after=2022-01-01 00:00:00+00:00
[2026-06-22T09:34:12.649+0300] {logging_mixin.py:188} INFO - [2026-06-22T09:34:12.649+0300] {dag.py:3954} INFO - Setting next_dagrun for example_subdag_operator.section-1 to None, run_after=None
[2026-06-22T09:34:12.651+0300] {logging_mixin.py:188} INFO - [2026-06-22T09:34:12.650+0300] {dag.py:3954} INFO - Setting next_dagrun for example_subdag_operator.section-2 to None, run_after=None
[2026-06-22T09:34:12.656+0300] {logging_mixin.py:188} INFO - [2026-06-22T09:34:12.655+0300] {dag.py:3096} INFO - Sync 2 DAGs
[2026-06-22T09:34:12.659+0300] {logging_mixin.py:188} INFO - [2026-06-22T09:34:12.659+0300] {dag.py:3954} INFO - Setting next_dagrun for example_subdag_operator.section-1 to None, run_after=None
[2026-06-22T09:34:12.659+0300] {logging_mixin.py:188} INFO - [2026-06-22T09:34:12.659+0300] {dag.py:3954} INFO - Setting next_dagrun for example_subdag_operator.section-2 to None, run_after=None
[2026-06-22T09:34:12.679+0300] {processor.py:183} INFO - Processing /media/data/omar/programming course/DEPI/DEPI project/anomx/venv/lib/python3.12/site-packages/airflow/example_dags/example_subdag_operator.py took 0.108 seconds
[2026-06-22T09:35:02.944+0300] {processor.py:161} INFO - Started process (PID=51062) to work on /media/data/omar/programming course/DEPI/DEPI project/anomx/venv/lib/python3.12/site-packages/airflow/example_dags/example_subdag_operator.py
[2026-06-22T09:35:02.945+0300] {processor.py:830} INFO - Processing file /media/data/omar/programming course/DEPI/DEPI project/anomx/venv/lib/python3.12/site-packages/airflow/example_dags/example_subdag_operator.py for tasks to queue
[2026-06-22T09:35:02.946+0300] {logging_mixin.py:188} INFO - [2026-06-22T09:35:02.945+0300] {dagbag.py:540} INFO - Filling up the DagBag from /media/data/omar/programming course/DEPI/DEPI project/anomx/venv/lib/python3.12/site-packages/airflow/example_dags/example_subdag_operator.py
[2026-06-22T09:35:02.965+0300] {processor.py:840} INFO - DAG(s) 'example_subdag_operator.section-1', 'example_subdag_operator.section-2', 'example_subdag_operator' retrieved from /media/data/omar/programming course/DEPI/DEPI project/anomx/venv/lib/python3.12/site-packages/airflow/example_dags/example_subdag_operator.py
[2026-06-22T09:35:02.978+0300] {logging_mixin.py:188} INFO - [2026-06-22T09:35:02.977+0300] {dag.py:3096} INFO - Sync 3 DAGs
[2026-06-22T09:35:02.991+0300] {logging_mixin.py:188} INFO - [2026-06-22T09:35:02.991+0300] {dag.py:3954} INFO - Setting next_dagrun for example_subdag_operator to 2022-01-01 00:00:00+00:00, run_after=2022-01-01 00:00:00+00:00
[2026-06-22T09:35:02.994+0300] {logging_mixin.py:188} INFO - [2026-06-22T09:35:02.994+0300] {dag.py:3954} INFO - Setting next_dagrun for example_subdag_operator.section-1 to None, run_after=None
[2026-06-22T09:35:02.995+0300] {logging_mixin.py:188} INFO - [2026-06-22T09:35:02.995+0300] {dag.py:3954} INFO - Setting next_dagrun for example_subdag_operator.section-2 to None, run_after=None
[2026-06-22T09:35:03.001+0300] {logging_mixin.py:188} INFO - [2026-06-22T09:35:03.000+0300] {dag.py:3096} INFO - Sync 2 DAGs
[2026-06-22T09:35:03.004+0300] {logging_mixin.py:188} INFO - [2026-06-22T09:35:03.004+0300] {dag.py:3954} INFO - Setting next_dagrun for example_subdag_operator.section-1 to None, run_after=None
[2026-06-22T09:35:03.004+0300] {logging_mixin.py:188} INFO - [2026-06-22T09:35:03.004+0300] {dag.py:3954} INFO - Setting next_dagrun for example_subdag_operator.section-2 to None, run_after=None
[2026-06-22T09:35:03.025+0300] {processor.py:183} INFO - Processing /media/data/omar/programming course/DEPI/DEPI project/anomx/venv/lib/python3.12/site-packages/airflow/example_dags/example_subdag_operator.py took 0.085 seconds
[2026-06-22T09:35:57.647+0300] {processor.py:161} INFO - Started process (PID=51139) to work on /media/data/omar/programming course/DEPI/DEPI project/anomx/venv/lib/python3.12/site-packages/airflow/example_dags/example_subdag_operator.py
[2026-06-22T09:35:57.648+0300] {processor.py:830} INFO - Processing file /media/data/omar/programming course/DEPI/DEPI project/anomx/venv/lib/python3.12/site-packages/airflow/example_dags/example_subdag_operator.py for tasks to queue
[2026-06-22T09:35:57.649+0300] {logging_mixin.py:188} INFO - [2026-06-22T09:35:57.648+0300] {dagbag.py:540} INFO - Filling up the DagBag from /media/data/omar/programming course/DEPI/DEPI project/anomx/venv/lib/python3.12/site-packages/airflow/example_dags/example_subdag_operator.py
[2026-06-22T09:35:57.673+0300] {processor.py:840} INFO - DAG(s) 'example_subdag_operator.section-1', 'example_subdag_operator.section-2', 'example_subdag_operator' retrieved from /media/data/omar/programming course/DEPI/DEPI project/anomx/venv/lib/python3.12/site-packages/airflow/example_dags/example_subdag_operator.py
[2026-06-22T09:35:57.687+0300] {logging_mixin.py:188} INFO - [2026-06-22T09:35:57.686+0300] {dag.py:3096} INFO - Sync 3 DAGs
[2026-06-22T09:35:57.700+0300] {logging_mixin.py:188} INFO - [2026-06-22T09:35:57.700+0300] {dag.py:3954} INFO - Setting next_dagrun for example_subdag_operator to 2022-01-01 00:00:00+00:00, run_after=2022-01-01 00:00:00+00:00
[2026-06-22T09:35:57.703+0300] {logging_mixin.py:188} INFO - [2026-06-22T09:35:57.702+0300] {dag.py:3954} INFO - Setting next_dagrun for example_subdag_operator.section-1 to None, run_after=None
[2026-06-22T09:35:57.704+0300] {logging_mixin.py:188} INFO - [2026-06-22T09:35:57.703+0300] {dag.py:3954} INFO - Setting next_dagrun for example_subdag_operator.section-2 to None, run_after=None
[2026-06-22T09:35:57.709+0300] {logging_mixin.py:188} INFO - [2026-06-22T09:35:57.708+0300] {dag.py:3096} INFO - Sync 2 DAGs
[2026-06-22T09:35:57.712+0300] {logging_mixin.py:188} INFO - [2026-06-22T09:35:57.712+0300] {dag.py:3954} INFO - Setting next_dagrun for example_subdag_operator.section-1 to None, run_after=None
[2026-06-22T09:35:57.712+0300] {logging_mixin.py:188} INFO - [2026-06-22T09:35:57.712+0300] {dag.py:3954} INFO - Setting next_dagrun for example_subdag_operator.section-2 to None, run_after=None
[2026-06-22T09:35:57.732+0300] {processor.py:183} INFO - Processing /media/data/omar/programming course/DEPI/DEPI project/anomx/venv/lib/python3.12/site-packages/airflow/example_dags/example_subdag_operator.py took 0.093 seconds
[2026-06-22T09:36:52.377+0300] {processor.py:161} INFO - Started process (PID=51243) to work on /media/data/omar/programming course/DEPI/DEPI project/anomx/venv/lib/python3.12/site-packages/airflow/example_dags/example_subdag_operator.py
[2026-06-22T09:36:52.379+0300] {processor.py:830} INFO - Processing file /media/data/omar/programming course/DEPI/DEPI project/anomx/venv/lib/python3.12/site-packages/airflow/example_dags/example_subdag_operator.py for tasks to queue
[2026-06-22T09:36:52.381+0300] {logging_mixin.py:188} INFO - [2026-06-22T09:36:52.380+0300] {dagbag.py:540} INFO - Filling up the DagBag from /media/data/omar/programming course/DEPI/DEPI project/anomx/venv/lib/python3.12/site-packages/airflow/example_dags/example_subdag_operator.py
[2026-06-22T09:36:52.405+0300] {processor.py:840} INFO - DAG(s) 'example_subdag_operator.section-1', 'example_subdag_operator.section-2', 'example_subdag_operator' retrieved from /media/data/omar/programming course/DEPI/DEPI project/anomx/venv/lib/python3.12/site-packages/airflow/example_dags/example_subdag_operator.py
[2026-06-22T09:36:52.417+0300] {logging_mixin.py:188} INFO - [2026-06-22T09:36:52.417+0300] {dag.py:3096} INFO - Sync 3 DAGs
[2026-06-22T09:36:52.430+0300] {logging_mixin.py:188} INFO - [2026-06-22T09:36:52.430+0300] {dag.py:3954} INFO - Setting next_dagrun for example_subdag_operator to 2022-01-01 00:00:00+00:00, run_after=2022-01-01 00:00:00+00:00
[2026-06-22T09:36:52.433+0300] {logging_mixin.py:188} INFO - [2026-06-22T09:36:52.432+0300] {dag.py:3954} INFO - Setting next_dagrun for example_subdag_operator.section-1 to None, run_after=None
[2026-06-22T09:36:52.434+0300] {logging_mixin.py:188} INFO - [2026-06-22T09:36:52.433+0300] {dag.py:3954} INFO - Setting next_dagrun for example_subdag_operator.section-2 to None, run_after=None
[2026-06-22T09:36:52.439+0300] {logging_mixin.py:188} INFO - [2026-06-22T09:36:52.439+0300] {dag.py:3096} INFO - Sync 2 DAGs
[2026-06-22T09:36:52.442+0300] {logging_mixin.py:188} INFO - [2026-06-22T09:36:52.442+0300] {dag.py:3954} INFO - Setting next_dagrun for example_subdag_operator.section-1 to None, run_after=None
[2026-06-22T09:36:52.442+0300] {logging_mixin.py:188} INFO - [2026-06-22T09:36:52.442+0300] {dag.py:3954} INFO - Setting next_dagrun for example_subdag_operator.section-2 to None, run_after=None
[2026-06-22T09:36:52.463+0300] {processor.py:183} INFO - Processing /media/data/omar/programming course/DEPI/DEPI project/anomx/venv/lib/python3.12/site-packages/airflow/example_dags/example_subdag_operator.py took 0.103 seconds
[2026-06-22T09:37:43.604+0300] {processor.py:161} INFO - Started process (PID=51320) to work on /media/data/omar/programming course/DEPI/DEPI project/anomx/venv/lib/python3.12/site-packages/airflow/example_dags/example_subdag_operator.py
[2026-06-22T09:37:43.604+0300] {processor.py:830} INFO - Processing file /media/data/omar/programming course/DEPI/DEPI project/anomx/venv/lib/python3.12/site-packages/airflow/example_dags/example_subdag_operator.py for tasks to queue
[2026-06-22T09:37:43.606+0300] {logging_mixin.py:188} INFO - [2026-06-22T09:37:43.606+0300] {dagbag.py:540} INFO - Filling up the DagBag from /media/data/omar/programming course/DEPI/DEPI project/anomx/venv/lib/python3.12/site-packages/airflow/example_dags/example_subdag_operator.py
[2026-06-22T09:37:43.627+0300] {processor.py:840} INFO - DAG(s) 'example_subdag_operator.section-1', 'example_subdag_operator.section-2', 'example_subdag_operator' retrieved from /media/data/omar/programming course/DEPI/DEPI project/anomx/venv/lib/python3.12/site-packages/airflow/example_dags/example_subdag_operator.py
[2026-06-22T09:37:43.640+0300] {logging_mixin.py:188} INFO - [2026-06-22T09:37:43.640+0300] {dag.py:3096} INFO - Sync 3 DAGs
[2026-06-22T09:37:43.653+0300] {logging_mixin.py:188} INFO - [2026-06-22T09:37:43.652+0300] {dag.py:3954} INFO - Setting next_dagrun for example_subdag_operator to 2022-01-01 00:00:00+00:00, run_after=2022-01-01 00:00:00+00:00
[2026-06-22T09:37:43.655+0300] {logging_mixin.py:188} INFO - [2026-06-22T09:37:43.655+0300] {dag.py:3954} INFO - Setting next_dagrun for example_subdag_operator.section-1 to None, run_after=None
[2026-06-22T09:37:43.657+0300] {logging_mixin.py:188} INFO - [2026-06-22T09:37:43.656+0300] {dag.py:3954} INFO - Setting next_dagrun for example_subdag_operator.section-2 to None, run_after=None
[2026-06-22T09:37:43.662+0300] {logging_mixin.py:188} INFO - [2026-06-22T09:37:43.662+0300] {dag.py:3096} INFO - Sync 2 DAGs
[2026-06-22T09:37:43.665+0300] {logging_mixin.py:188} INFO - [2026-06-22T09:37:43.665+0300] {dag.py:3954} INFO - Setting next_dagrun for example_subdag_operator.section-1 to None, run_after=None
[2026-06-22T09:37:43.666+0300] {logging_mixin.py:188} INFO - [2026-06-22T09:37:43.666+0300] {dag.py:3954} INFO - Setting next_dagrun for example_subdag_operator.section-2 to None, run_after=None
[2026-06-22T09:37:43.690+0300] {processor.py:183} INFO - Processing /media/data/omar/programming course/DEPI/DEPI project/anomx/venv/lib/python3.12/site-packages/airflow/example_dags/example_subdag_operator.py took 0.091 seconds
[2026-06-22T09:38:36.968+0300] {processor.py:161} INFO - Started process (PID=51402) to work on /media/data/omar/programming course/DEPI/DEPI project/anomx/venv/lib/python3.12/site-packages/airflow/example_dags/example_subdag_operator.py
[2026-06-22T09:38:36.970+0300] {processor.py:830} INFO - Processing file /media/data/omar/programming course/DEPI/DEPI project/anomx/venv/lib/python3.12/site-packages/airflow/example_dags/example_subdag_operator.py for tasks to queue
[2026-06-22T09:38:36.973+0300] {logging_mixin.py:188} INFO - [2026-06-22T09:38:36.972+0300] {dagbag.py:540} INFO - Filling up the DagBag from /media/data/omar/programming course/DEPI/DEPI project/anomx/venv/lib/python3.12/site-packages/airflow/example_dags/example_subdag_operator.py
[2026-06-22T09:38:37.002+0300] {processor.py:840} INFO - DAG(s) 'example_subdag_operator.section-1', 'example_subdag_operator.section-2', 'example_subdag_operator' retrieved from /media/data/omar/programming course/DEPI/DEPI project/anomx/venv/lib/python3.12/site-packages/airflow/example_dags/example_subdag_operator.py
[2026-06-22T09:38:37.015+0300] {logging_mixin.py:188} INFO - [2026-06-22T09:38:37.015+0300] {dag.py:3096} INFO - Sync 3 DAGs
[2026-06-22T09:38:37.028+0300] {logging_mixin.py:188} INFO - [2026-06-22T09:38:37.028+0300] {dag.py:3954} INFO - Setting next_dagrun for example_subdag_operator to 2022-01-01 00:00:00+00:00, run_after=2022-01-01 00:00:00+00:00
[2026-06-22T09:38:37.031+0300] {logging_mixin.py:188} INFO - [2026-06-22T09:38:37.030+0300] {dag.py:3954} INFO - Setting next_dagrun for example_subdag_operator.section-1 to None, run_after=None
[2026-06-22T09:38:37.032+0300] {logging_mixin.py:188} INFO - [2026-06-22T09:38:37.031+0300] {dag.py:3954} INFO - Setting next_dagrun for example_subdag_operator.section-2 to None, run_after=None
[2026-06-22T09:38:37.037+0300] {logging_mixin.py:188} INFO - [2026-06-22T09:38:37.036+0300] {dag.py:3096} INFO - Sync 2 DAGs
[2026-06-22T09:38:37.040+0300] {logging_mixin.py:188} INFO - [2026-06-22T09:38:37.039+0300] {dag.py:3954} INFO - Setting next_dagrun for example_subdag_operator.section-1 to None, run_after=None
[2026-06-22T09:38:37.040+0300] {logging_mixin.py:188} INFO - [2026-06-22T09:38:37.040+0300] {dag.py:3954} INFO - Setting next_dagrun for example_subdag_operator.section-2 to None, run_after=None
[2026-06-22T09:38:37.061+0300] {processor.py:183} INFO - Processing /media/data/omar/programming course/DEPI/DEPI project/anomx/venv/lib/python3.12/site-packages/airflow/example_dags/example_subdag_operator.py took 0.106 seconds
[2026-06-22T09:39:31.783+0300] {processor.py:161} INFO - Started process (PID=51480) to work on /media/data/omar/programming course/DEPI/DEPI project/anomx/venv/lib/python3.12/site-packages/airflow/example_dags/example_subdag_operator.py
[2026-06-22T09:39:31.784+0300] {processor.py:830} INFO - Processing file /media/data/omar/programming course/DEPI/DEPI project/anomx/venv/lib/python3.12/site-packages/airflow/example_dags/example_subdag_operator.py for tasks to queue
[2026-06-22T09:39:31.786+0300] {logging_mixin.py:188} INFO - [2026-06-22T09:39:31.785+0300] {dagbag.py:540} INFO - Filling up the DagBag from /media/data/omar/programming course/DEPI/DEPI project/anomx/venv/lib/python3.12/site-packages/airflow/example_dags/example_subdag_operator.py
[2026-06-22T09:39:31.817+0300] {processor.py:840} INFO - DAG(s) 'example_subdag_operator.section-1', 'example_subdag_operator.section-2', 'example_subdag_operator' retrieved from /media/data/omar/programming course/DEPI/DEPI project/anomx/venv/lib/python3.12/site-packages/airflow/example_dags/example_subdag_operator.py
[2026-06-22T09:39:31.829+0300] {logging_mixin.py:188} INFO - [2026-06-22T09:39:31.829+0300] {dag.py:3096} INFO - Sync 3 DAGs
[2026-06-22T09:39:31.842+0300] {logging_mixin.py:188} INFO - [2026-06-22T09:39:31.841+0300] {dag.py:3954} INFO - Setting next_dagrun for example_subdag_operator to 2022-01-01 00:00:00+00:00, run_after=2022-01-01 00:00:00+00:00
[2026-06-22T09:39:31.845+0300] {logging_mixin.py:188} INFO - [2026-06-22T09:39:31.844+0300] {dag.py:3954} INFO - Setting next_dagrun for example_subdag_operator.section-1 to None, run_after=None
[2026-06-22T09:39:31.846+0300] {logging_mixin.py:188} INFO - [2026-06-22T09:39:31.845+0300] {dag.py:3954} INFO - Setting next_dagrun for example_subdag_operator.section-2 to None, run_after=None
[2026-06-22T09:39:31.851+0300] {logging_mixin.py:188} INFO - [2026-06-22T09:39:31.850+0300] {dag.py:3096} INFO - Sync 2 DAGs
[2026-06-22T09:39:31.854+0300] {logging_mixin.py:188} INFO - [2026-06-22T09:39:31.854+0300] {dag.py:3954} INFO - Setting next_dagrun for example_subdag_operator.section-1 to None, run_after=None
[2026-06-22T09:39:31.854+0300] {logging_mixin.py:188} INFO - [2026-06-22T09:39:31.854+0300] {dag.py:3954} INFO - Setting next_dagrun for example_subdag_operator.section-2 to None, run_after=None
[2026-06-22T09:39:31.874+0300] {processor.py:183} INFO - Processing /media/data/omar/programming course/DEPI/DEPI project/anomx/venv/lib/python3.12/site-packages/airflow/example_dags/example_subdag_operator.py took 0.101 seconds
[2026-06-22T09:40:26.442+0300] {processor.py:161} INFO - Started process (PID=51573) to work on /media/data/omar/programming course/DEPI/DEPI project/anomx/venv/lib/python3.12/site-packages/airflow/example_dags/example_subdag_operator.py
[2026-06-22T09:40:26.443+0300] {processor.py:830} INFO - Processing file /media/data/omar/programming course/DEPI/DEPI project/anomx/venv/lib/python3.12/site-packages/airflow/example_dags/example_subdag_operator.py for tasks to queue
[2026-06-22T09:40:26.445+0300] {logging_mixin.py:188} INFO - [2026-06-22T09:40:26.444+0300] {dagbag.py:540} INFO - Filling up the DagBag from /media/data/omar/programming course/DEPI/DEPI project/anomx/venv/lib/python3.12/site-packages/airflow/example_dags/example_subdag_operator.py
[2026-06-22T09:40:26.468+0300] {processor.py:840} INFO - DAG(s) 'example_subdag_operator.section-1', 'example_subdag_operator.section-2', 'example_subdag_operator' retrieved from /media/data/omar/programming course/DEPI/DEPI project/anomx/venv/lib/python3.12/site-packages/airflow/example_dags/example_subdag_operator.py
[2026-06-22T09:40:26.482+0300] {logging_mixin.py:188} INFO - [2026-06-22T09:40:26.482+0300] {dag.py:3096} INFO - Sync 3 DAGs
[2026-06-22T09:40:26.495+0300] {logging_mixin.py:188} INFO - [2026-06-22T09:40:26.495+0300] {dag.py:3954} INFO - Setting next_dagrun for example_subdag_operator to 2022-01-01 00:00:00+00:00, run_after=2022-01-01 00:00:00+00:00
[2026-06-22T09:40:26.498+0300] {logging_mixin.py:188} INFO - [2026-06-22T09:40:26.498+0300] {dag.py:3954} INFO - Setting next_dagrun for example_subdag_operator.section-1 to None, run_after=None
[2026-06-22T09:40:26.499+0300] {logging_mixin.py:188} INFO - [2026-06-22T09:40:26.499+0300] {dag.py:3954} INFO - Setting next_dagrun for example_subdag_operator.section-2 to None, run_after=None
[2026-06-22T09:40:26.504+0300] {logging_mixin.py:188} INFO - [2026-06-22T09:40:26.504+0300] {dag.py:3096} INFO - Sync 2 DAGs
[2026-06-22T09:40:26.507+0300] {logging_mixin.py:188} INFO - [2026-06-22T09:40:26.507+0300] {dag.py:3954} INFO - Setting next_dagrun for example_subdag_operator.section-1 to None, run_after=None
[2026-06-22T09:40:26.508+0300] {logging_mixin.py:188} INFO - [2026-06-22T09:40:26.507+0300] {dag.py:3954} INFO - Setting next_dagrun for example_subdag_operator.section-2 to None, run_after=None
[2026-06-22T09:40:26.551+0300] {processor.py:183} INFO - Processing /media/data/omar/programming course/DEPI/DEPI project/anomx/venv/lib/python3.12/site-packages/airflow/example_dags/example_subdag_operator.py took 0.117 seconds
[2026-06-22T09:41:22.371+0300] {processor.py:161} INFO - Started process (PID=51651) to work on /media/data/omar/programming course/DEPI/DEPI project/anomx/venv/lib/python3.12/site-packages/airflow/example_dags/example_subdag_operator.py
[2026-06-22T09:41:22.375+0300] {processor.py:830} INFO - Processing file /media/data/omar/programming course/DEPI/DEPI project/anomx/venv/lib/python3.12/site-packages/airflow/example_dags/example_subdag_operator.py for tasks to queue
[2026-06-22T09:41:22.378+0300] {logging_mixin.py:188} INFO - [2026-06-22T09:41:22.377+0300] {dagbag.py:540} INFO - Filling up the DagBag from /media/data/omar/programming course/DEPI/DEPI project/anomx/venv/lib/python3.12/site-packages/airflow/example_dags/example_subdag_operator.py
[2026-06-22T09:41:22.403+0300] {processor.py:840} INFO - DAG(s) 'example_subdag_operator.section-1', 'example_subdag_operator.section-2', 'example_subdag_operator' retrieved from /media/data/omar/programming course/DEPI/DEPI project/anomx/venv/lib/python3.12/site-packages/airflow/example_dags/example_subdag_operator.py
[2026-06-22T09:41:22.416+0300] {logging_mixin.py:188} INFO - [2026-06-22T09:41:22.415+0300] {dag.py:3096} INFO - Sync 3 DAGs
[2026-06-22T09:41:22.428+0300] {logging_mixin.py:188} INFO - [2026-06-22T09:41:22.428+0300] {dag.py:3954} INFO - Setting next_dagrun for example_subdag_operator to 2022-01-01 00:00:00+00:00, run_after=2022-01-01 00:00:00+00:00
[2026-06-22T09:41:22.431+0300] {logging_mixin.py:188} INFO - [2026-06-22T09:41:22.431+0300] {dag.py:3954} INFO - Setting next_dagrun for example_subdag_operator.section-1 to None, run_after=None
[2026-06-22T09:41:22.433+0300] {logging_mixin.py:188} INFO - [2026-06-22T09:41:22.432+0300] {dag.py:3954} INFO - Setting next_dagrun for example_subdag_operator.section-2 to None, run_after=None
[2026-06-22T09:41:22.439+0300] {logging_mixin.py:188} INFO - [2026-06-22T09:41:22.438+0300] {dag.py:3096} INFO - Sync 2 DAGs
[2026-06-22T09:41:22.442+0300] {logging_mixin.py:188} INFO - [2026-06-22T09:41:22.441+0300] {dag.py:3954} INFO - Setting next_dagrun for example_subdag_operator.section-1 to None, run_after=None
[2026-06-22T09:41:22.442+0300] {logging_mixin.py:188} INFO - [2026-06-22T09:41:22.442+0300] {dag.py:3954} INFO - Setting next_dagrun for example_subdag_operator.section-2 to None, run_after=None
[2026-06-22T09:41:22.465+0300] {processor.py:183} INFO - Processing /media/data/omar/programming course/DEPI/DEPI project/anomx/venv/lib/python3.12/site-packages/airflow/example_dags/example_subdag_operator.py took 0.115 seconds
[2026-06-22T09:42:12.469+0300] {processor.py:161} INFO - Started process (PID=51821) to work on /media/data/omar/programming course/DEPI/DEPI project/anomx/venv/lib/python3.12/site-packages/airflow/example_dags/example_subdag_operator.py
[2026-06-22T09:42:12.472+0300] {processor.py:830} INFO - Processing file /media/data/omar/programming course/DEPI/DEPI project/anomx/venv/lib/python3.12/site-packages/airflow/example_dags/example_subdag_operator.py for tasks to queue
[2026-06-22T09:42:12.477+0300] {logging_mixin.py:188} INFO - [2026-06-22T09:42:12.476+0300] {dagbag.py:540} INFO - Filling up the DagBag from /media/data/omar/programming course/DEPI/DEPI project/anomx/venv/lib/python3.12/site-packages/airflow/example_dags/example_subdag_operator.py
[2026-06-22T09:42:12.514+0300] {processor.py:840} INFO - DAG(s) 'example_subdag_operator.section-1', 'example_subdag_operator.section-2', 'example_subdag_operator' retrieved from /media/data/omar/programming course/DEPI/DEPI project/anomx/venv/lib/python3.12/site-packages/airflow/example_dags/example_subdag_operator.py
[2026-06-22T09:42:12.529+0300] {logging_mixin.py:188} INFO - [2026-06-22T09:42:12.528+0300] {dag.py:3096} INFO - Sync 3 DAGs
[2026-06-22T09:42:12.541+0300] {logging_mixin.py:188} INFO - [2026-06-22T09:42:12.541+0300] {dag.py:3954} INFO - Setting next_dagrun for example_subdag_operator to 2022-01-01 00:00:00+00:00, run_after=2022-01-01 00:00:00+00:00
[2026-06-22T09:42:12.544+0300] {logging_mixin.py:188} INFO - [2026-06-22T09:42:12.544+0300] {dag.py:3954} INFO - Setting next_dagrun for example_subdag_operator.section-1 to None, run_after=None
[2026-06-22T09:42:12.545+0300] {logging_mixin.py:188} INFO - [2026-06-22T09:42:12.545+0300] {dag.py:3954} INFO - Setting next_dagrun for example_subdag_operator.section-2 to None, run_after=None
[2026-06-22T09:42:12.550+0300] {logging_mixin.py:188} INFO - [2026-06-22T09:42:12.550+0300] {dag.py:3096} INFO - Sync 2 DAGs
[2026-06-22T09:42:12.554+0300] {logging_mixin.py:188} INFO - [2026-06-22T09:42:12.553+0300] {dag.py:3954} INFO - Setting next_dagrun for example_subdag_operator.section-1 to None, run_after=None
[2026-06-22T09:42:12.554+0300] {logging_mixin.py:188} INFO - [2026-06-22T09:42:12.554+0300] {dag.py:3954} INFO - Setting next_dagrun for example_subdag_operator.section-2 to None, run_after=None
[2026-06-22T09:42:12.574+0300] {processor.py:183} INFO - Processing /media/data/omar/programming course/DEPI/DEPI project/anomx/venv/lib/python3.12/site-packages/airflow/example_dags/example_subdag_operator.py took 0.122 seconds
[2026-06-22T09:43:04.342+0300] {processor.py:161} INFO - Started process (PID=51911) to work on /media/data/omar/programming course/DEPI/DEPI project/anomx/venv/lib/python3.12/site-packages/airflow/example_dags/example_subdag_operator.py
[2026-06-22T09:43:04.344+0300] {processor.py:830} INFO - Processing file /media/data/omar/programming course/DEPI/DEPI project/anomx/venv/lib/python3.12/site-packages/airflow/example_dags/example_subdag_operator.py for tasks to queue
[2026-06-22T09:43:04.346+0300] {logging_mixin.py:188} INFO - [2026-06-22T09:43:04.345+0300] {dagbag.py:540} INFO - Filling up the DagBag from /media/data/omar/programming course/DEPI/DEPI project/anomx/venv/lib/python3.12/site-packages/airflow/example_dags/example_subdag_operator.py
[2026-06-22T09:43:04.397+0300] {processor.py:840} INFO - DAG(s) 'example_subdag_operator.section-1', 'example_subdag_operator.section-2', 'example_subdag_operator' retrieved from /media/data/omar/programming course/DEPI/DEPI project/anomx/venv/lib/python3.12/site-packages/airflow/example_dags/example_subdag_operator.py
[2026-06-22T09:43:04.420+0300] {logging_mixin.py:188} INFO - [2026-06-22T09:43:04.420+0300] {dag.py:3096} INFO - Sync 3 DAGs
[2026-06-22T09:43:04.433+0300] {logging_mixin.py:188} INFO - [2026-06-22T09:43:04.433+0300] {dag.py:3954} INFO - Setting next_dagrun for example_subdag_operator to 2022-01-01 00:00:00+00:00, run_after=2022-01-01 00:00:00+00:00
[2026-06-22T09:43:04.436+0300] {logging_mixin.py:188} INFO - [2026-06-22T09:43:04.436+0300] {dag.py:3954} INFO - Setting next_dagrun for example_subdag_operator.section-1 to None, run_after=None
[2026-06-22T09:43:04.437+0300] {logging_mixin.py:188} INFO - [2026-06-22T09:43:04.437+0300] {dag.py:3954} INFO - Setting next_dagrun for example_subdag_operator.section-2 to None, run_after=None
[2026-06-22T09:43:04.443+0300] {logging_mixin.py:188} INFO - [2026-06-22T09:43:04.443+0300] {dag.py:3096} INFO - Sync 2 DAGs
[2026-06-22T09:43:04.447+0300] {logging_mixin.py:188} INFO - [2026-06-22T09:43:04.446+0300] {dag.py:3954} INFO - Setting next_dagrun for example_subdag_operator.section-1 to None, run_after=None
[2026-06-22T09:43:04.447+0300] {logging_mixin.py:188} INFO - [2026-06-22T09:43:04.447+0300] {dag.py:3954} INFO - Setting next_dagrun for example_subdag_operator.section-2 to None, run_after=None
[2026-06-22T09:43:04.469+0300] {processor.py:183} INFO - Processing /media/data/omar/programming course/DEPI/DEPI project/anomx/venv/lib/python3.12/site-packages/airflow/example_dags/example_subdag_operator.py took 0.141 seconds
[2026-06-22T09:43:56.245+0300] {processor.py:161} INFO - Started process (PID=51986) to work on /media/data/omar/programming course/DEPI/DEPI project/anomx/venv/lib/python3.12/site-packages/airflow/example_dags/example_subdag_operator.py
[2026-06-22T09:43:56.246+0300] {processor.py:830} INFO - Processing file /media/data/omar/programming course/DEPI/DEPI project/anomx/venv/lib/python3.12/site-packages/airflow/example_dags/example_subdag_operator.py for tasks to queue
[2026-06-22T09:43:56.247+0300] {logging_mixin.py:188} INFO - [2026-06-22T09:43:56.247+0300] {dagbag.py:540} INFO - Filling up the DagBag from /media/data/omar/programming course/DEPI/DEPI project/anomx/venv/lib/python3.12/site-packages/airflow/example_dags/example_subdag_operator.py
[2026-06-22T09:43:56.267+0300] {processor.py:840} INFO - DAG(s) 'example_subdag_operator.section-1', 'example_subdag_operator.section-2', 'example_subdag_operator' retrieved from /media/data/omar/programming course/DEPI/DEPI project/anomx/venv/lib/python3.12/site-packages/airflow/example_dags/example_subdag_operator.py
[2026-06-22T09:43:56.279+0300] {logging_mixin.py:188} INFO - [2026-06-22T09:43:56.279+0300] {dag.py:3096} INFO - Sync 3 DAGs
[2026-06-22T09:43:56.293+0300] {logging_mixin.py:188} INFO - [2026-06-22T09:43:56.293+0300] {dag.py:3954} INFO - Setting next_dagrun for example_subdag_operator to 2022-01-01 00:00:00+00:00, run_after=2022-01-01 00:00:00+00:00
[2026-06-22T09:43:56.295+0300] {logging_mixin.py:188} INFO - [2026-06-22T09:43:56.295+0300] {dag.py:3954} INFO - Setting next_dagrun for example_subdag_operator.section-1 to None, run_after=None
[2026-06-22T09:43:56.297+0300] {logging_mixin.py:188} INFO - [2026-06-22T09:43:56.296+0300] {dag.py:3954} INFO - Setting next_dagrun for example_subdag_operator.section-2 to None, run_after=None
[2026-06-22T09:43:56.301+0300] {logging_mixin.py:188} INFO - [2026-06-22T09:43:56.301+0300] {dag.py:3096} INFO - Sync 2 DAGs
[2026-06-22T09:43:56.304+0300] {logging_mixin.py:188} INFO - [2026-06-22T09:43:56.304+0300] {dag.py:3954} INFO - Setting next_dagrun for example_subdag_operator.section-1 to None, run_after=None
[2026-06-22T09:43:56.305+0300] {logging_mixin.py:188} INFO - [2026-06-22T09:43:56.305+0300] {dag.py:3954} INFO - Setting next_dagrun for example_subdag_operator.section-2 to None, run_after=None
[2026-06-22T09:43:56.325+0300] {processor.py:183} INFO - Processing /media/data/omar/programming course/DEPI/DEPI project/anomx/venv/lib/python3.12/site-packages/airflow/example_dags/example_subdag_operator.py took 0.085 seconds
[2026-06-22T09:44:44.955+0300] {processor.py:161} INFO - Started process (PID=52065) to work on /media/data/omar/programming course/DEPI/DEPI project/anomx/venv/lib/python3.12/site-packages/airflow/example_dags/example_subdag_operator.py
[2026-06-22T09:44:44.958+0300] {processor.py:830} INFO - Processing file /media/data/omar/programming course/DEPI/DEPI project/anomx/venv/lib/python3.12/site-packages/airflow/example_dags/example_subdag_operator.py for tasks to queue
[2026-06-22T09:44:44.961+0300] {logging_mixin.py:188} INFO - [2026-06-22T09:44:44.960+0300] {dagbag.py:540} INFO - Filling up the DagBag from /media/data/omar/programming course/DEPI/DEPI project/anomx/venv/lib/python3.12/site-packages/airflow/example_dags/example_subdag_operator.py
[2026-06-22T09:44:44.991+0300] {processor.py:840} INFO - DAG(s) 'example_subdag_operator.section-1', 'example_subdag_operator.section-2', 'example_subdag_operator' retrieved from /media/data/omar/programming course/DEPI/DEPI project/anomx/venv/lib/python3.12/site-packages/airflow/example_dags/example_subdag_operator.py
[2026-06-22T09:44:45.005+0300] {logging_mixin.py:188} INFO - [2026-06-22T09:44:45.005+0300] {dag.py:3096} INFO - Sync 3 DAGs
[2026-06-22T09:44:45.019+0300] {logging_mixin.py:188} INFO - [2026-06-22T09:44:45.019+0300] {dag.py:3954} INFO - Setting next_dagrun for example_subdag_operator to 2022-01-01 00:00:00+00:00, run_after=2022-01-01 00:00:00+00:00
[2026-06-22T09:44:45.021+0300] {logging_mixin.py:188} INFO - [2026-06-22T09:44:45.021+0300] {dag.py:3954} INFO - Setting next_dagrun for example_subdag_operator.section-1 to None, run_after=None
[2026-06-22T09:44:45.023+0300] {logging_mixin.py:188} INFO - [2026-06-22T09:44:45.022+0300] {dag.py:3954} INFO - Setting next_dagrun for example_subdag_operator.section-2 to None, run_after=None
[2026-06-22T09:44:45.028+0300] {logging_mixin.py:188} INFO - [2026-06-22T09:44:45.027+0300] {dag.py:3096} INFO - Sync 2 DAGs
[2026-06-22T09:44:45.031+0300] {logging_mixin.py:188} INFO - [2026-06-22T09:44:45.030+0300] {dag.py:3954} INFO - Setting next_dagrun for example_subdag_operator.section-1 to None, run_after=None
[2026-06-22T09:44:45.031+0300] {logging_mixin.py:188} INFO - [2026-06-22T09:44:45.031+0300] {dag.py:3954} INFO - Setting next_dagrun for example_subdag_operator.section-2 to None, run_after=None
[2026-06-22T09:44:45.054+0300] {processor.py:183} INFO - Processing /media/data/omar/programming course/DEPI/DEPI project/anomx/venv/lib/python3.12/site-packages/airflow/example_dags/example_subdag_operator.py took 0.119 seconds
[2026-06-22T09:45:38.748+0300] {processor.py:161} INFO - Started process (PID=52144) to work on /media/data/omar/programming course/DEPI/DEPI project/anomx/venv/lib/python3.12/site-packages/airflow/example_dags/example_subdag_operator.py
[2026-06-22T09:45:38.750+0300] {processor.py:830} INFO - Processing file /media/data/omar/programming course/DEPI/DEPI project/anomx/venv/lib/python3.12/site-packages/airflow/example_dags/example_subdag_operator.py for tasks to queue
[2026-06-22T09:45:38.753+0300] {logging_mixin.py:188} INFO - [2026-06-22T09:45:38.752+0300] {dagbag.py:540} INFO - Filling up the DagBag from /media/data/omar/programming course/DEPI/DEPI project/anomx/venv/lib/python3.12/site-packages/airflow/example_dags/example_subdag_operator.py
[2026-06-22T09:45:38.796+0300] {processor.py:840} INFO - DAG(s) 'example_subdag_operator.section-1', 'example_subdag_operator.section-2', 'example_subdag_operator' retrieved from /media/data/omar/programming course/DEPI/DEPI project/anomx/venv/lib/python3.12/site-packages/airflow/example_dags/example_subdag_operator.py
[2026-06-22T09:45:38.810+0300] {logging_mixin.py:188} INFO - [2026-06-22T09:45:38.810+0300] {dag.py:3096} INFO - Sync 3 DAGs
[2026-06-22T09:45:38.823+0300] {logging_mixin.py:188} INFO - [2026-06-22T09:45:38.822+0300] {dag.py:3954} INFO - Setting next_dagrun for example_subdag_operator to 2022-01-01 00:00:00+00:00, run_after=2022-01-01 00:00:00+00:00
[2026-06-22T09:45:38.825+0300] {logging_mixin.py:188} INFO - [2026-06-22T09:45:38.825+0300] {dag.py:3954} INFO - Setting next_dagrun for example_subdag_operator.section-1 to None, run_after=None
[2026-06-22T09:45:38.826+0300] {logging_mixin.py:188} INFO - [2026-06-22T09:45:38.826+0300] {dag.py:3954} INFO - Setting next_dagrun for example_subdag_operator.section-2 to None, run_after=None
[2026-06-22T09:45:38.831+0300] {logging_mixin.py:188} INFO - [2026-06-22T09:45:38.831+0300] {dag.py:3096} INFO - Sync 2 DAGs
[2026-06-22T09:45:38.835+0300] {logging_mixin.py:188} INFO - [2026-06-22T09:45:38.834+0300] {dag.py:3954} INFO - Setting next_dagrun for example_subdag_operator.section-1 to None, run_after=None
[2026-06-22T09:45:38.835+0300] {logging_mixin.py:188} INFO - [2026-06-22T09:45:38.835+0300] {dag.py:3954} INFO - Setting next_dagrun for example_subdag_operator.section-2 to None, run_after=None
[2026-06-22T09:45:38.856+0300] {processor.py:183} INFO - Processing /media/data/omar/programming course/DEPI/DEPI project/anomx/venv/lib/python3.12/site-packages/airflow/example_dags/example_subdag_operator.py took 0.120 seconds
[2026-06-22T09:46:32.291+0300] {processor.py:161} INFO - Started process (PID=52246) to work on /media/data/omar/programming course/DEPI/DEPI project/anomx/venv/lib/python3.12/site-packages/airflow/example_dags/example_subdag_operator.py
[2026-06-22T09:46:32.293+0300] {processor.py:830} INFO - Processing file /media/data/omar/programming course/DEPI/DEPI project/anomx/venv/lib/python3.12/site-packages/airflow/example_dags/example_subdag_operator.py for tasks to queue
[2026-06-22T09:46:32.295+0300] {logging_mixin.py:188} INFO - [2026-06-22T09:46:32.294+0300] {dagbag.py:540} INFO - Filling up the DagBag from /media/data/omar/programming course/DEPI/DEPI project/anomx/venv/lib/python3.12/site-packages/airflow/example_dags/example_subdag_operator.py
[2026-06-22T09:46:32.325+0300] {processor.py:840} INFO - DAG(s) 'example_subdag_operator.section-1', 'example_subdag_operator.section-2', 'example_subdag_operator' retrieved from /media/data/omar/programming course/DEPI/DEPI project/anomx/venv/lib/python3.12/site-packages/airflow/example_dags/example_subdag_operator.py
[2026-06-22T09:46:32.338+0300] {logging_mixin.py:188} INFO - [2026-06-22T09:46:32.337+0300] {dag.py:3096} INFO - Sync 3 DAGs
[2026-06-22T09:46:32.351+0300] {logging_mixin.py:188} INFO - [2026-06-22T09:46:32.351+0300] {dag.py:3954} INFO - Setting next_dagrun for example_subdag_operator to 2022-01-01 00:00:00+00:00, run_after=2022-01-01 00:00:00+00:00
[2026-06-22T09:46:32.353+0300] {logging_mixin.py:188} INFO - [2026-06-22T09:46:32.353+0300] {dag.py:3954} INFO - Setting next_dagrun for example_subdag_operator.section-1 to None, run_after=None
[2026-06-22T09:46:32.354+0300] {logging_mixin.py:188} INFO - [2026-06-22T09:46:32.354+0300] {dag.py:3954} INFO - Setting next_dagrun for example_subdag_operator.section-2 to None, run_after=None
[2026-06-22T09:46:32.360+0300] {logging_mixin.py:188} INFO - [2026-06-22T09:46:32.360+0300] {dag.py:3096} INFO - Sync 2 DAGs
[2026-06-22T09:46:32.363+0300] {logging_mixin.py:188} INFO - [2026-06-22T09:46:32.363+0300] {dag.py:3954} INFO - Setting next_dagrun for example_subdag_operator.section-1 to None, run_after=None
[2026-06-22T09:46:32.364+0300] {logging_mixin.py:188} INFO - [2026-06-22T09:46:32.364+0300] {dag.py:3954} INFO - Setting next_dagrun for example_subdag_operator.section-2 to None, run_after=None
[2026-06-22T09:46:32.385+0300] {processor.py:183} INFO - Processing /media/data/omar/programming course/DEPI/DEPI project/anomx/venv/lib/python3.12/site-packages/airflow/example_dags/example_subdag_operator.py took 0.103 seconds
[2026-06-22T09:47:24.568+0300] {processor.py:161} INFO - Started process (PID=52320) to work on /media/data/omar/programming course/DEPI/DEPI project/anomx/venv/lib/python3.12/site-packages/airflow/example_dags/example_subdag_operator.py
[2026-06-22T09:47:24.570+0300] {processor.py:830} INFO - Processing file /media/data/omar/programming course/DEPI/DEPI project/anomx/venv/lib/python3.12/site-packages/airflow/example_dags/example_subdag_operator.py for tasks to queue
[2026-06-22T09:47:24.572+0300] {logging_mixin.py:188} INFO - [2026-06-22T09:47:24.571+0300] {dagbag.py:540} INFO - Filling up the DagBag from /media/data/omar/programming course/DEPI/DEPI project/anomx/venv/lib/python3.12/site-packages/airflow/example_dags/example_subdag_operator.py
[2026-06-22T09:47:24.605+0300] {processor.py:840} INFO - DAG(s) 'example_subdag_operator.section-1', 'example_subdag_operator.section-2', 'example_subdag_operator' retrieved from /media/data/omar/programming course/DEPI/DEPI project/anomx/venv/lib/python3.12/site-packages/airflow/example_dags/example_subdag_operator.py
[2026-06-22T09:47:24.619+0300] {logging_mixin.py:188} INFO - [2026-06-22T09:47:24.619+0300] {dag.py:3096} INFO - Sync 3 DAGs
[2026-06-22T09:47:24.632+0300] {logging_mixin.py:188} INFO - [2026-06-22T09:47:24.632+0300] {dag.py:3954} INFO - Setting next_dagrun for example_subdag_operator to 2022-01-01 00:00:00+00:00, run_after=2022-01-01 00:00:00+00:00
[2026-06-22T09:47:24.634+0300] {logging_mixin.py:188} INFO - [2026-06-22T09:47:24.634+0300] {dag.py:3954} INFO - Setting next_dagrun for example_subdag_operator.section-1 to None, run_after=None
[2026-06-22T09:47:24.636+0300] {logging_mixin.py:188} INFO - [2026-06-22T09:47:24.635+0300] {dag.py:3954} INFO - Setting next_dagrun for example_subdag_operator.section-2 to None, run_after=None
[2026-06-22T09:47:24.641+0300] {logging_mixin.py:188} INFO - [2026-06-22T09:47:24.641+0300] {dag.py:3096} INFO - Sync 2 DAGs
[2026-06-22T09:47:24.644+0300] {logging_mixin.py:188} INFO - [2026-06-22T09:47:24.644+0300] {dag.py:3954} INFO - Setting next_dagrun for example_subdag_operator.section-1 to None, run_after=None
[2026-06-22T09:47:24.645+0300] {logging_mixin.py:188} INFO - [2026-06-22T09:47:24.644+0300] {dag.py:3954} INFO - Setting next_dagrun for example_subdag_operator.section-2 to None, run_after=None
[2026-06-22T09:47:24.667+0300] {processor.py:183} INFO - Processing /media/data/omar/programming course/DEPI/DEPI project/anomx/venv/lib/python3.12/site-packages/airflow/example_dags/example_subdag_operator.py took 0.112 seconds
[2026-06-22T09:48:19.434+0300] {processor.py:161} INFO - Started process (PID=52401) to work on /media/data/omar/programming course/DEPI/DEPI project/anomx/venv/lib/python3.12/site-packages/airflow/example_dags/example_subdag_operator.py
[2026-06-22T09:48:19.435+0300] {processor.py:830} INFO - Processing file /media/data/omar/programming course/DEPI/DEPI project/anomx/venv/lib/python3.12/site-packages/airflow/example_dags/example_subdag_operator.py for tasks to queue
[2026-06-22T09:48:19.437+0300] {logging_mixin.py:188} INFO - [2026-06-22T09:48:19.436+0300] {dagbag.py:540} INFO - Filling up the DagBag from /media/data/omar/programming course/DEPI/DEPI project/anomx/venv/lib/python3.12/site-packages/airflow/example_dags/example_subdag_operator.py
[2026-06-22T09:48:19.465+0300] {processor.py:840} INFO - DAG(s) 'example_subdag_operator.section-1', 'example_subdag_operator.section-2', 'example_subdag_operator' retrieved from /media/data/omar/programming course/DEPI/DEPI project/anomx/venv/lib/python3.12/site-packages/airflow/example_dags/example_subdag_operator.py
[2026-06-22T09:48:19.482+0300] {logging_mixin.py:188} INFO - [2026-06-22T09:48:19.482+0300] {dag.py:3096} INFO - Sync 3 DAGs
[2026-06-22T09:48:19.498+0300] {logging_mixin.py:188} INFO - [2026-06-22T09:48:19.497+0300] {dag.py:3954} INFO - Setting next_dagrun for example_subdag_operator to 2022-01-01 00:00:00+00:00, run_after=2022-01-01 00:00:00+00:00
[2026-06-22T09:48:19.500+0300] {logging_mixin.py:188} INFO - [2026-06-22T09:48:19.500+0300] {dag.py:3954} INFO - Setting next_dagrun for example_subdag_operator.section-1 to None, run_after=None
[2026-06-22T09:48:19.501+0300] {logging_mixin.py:188} INFO - [2026-06-22T09:48:19.501+0300] {dag.py:3954} INFO - Setting next_dagrun for example_subdag_operator.section-2 to None, run_after=None
[2026-06-22T09:48:19.506+0300] {logging_mixin.py:188} INFO - [2026-06-22T09:48:19.506+0300] {dag.py:3096} INFO - Sync 2 DAGs
[2026-06-22T09:48:19.509+0300] {logging_mixin.py:188} INFO - [2026-06-22T09:48:19.509+0300] {dag.py:3954} INFO - Setting next_dagrun for example_subdag_operator.section-1 to None, run_after=None
[2026-06-22T09:48:19.510+0300] {logging_mixin.py:188} INFO - [2026-06-22T09:48:19.509+0300] {dag.py:3954} INFO - Setting next_dagrun for example_subdag_operator.section-2 to None, run_after=None
[2026-06-22T09:48:19.530+0300] {processor.py:183} INFO - Processing /media/data/omar/programming course/DEPI/DEPI project/anomx/venv/lib/python3.12/site-packages/airflow/example_dags/example_subdag_operator.py took 0.113 seconds
[2026-06-22T09:49:12.774+0300] {processor.py:161} INFO - Started process (PID=52490) to work on /media/data/omar/programming course/DEPI/DEPI project/anomx/venv/lib/python3.12/site-packages/airflow/example_dags/example_subdag_operator.py
[2026-06-22T09:49:12.776+0300] {processor.py:830} INFO - Processing file /media/data/omar/programming course/DEPI/DEPI project/anomx/venv/lib/python3.12/site-packages/airflow/example_dags/example_subdag_operator.py for tasks to queue
[2026-06-22T09:49:12.779+0300] {logging_mixin.py:188} INFO - [2026-06-22T09:49:12.778+0300] {dagbag.py:540} INFO - Filling up the DagBag from /media/data/omar/programming course/DEPI/DEPI project/anomx/venv/lib/python3.12/site-packages/airflow/example_dags/example_subdag_operator.py
[2026-06-22T09:49:12.804+0300] {processor.py:840} INFO - DAG(s) 'example_subdag_operator.section-1', 'example_subdag_operator.section-2', 'example_subdag_operator' retrieved from /media/data/omar/programming course/DEPI/DEPI project/anomx/venv/lib/python3.12/site-packages/airflow/example_dags/example_subdag_operator.py
[2026-06-22T09:49:12.817+0300] {logging_mixin.py:188} INFO - [2026-06-22T09:49:12.816+0300] {dag.py:3096} INFO - Sync 3 DAGs
[2026-06-22T09:49:12.829+0300] {logging_mixin.py:188} INFO - [2026-06-22T09:49:12.829+0300] {dag.py:3954} INFO - Setting next_dagrun for example_subdag_operator to 2022-01-01 00:00:00+00:00, run_after=2022-01-01 00:00:00+00:00
[2026-06-22T09:49:12.832+0300] {logging_mixin.py:188} INFO - [2026-06-22T09:49:12.832+0300] {dag.py:3954} INFO - Setting next_dagrun for example_subdag_operator.section-1 to None, run_after=None
[2026-06-22T09:49:12.833+0300] {logging_mixin.py:188} INFO - [2026-06-22T09:49:12.833+0300] {dag.py:3954} INFO - Setting next_dagrun for example_subdag_operator.section-2 to None, run_after=None
[2026-06-22T09:49:12.838+0300] {logging_mixin.py:188} INFO - [2026-06-22T09:49:12.838+0300] {dag.py:3096} INFO - Sync 2 DAGs
[2026-06-22T09:49:12.842+0300] {logging_mixin.py:188} INFO - [2026-06-22T09:49:12.841+0300] {dag.py:3954} INFO - Setting next_dagrun for example_subdag_operator.section-1 to None, run_after=None
[2026-06-22T09:49:12.842+0300] {logging_mixin.py:188} INFO - [2026-06-22T09:49:12.842+0300] {dag.py:3954} INFO - Setting next_dagrun for example_subdag_operator.section-2 to None, run_after=None
[2026-06-22T09:49:12.863+0300] {processor.py:183} INFO - Processing /media/data/omar/programming course/DEPI/DEPI project/anomx/venv/lib/python3.12/site-packages/airflow/example_dags/example_subdag_operator.py took 0.109 seconds
[2026-06-22T09:50:04.768+0300] {processor.py:161} INFO - Started process (PID=52564) to work on /media/data/omar/programming course/DEPI/DEPI project/anomx/venv/lib/python3.12/site-packages/airflow/example_dags/example_subdag_operator.py
[2026-06-22T09:50:04.769+0300] {processor.py:830} INFO - Processing file /media/data/omar/programming course/DEPI/DEPI project/anomx/venv/lib/python3.12/site-packages/airflow/example_dags/example_subdag_operator.py for tasks to queue
[2026-06-22T09:50:04.771+0300] {logging_mixin.py:188} INFO - [2026-06-22T09:50:04.770+0300] {dagbag.py:540} INFO - Filling up the DagBag from /media/data/omar/programming course/DEPI/DEPI project/anomx/venv/lib/python3.12/site-packages/airflow/example_dags/example_subdag_operator.py
[2026-06-22T09:50:04.802+0300] {processor.py:840} INFO - DAG(s) 'example_subdag_operator.section-1', 'example_subdag_operator.section-2', 'example_subdag_operator' retrieved from /media/data/omar/programming course/DEPI/DEPI project/anomx/venv/lib/python3.12/site-packages/airflow/example_dags/example_subdag_operator.py
[2026-06-22T09:50:04.814+0300] {logging_mixin.py:188} INFO - [2026-06-22T09:50:04.814+0300] {dag.py:3096} INFO - Sync 3 DAGs
[2026-06-22T09:50:04.827+0300] {logging_mixin.py:188} INFO - [2026-06-22T09:50:04.826+0300] {dag.py:3954} INFO - Setting next_dagrun for example_subdag_operator to 2022-01-01 00:00:00+00:00, run_after=2022-01-01 00:00:00+00:00
[2026-06-22T09:50:04.829+0300] {logging_mixin.py:188} INFO - [2026-06-22T09:50:04.829+0300] {dag.py:3954} INFO - Setting next_dagrun for example_subdag_operator.section-1 to None, run_after=None
[2026-06-22T09:50:04.830+0300] {logging_mixin.py:188} INFO - [2026-06-22T09:50:04.830+0300] {dag.py:3954} INFO - Setting next_dagrun for example_subdag_operator.section-2 to None, run_after=None
[2026-06-22T09:50:04.835+0300] {logging_mixin.py:188} INFO - [2026-06-22T09:50:04.835+0300] {dag.py:3096} INFO - Sync 2 DAGs
[2026-06-22T09:50:04.838+0300] {logging_mixin.py:188} INFO - [2026-06-22T09:50:04.838+0300] {dag.py:3954} INFO - Setting next_dagrun for example_subdag_operator.section-1 to None, run_after=None
[2026-06-22T09:50:04.839+0300] {logging_mixin.py:188} INFO - [2026-06-22T09:50:04.839+0300] {dag.py:3954} INFO - Setting next_dagrun for example_subdag_operator.section-2 to None, run_after=None
[2026-06-22T09:50:04.861+0300] {processor.py:183} INFO - Processing /media/data/omar/programming course/DEPI/DEPI project/anomx/venv/lib/python3.12/site-packages/airflow/example_dags/example_subdag_operator.py took 0.103 seconds
[2026-06-22T09:51:01.168+0300] {processor.py:161} INFO - Started process (PID=52649) to work on /media/data/omar/programming course/DEPI/DEPI project/anomx/venv/lib/python3.12/site-packages/airflow/example_dags/example_subdag_operator.py
[2026-06-22T09:51:01.171+0300] {processor.py:830} INFO - Processing file /media/data/omar/programming course/DEPI/DEPI project/anomx/venv/lib/python3.12/site-packages/airflow/example_dags/example_subdag_operator.py for tasks to queue
[2026-06-22T09:51:01.173+0300] {logging_mixin.py:188} INFO - [2026-06-22T09:51:01.172+0300] {dagbag.py:540} INFO - Filling up the DagBag from /media/data/omar/programming course/DEPI/DEPI project/anomx/venv/lib/python3.12/site-packages/airflow/example_dags/example_subdag_operator.py
[2026-06-22T09:51:01.197+0300] {processor.py:840} INFO - DAG(s) 'example_subdag_operator.section-1', 'example_subdag_operator.section-2', 'example_subdag_operator' retrieved from /media/data/omar/programming course/DEPI/DEPI project/anomx/venv/lib/python3.12/site-packages/airflow/example_dags/example_subdag_operator.py
[2026-06-22T09:51:01.210+0300] {logging_mixin.py:188} INFO - [2026-06-22T09:51:01.210+0300] {dag.py:3096} INFO - Sync 3 DAGs
[2026-06-22T09:51:01.223+0300] {logging_mixin.py:188} INFO - [2026-06-22T09:51:01.223+0300] {dag.py:3954} INFO - Setting next_dagrun for example_subdag_operator to 2022-01-01 00:00:00+00:00, run_after=2022-01-01 00:00:00+00:00
[2026-06-22T09:51:01.226+0300] {logging_mixin.py:188} INFO - [2026-06-22T09:51:01.226+0300] {dag.py:3954} INFO - Setting next_dagrun for example_subdag_operator.section-1 to None, run_after=None
[2026-06-22T09:51:01.228+0300] {logging_mixin.py:188} INFO - [2026-06-22T09:51:01.227+0300] {dag.py:3954} INFO - Setting next_dagrun for example_subdag_operator.section-2 to None, run_after=None
[2026-06-22T09:51:01.233+0300] {logging_mixin.py:188} INFO - [2026-06-22T09:51:01.233+0300] {dag.py:3096} INFO - Sync 2 DAGs
[2026-06-22T09:51:01.236+0300] {logging_mixin.py:188} INFO - [2026-06-22T09:51:01.236+0300] {dag.py:3954} INFO - Setting next_dagrun for example_subdag_operator.section-1 to None, run_after=None
[2026-06-22T09:51:01.237+0300] {logging_mixin.py:188} INFO - [2026-06-22T09:51:01.236+0300] {dag.py:3954} INFO - Setting next_dagrun for example_subdag_operator.section-2 to None, run_after=None
[2026-06-22T09:51:01.256+0300] {processor.py:183} INFO - Processing /media/data/omar/programming course/DEPI/DEPI project/anomx/venv/lib/python3.12/site-packages/airflow/example_dags/example_subdag_operator.py took 0.106 seconds
[2026-06-22T09:51:54.051+0300] {processor.py:161} INFO - Started process (PID=52729) to work on /media/data/omar/programming course/DEPI/DEPI project/anomx/venv/lib/python3.12/site-packages/airflow/example_dags/example_subdag_operator.py
[2026-06-22T09:51:54.051+0300] {processor.py:830} INFO - Processing file /media/data/omar/programming course/DEPI/DEPI project/anomx/venv/lib/python3.12/site-packages/airflow/example_dags/example_subdag_operator.py for tasks to queue
[2026-06-22T09:51:54.052+0300] {logging_mixin.py:188} INFO - [2026-06-22T09:51:54.052+0300] {dagbag.py:540} INFO - Filling up the DagBag from /media/data/omar/programming course/DEPI/DEPI project/anomx/venv/lib/python3.12/site-packages/airflow/example_dags/example_subdag_operator.py
[2026-06-22T09:51:54.071+0300] {processor.py:840} INFO - DAG(s) 'example_subdag_operator.section-1', 'example_subdag_operator.section-2', 'example_subdag_operator' retrieved from /media/data/omar/programming course/DEPI/DEPI project/anomx/venv/lib/python3.12/site-packages/airflow/example_dags/example_subdag_operator.py
[2026-06-22T09:51:54.084+0300] {logging_mixin.py:188} INFO - [2026-06-22T09:51:54.083+0300] {dag.py:3096} INFO - Sync 3 DAGs
[2026-06-22T09:51:54.097+0300] {logging_mixin.py:188} INFO - [2026-06-22T09:51:54.096+0300] {dag.py:3954} INFO - Setting next_dagrun for example_subdag_operator to 2022-01-01 00:00:00+00:00, run_after=2022-01-01 00:00:00+00:00
[2026-06-22T09:51:54.099+0300] {logging_mixin.py:188} INFO - [2026-06-22T09:51:54.099+0300] {dag.py:3954} INFO - Setting next_dagrun for example_subdag_operator.section-1 to None, run_after=None
[2026-06-22T09:51:54.100+0300] {logging_mixin.py:188} INFO - [2026-06-22T09:51:54.100+0300] {dag.py:3954} INFO - Setting next_dagrun for example_subdag_operator.section-2 to None, run_after=None
[2026-06-22T09:51:54.105+0300] {logging_mixin.py:188} INFO - [2026-06-22T09:51:54.105+0300] {dag.py:3096} INFO - Sync 2 DAGs
[2026-06-22T09:51:54.108+0300] {logging_mixin.py:188} INFO - [2026-06-22T09:51:54.108+0300] {dag.py:3954} INFO - Setting next_dagrun for example_subdag_operator.section-1 to None, run_after=None
[2026-06-22T09:51:54.108+0300] {logging_mixin.py:188} INFO - [2026-06-22T09:51:54.108+0300] {dag.py:3954} INFO - Setting next_dagrun for example_subdag_operator.section-2 to None, run_after=None
[2026-06-22T09:51:54.129+0300] {processor.py:183} INFO - Processing /media/data/omar/programming course/DEPI/DEPI project/anomx/venv/lib/python3.12/site-packages/airflow/example_dags/example_subdag_operator.py took 0.084 seconds
[2026-06-22T09:52:46.029+0300] {processor.py:161} INFO - Started process (PID=52807) to work on /media/data/omar/programming course/DEPI/DEPI project/anomx/venv/lib/python3.12/site-packages/airflow/example_dags/example_subdag_operator.py
[2026-06-22T09:52:46.029+0300] {processor.py:830} INFO - Processing file /media/data/omar/programming course/DEPI/DEPI project/anomx/venv/lib/python3.12/site-packages/airflow/example_dags/example_subdag_operator.py for tasks to queue
[2026-06-22T09:52:46.031+0300] {logging_mixin.py:188} INFO - [2026-06-22T09:52:46.030+0300] {dagbag.py:540} INFO - Filling up the DagBag from /media/data/omar/programming course/DEPI/DEPI project/anomx/venv/lib/python3.12/site-packages/airflow/example_dags/example_subdag_operator.py
[2026-06-22T09:52:46.051+0300] {processor.py:840} INFO - DAG(s) 'example_subdag_operator.section-1', 'example_subdag_operator.section-2', 'example_subdag_operator' retrieved from /media/data/omar/programming course/DEPI/DEPI project/anomx/venv/lib/python3.12/site-packages/airflow/example_dags/example_subdag_operator.py
[2026-06-22T09:52:46.064+0300] {logging_mixin.py:188} INFO - [2026-06-22T09:52:46.064+0300] {dag.py:3096} INFO - Sync 3 DAGs
[2026-06-22T09:52:46.077+0300] {logging_mixin.py:188} INFO - [2026-06-22T09:52:46.077+0300] {dag.py:3954} INFO - Setting next_dagrun for example_subdag_operator to 2022-01-01 00:00:00+00:00, run_after=2022-01-01 00:00:00+00:00
[2026-06-22T09:52:46.081+0300] {logging_mixin.py:188} INFO - [2026-06-22T09:52:46.080+0300] {dag.py:3954} INFO - Setting next_dagrun for example_subdag_operator.section-1 to None, run_after=None
[2026-06-22T09:52:46.082+0300] {logging_mixin.py:188} INFO - [2026-06-22T09:52:46.082+0300] {dag.py:3954} INFO - Setting next_dagrun for example_subdag_operator.section-2 to None, run_after=None
[2026-06-22T09:52:46.087+0300] {logging_mixin.py:188} INFO - [2026-06-22T09:52:46.087+0300] {dag.py:3096} INFO - Sync 2 DAGs
[2026-06-22T09:52:46.090+0300] {logging_mixin.py:188} INFO - [2026-06-22T09:52:46.090+0300] {dag.py:3954} INFO - Setting next_dagrun for example_subdag_operator.section-1 to None, run_after=None
[2026-06-22T09:52:46.091+0300] {logging_mixin.py:188} INFO - [2026-06-22T09:52:46.091+0300] {dag.py:3954} INFO - Setting next_dagrun for example_subdag_operator.section-2 to None, run_after=None
[2026-06-22T09:52:46.112+0300] {processor.py:183} INFO - Processing /media/data/omar/programming course/DEPI/DEPI project/anomx/venv/lib/python3.12/site-packages/airflow/example_dags/example_subdag_operator.py took 0.090 seconds
[2026-06-22T09:53:35.227+0300] {processor.py:161} INFO - Started process (PID=52883) to work on /media/data/omar/programming course/DEPI/DEPI project/anomx/venv/lib/python3.12/site-packages/airflow/example_dags/example_subdag_operator.py
[2026-06-22T09:53:35.229+0300] {processor.py:830} INFO - Processing file /media/data/omar/programming course/DEPI/DEPI project/anomx/venv/lib/python3.12/site-packages/airflow/example_dags/example_subdag_operator.py for tasks to queue
[2026-06-22T09:53:35.233+0300] {logging_mixin.py:188} INFO - [2026-06-22T09:53:35.230+0300] {dagbag.py:540} INFO - Filling up the DagBag from /media/data/omar/programming course/DEPI/DEPI project/anomx/venv/lib/python3.12/site-packages/airflow/example_dags/example_subdag_operator.py
[2026-06-22T09:53:35.265+0300] {processor.py:840} INFO - DAG(s) 'example_subdag_operator.section-1', 'example_subdag_operator.section-2', 'example_subdag_operator' retrieved from /media/data/omar/programming course/DEPI/DEPI project/anomx/venv/lib/python3.12/site-packages/airflow/example_dags/example_subdag_operator.py
[2026-06-22T09:53:35.279+0300] {logging_mixin.py:188} INFO - [2026-06-22T09:53:35.278+0300] {dag.py:3096} INFO - Sync 3 DAGs
[2026-06-22T09:53:35.291+0300] {logging_mixin.py:188} INFO - [2026-06-22T09:53:35.291+0300] {dag.py:3954} INFO - Setting next_dagrun for example_subdag_operator to 2022-01-01 00:00:00+00:00, run_after=2022-01-01 00:00:00+00:00
[2026-06-22T09:53:35.294+0300] {logging_mixin.py:188} INFO - [2026-06-22T09:53:35.294+0300] {dag.py:3954} INFO - Setting next_dagrun for example_subdag_operator.section-1 to None, run_after=None
[2026-06-22T09:53:35.295+0300] {logging_mixin.py:188} INFO - [2026-06-22T09:53:35.295+0300] {dag.py:3954} INFO - Setting next_dagrun for example_subdag_operator.section-2 to None, run_after=None
[2026-06-22T09:53:35.301+0300] {logging_mixin.py:188} INFO - [2026-06-22T09:53:35.301+0300] {dag.py:3096} INFO - Sync 2 DAGs
[2026-06-22T09:53:35.304+0300] {logging_mixin.py:188} INFO - [2026-06-22T09:53:35.304+0300] {dag.py:3954} INFO - Setting next_dagrun for example_subdag_operator.section-1 to None, run_after=None
[2026-06-22T09:53:35.304+0300] {logging_mixin.py:188} INFO - [2026-06-22T09:53:35.304+0300] {dag.py:3954} INFO - Setting next_dagrun for example_subdag_operator.section-2 to None, run_after=None
[2026-06-22T09:53:35.326+0300] {processor.py:183} INFO - Processing /media/data/omar/programming course/DEPI/DEPI project/anomx/venv/lib/python3.12/site-packages/airflow/example_dags/example_subdag_operator.py took 0.112 seconds
[2026-06-22T09:54:28.690+0300] {processor.py:161} INFO - Started process (PID=52973) to work on /media/data/omar/programming course/DEPI/DEPI project/anomx/venv/lib/python3.12/site-packages/airflow/example_dags/example_subdag_operator.py
[2026-06-22T09:54:28.692+0300] {processor.py:830} INFO - Processing file /media/data/omar/programming course/DEPI/DEPI project/anomx/venv/lib/python3.12/site-packages/airflow/example_dags/example_subdag_operator.py for tasks to queue
[2026-06-22T09:54:28.695+0300] {logging_mixin.py:188} INFO - [2026-06-22T09:54:28.693+0300] {dagbag.py:540} INFO - Filling up the DagBag from /media/data/omar/programming course/DEPI/DEPI project/anomx/venv/lib/python3.12/site-packages/airflow/example_dags/example_subdag_operator.py
[2026-06-22T09:54:28.729+0300] {processor.py:840} INFO - DAG(s) 'example_subdag_operator.section-1', 'example_subdag_operator.section-2', 'example_subdag_operator' retrieved from /media/data/omar/programming course/DEPI/DEPI project/anomx/venv/lib/python3.12/site-packages/airflow/example_dags/example_subdag_operator.py
[2026-06-22T09:54:28.744+0300] {logging_mixin.py:188} INFO - [2026-06-22T09:54:28.744+0300] {dag.py:3096} INFO - Sync 3 DAGs
[2026-06-22T09:54:28.758+0300] {logging_mixin.py:188} INFO - [2026-06-22T09:54:28.757+0300] {dag.py:3954} INFO - Setting next_dagrun for example_subdag_operator to 2022-01-01 00:00:00+00:00, run_after=2022-01-01 00:00:00+00:00
[2026-06-22T09:54:28.760+0300] {logging_mixin.py:188} INFO - [2026-06-22T09:54:28.760+0300] {dag.py:3954} INFO - Setting next_dagrun for example_subdag_operator.section-1 to None, run_after=None
[2026-06-22T09:54:28.762+0300] {logging_mixin.py:188} INFO - [2026-06-22T09:54:28.762+0300] {dag.py:3954} INFO - Setting next_dagrun for example_subdag_operator.section-2 to None, run_after=None
[2026-06-22T09:54:28.767+0300] {logging_mixin.py:188} INFO - [2026-06-22T09:54:28.767+0300] {dag.py:3096} INFO - Sync 2 DAGs
[2026-06-22T09:54:28.771+0300] {logging_mixin.py:188} INFO - [2026-06-22T09:54:28.771+0300] {dag.py:3954} INFO - Setting next_dagrun for example_subdag_operator.section-1 to None, run_after=None
[2026-06-22T09:54:28.772+0300] {logging_mixin.py:188} INFO - [2026-06-22T09:54:28.772+0300] {dag.py:3954} INFO - Setting next_dagrun for example_subdag_operator.section-2 to None, run_after=None
[2026-06-22T09:54:28.794+0300] {processor.py:183} INFO - Processing /media/data/omar/programming course/DEPI/DEPI project/anomx/venv/lib/python3.12/site-packages/airflow/example_dags/example_subdag_operator.py took 0.118 seconds
[2026-06-22T09:55:21.850+0300] {processor.py:161} INFO - Started process (PID=53052) to work on /media/data/omar/programming course/DEPI/DEPI project/anomx/venv/lib/python3.12/site-packages/airflow/example_dags/example_subdag_operator.py
[2026-06-22T09:55:21.852+0300] {processor.py:830} INFO - Processing file /media/data/omar/programming course/DEPI/DEPI project/anomx/venv/lib/python3.12/site-packages/airflow/example_dags/example_subdag_operator.py for tasks to queue
[2026-06-22T09:55:21.854+0300] {logging_mixin.py:188} INFO - [2026-06-22T09:55:21.853+0300] {dagbag.py:540} INFO - Filling up the DagBag from /media/data/omar/programming course/DEPI/DEPI project/anomx/venv/lib/python3.12/site-packages/airflow/example_dags/example_subdag_operator.py
[2026-06-22T09:55:21.877+0300] {processor.py:840} INFO - DAG(s) 'example_subdag_operator.section-1', 'example_subdag_operator.section-2', 'example_subdag_operator' retrieved from /media/data/omar/programming course/DEPI/DEPI project/anomx/venv/lib/python3.12/site-packages/airflow/example_dags/example_subdag_operator.py
[2026-06-22T09:55:21.890+0300] {logging_mixin.py:188} INFO - [2026-06-22T09:55:21.890+0300] {dag.py:3096} INFO - Sync 3 DAGs
[2026-06-22T09:55:21.902+0300] {logging_mixin.py:188} INFO - [2026-06-22T09:55:21.902+0300] {dag.py:3954} INFO - Setting next_dagrun for example_subdag_operator to 2022-01-01 00:00:00+00:00, run_after=2022-01-01 00:00:00+00:00
[2026-06-22T09:55:21.905+0300] {logging_mixin.py:188} INFO - [2026-06-22T09:55:21.905+0300] {dag.py:3954} INFO - Setting next_dagrun for example_subdag_operator.section-1 to None, run_after=None
[2026-06-22T09:55:21.906+0300] {logging_mixin.py:188} INFO - [2026-06-22T09:55:21.906+0300] {dag.py:3954} INFO - Setting next_dagrun for example_subdag_operator.section-2 to None, run_after=None
[2026-06-22T09:55:21.911+0300] {logging_mixin.py:188} INFO - [2026-06-22T09:55:21.911+0300] {dag.py:3096} INFO - Sync 2 DAGs
[2026-06-22T09:55:21.914+0300] {logging_mixin.py:188} INFO - [2026-06-22T09:55:21.914+0300] {dag.py:3954} INFO - Setting next_dagrun for example_subdag_operator.section-1 to None, run_after=None
[2026-06-22T09:55:21.915+0300] {logging_mixin.py:188} INFO - [2026-06-22T09:55:21.915+0300] {dag.py:3954} INFO - Setting next_dagrun for example_subdag_operator.section-2 to None, run_after=None
[2026-06-22T09:55:21.935+0300] {processor.py:183} INFO - Processing /media/data/omar/programming course/DEPI/DEPI project/anomx/venv/lib/python3.12/site-packages/airflow/example_dags/example_subdag_operator.py took 0.102 seconds
[2026-06-22T09:56:11.660+0300] {processor.py:161} INFO - Started process (PID=53142) to work on /media/data/omar/programming course/DEPI/DEPI project/anomx/venv/lib/python3.12/site-packages/airflow/example_dags/example_subdag_operator.py
[2026-06-22T09:56:11.662+0300] {processor.py:830} INFO - Processing file /media/data/omar/programming course/DEPI/DEPI project/anomx/venv/lib/python3.12/site-packages/airflow/example_dags/example_subdag_operator.py for tasks to queue
[2026-06-22T09:56:11.663+0300] {logging_mixin.py:188} INFO - [2026-06-22T09:56:11.663+0300] {dagbag.py:540} INFO - Filling up the DagBag from /media/data/omar/programming course/DEPI/DEPI project/anomx/venv/lib/python3.12/site-packages/airflow/example_dags/example_subdag_operator.py
[2026-06-22T09:56:11.692+0300] {processor.py:840} INFO - DAG(s) 'example_subdag_operator.section-1', 'example_subdag_operator.section-2', 'example_subdag_operator' retrieved from /media/data/omar/programming course/DEPI/DEPI project/anomx/venv/lib/python3.12/site-packages/airflow/example_dags/example_subdag_operator.py
[2026-06-22T09:56:11.705+0300] {logging_mixin.py:188} INFO - [2026-06-22T09:56:11.705+0300] {dag.py:3096} INFO - Sync 3 DAGs
[2026-06-22T09:56:11.717+0300] {logging_mixin.py:188} INFO - [2026-06-22T09:56:11.717+0300] {dag.py:3954} INFO - Setting next_dagrun for example_subdag_operator to 2022-01-01 00:00:00+00:00, run_after=2022-01-01 00:00:00+00:00
[2026-06-22T09:56:11.720+0300] {logging_mixin.py:188} INFO - [2026-06-22T09:56:11.720+0300] {dag.py:3954} INFO - Setting next_dagrun for example_subdag_operator.section-1 to None, run_after=None
[2026-06-22T09:56:11.721+0300] {logging_mixin.py:188} INFO - [2026-06-22T09:56:11.721+0300] {dag.py:3954} INFO - Setting next_dagrun for example_subdag_operator.section-2 to None, run_after=None
[2026-06-22T09:56:11.726+0300] {logging_mixin.py:188} INFO - [2026-06-22T09:56:11.726+0300] {dag.py:3096} INFO - Sync 2 DAGs
[2026-06-22T09:56:11.730+0300] {logging_mixin.py:188} INFO - [2026-06-22T09:56:11.729+0300] {dag.py:3954} INFO - Setting next_dagrun for example_subdag_operator.section-1 to None, run_after=None
[2026-06-22T09:56:11.730+0300] {logging_mixin.py:188} INFO - [2026-06-22T09:56:11.730+0300] {dag.py:3954} INFO - Setting next_dagrun for example_subdag_operator.section-2 to None, run_after=None
[2026-06-22T09:56:11.753+0300] {processor.py:183} INFO - Processing /media/data/omar/programming course/DEPI/DEPI project/anomx/venv/lib/python3.12/site-packages/airflow/example_dags/example_subdag_operator.py took 0.102 seconds
[2026-06-22T09:57:04.212+0300] {processor.py:161} INFO - Started process (PID=53222) to work on /media/data/omar/programming course/DEPI/DEPI project/anomx/venv/lib/python3.12/site-packages/airflow/example_dags/example_subdag_operator.py
[2026-06-22T09:57:04.213+0300] {processor.py:830} INFO - Processing file /media/data/omar/programming course/DEPI/DEPI project/anomx/venv/lib/python3.12/site-packages/airflow/example_dags/example_subdag_operator.py for tasks to queue
[2026-06-22T09:57:04.215+0300] {logging_mixin.py:188} INFO - [2026-06-22T09:57:04.214+0300] {dagbag.py:540} INFO - Filling up the DagBag from /media/data/omar/programming course/DEPI/DEPI project/anomx/venv/lib/python3.12/site-packages/airflow/example_dags/example_subdag_operator.py
[2026-06-22T09:57:04.236+0300] {processor.py:840} INFO - DAG(s) 'example_subdag_operator.section-1', 'example_subdag_operator.section-2', 'example_subdag_operator' retrieved from /media/data/omar/programming course/DEPI/DEPI project/anomx/venv/lib/python3.12/site-packages/airflow/example_dags/example_subdag_operator.py
[2026-06-22T09:57:04.249+0300] {logging_mixin.py:188} INFO - [2026-06-22T09:57:04.248+0300] {dag.py:3096} INFO - Sync 3 DAGs
[2026-06-22T09:57:04.261+0300] {logging_mixin.py:188} INFO - [2026-06-22T09:57:04.261+0300] {dag.py:3954} INFO - Setting next_dagrun for example_subdag_operator to 2022-01-01 00:00:00+00:00, run_after=2022-01-01 00:00:00+00:00
[2026-06-22T09:57:04.264+0300] {logging_mixin.py:188} INFO - [2026-06-22T09:57:04.263+0300] {dag.py:3954} INFO - Setting next_dagrun for example_subdag_operator.section-1 to None, run_after=None
[2026-06-22T09:57:04.265+0300] {logging_mixin.py:188} INFO - [2026-06-22T09:57:04.265+0300] {dag.py:3954} INFO - Setting next_dagrun for example_subdag_operator.section-2 to None, run_after=None
[2026-06-22T09:57:04.270+0300] {logging_mixin.py:188} INFO - [2026-06-22T09:57:04.270+0300] {dag.py:3096} INFO - Sync 2 DAGs
[2026-06-22T09:57:04.274+0300] {logging_mixin.py:188} INFO - [2026-06-22T09:57:04.273+0300] {dag.py:3954} INFO - Setting next_dagrun for example_subdag_operator.section-1 to None, run_after=None
[2026-06-22T09:57:04.274+0300] {logging_mixin.py:188} INFO - [2026-06-22T09:57:04.274+0300] {dag.py:3954} INFO - Setting next_dagrun for example_subdag_operator.section-2 to None, run_after=None
[2026-06-22T09:57:04.295+0300] {processor.py:183} INFO - Processing /media/data/omar/programming course/DEPI/DEPI project/anomx/venv/lib/python3.12/site-packages/airflow/example_dags/example_subdag_operator.py took 0.091 seconds
[2026-06-22T09:57:54.568+0300] {processor.py:161} INFO - Started process (PID=53297) to work on /media/data/omar/programming course/DEPI/DEPI project/anomx/venv/lib/python3.12/site-packages/airflow/example_dags/example_subdag_operator.py
[2026-06-22T09:57:54.570+0300] {processor.py:830} INFO - Processing file /media/data/omar/programming course/DEPI/DEPI project/anomx/venv/lib/python3.12/site-packages/airflow/example_dags/example_subdag_operator.py for tasks to queue
[2026-06-22T09:57:54.570+0300] {logging_mixin.py:188} INFO - [2026-06-22T09:57:54.570+0300] {dagbag.py:540} INFO - Filling up the DagBag from /media/data/omar/programming course/DEPI/DEPI project/anomx/venv/lib/python3.12/site-packages/airflow/example_dags/example_subdag_operator.py
[2026-06-22T09:57:54.588+0300] {processor.py:840} INFO - DAG(s) 'example_subdag_operator.section-1', 'example_subdag_operator.section-2', 'example_subdag_operator' retrieved from /media/data/omar/programming course/DEPI/DEPI project/anomx/venv/lib/python3.12/site-packages/airflow/example_dags/example_subdag_operator.py
[2026-06-22T09:57:54.600+0300] {logging_mixin.py:188} INFO - [2026-06-22T09:57:54.600+0300] {dag.py:3096} INFO - Sync 3 DAGs
[2026-06-22T09:57:54.612+0300] {logging_mixin.py:188} INFO - [2026-06-22T09:57:54.612+0300] {dag.py:3954} INFO - Setting next_dagrun for example_subdag_operator to 2022-01-01 00:00:00+00:00, run_after=2022-01-01 00:00:00+00:00
[2026-06-22T09:57:54.616+0300] {logging_mixin.py:188} INFO - [2026-06-22T09:57:54.616+0300] {dag.py:3954} INFO - Setting next_dagrun for example_subdag_operator.section-1 to None, run_after=None
[2026-06-22T09:57:54.617+0300] {logging_mixin.py:188} INFO - [2026-06-22T09:57:54.617+0300] {dag.py:3954} INFO - Setting next_dagrun for example_subdag_operator.section-2 to None, run_after=None
[2026-06-22T09:57:54.622+0300] {logging_mixin.py:188} INFO - [2026-06-22T09:57:54.622+0300] {dag.py:3096} INFO - Sync 2 DAGs
[2026-06-22T09:57:54.625+0300] {logging_mixin.py:188} INFO - [2026-06-22T09:57:54.625+0300] {dag.py:3954} INFO - Setting next_dagrun for example_subdag_operator.section-1 to None, run_after=None
[2026-06-22T09:57:54.626+0300] {logging_mixin.py:188} INFO - [2026-06-22T09:57:54.626+0300] {dag.py:3954} INFO - Setting next_dagrun for example_subdag_operator.section-2 to None, run_after=None
[2026-06-22T09:57:54.646+0300] {processor.py:183} INFO - Processing /media/data/omar/programming course/DEPI/DEPI project/anomx/venv/lib/python3.12/site-packages/airflow/example_dags/example_subdag_operator.py took 0.083 seconds
[2026-06-22T09:58:44.061+0300] {processor.py:161} INFO - Started process (PID=53400) to work on /media/data/omar/programming course/DEPI/DEPI project/anomx/venv/lib/python3.12/site-packages/airflow/example_dags/example_subdag_operator.py
[2026-06-22T09:58:44.062+0300] {processor.py:830} INFO - Processing file /media/data/omar/programming course/DEPI/DEPI project/anomx/venv/lib/python3.12/site-packages/airflow/example_dags/example_subdag_operator.py for tasks to queue
[2026-06-22T09:58:44.064+0300] {logging_mixin.py:188} INFO - [2026-06-22T09:58:44.064+0300] {dagbag.py:540} INFO - Filling up the DagBag from /media/data/omar/programming course/DEPI/DEPI project/anomx/venv/lib/python3.12/site-packages/airflow/example_dags/example_subdag_operator.py
[2026-06-22T09:58:44.088+0300] {processor.py:840} INFO - DAG(s) 'example_subdag_operator.section-1', 'example_subdag_operator.section-2', 'example_subdag_operator' retrieved from /media/data/omar/programming course/DEPI/DEPI project/anomx/venv/lib/python3.12/site-packages/airflow/example_dags/example_subdag_operator.py
[2026-06-22T09:58:44.101+0300] {logging_mixin.py:188} INFO - [2026-06-22T09:58:44.100+0300] {dag.py:3096} INFO - Sync 3 DAGs
[2026-06-22T09:58:44.114+0300] {logging_mixin.py:188} INFO - [2026-06-22T09:58:44.113+0300] {dag.py:3954} INFO - Setting next_dagrun for example_subdag_operator to 2022-01-01 00:00:00+00:00, run_after=2022-01-01 00:00:00+00:00
[2026-06-22T09:58:44.117+0300] {logging_mixin.py:188} INFO - [2026-06-22T09:58:44.117+0300] {dag.py:3954} INFO - Setting next_dagrun for example_subdag_operator.section-1 to None, run_after=None
[2026-06-22T09:58:44.119+0300] {logging_mixin.py:188} INFO - [2026-06-22T09:58:44.119+0300] {dag.py:3954} INFO - Setting next_dagrun for example_subdag_operator.section-2 to None, run_after=None
[2026-06-22T09:58:44.124+0300] {logging_mixin.py:188} INFO - [2026-06-22T09:58:44.123+0300] {dag.py:3096} INFO - Sync 2 DAGs
[2026-06-22T09:58:44.127+0300] {logging_mixin.py:188} INFO - [2026-06-22T09:58:44.126+0300] {dag.py:3954} INFO - Setting next_dagrun for example_subdag_operator.section-1 to None, run_after=None
[2026-06-22T09:58:44.127+0300] {logging_mixin.py:188} INFO - [2026-06-22T09:58:44.127+0300] {dag.py:3954} INFO - Setting next_dagrun for example_subdag_operator.section-2 to None, run_after=None
[2026-06-22T09:58:44.148+0300] {processor.py:183} INFO - Processing /media/data/omar/programming course/DEPI/DEPI project/anomx/venv/lib/python3.12/site-packages/airflow/example_dags/example_subdag_operator.py took 0.094 seconds
[2026-06-22T09:59:32.502+0300] {processor.py:161} INFO - Started process (PID=53474) to work on /media/data/omar/programming course/DEPI/DEPI project/anomx/venv/lib/python3.12/site-packages/airflow/example_dags/example_subdag_operator.py
[2026-06-22T09:59:32.503+0300] {processor.py:830} INFO - Processing file /media/data/omar/programming course/DEPI/DEPI project/anomx/venv/lib/python3.12/site-packages/airflow/example_dags/example_subdag_operator.py for tasks to queue
[2026-06-22T09:59:32.504+0300] {logging_mixin.py:188} INFO - [2026-06-22T09:59:32.504+0300] {dagbag.py:540} INFO - Filling up the DagBag from /media/data/omar/programming course/DEPI/DEPI project/anomx/venv/lib/python3.12/site-packages/airflow/example_dags/example_subdag_operator.py
[2026-06-22T09:59:32.529+0300] {processor.py:840} INFO - DAG(s) 'example_subdag_operator.section-1', 'example_subdag_operator.section-2', 'example_subdag_operator' retrieved from /media/data/omar/programming course/DEPI/DEPI project/anomx/venv/lib/python3.12/site-packages/airflow/example_dags/example_subdag_operator.py
[2026-06-22T09:59:32.541+0300] {logging_mixin.py:188} INFO - [2026-06-22T09:59:32.541+0300] {dag.py:3096} INFO - Sync 3 DAGs
[2026-06-22T09:59:32.553+0300] {logging_mixin.py:188} INFO - [2026-06-22T09:59:32.553+0300] {dag.py:3954} INFO - Setting next_dagrun for example_subdag_operator to 2022-01-01 00:00:00+00:00, run_after=2022-01-01 00:00:00+00:00
[2026-06-22T09:59:32.555+0300] {logging_mixin.py:188} INFO - [2026-06-22T09:59:32.555+0300] {dag.py:3954} INFO - Setting next_dagrun for example_subdag_operator.section-1 to None, run_after=None
[2026-06-22T09:59:32.557+0300] {logging_mixin.py:188} INFO - [2026-06-22T09:59:32.556+0300] {dag.py:3954} INFO - Setting next_dagrun for example_subdag_operator.section-2 to None, run_after=None
[2026-06-22T09:59:32.561+0300] {logging_mixin.py:188} INFO - [2026-06-22T09:59:32.561+0300] {dag.py:3096} INFO - Sync 2 DAGs
[2026-06-22T09:59:32.564+0300] {logging_mixin.py:188} INFO - [2026-06-22T09:59:32.564+0300] {dag.py:3954} INFO - Setting next_dagrun for example_subdag_operator.section-1 to None, run_after=None
[2026-06-22T09:59:32.565+0300] {logging_mixin.py:188} INFO - [2026-06-22T09:59:32.565+0300] {dag.py:3954} INFO - Setting next_dagrun for example_subdag_operator.section-2 to None, run_after=None
[2026-06-22T09:59:32.588+0300] {processor.py:183} INFO - Processing /media/data/omar/programming course/DEPI/DEPI project/anomx/venv/lib/python3.12/site-packages/airflow/example_dags/example_subdag_operator.py took 0.093 seconds
[2026-06-22T10:00:23.739+0300] {processor.py:161} INFO - Started process (PID=53570) to work on /media/data/omar/programming course/DEPI/DEPI project/anomx/venv/lib/python3.12/site-packages/airflow/example_dags/example_subdag_operator.py
[2026-06-22T10:00:23.741+0300] {processor.py:830} INFO - Processing file /media/data/omar/programming course/DEPI/DEPI project/anomx/venv/lib/python3.12/site-packages/airflow/example_dags/example_subdag_operator.py for tasks to queue
[2026-06-22T10:00:23.743+0300] {logging_mixin.py:188} INFO - [2026-06-22T10:00:23.742+0300] {dagbag.py:540} INFO - Filling up the DagBag from /media/data/omar/programming course/DEPI/DEPI project/anomx/venv/lib/python3.12/site-packages/airflow/example_dags/example_subdag_operator.py
[2026-06-22T10:00:23.767+0300] {processor.py:840} INFO - DAG(s) 'example_subdag_operator.section-1', 'example_subdag_operator.section-2', 'example_subdag_operator' retrieved from /media/data/omar/programming course/DEPI/DEPI project/anomx/venv/lib/python3.12/site-packages/airflow/example_dags/example_subdag_operator.py
[2026-06-22T10:00:23.780+0300] {logging_mixin.py:188} INFO - [2026-06-22T10:00:23.780+0300] {dag.py:3096} INFO - Sync 3 DAGs
[2026-06-22T10:00:23.794+0300] {logging_mixin.py:188} INFO - [2026-06-22T10:00:23.793+0300] {dag.py:3954} INFO - Setting next_dagrun for example_subdag_operator to 2022-01-01 00:00:00+00:00, run_after=2022-01-01 00:00:00+00:00
[2026-06-22T10:00:23.797+0300] {logging_mixin.py:188} INFO - [2026-06-22T10:00:23.797+0300] {dag.py:3954} INFO - Setting next_dagrun for example_subdag_operator.section-1 to None, run_after=None
[2026-06-22T10:00:23.798+0300] {logging_mixin.py:188} INFO - [2026-06-22T10:00:23.798+0300] {dag.py:3954} INFO - Setting next_dagrun for example_subdag_operator.section-2 to None, run_after=None
[2026-06-22T10:00:23.803+0300] {logging_mixin.py:188} INFO - [2026-06-22T10:00:23.803+0300] {dag.py:3096} INFO - Sync 2 DAGs
[2026-06-22T10:00:23.806+0300] {logging_mixin.py:188} INFO - [2026-06-22T10:00:23.806+0300] {dag.py:3954} INFO - Setting next_dagrun for example_subdag_operator.section-1 to None, run_after=None
[2026-06-22T10:00:23.807+0300] {logging_mixin.py:188} INFO - [2026-06-22T10:00:23.807+0300] {dag.py:3954} INFO - Setting next_dagrun for example_subdag_operator.section-2 to None, run_after=None
[2026-06-22T10:00:23.827+0300] {processor.py:183} INFO - Processing /media/data/omar/programming course/DEPI/DEPI project/anomx/venv/lib/python3.12/site-packages/airflow/example_dags/example_subdag_operator.py took 0.104 seconds
[2026-06-22T10:01:18.095+0300] {processor.py:161} INFO - Started process (PID=53647) to work on /media/data/omar/programming course/DEPI/DEPI project/anomx/venv/lib/python3.12/site-packages/airflow/example_dags/example_subdag_operator.py
[2026-06-22T10:01:18.097+0300] {processor.py:830} INFO - Processing file /media/data/omar/programming course/DEPI/DEPI project/anomx/venv/lib/python3.12/site-packages/airflow/example_dags/example_subdag_operator.py for tasks to queue
[2026-06-22T10:01:18.099+0300] {logging_mixin.py:188} INFO - [2026-06-22T10:01:18.098+0300] {dagbag.py:540} INFO - Filling up the DagBag from /media/data/omar/programming course/DEPI/DEPI project/anomx/venv/lib/python3.12/site-packages/airflow/example_dags/example_subdag_operator.py
[2026-06-22T10:01:18.132+0300] {processor.py:840} INFO - DAG(s) 'example_subdag_operator.section-1', 'example_subdag_operator.section-2', 'example_subdag_operator' retrieved from /media/data/omar/programming course/DEPI/DEPI project/anomx/venv/lib/python3.12/site-packages/airflow/example_dags/example_subdag_operator.py
[2026-06-22T10:01:18.145+0300] {logging_mixin.py:188} INFO - [2026-06-22T10:01:18.144+0300] {dag.py:3096} INFO - Sync 3 DAGs
[2026-06-22T10:01:18.158+0300] {logging_mixin.py:188} INFO - [2026-06-22T10:01:18.157+0300] {dag.py:3954} INFO - Setting next_dagrun for example_subdag_operator to 2022-01-01 00:00:00+00:00, run_after=2022-01-01 00:00:00+00:00
[2026-06-22T10:01:18.160+0300] {logging_mixin.py:188} INFO - [2026-06-22T10:01:18.160+0300] {dag.py:3954} INFO - Setting next_dagrun for example_subdag_operator.section-1 to None, run_after=None
[2026-06-22T10:01:18.161+0300] {logging_mixin.py:188} INFO - [2026-06-22T10:01:18.161+0300] {dag.py:3954} INFO - Setting next_dagrun for example_subdag_operator.section-2 to None, run_after=None
[2026-06-22T10:01:18.166+0300] {logging_mixin.py:188} INFO - [2026-06-22T10:01:18.166+0300] {dag.py:3096} INFO - Sync 2 DAGs
[2026-06-22T10:01:18.169+0300] {logging_mixin.py:188} INFO - [2026-06-22T10:01:18.169+0300] {dag.py:3954} INFO - Setting next_dagrun for example_subdag_operator.section-1 to None, run_after=None
[2026-06-22T10:01:18.170+0300] {logging_mixin.py:188} INFO - [2026-06-22T10:01:18.169+0300] {dag.py:3954} INFO - Setting next_dagrun for example_subdag_operator.section-2 to None, run_after=None
[2026-06-22T10:01:18.190+0300] {processor.py:183} INFO - Processing /media/data/omar/programming course/DEPI/DEPI project/anomx/venv/lib/python3.12/site-packages/airflow/example_dags/example_subdag_operator.py took 0.108 seconds
[2026-06-22T10:02:08.479+0300] {processor.py:161} INFO - Started process (PID=53727) to work on /media/data/omar/programming course/DEPI/DEPI project/anomx/venv/lib/python3.12/site-packages/airflow/example_dags/example_subdag_operator.py
[2026-06-22T10:02:08.480+0300] {processor.py:830} INFO - Processing file /media/data/omar/programming course/DEPI/DEPI project/anomx/venv/lib/python3.12/site-packages/airflow/example_dags/example_subdag_operator.py for tasks to queue
[2026-06-22T10:02:08.482+0300] {logging_mixin.py:188} INFO - [2026-06-22T10:02:08.481+0300] {dagbag.py:540} INFO - Filling up the DagBag from /media/data/omar/programming course/DEPI/DEPI project/anomx/venv/lib/python3.12/site-packages/airflow/example_dags/example_subdag_operator.py
[2026-06-22T10:02:08.509+0300] {processor.py:840} INFO - DAG(s) 'example_subdag_operator.section-1', 'example_subdag_operator.section-2', 'example_subdag_operator' retrieved from /media/data/omar/programming course/DEPI/DEPI project/anomx/venv/lib/python3.12/site-packages/airflow/example_dags/example_subdag_operator.py
[2026-06-22T10:02:08.521+0300] {logging_mixin.py:188} INFO - [2026-06-22T10:02:08.521+0300] {dag.py:3096} INFO - Sync 3 DAGs
[2026-06-22T10:02:08.534+0300] {logging_mixin.py:188} INFO - [2026-06-22T10:02:08.533+0300] {dag.py:3954} INFO - Setting next_dagrun for example_subdag_operator to 2022-01-01 00:00:00+00:00, run_after=2022-01-01 00:00:00+00:00
[2026-06-22T10:02:08.536+0300] {logging_mixin.py:188} INFO - [2026-06-22T10:02:08.536+0300] {dag.py:3954} INFO - Setting next_dagrun for example_subdag_operator.section-1 to None, run_after=None
[2026-06-22T10:02:08.537+0300] {logging_mixin.py:188} INFO - [2026-06-22T10:02:08.537+0300] {dag.py:3954} INFO - Setting next_dagrun for example_subdag_operator.section-2 to None, run_after=None
[2026-06-22T10:02:08.542+0300] {logging_mixin.py:188} INFO - [2026-06-22T10:02:08.542+0300] {dag.py:3096} INFO - Sync 2 DAGs
[2026-06-22T10:02:08.545+0300] {logging_mixin.py:188} INFO - [2026-06-22T10:02:08.545+0300] {dag.py:3954} INFO - Setting next_dagrun for example_subdag_operator.section-1 to None, run_after=None
[2026-06-22T10:02:08.546+0300] {logging_mixin.py:188} INFO - [2026-06-22T10:02:08.546+0300] {dag.py:3954} INFO - Setting next_dagrun for example_subdag_operator.section-2 to None, run_after=None
[2026-06-22T10:02:08.566+0300] {processor.py:183} INFO - Processing /media/data/omar/programming course/DEPI/DEPI project/anomx/venv/lib/python3.12/site-packages/airflow/example_dags/example_subdag_operator.py took 0.094 seconds
[2026-06-22T10:03:05.144+0300] {processor.py:161} INFO - Started process (PID=53890) to work on /media/data/omar/programming course/DEPI/DEPI project/anomx/venv/lib/python3.12/site-packages/airflow/example_dags/example_subdag_operator.py
[2026-06-22T10:03:05.145+0300] {processor.py:830} INFO - Processing file /media/data/omar/programming course/DEPI/DEPI project/anomx/venv/lib/python3.12/site-packages/airflow/example_dags/example_subdag_operator.py for tasks to queue
[2026-06-22T10:03:05.147+0300] {logging_mixin.py:188} INFO - [2026-06-22T10:03:05.146+0300] {dagbag.py:540} INFO - Filling up the DagBag from /media/data/omar/programming course/DEPI/DEPI project/anomx/venv/lib/python3.12/site-packages/airflow/example_dags/example_subdag_operator.py
[2026-06-22T10:03:05.174+0300] {processor.py:840} INFO - DAG(s) 'example_subdag_operator.section-1', 'example_subdag_operator.section-2', 'example_subdag_operator' retrieved from /media/data/omar/programming course/DEPI/DEPI project/anomx/venv/lib/python3.12/site-packages/airflow/example_dags/example_subdag_operator.py
[2026-06-22T10:03:05.186+0300] {logging_mixin.py:188} INFO - [2026-06-22T10:03:05.186+0300] {dag.py:3096} INFO - Sync 3 DAGs
[2026-06-22T10:03:05.199+0300] {logging_mixin.py:188} INFO - [2026-06-22T10:03:05.199+0300] {dag.py:3954} INFO - Setting next_dagrun for example_subdag_operator to 2022-01-01 00:00:00+00:00, run_after=2022-01-01 00:00:00+00:00
[2026-06-22T10:03:05.202+0300] {logging_mixin.py:188} INFO - [2026-06-22T10:03:05.202+0300] {dag.py:3954} INFO - Setting next_dagrun for example_subdag_operator.section-1 to None, run_after=None
[2026-06-22T10:03:05.203+0300] {logging_mixin.py:188} INFO - [2026-06-22T10:03:05.203+0300] {dag.py:3954} INFO - Setting next_dagrun for example_subdag_operator.section-2 to None, run_after=None
[2026-06-22T10:03:05.208+0300] {logging_mixin.py:188} INFO - [2026-06-22T10:03:05.208+0300] {dag.py:3096} INFO - Sync 2 DAGs
[2026-06-22T10:03:05.211+0300] {logging_mixin.py:188} INFO - [2026-06-22T10:03:05.211+0300] {dag.py:3954} INFO - Setting next_dagrun for example_subdag_operator.section-1 to None, run_after=None
[2026-06-22T10:03:05.212+0300] {logging_mixin.py:188} INFO - [2026-06-22T10:03:05.212+0300] {dag.py:3954} INFO - Setting next_dagrun for example_subdag_operator.section-2 to None, run_after=None
[2026-06-22T10:03:05.242+0300] {processor.py:183} INFO - Processing /media/data/omar/programming course/DEPI/DEPI project/anomx/venv/lib/python3.12/site-packages/airflow/example_dags/example_subdag_operator.py took 0.106 seconds
[2026-06-22T10:03:57.309+0300] {processor.py:161} INFO - Started process (PID=53968) to work on /media/data/omar/programming course/DEPI/DEPI project/anomx/venv/lib/python3.12/site-packages/airflow/example_dags/example_subdag_operator.py
[2026-06-22T10:03:57.311+0300] {processor.py:830} INFO - Processing file /media/data/omar/programming course/DEPI/DEPI project/anomx/venv/lib/python3.12/site-packages/airflow/example_dags/example_subdag_operator.py for tasks to queue
[2026-06-22T10:03:57.313+0300] {logging_mixin.py:188} INFO - [2026-06-22T10:03:57.312+0300] {dagbag.py:540} INFO - Filling up the DagBag from /media/data/omar/programming course/DEPI/DEPI project/anomx/venv/lib/python3.12/site-packages/airflow/example_dags/example_subdag_operator.py
[2026-06-22T10:03:57.336+0300] {processor.py:840} INFO - DAG(s) 'example_subdag_operator.section-1', 'example_subdag_operator.section-2', 'example_subdag_operator' retrieved from /media/data/omar/programming course/DEPI/DEPI project/anomx/venv/lib/python3.12/site-packages/airflow/example_dags/example_subdag_operator.py
[2026-06-22T10:03:57.348+0300] {logging_mixin.py:188} INFO - [2026-06-22T10:03:57.348+0300] {dag.py:3096} INFO - Sync 3 DAGs
[2026-06-22T10:03:57.361+0300] {logging_mixin.py:188} INFO - [2026-06-22T10:03:57.361+0300] {dag.py:3954} INFO - Setting next_dagrun for example_subdag_operator to 2022-01-01 00:00:00+00:00, run_after=2022-01-01 00:00:00+00:00
[2026-06-22T10:03:57.364+0300] {logging_mixin.py:188} INFO - [2026-06-22T10:03:57.364+0300] {dag.py:3954} INFO - Setting next_dagrun for example_subdag_operator.section-1 to None, run_after=None
[2026-06-22T10:03:57.365+0300] {logging_mixin.py:188} INFO - [2026-06-22T10:03:57.365+0300] {dag.py:3954} INFO - Setting next_dagrun for example_subdag_operator.section-2 to None, run_after=None
[2026-06-22T10:03:57.370+0300] {logging_mixin.py:188} INFO - [2026-06-22T10:03:57.370+0300] {dag.py:3096} INFO - Sync 2 DAGs
[2026-06-22T10:03:57.373+0300] {logging_mixin.py:188} INFO - [2026-06-22T10:03:57.373+0300] {dag.py:3954} INFO - Setting next_dagrun for example_subdag_operator.section-1 to None, run_after=None
[2026-06-22T10:03:57.374+0300] {logging_mixin.py:188} INFO - [2026-06-22T10:03:57.373+0300] {dag.py:3954} INFO - Setting next_dagrun for example_subdag_operator.section-2 to None, run_after=None
[2026-06-22T10:03:57.393+0300] {processor.py:183} INFO - Processing /media/data/omar/programming course/DEPI/DEPI project/anomx/venv/lib/python3.12/site-packages/airflow/example_dags/example_subdag_operator.py took 0.099 seconds
[2026-06-22T10:04:48.530+0300] {processor.py:161} INFO - Started process (PID=54048) to work on /media/data/omar/programming course/DEPI/DEPI project/anomx/venv/lib/python3.12/site-packages/airflow/example_dags/example_subdag_operator.py
[2026-06-22T10:04:48.531+0300] {processor.py:830} INFO - Processing file /media/data/omar/programming course/DEPI/DEPI project/anomx/venv/lib/python3.12/site-packages/airflow/example_dags/example_subdag_operator.py for tasks to queue
[2026-06-22T10:04:48.532+0300] {logging_mixin.py:188} INFO - [2026-06-22T10:04:48.531+0300] {dagbag.py:540} INFO - Filling up the DagBag from /media/data/omar/programming course/DEPI/DEPI project/anomx/venv/lib/python3.12/site-packages/airflow/example_dags/example_subdag_operator.py
[2026-06-22T10:04:48.557+0300] {processor.py:840} INFO - DAG(s) 'example_subdag_operator.section-1', 'example_subdag_operator.section-2', 'example_subdag_operator' retrieved from /media/data/omar/programming course/DEPI/DEPI project/anomx/venv/lib/python3.12/site-packages/airflow/example_dags/example_subdag_operator.py
[2026-06-22T10:04:48.570+0300] {logging_mixin.py:188} INFO - [2026-06-22T10:04:48.569+0300] {dag.py:3096} INFO - Sync 3 DAGs
[2026-06-22T10:04:48.582+0300] {logging_mixin.py:188} INFO - [2026-06-22T10:04:48.582+0300] {dag.py:3954} INFO - Setting next_dagrun for example_subdag_operator to 2022-01-01 00:00:00+00:00, run_after=2022-01-01 00:00:00+00:00
[2026-06-22T10:04:48.585+0300] {logging_mixin.py:188} INFO - [2026-06-22T10:04:48.584+0300] {dag.py:3954} INFO - Setting next_dagrun for example_subdag_operator.section-1 to None, run_after=None
[2026-06-22T10:04:48.586+0300] {logging_mixin.py:188} INFO - [2026-06-22T10:04:48.585+0300] {dag.py:3954} INFO - Setting next_dagrun for example_subdag_operator.section-2 to None, run_after=None
[2026-06-22T10:04:48.591+0300] {logging_mixin.py:188} INFO - [2026-06-22T10:04:48.590+0300] {dag.py:3096} INFO - Sync 2 DAGs
[2026-06-22T10:04:48.594+0300] {logging_mixin.py:188} INFO - [2026-06-22T10:04:48.594+0300] {dag.py:3954} INFO - Setting next_dagrun for example_subdag_operator.section-1 to None, run_after=None
[2026-06-22T10:04:48.594+0300] {logging_mixin.py:188} INFO - [2026-06-22T10:04:48.594+0300] {dag.py:3954} INFO - Setting next_dagrun for example_subdag_operator.section-2 to None, run_after=None
[2026-06-22T10:04:48.618+0300] {processor.py:183} INFO - Processing /media/data/omar/programming course/DEPI/DEPI project/anomx/venv/lib/python3.12/site-packages/airflow/example_dags/example_subdag_operator.py took 0.095 seconds
[2026-06-22T10:05:41.297+0300] {processor.py:161} INFO - Started process (PID=54152) to work on /media/data/omar/programming course/DEPI/DEPI project/anomx/venv/lib/python3.12/site-packages/airflow/example_dags/example_subdag_operator.py
[2026-06-22T10:05:41.299+0300] {processor.py:830} INFO - Processing file /media/data/omar/programming course/DEPI/DEPI project/anomx/venv/lib/python3.12/site-packages/airflow/example_dags/example_subdag_operator.py for tasks to queue
[2026-06-22T10:05:41.301+0300] {logging_mixin.py:188} INFO - [2026-06-22T10:05:41.300+0300] {dagbag.py:540} INFO - Filling up the DagBag from /media/data/omar/programming course/DEPI/DEPI project/anomx/venv/lib/python3.12/site-packages/airflow/example_dags/example_subdag_operator.py
[2026-06-22T10:05:41.342+0300] {processor.py:840} INFO - DAG(s) 'example_subdag_operator.section-1', 'example_subdag_operator.section-2', 'example_subdag_operator' retrieved from /media/data/omar/programming course/DEPI/DEPI project/anomx/venv/lib/python3.12/site-packages/airflow/example_dags/example_subdag_operator.py
[2026-06-22T10:05:41.365+0300] {logging_mixin.py:188} INFO - [2026-06-22T10:05:41.364+0300] {dag.py:3096} INFO - Sync 3 DAGs
[2026-06-22T10:05:41.379+0300] {logging_mixin.py:188} INFO - [2026-06-22T10:05:41.378+0300] {dag.py:3954} INFO - Setting next_dagrun for example_subdag_operator to 2022-01-01 00:00:00+00:00, run_after=2022-01-01 00:00:00+00:00
[2026-06-22T10:05:41.381+0300] {logging_mixin.py:188} INFO - [2026-06-22T10:05:41.381+0300] {dag.py:3954} INFO - Setting next_dagrun for example_subdag_operator.section-1 to None, run_after=None
[2026-06-22T10:05:41.383+0300] {logging_mixin.py:188} INFO - [2026-06-22T10:05:41.382+0300] {dag.py:3954} INFO - Setting next_dagrun for example_subdag_operator.section-2 to None, run_after=None
[2026-06-22T10:05:41.388+0300] {logging_mixin.py:188} INFO - [2026-06-22T10:05:41.388+0300] {dag.py:3096} INFO - Sync 2 DAGs
[2026-06-22T10:05:41.391+0300] {logging_mixin.py:188} INFO - [2026-06-22T10:05:41.391+0300] {dag.py:3954} INFO - Setting next_dagrun for example_subdag_operator.section-1 to None, run_after=None
[2026-06-22T10:05:41.392+0300] {logging_mixin.py:188} INFO - [2026-06-22T10:05:41.391+0300] {dag.py:3954} INFO - Setting next_dagrun for example_subdag_operator.section-2 to None, run_after=None
[2026-06-22T10:05:41.413+0300] {processor.py:183} INFO - Processing /media/data/omar/programming course/DEPI/DEPI project/anomx/venv/lib/python3.12/site-packages/airflow/example_dags/example_subdag_operator.py took 0.130 seconds
[2026-06-22T10:06:30.662+0300] {processor.py:161} INFO - Started process (PID=54232) to work on /media/data/omar/programming course/DEPI/DEPI project/anomx/venv/lib/python3.12/site-packages/airflow/example_dags/example_subdag_operator.py
[2026-06-22T10:06:30.664+0300] {processor.py:830} INFO - Processing file /media/data/omar/programming course/DEPI/DEPI project/anomx/venv/lib/python3.12/site-packages/airflow/example_dags/example_subdag_operator.py for tasks to queue
[2026-06-22T10:06:30.665+0300] {logging_mixin.py:188} INFO - [2026-06-22T10:06:30.664+0300] {dagbag.py:540} INFO - Filling up the DagBag from /media/data/omar/programming course/DEPI/DEPI project/anomx/venv/lib/python3.12/site-packages/airflow/example_dags/example_subdag_operator.py
[2026-06-22T10:06:30.689+0300] {processor.py:840} INFO - DAG(s) 'example_subdag_operator.section-1', 'example_subdag_operator.section-2', 'example_subdag_operator' retrieved from /media/data/omar/programming course/DEPI/DEPI project/anomx/venv/lib/python3.12/site-packages/airflow/example_dags/example_subdag_operator.py
[2026-06-22T10:06:30.704+0300] {logging_mixin.py:188} INFO - [2026-06-22T10:06:30.704+0300] {dag.py:3096} INFO - Sync 3 DAGs
[2026-06-22T10:06:30.717+0300] {logging_mixin.py:188} INFO - [2026-06-22T10:06:30.717+0300] {dag.py:3954} INFO - Setting next_dagrun for example_subdag_operator to 2022-01-01 00:00:00+00:00, run_after=2022-01-01 00:00:00+00:00
[2026-06-22T10:06:30.721+0300] {logging_mixin.py:188} INFO - [2026-06-22T10:06:30.720+0300] {dag.py:3954} INFO - Setting next_dagrun for example_subdag_operator.section-1 to None, run_after=None
[2026-06-22T10:06:30.722+0300] {logging_mixin.py:188} INFO - [2026-06-22T10:06:30.722+0300] {dag.py:3954} INFO - Setting next_dagrun for example_subdag_operator.section-2 to None, run_after=None
[2026-06-22T10:06:30.728+0300] {logging_mixin.py:188} INFO - [2026-06-22T10:06:30.727+0300] {dag.py:3096} INFO - Sync 2 DAGs
[2026-06-22T10:06:30.731+0300] {logging_mixin.py:188} INFO - [2026-06-22T10:06:30.731+0300] {dag.py:3954} INFO - Setting next_dagrun for example_subdag_operator.section-1 to None, run_after=None
[2026-06-22T10:06:30.732+0300] {logging_mixin.py:188} INFO - [2026-06-22T10:06:30.732+0300] {dag.py:3954} INFO - Setting next_dagrun for example_subdag_operator.section-2 to None, run_after=None
[2026-06-22T10:06:30.756+0300] {processor.py:183} INFO - Processing /media/data/omar/programming course/DEPI/DEPI project/anomx/venv/lib/python3.12/site-packages/airflow/example_dags/example_subdag_operator.py took 0.103 seconds
[2026-06-22T10:07:21.598+0300] {processor.py:161} INFO - Started process (PID=54307) to work on /media/data/omar/programming course/DEPI/DEPI project/anomx/venv/lib/python3.12/site-packages/airflow/example_dags/example_subdag_operator.py
[2026-06-22T10:07:21.600+0300] {processor.py:830} INFO - Processing file /media/data/omar/programming course/DEPI/DEPI project/anomx/venv/lib/python3.12/site-packages/airflow/example_dags/example_subdag_operator.py for tasks to queue
[2026-06-22T10:07:21.601+0300] {logging_mixin.py:188} INFO - [2026-06-22T10:07:21.600+0300] {dagbag.py:540} INFO - Filling up the DagBag from /media/data/omar/programming course/DEPI/DEPI project/anomx/venv/lib/python3.12/site-packages/airflow/example_dags/example_subdag_operator.py
[2026-06-22T10:07:21.633+0300] {processor.py:840} INFO - DAG(s) 'example_subdag_operator.section-1', 'example_subdag_operator.section-2', 'example_subdag_operator' retrieved from /media/data/omar/programming course/DEPI/DEPI project/anomx/venv/lib/python3.12/site-packages/airflow/example_dags/example_subdag_operator.py
[2026-06-22T10:07:21.651+0300] {logging_mixin.py:188} INFO - [2026-06-22T10:07:21.651+0300] {dag.py:3096} INFO - Sync 3 DAGs
[2026-06-22T10:07:21.664+0300] {logging_mixin.py:188} INFO - [2026-06-22T10:07:21.664+0300] {dag.py:3954} INFO - Setting next_dagrun for example_subdag_operator to 2022-01-01 00:00:00+00:00, run_after=2022-01-01 00:00:00+00:00
[2026-06-22T10:07:21.666+0300] {logging_mixin.py:188} INFO - [2026-06-22T10:07:21.666+0300] {dag.py:3954} INFO - Setting next_dagrun for example_subdag_operator.section-1 to None, run_after=None
[2026-06-22T10:07:21.668+0300] {logging_mixin.py:188} INFO - [2026-06-22T10:07:21.667+0300] {dag.py:3954} INFO - Setting next_dagrun for example_subdag_operator.section-2 to None, run_after=None
[2026-06-22T10:07:21.672+0300] {logging_mixin.py:188} INFO - [2026-06-22T10:07:21.672+0300] {dag.py:3096} INFO - Sync 2 DAGs
[2026-06-22T10:07:21.675+0300] {logging_mixin.py:188} INFO - [2026-06-22T10:07:21.675+0300] {dag.py:3954} INFO - Setting next_dagrun for example_subdag_operator.section-1 to None, run_after=None
[2026-06-22T10:07:21.676+0300] {logging_mixin.py:188} INFO - [2026-06-22T10:07:21.676+0300] {dag.py:3954} INFO - Setting next_dagrun for example_subdag_operator.section-2 to None, run_after=None
[2026-06-22T10:07:21.716+0300] {processor.py:183} INFO - Processing /media/data/omar/programming course/DEPI/DEPI project/anomx/venv/lib/python3.12/site-packages/airflow/example_dags/example_subdag_operator.py took 0.125 seconds
[2026-06-22T10:08:15.320+0300] {processor.py:161} INFO - Started process (PID=54386) to work on /media/data/omar/programming course/DEPI/DEPI project/anomx/venv/lib/python3.12/site-packages/airflow/example_dags/example_subdag_operator.py
[2026-06-22T10:08:15.324+0300] {processor.py:830} INFO - Processing file /media/data/omar/programming course/DEPI/DEPI project/anomx/venv/lib/python3.12/site-packages/airflow/example_dags/example_subdag_operator.py for tasks to queue
[2026-06-22T10:08:15.328+0300] {logging_mixin.py:188} INFO - [2026-06-22T10:08:15.326+0300] {dagbag.py:540} INFO - Filling up the DagBag from /media/data/omar/programming course/DEPI/DEPI project/anomx/venv/lib/python3.12/site-packages/airflow/example_dags/example_subdag_operator.py
[2026-06-22T10:08:15.368+0300] {processor.py:840} INFO - DAG(s) 'example_subdag_operator.section-1', 'example_subdag_operator.section-2', 'example_subdag_operator' retrieved from /media/data/omar/programming course/DEPI/DEPI project/anomx/venv/lib/python3.12/site-packages/airflow/example_dags/example_subdag_operator.py
[2026-06-22T10:08:15.381+0300] {logging_mixin.py:188} INFO - [2026-06-22T10:08:15.381+0300] {dag.py:3096} INFO - Sync 3 DAGs
[2026-06-22T10:08:15.394+0300] {logging_mixin.py:188} INFO - [2026-06-22T10:08:15.394+0300] {dag.py:3954} INFO - Setting next_dagrun for example_subdag_operator to 2022-01-01 00:00:00+00:00, run_after=2022-01-01 00:00:00+00:00
[2026-06-22T10:08:15.397+0300] {logging_mixin.py:188} INFO - [2026-06-22T10:08:15.397+0300] {dag.py:3954} INFO - Setting next_dagrun for example_subdag_operator.section-1 to None, run_after=None
[2026-06-22T10:08:15.398+0300] {logging_mixin.py:188} INFO - [2026-06-22T10:08:15.398+0300] {dag.py:3954} INFO - Setting next_dagrun for example_subdag_operator.section-2 to None, run_after=None
[2026-06-22T10:08:15.403+0300] {logging_mixin.py:188} INFO - [2026-06-22T10:08:15.403+0300] {dag.py:3096} INFO - Sync 2 DAGs
[2026-06-22T10:08:15.406+0300] {logging_mixin.py:188} INFO - [2026-06-22T10:08:15.406+0300] {dag.py:3954} INFO - Setting next_dagrun for example_subdag_operator.section-1 to None, run_after=None
[2026-06-22T10:08:15.407+0300] {logging_mixin.py:188} INFO - [2026-06-22T10:08:15.406+0300] {dag.py:3954} INFO - Setting next_dagrun for example_subdag_operator.section-2 to None, run_after=None
[2026-06-22T10:08:15.454+0300] {processor.py:183} INFO - Processing /media/data/omar/programming course/DEPI/DEPI project/anomx/venv/lib/python3.12/site-packages/airflow/example_dags/example_subdag_operator.py took 0.153 seconds
[2026-06-22T10:09:07.014+0300] {processor.py:161} INFO - Started process (PID=54462) to work on /media/data/omar/programming course/DEPI/DEPI project/anomx/venv/lib/python3.12/site-packages/airflow/example_dags/example_subdag_operator.py
[2026-06-22T10:09:07.015+0300] {processor.py:830} INFO - Processing file /media/data/omar/programming course/DEPI/DEPI project/anomx/venv/lib/python3.12/site-packages/airflow/example_dags/example_subdag_operator.py for tasks to queue
[2026-06-22T10:09:07.016+0300] {logging_mixin.py:188} INFO - [2026-06-22T10:09:07.015+0300] {dagbag.py:540} INFO - Filling up the DagBag from /media/data/omar/programming course/DEPI/DEPI project/anomx/venv/lib/python3.12/site-packages/airflow/example_dags/example_subdag_operator.py
[2026-06-22T10:09:07.034+0300] {processor.py:840} INFO - DAG(s) 'example_subdag_operator.section-1', 'example_subdag_operator.section-2', 'example_subdag_operator' retrieved from /media/data/omar/programming course/DEPI/DEPI project/anomx/venv/lib/python3.12/site-packages/airflow/example_dags/example_subdag_operator.py
[2026-06-22T10:09:07.046+0300] {logging_mixin.py:188} INFO - [2026-06-22T10:09:07.046+0300] {dag.py:3096} INFO - Sync 3 DAGs
[2026-06-22T10:09:07.058+0300] {logging_mixin.py:188} INFO - [2026-06-22T10:09:07.058+0300] {dag.py:3954} INFO - Setting next_dagrun for example_subdag_operator to 2022-01-01 00:00:00+00:00, run_after=2022-01-01 00:00:00+00:00
[2026-06-22T10:09:07.061+0300] {logging_mixin.py:188} INFO - [2026-06-22T10:09:07.061+0300] {dag.py:3954} INFO - Setting next_dagrun for example_subdag_operator.section-1 to None, run_after=None
[2026-06-22T10:09:07.062+0300] {logging_mixin.py:188} INFO - [2026-06-22T10:09:07.062+0300] {dag.py:3954} INFO - Setting next_dagrun for example_subdag_operator.section-2 to None, run_after=None
[2026-06-22T10:09:07.067+0300] {logging_mixin.py:188} INFO - [2026-06-22T10:09:07.066+0300] {dag.py:3096} INFO - Sync 2 DAGs
[2026-06-22T10:09:07.070+0300] {logging_mixin.py:188} INFO - [2026-06-22T10:09:07.069+0300] {dag.py:3954} INFO - Setting next_dagrun for example_subdag_operator.section-1 to None, run_after=None
[2026-06-22T10:09:07.070+0300] {logging_mixin.py:188} INFO - [2026-06-22T10:09:07.070+0300] {dag.py:3954} INFO - Setting next_dagrun for example_subdag_operator.section-2 to None, run_after=None
[2026-06-22T10:09:07.092+0300] {processor.py:183} INFO - Processing /media/data/omar/programming course/DEPI/DEPI project/anomx/venv/lib/python3.12/site-packages/airflow/example_dags/example_subdag_operator.py took 0.083 seconds
[2026-06-22T10:09:58.965+0300] {processor.py:161} INFO - Started process (PID=54539) to work on /media/data/omar/programming course/DEPI/DEPI project/anomx/venv/lib/python3.12/site-packages/airflow/example_dags/example_subdag_operator.py
[2026-06-22T10:09:58.966+0300] {processor.py:830} INFO - Processing file /media/data/omar/programming course/DEPI/DEPI project/anomx/venv/lib/python3.12/site-packages/airflow/example_dags/example_subdag_operator.py for tasks to queue
[2026-06-22T10:09:58.967+0300] {logging_mixin.py:188} INFO - [2026-06-22T10:09:58.966+0300] {dagbag.py:540} INFO - Filling up the DagBag from /media/data/omar/programming course/DEPI/DEPI project/anomx/venv/lib/python3.12/site-packages/airflow/example_dags/example_subdag_operator.py
[2026-06-22T10:09:58.986+0300] {processor.py:840} INFO - DAG(s) 'example_subdag_operator.section-1', 'example_subdag_operator.section-2', 'example_subdag_operator' retrieved from /media/data/omar/programming course/DEPI/DEPI project/anomx/venv/lib/python3.12/site-packages/airflow/example_dags/example_subdag_operator.py
[2026-06-22T10:09:58.999+0300] {logging_mixin.py:188} INFO - [2026-06-22T10:09:58.998+0300] {dag.py:3096} INFO - Sync 3 DAGs
[2026-06-22T10:09:59.011+0300] {logging_mixin.py:188} INFO - [2026-06-22T10:09:59.011+0300] {dag.py:3954} INFO - Setting next_dagrun for example_subdag_operator to 2022-01-01 00:00:00+00:00, run_after=2022-01-01 00:00:00+00:00
[2026-06-22T10:09:59.014+0300] {logging_mixin.py:188} INFO - [2026-06-22T10:09:59.013+0300] {dag.py:3954} INFO - Setting next_dagrun for example_subdag_operator.section-1 to None, run_after=None
[2026-06-22T10:09:59.015+0300] {logging_mixin.py:188} INFO - [2026-06-22T10:09:59.014+0300] {dag.py:3954} INFO - Setting next_dagrun for example_subdag_operator.section-2 to None, run_after=None
[2026-06-22T10:09:59.020+0300] {logging_mixin.py:188} INFO - [2026-06-22T10:09:59.019+0300] {dag.py:3096} INFO - Sync 2 DAGs
[2026-06-22T10:09:59.023+0300] {logging_mixin.py:188} INFO - [2026-06-22T10:09:59.022+0300] {dag.py:3954} INFO - Setting next_dagrun for example_subdag_operator.section-1 to None, run_after=None
[2026-06-22T10:09:59.023+0300] {logging_mixin.py:188} INFO - [2026-06-22T10:09:59.023+0300] {dag.py:3954} INFO - Setting next_dagrun for example_subdag_operator.section-2 to None, run_after=None
[2026-06-22T10:09:59.044+0300] {processor.py:183} INFO - Processing /media/data/omar/programming course/DEPI/DEPI project/anomx/venv/lib/python3.12/site-packages/airflow/example_dags/example_subdag_operator.py took 0.084 seconds
[2026-06-22T10:10:50.121+0300] {processor.py:161} INFO - Started process (PID=54621) to work on /media/data/omar/programming course/DEPI/DEPI project/anomx/venv/lib/python3.12/site-packages/airflow/example_dags/example_subdag_operator.py
[2026-06-22T10:10:50.122+0300] {processor.py:830} INFO - Processing file /media/data/omar/programming course/DEPI/DEPI project/anomx/venv/lib/python3.12/site-packages/airflow/example_dags/example_subdag_operator.py for tasks to queue
[2026-06-22T10:10:50.123+0300] {logging_mixin.py:188} INFO - [2026-06-22T10:10:50.123+0300] {dagbag.py:540} INFO - Filling up the DagBag from /media/data/omar/programming course/DEPI/DEPI project/anomx/venv/lib/python3.12/site-packages/airflow/example_dags/example_subdag_operator.py
[2026-06-22T10:10:50.146+0300] {processor.py:840} INFO - DAG(s) 'example_subdag_operator.section-1', 'example_subdag_operator.section-2', 'example_subdag_operator' retrieved from /media/data/omar/programming course/DEPI/DEPI project/anomx/venv/lib/python3.12/site-packages/airflow/example_dags/example_subdag_operator.py
[2026-06-22T10:10:50.161+0300] {logging_mixin.py:188} INFO - [2026-06-22T10:10:50.160+0300] {dag.py:3096} INFO - Sync 3 DAGs
[2026-06-22T10:10:50.174+0300] {logging_mixin.py:188} INFO - [2026-06-22T10:10:50.173+0300] {dag.py:3954} INFO - Setting next_dagrun for example_subdag_operator to 2022-01-01 00:00:00+00:00, run_after=2022-01-01 00:00:00+00:00
[2026-06-22T10:10:50.176+0300] {logging_mixin.py:188} INFO - [2026-06-22T10:10:50.176+0300] {dag.py:3954} INFO - Setting next_dagrun for example_subdag_operator.section-1 to None, run_after=None
[2026-06-22T10:10:50.178+0300] {logging_mixin.py:188} INFO - [2026-06-22T10:10:50.177+0300] {dag.py:3954} INFO - Setting next_dagrun for example_subdag_operator.section-2 to None, run_after=None
[2026-06-22T10:10:50.184+0300] {logging_mixin.py:188} INFO - [2026-06-22T10:10:50.183+0300] {dag.py:3096} INFO - Sync 2 DAGs
[2026-06-22T10:10:50.187+0300] {logging_mixin.py:188} INFO - [2026-06-22T10:10:50.187+0300] {dag.py:3954} INFO - Setting next_dagrun for example_subdag_operator.section-1 to None, run_after=None
[2026-06-22T10:10:50.188+0300] {logging_mixin.py:188} INFO - [2026-06-22T10:10:50.188+0300] {dag.py:3954} INFO - Setting next_dagrun for example_subdag_operator.section-2 to None, run_after=None
[2026-06-22T10:10:50.212+0300] {processor.py:183} INFO - Processing /media/data/omar/programming course/DEPI/DEPI project/anomx/venv/lib/python3.12/site-packages/airflow/example_dags/example_subdag_operator.py took 0.099 seconds
[2026-06-22T10:11:38.257+0300] {processor.py:161} INFO - Started process (PID=54696) to work on /media/data/omar/programming course/DEPI/DEPI project/anomx/venv/lib/python3.12/site-packages/airflow/example_dags/example_subdag_operator.py
[2026-06-22T10:11:38.259+0300] {processor.py:830} INFO - Processing file /media/data/omar/programming course/DEPI/DEPI project/anomx/venv/lib/python3.12/site-packages/airflow/example_dags/example_subdag_operator.py for tasks to queue
[2026-06-22T10:11:38.262+0300] {logging_mixin.py:188} INFO - [2026-06-22T10:11:38.261+0300] {dagbag.py:540} INFO - Filling up the DagBag from /media/data/omar/programming course/DEPI/DEPI project/anomx/venv/lib/python3.12/site-packages/airflow/example_dags/example_subdag_operator.py
[2026-06-22T10:11:38.289+0300] {processor.py:840} INFO - DAG(s) 'example_subdag_operator.section-1', 'example_subdag_operator.section-2', 'example_subdag_operator' retrieved from /media/data/omar/programming course/DEPI/DEPI project/anomx/venv/lib/python3.12/site-packages/airflow/example_dags/example_subdag_operator.py
[2026-06-22T10:11:38.301+0300] {logging_mixin.py:188} INFO - [2026-06-22T10:11:38.301+0300] {dag.py:3096} INFO - Sync 3 DAGs
[2026-06-22T10:11:38.314+0300] {logging_mixin.py:188} INFO - [2026-06-22T10:11:38.314+0300] {dag.py:3954} INFO - Setting next_dagrun for example_subdag_operator to 2022-01-01 00:00:00+00:00, run_after=2022-01-01 00:00:00+00:00
[2026-06-22T10:11:38.317+0300] {logging_mixin.py:188} INFO - [2026-06-22T10:11:38.317+0300] {dag.py:3954} INFO - Setting next_dagrun for example_subdag_operator.section-1 to None, run_after=None
[2026-06-22T10:11:38.318+0300] {logging_mixin.py:188} INFO - [2026-06-22T10:11:38.318+0300] {dag.py:3954} INFO - Setting next_dagrun for example_subdag_operator.section-2 to None, run_after=None
[2026-06-22T10:11:38.323+0300] {logging_mixin.py:188} INFO - [2026-06-22T10:11:38.323+0300] {dag.py:3096} INFO - Sync 2 DAGs
[2026-06-22T10:11:38.326+0300] {logging_mixin.py:188} INFO - [2026-06-22T10:11:38.326+0300] {dag.py:3954} INFO - Setting next_dagrun for example_subdag_operator.section-1 to None, run_after=None
[2026-06-22T10:11:38.327+0300] {logging_mixin.py:188} INFO - [2026-06-22T10:11:38.326+0300] {dag.py:3954} INFO - Setting next_dagrun for example_subdag_operator.section-2 to None, run_after=None
[2026-06-22T10:11:38.347+0300] {processor.py:183} INFO - Processing /media/data/omar/programming course/DEPI/DEPI project/anomx/venv/lib/python3.12/site-packages/airflow/example_dags/example_subdag_operator.py took 0.108 seconds
[2026-06-22T10:12:36.005+0300] {processor.py:161} INFO - Started process (PID=54787) to work on /media/data/omar/programming course/DEPI/DEPI project/anomx/venv/lib/python3.12/site-packages/airflow/example_dags/example_subdag_operator.py
[2026-06-22T10:12:36.006+0300] {processor.py:830} INFO - Processing file /media/data/omar/programming course/DEPI/DEPI project/anomx/venv/lib/python3.12/site-packages/airflow/example_dags/example_subdag_operator.py for tasks to queue
[2026-06-22T10:12:36.007+0300] {logging_mixin.py:188} INFO - [2026-06-22T10:12:36.007+0300] {dagbag.py:540} INFO - Filling up the DagBag from /media/data/omar/programming course/DEPI/DEPI project/anomx/venv/lib/python3.12/site-packages/airflow/example_dags/example_subdag_operator.py
[2026-06-22T10:12:36.030+0300] {processor.py:840} INFO - DAG(s) 'example_subdag_operator.section-1', 'example_subdag_operator.section-2', 'example_subdag_operator' retrieved from /media/data/omar/programming course/DEPI/DEPI project/anomx/venv/lib/python3.12/site-packages/airflow/example_dags/example_subdag_operator.py
[2026-06-22T10:12:36.044+0300] {logging_mixin.py:188} INFO - [2026-06-22T10:12:36.044+0300] {dag.py:3096} INFO - Sync 3 DAGs
[2026-06-22T10:12:36.057+0300] {logging_mixin.py:188} INFO - [2026-06-22T10:12:36.056+0300] {dag.py:3954} INFO - Setting next_dagrun for example_subdag_operator to 2022-01-01 00:00:00+00:00, run_after=2022-01-01 00:00:00+00:00
[2026-06-22T10:12:36.059+0300] {logging_mixin.py:188} INFO - [2026-06-22T10:12:36.059+0300] {dag.py:3954} INFO - Setting next_dagrun for example_subdag_operator.section-1 to None, run_after=None
[2026-06-22T10:12:36.061+0300] {logging_mixin.py:188} INFO - [2026-06-22T10:12:36.060+0300] {dag.py:3954} INFO - Setting next_dagrun for example_subdag_operator.section-2 to None, run_after=None
[2026-06-22T10:12:36.066+0300] {logging_mixin.py:188} INFO - [2026-06-22T10:12:36.066+0300] {dag.py:3096} INFO - Sync 2 DAGs
[2026-06-22T10:12:36.069+0300] {logging_mixin.py:188} INFO - [2026-06-22T10:12:36.069+0300] {dag.py:3954} INFO - Setting next_dagrun for example_subdag_operator.section-1 to None, run_after=None
[2026-06-22T10:12:36.070+0300] {logging_mixin.py:188} INFO - [2026-06-22T10:12:36.070+0300] {dag.py:3954} INFO - Setting next_dagrun for example_subdag_operator.section-2 to None, run_after=None
[2026-06-22T10:12:36.092+0300] {processor.py:183} INFO - Processing /media/data/omar/programming course/DEPI/DEPI project/anomx/venv/lib/python3.12/site-packages/airflow/example_dags/example_subdag_operator.py took 0.095 seconds
[2026-06-22T10:13:29.793+0300] {processor.py:161} INFO - Started process (PID=54866) to work on /media/data/omar/programming course/DEPI/DEPI project/anomx/venv/lib/python3.12/site-packages/airflow/example_dags/example_subdag_operator.py
[2026-06-22T10:13:29.796+0300] {processor.py:830} INFO - Processing file /media/data/omar/programming course/DEPI/DEPI project/anomx/venv/lib/python3.12/site-packages/airflow/example_dags/example_subdag_operator.py for tasks to queue
[2026-06-22T10:13:29.799+0300] {logging_mixin.py:188} INFO - [2026-06-22T10:13:29.798+0300] {dagbag.py:540} INFO - Filling up the DagBag from /media/data/omar/programming course/DEPI/DEPI project/anomx/venv/lib/python3.12/site-packages/airflow/example_dags/example_subdag_operator.py
[2026-06-22T10:13:29.827+0300] {processor.py:840} INFO - DAG(s) 'example_subdag_operator.section-1', 'example_subdag_operator.section-2', 'example_subdag_operator' retrieved from /media/data/omar/programming course/DEPI/DEPI project/anomx/venv/lib/python3.12/site-packages/airflow/example_dags/example_subdag_operator.py
[2026-06-22T10:13:29.840+0300] {logging_mixin.py:188} INFO - [2026-06-22T10:13:29.840+0300] {dag.py:3096} INFO - Sync 3 DAGs
[2026-06-22T10:13:29.852+0300] {logging_mixin.py:188} INFO - [2026-06-22T10:13:29.852+0300] {dag.py:3954} INFO - Setting next_dagrun for example_subdag_operator to 2022-01-01 00:00:00+00:00, run_after=2022-01-01 00:00:00+00:00
[2026-06-22T10:13:29.855+0300] {logging_mixin.py:188} INFO - [2026-06-22T10:13:29.855+0300] {dag.py:3954} INFO - Setting next_dagrun for example_subdag_operator.section-1 to None, run_after=None
[2026-06-22T10:13:29.856+0300] {logging_mixin.py:188} INFO - [2026-06-22T10:13:29.856+0300] {dag.py:3954} INFO - Setting next_dagrun for example_subdag_operator.section-2 to None, run_after=None
[2026-06-22T10:13:29.861+0300] {logging_mixin.py:188} INFO - [2026-06-22T10:13:29.861+0300] {dag.py:3096} INFO - Sync 2 DAGs
[2026-06-22T10:13:29.864+0300] {logging_mixin.py:188} INFO - [2026-06-22T10:13:29.864+0300] {dag.py:3954} INFO - Setting next_dagrun for example_subdag_operator.section-1 to None, run_after=None
[2026-06-22T10:13:29.865+0300] {logging_mixin.py:188} INFO - [2026-06-22T10:13:29.864+0300] {dag.py:3954} INFO - Setting next_dagrun for example_subdag_operator.section-2 to None, run_after=None
[2026-06-22T10:13:29.885+0300] {processor.py:183} INFO - Processing /media/data/omar/programming course/DEPI/DEPI project/anomx/venv/lib/python3.12/site-packages/airflow/example_dags/example_subdag_operator.py took 0.110 seconds
[2026-06-22T10:14:25.241+0300] {processor.py:161} INFO - Started process (PID=54955) to work on /media/data/omar/programming course/DEPI/DEPI project/anomx/venv/lib/python3.12/site-packages/airflow/example_dags/example_subdag_operator.py
[2026-06-22T10:14:25.242+0300] {processor.py:830} INFO - Processing file /media/data/omar/programming course/DEPI/DEPI project/anomx/venv/lib/python3.12/site-packages/airflow/example_dags/example_subdag_operator.py for tasks to queue
[2026-06-22T10:14:25.244+0300] {logging_mixin.py:188} INFO - [2026-06-22T10:14:25.243+0300] {dagbag.py:540} INFO - Filling up the DagBag from /media/data/omar/programming course/DEPI/DEPI project/anomx/venv/lib/python3.12/site-packages/airflow/example_dags/example_subdag_operator.py
[2026-06-22T10:14:25.266+0300] {processor.py:840} INFO - DAG(s) 'example_subdag_operator.section-1', 'example_subdag_operator.section-2', 'example_subdag_operator' retrieved from /media/data/omar/programming course/DEPI/DEPI project/anomx/venv/lib/python3.12/site-packages/airflow/example_dags/example_subdag_operator.py
[2026-06-22T10:14:25.279+0300] {logging_mixin.py:188} INFO - [2026-06-22T10:14:25.278+0300] {dag.py:3096} INFO - Sync 3 DAGs
[2026-06-22T10:14:25.292+0300] {logging_mixin.py:188} INFO - [2026-06-22T10:14:25.291+0300] {dag.py:3954} INFO - Setting next_dagrun for example_subdag_operator to 2022-01-01 00:00:00+00:00, run_after=2022-01-01 00:00:00+00:00
[2026-06-22T10:14:25.294+0300] {logging_mixin.py:188} INFO - [2026-06-22T10:14:25.294+0300] {dag.py:3954} INFO - Setting next_dagrun for example_subdag_operator.section-1 to None, run_after=None
[2026-06-22T10:14:25.295+0300] {logging_mixin.py:188} INFO - [2026-06-22T10:14:25.295+0300] {dag.py:3954} INFO - Setting next_dagrun for example_subdag_operator.section-2 to None, run_after=None
[2026-06-22T10:14:25.300+0300] {logging_mixin.py:188} INFO - [2026-06-22T10:14:25.300+0300] {dag.py:3096} INFO - Sync 2 DAGs
[2026-06-22T10:14:25.304+0300] {logging_mixin.py:188} INFO - [2026-06-22T10:14:25.303+0300] {dag.py:3954} INFO - Setting next_dagrun for example_subdag_operator.section-1 to None, run_after=None
[2026-06-22T10:14:25.304+0300] {logging_mixin.py:188} INFO - [2026-06-22T10:14:25.304+0300] {dag.py:3954} INFO - Setting next_dagrun for example_subdag_operator.section-2 to None, run_after=None
[2026-06-22T10:14:25.324+0300] {processor.py:183} INFO - Processing /media/data/omar/programming course/DEPI/DEPI project/anomx/venv/lib/python3.12/site-packages/airflow/example_dags/example_subdag_operator.py took 0.094 seconds
[2026-06-22T10:15:20.896+0300] {processor.py:161} INFO - Started process (PID=55044) to work on /media/data/omar/programming course/DEPI/DEPI project/anomx/venv/lib/python3.12/site-packages/airflow/example_dags/example_subdag_operator.py
[2026-06-22T10:15:20.897+0300] {processor.py:830} INFO - Processing file /media/data/omar/programming course/DEPI/DEPI project/anomx/venv/lib/python3.12/site-packages/airflow/example_dags/example_subdag_operator.py for tasks to queue
[2026-06-22T10:15:20.898+0300] {logging_mixin.py:188} INFO - [2026-06-22T10:15:20.898+0300] {dagbag.py:540} INFO - Filling up the DagBag from /media/data/omar/programming course/DEPI/DEPI project/anomx/venv/lib/python3.12/site-packages/airflow/example_dags/example_subdag_operator.py
[2026-06-22T10:15:20.920+0300] {processor.py:840} INFO - DAG(s) 'example_subdag_operator.section-1', 'example_subdag_operator.section-2', 'example_subdag_operator' retrieved from /media/data/omar/programming course/DEPI/DEPI project/anomx/venv/lib/python3.12/site-packages/airflow/example_dags/example_subdag_operator.py
[2026-06-22T10:15:20.933+0300] {logging_mixin.py:188} INFO - [2026-06-22T10:15:20.933+0300] {dag.py:3096} INFO - Sync 3 DAGs
[2026-06-22T10:15:20.946+0300] {logging_mixin.py:188} INFO - [2026-06-22T10:15:20.946+0300] {dag.py:3954} INFO - Setting next_dagrun for example_subdag_operator to 2022-01-01 00:00:00+00:00, run_after=2022-01-01 00:00:00+00:00
[2026-06-22T10:15:20.949+0300] {logging_mixin.py:188} INFO - [2026-06-22T10:15:20.948+0300] {dag.py:3954} INFO - Setting next_dagrun for example_subdag_operator.section-1 to None, run_after=None
[2026-06-22T10:15:20.950+0300] {logging_mixin.py:188} INFO - [2026-06-22T10:15:20.949+0300] {dag.py:3954} INFO - Setting next_dagrun for example_subdag_operator.section-2 to None, run_after=None
[2026-06-22T10:15:20.954+0300] {logging_mixin.py:188} INFO - [2026-06-22T10:15:20.954+0300] {dag.py:3096} INFO - Sync 2 DAGs
[2026-06-22T10:15:20.958+0300] {logging_mixin.py:188} INFO - [2026-06-22T10:15:20.958+0300] {dag.py:3954} INFO - Setting next_dagrun for example_subdag_operator.section-1 to None, run_after=None
[2026-06-22T10:15:20.959+0300] {logging_mixin.py:188} INFO - [2026-06-22T10:15:20.958+0300] {dag.py:3954} INFO - Setting next_dagrun for example_subdag_operator.section-2 to None, run_after=None
[2026-06-22T10:15:20.981+0300] {processor.py:183} INFO - Processing /media/data/omar/programming course/DEPI/DEPI project/anomx/venv/lib/python3.12/site-packages/airflow/example_dags/example_subdag_operator.py took 0.092 seconds
[2026-06-22T10:16:14.115+0300] {processor.py:161} INFO - Started process (PID=55125) to work on /media/data/omar/programming course/DEPI/DEPI project/anomx/venv/lib/python3.12/site-packages/airflow/example_dags/example_subdag_operator.py
[2026-06-22T10:16:14.116+0300] {processor.py:830} INFO - Processing file /media/data/omar/programming course/DEPI/DEPI project/anomx/venv/lib/python3.12/site-packages/airflow/example_dags/example_subdag_operator.py for tasks to queue
[2026-06-22T10:16:14.117+0300] {logging_mixin.py:188} INFO - [2026-06-22T10:16:14.117+0300] {dagbag.py:540} INFO - Filling up the DagBag from /media/data/omar/programming course/DEPI/DEPI project/anomx/venv/lib/python3.12/site-packages/airflow/example_dags/example_subdag_operator.py
[2026-06-22T10:16:14.138+0300] {processor.py:840} INFO - DAG(s) 'example_subdag_operator.section-1', 'example_subdag_operator.section-2', 'example_subdag_operator' retrieved from /media/data/omar/programming course/DEPI/DEPI project/anomx/venv/lib/python3.12/site-packages/airflow/example_dags/example_subdag_operator.py
[2026-06-22T10:16:14.151+0300] {logging_mixin.py:188} INFO - [2026-06-22T10:16:14.151+0300] {dag.py:3096} INFO - Sync 3 DAGs
[2026-06-22T10:16:14.165+0300] {logging_mixin.py:188} INFO - [2026-06-22T10:16:14.164+0300] {dag.py:3954} INFO - Setting next_dagrun for example_subdag_operator to 2022-01-01 00:00:00+00:00, run_after=2022-01-01 00:00:00+00:00
[2026-06-22T10:16:14.168+0300] {logging_mixin.py:188} INFO - [2026-06-22T10:16:14.167+0300] {dag.py:3954} INFO - Setting next_dagrun for example_subdag_operator.section-1 to None, run_after=None
[2026-06-22T10:16:14.169+0300] {logging_mixin.py:188} INFO - [2026-06-22T10:16:14.169+0300] {dag.py:3954} INFO - Setting next_dagrun for example_subdag_operator.section-2 to None, run_after=None
[2026-06-22T10:16:14.174+0300] {logging_mixin.py:188} INFO - [2026-06-22T10:16:14.174+0300] {dag.py:3096} INFO - Sync 2 DAGs
[2026-06-22T10:16:14.177+0300] {logging_mixin.py:188} INFO - [2026-06-22T10:16:14.177+0300] {dag.py:3954} INFO - Setting next_dagrun for example_subdag_operator.section-1 to None, run_after=None
[2026-06-22T10:16:14.178+0300] {logging_mixin.py:188} INFO - [2026-06-22T10:16:14.178+0300] {dag.py:3954} INFO - Setting next_dagrun for example_subdag_operator.section-2 to None, run_after=None
[2026-06-22T10:16:14.202+0300] {processor.py:183} INFO - Processing /media/data/omar/programming course/DEPI/DEPI project/anomx/venv/lib/python3.12/site-packages/airflow/example_dags/example_subdag_operator.py took 0.092 seconds
[2026-06-22T10:17:08.024+0300] {processor.py:161} INFO - Started process (PID=55208) to work on /media/data/omar/programming course/DEPI/DEPI project/anomx/venv/lib/python3.12/site-packages/airflow/example_dags/example_subdag_operator.py
[2026-06-22T10:17:08.026+0300] {processor.py:830} INFO - Processing file /media/data/omar/programming course/DEPI/DEPI project/anomx/venv/lib/python3.12/site-packages/airflow/example_dags/example_subdag_operator.py for tasks to queue
[2026-06-22T10:17:08.028+0300] {logging_mixin.py:188} INFO - [2026-06-22T10:17:08.027+0300] {dagbag.py:540} INFO - Filling up the DagBag from /media/data/omar/programming course/DEPI/DEPI project/anomx/venv/lib/python3.12/site-packages/airflow/example_dags/example_subdag_operator.py
[2026-06-22T10:17:08.051+0300] {processor.py:840} INFO - DAG(s) 'example_subdag_operator.section-1', 'example_subdag_operator.section-2', 'example_subdag_operator' retrieved from /media/data/omar/programming course/DEPI/DEPI project/anomx/venv/lib/python3.12/site-packages/airflow/example_dags/example_subdag_operator.py
[2026-06-22T10:17:08.063+0300] {logging_mixin.py:188} INFO - [2026-06-22T10:17:08.063+0300] {dag.py:3096} INFO - Sync 3 DAGs
[2026-06-22T10:17:08.076+0300] {logging_mixin.py:188} INFO - [2026-06-22T10:17:08.075+0300] {dag.py:3954} INFO - Setting next_dagrun for example_subdag_operator to 2022-01-01 00:00:00+00:00, run_after=2022-01-01 00:00:00+00:00
[2026-06-22T10:17:08.078+0300] {logging_mixin.py:188} INFO - [2026-06-22T10:17:08.078+0300] {dag.py:3954} INFO - Setting next_dagrun for example_subdag_operator.section-1 to None, run_after=None
[2026-06-22T10:17:08.079+0300] {logging_mixin.py:188} INFO - [2026-06-22T10:17:08.079+0300] {dag.py:3954} INFO - Setting next_dagrun for example_subdag_operator.section-2 to None, run_after=None
[2026-06-22T10:17:08.084+0300] {logging_mixin.py:188} INFO - [2026-06-22T10:17:08.084+0300] {dag.py:3096} INFO - Sync 2 DAGs
[2026-06-22T10:17:08.087+0300] {logging_mixin.py:188} INFO - [2026-06-22T10:17:08.087+0300] {dag.py:3954} INFO - Setting next_dagrun for example_subdag_operator.section-1 to None, run_after=None
[2026-06-22T10:17:08.087+0300] {logging_mixin.py:188} INFO - [2026-06-22T10:17:08.087+0300] {dag.py:3954} INFO - Setting next_dagrun for example_subdag_operator.section-2 to None, run_after=None
[2026-06-22T10:17:08.107+0300] {processor.py:183} INFO - Processing /media/data/omar/programming course/DEPI/DEPI project/anomx/venv/lib/python3.12/site-packages/airflow/example_dags/example_subdag_operator.py took 0.100 seconds
[2026-06-22T10:17:59.909+0300] {processor.py:161} INFO - Started process (PID=55282) to work on /media/data/omar/programming course/DEPI/DEPI project/anomx/venv/lib/python3.12/site-packages/airflow/example_dags/example_subdag_operator.py
[2026-06-22T10:17:59.909+0300] {processor.py:830} INFO - Processing file /media/data/omar/programming course/DEPI/DEPI project/anomx/venv/lib/python3.12/site-packages/airflow/example_dags/example_subdag_operator.py for tasks to queue
[2026-06-22T10:17:59.910+0300] {logging_mixin.py:188} INFO - [2026-06-22T10:17:59.910+0300] {dagbag.py:540} INFO - Filling up the DagBag from /media/data/omar/programming course/DEPI/DEPI project/anomx/venv/lib/python3.12/site-packages/airflow/example_dags/example_subdag_operator.py
[2026-06-22T10:17:59.930+0300] {processor.py:840} INFO - DAG(s) 'example_subdag_operator.section-1', 'example_subdag_operator.section-2', 'example_subdag_operator' retrieved from /media/data/omar/programming course/DEPI/DEPI project/anomx/venv/lib/python3.12/site-packages/airflow/example_dags/example_subdag_operator.py
[2026-06-22T10:17:59.942+0300] {logging_mixin.py:188} INFO - [2026-06-22T10:17:59.942+0300] {dag.py:3096} INFO - Sync 3 DAGs
[2026-06-22T10:17:59.955+0300] {logging_mixin.py:188} INFO - [2026-06-22T10:17:59.955+0300] {dag.py:3954} INFO - Setting next_dagrun for example_subdag_operator to 2022-01-01 00:00:00+00:00, run_after=2022-01-01 00:00:00+00:00
[2026-06-22T10:17:59.958+0300] {logging_mixin.py:188} INFO - [2026-06-22T10:17:59.957+0300] {dag.py:3954} INFO - Setting next_dagrun for example_subdag_operator.section-1 to None, run_after=None
[2026-06-22T10:17:59.959+0300] {logging_mixin.py:188} INFO - [2026-06-22T10:17:59.958+0300] {dag.py:3954} INFO - Setting next_dagrun for example_subdag_operator.section-2 to None, run_after=None
[2026-06-22T10:17:59.964+0300] {logging_mixin.py:188} INFO - [2026-06-22T10:17:59.963+0300] {dag.py:3096} INFO - Sync 2 DAGs
[2026-06-22T10:17:59.967+0300] {logging_mixin.py:188} INFO - [2026-06-22T10:17:59.966+0300] {dag.py:3954} INFO - Setting next_dagrun for example_subdag_operator.section-1 to None, run_after=None
[2026-06-22T10:17:59.967+0300] {logging_mixin.py:188} INFO - [2026-06-22T10:17:59.967+0300] {dag.py:3954} INFO - Setting next_dagrun for example_subdag_operator.section-2 to None, run_after=None
[2026-06-22T10:17:59.988+0300] {processor.py:183} INFO - Processing /media/data/omar/programming course/DEPI/DEPI project/anomx/venv/lib/python3.12/site-packages/airflow/example_dags/example_subdag_operator.py took 0.084 seconds
[2026-06-22T10:18:53.248+0300] {processor.py:161} INFO - Started process (PID=55363) to work on /media/data/omar/programming course/DEPI/DEPI project/anomx/venv/lib/python3.12/site-packages/airflow/example_dags/example_subdag_operator.py
[2026-06-22T10:18:53.249+0300] {processor.py:830} INFO - Processing file /media/data/omar/programming course/DEPI/DEPI project/anomx/venv/lib/python3.12/site-packages/airflow/example_dags/example_subdag_operator.py for tasks to queue
[2026-06-22T10:18:53.250+0300] {logging_mixin.py:188} INFO - [2026-06-22T10:18:53.250+0300] {dagbag.py:540} INFO - Filling up the DagBag from /media/data/omar/programming course/DEPI/DEPI project/anomx/venv/lib/python3.12/site-packages/airflow/example_dags/example_subdag_operator.py
[2026-06-22T10:18:53.271+0300] {processor.py:840} INFO - DAG(s) 'example_subdag_operator.section-1', 'example_subdag_operator.section-2', 'example_subdag_operator' retrieved from /media/data/omar/programming course/DEPI/DEPI project/anomx/venv/lib/python3.12/site-packages/airflow/example_dags/example_subdag_operator.py
[2026-06-22T10:18:53.284+0300] {logging_mixin.py:188} INFO - [2026-06-22T10:18:53.283+0300] {dag.py:3096} INFO - Sync 3 DAGs
[2026-06-22T10:18:53.296+0300] {logging_mixin.py:188} INFO - [2026-06-22T10:18:53.296+0300] {dag.py:3954} INFO - Setting next_dagrun for example_subdag_operator to 2022-01-01 00:00:00+00:00, run_after=2022-01-01 00:00:00+00:00
[2026-06-22T10:18:53.299+0300] {logging_mixin.py:188} INFO - [2026-06-22T10:18:53.298+0300] {dag.py:3954} INFO - Setting next_dagrun for example_subdag_operator.section-1 to None, run_after=None
[2026-06-22T10:18:53.300+0300] {logging_mixin.py:188} INFO - [2026-06-22T10:18:53.299+0300] {dag.py:3954} INFO - Setting next_dagrun for example_subdag_operator.section-2 to None, run_after=None
[2026-06-22T10:18:53.305+0300] {logging_mixin.py:188} INFO - [2026-06-22T10:18:53.304+0300] {dag.py:3096} INFO - Sync 2 DAGs
[2026-06-22T10:18:53.308+0300] {logging_mixin.py:188} INFO - [2026-06-22T10:18:53.307+0300] {dag.py:3954} INFO - Setting next_dagrun for example_subdag_operator.section-1 to None, run_after=None
[2026-06-22T10:18:53.308+0300] {logging_mixin.py:188} INFO - [2026-06-22T10:18:53.308+0300] {dag.py:3954} INFO - Setting next_dagrun for example_subdag_operator.section-2 to None, run_after=None
[2026-06-22T10:18:53.329+0300] {processor.py:183} INFO - Processing /media/data/omar/programming course/DEPI/DEPI project/anomx/venv/lib/python3.12/site-packages/airflow/example_dags/example_subdag_operator.py took 0.087 seconds
[2026-06-22T10:19:44.045+0300] {processor.py:161} INFO - Started process (PID=55449) to work on /media/data/omar/programming course/DEPI/DEPI project/anomx/venv/lib/python3.12/site-packages/airflow/example_dags/example_subdag_operator.py
[2026-06-22T10:19:44.046+0300] {processor.py:830} INFO - Processing file /media/data/omar/programming course/DEPI/DEPI project/anomx/venv/lib/python3.12/site-packages/airflow/example_dags/example_subdag_operator.py for tasks to queue
[2026-06-22T10:19:44.048+0300] {logging_mixin.py:188} INFO - [2026-06-22T10:19:44.047+0300] {dagbag.py:540} INFO - Filling up the DagBag from /media/data/omar/programming course/DEPI/DEPI project/anomx/venv/lib/python3.12/site-packages/airflow/example_dags/example_subdag_operator.py
[2026-06-22T10:19:44.076+0300] {processor.py:840} INFO - DAG(s) 'example_subdag_operator.section-1', 'example_subdag_operator.section-2', 'example_subdag_operator' retrieved from /media/data/omar/programming course/DEPI/DEPI project/anomx/venv/lib/python3.12/site-packages/airflow/example_dags/example_subdag_operator.py
[2026-06-22T10:19:44.089+0300] {logging_mixin.py:188} INFO - [2026-06-22T10:19:44.089+0300] {dag.py:3096} INFO - Sync 3 DAGs
[2026-06-22T10:19:44.101+0300] {logging_mixin.py:188} INFO - [2026-06-22T10:19:44.101+0300] {dag.py:3954} INFO - Setting next_dagrun for example_subdag_operator to 2022-01-01 00:00:00+00:00, run_after=2022-01-01 00:00:00+00:00
[2026-06-22T10:19:44.104+0300] {logging_mixin.py:188} INFO - [2026-06-22T10:19:44.103+0300] {dag.py:3954} INFO - Setting next_dagrun for example_subdag_operator.section-1 to None, run_after=None
[2026-06-22T10:19:44.105+0300] {logging_mixin.py:188} INFO - [2026-06-22T10:19:44.104+0300] {dag.py:3954} INFO - Setting next_dagrun for example_subdag_operator.section-2 to None, run_after=None
[2026-06-22T10:19:44.110+0300] {logging_mixin.py:188} INFO - [2026-06-22T10:19:44.110+0300] {dag.py:3096} INFO - Sync 2 DAGs
[2026-06-22T10:19:44.113+0300] {logging_mixin.py:188} INFO - [2026-06-22T10:19:44.113+0300] {dag.py:3954} INFO - Setting next_dagrun for example_subdag_operator.section-1 to None, run_after=None
[2026-06-22T10:19:44.114+0300] {logging_mixin.py:188} INFO - [2026-06-22T10:19:44.114+0300] {dag.py:3954} INFO - Setting next_dagrun for example_subdag_operator.section-2 to None, run_after=None
[2026-06-22T10:19:44.135+0300] {processor.py:183} INFO - Processing /media/data/omar/programming course/DEPI/DEPI project/anomx/venv/lib/python3.12/site-packages/airflow/example_dags/example_subdag_operator.py took 0.098 seconds
[2026-06-22T10:20:35.359+0300] {processor.py:161} INFO - Started process (PID=55544) to work on /media/data/omar/programming course/DEPI/DEPI project/anomx/venv/lib/python3.12/site-packages/airflow/example_dags/example_subdag_operator.py
[2026-06-22T10:20:35.362+0300] {processor.py:830} INFO - Processing file /media/data/omar/programming course/DEPI/DEPI project/anomx/venv/lib/python3.12/site-packages/airflow/example_dags/example_subdag_operator.py for tasks to queue
[2026-06-22T10:20:35.365+0300] {logging_mixin.py:188} INFO - [2026-06-22T10:20:35.363+0300] {dagbag.py:540} INFO - Filling up the DagBag from /media/data/omar/programming course/DEPI/DEPI project/anomx/venv/lib/python3.12/site-packages/airflow/example_dags/example_subdag_operator.py
[2026-06-22T10:20:35.397+0300] {processor.py:840} INFO - DAG(s) 'example_subdag_operator.section-1', 'example_subdag_operator.section-2', 'example_subdag_operator' retrieved from /media/data/omar/programming course/DEPI/DEPI project/anomx/venv/lib/python3.12/site-packages/airflow/example_dags/example_subdag_operator.py
[2026-06-22T10:20:35.409+0300] {logging_mixin.py:188} INFO - [2026-06-22T10:20:35.409+0300] {dag.py:3096} INFO - Sync 3 DAGs
[2026-06-22T10:20:35.422+0300] {logging_mixin.py:188} INFO - [2026-06-22T10:20:35.421+0300] {dag.py:3954} INFO - Setting next_dagrun for example_subdag_operator to 2022-01-01 00:00:00+00:00, run_after=2022-01-01 00:00:00+00:00
[2026-06-22T10:20:35.425+0300] {logging_mixin.py:188} INFO - [2026-06-22T10:20:35.425+0300] {dag.py:3954} INFO - Setting next_dagrun for example_subdag_operator.section-1 to None, run_after=None
[2026-06-22T10:20:35.426+0300] {logging_mixin.py:188} INFO - [2026-06-22T10:20:35.426+0300] {dag.py:3954} INFO - Setting next_dagrun for example_subdag_operator.section-2 to None, run_after=None
[2026-06-22T10:20:35.431+0300] {logging_mixin.py:188} INFO - [2026-06-22T10:20:35.431+0300] {dag.py:3096} INFO - Sync 2 DAGs
[2026-06-22T10:20:35.434+0300] {logging_mixin.py:188} INFO - [2026-06-22T10:20:35.434+0300] {dag.py:3954} INFO - Setting next_dagrun for example_subdag_operator.section-1 to None, run_after=None
[2026-06-22T10:20:35.435+0300] {logging_mixin.py:188} INFO - [2026-06-22T10:20:35.435+0300] {dag.py:3954} INFO - Setting next_dagrun for example_subdag_operator.section-2 to None, run_after=None
[2026-06-22T10:20:35.455+0300] {processor.py:183} INFO - Processing /media/data/omar/programming course/DEPI/DEPI project/anomx/venv/lib/python3.12/site-packages/airflow/example_dags/example_subdag_operator.py took 0.108 seconds
[2026-06-22T10:21:30.916+0300] {processor.py:161} INFO - Started process (PID=55633) to work on /media/data/omar/programming course/DEPI/DEPI project/anomx/venv/lib/python3.12/site-packages/airflow/example_dags/example_subdag_operator.py
[2026-06-22T10:21:30.917+0300] {processor.py:830} INFO - Processing file /media/data/omar/programming course/DEPI/DEPI project/anomx/venv/lib/python3.12/site-packages/airflow/example_dags/example_subdag_operator.py for tasks to queue
[2026-06-22T10:21:30.920+0300] {logging_mixin.py:188} INFO - [2026-06-22T10:21:30.919+0300] {dagbag.py:540} INFO - Filling up the DagBag from /media/data/omar/programming course/DEPI/DEPI project/anomx/venv/lib/python3.12/site-packages/airflow/example_dags/example_subdag_operator.py
[2026-06-22T10:21:30.950+0300] {processor.py:840} INFO - DAG(s) 'example_subdag_operator.section-1', 'example_subdag_operator.section-2', 'example_subdag_operator' retrieved from /media/data/omar/programming course/DEPI/DEPI project/anomx/venv/lib/python3.12/site-packages/airflow/example_dags/example_subdag_operator.py
[2026-06-22T10:21:30.963+0300] {logging_mixin.py:188} INFO - [2026-06-22T10:21:30.962+0300] {dag.py:3096} INFO - Sync 3 DAGs
[2026-06-22T10:21:30.975+0300] {logging_mixin.py:188} INFO - [2026-06-22T10:21:30.975+0300] {dag.py:3954} INFO - Setting next_dagrun for example_subdag_operator to 2022-01-01 00:00:00+00:00, run_after=2022-01-01 00:00:00+00:00
[2026-06-22T10:21:30.978+0300] {logging_mixin.py:188} INFO - [2026-06-22T10:21:30.977+0300] {dag.py:3954} INFO - Setting next_dagrun for example_subdag_operator.section-1 to None, run_after=None
[2026-06-22T10:21:30.979+0300] {logging_mixin.py:188} INFO - [2026-06-22T10:21:30.978+0300] {dag.py:3954} INFO - Setting next_dagrun for example_subdag_operator.section-2 to None, run_after=None
[2026-06-22T10:21:30.984+0300] {logging_mixin.py:188} INFO - [2026-06-22T10:21:30.984+0300] {dag.py:3096} INFO - Sync 2 DAGs
[2026-06-22T10:21:30.987+0300] {logging_mixin.py:188} INFO - [2026-06-22T10:21:30.987+0300] {dag.py:3954} INFO - Setting next_dagrun for example_subdag_operator.section-1 to None, run_after=None
[2026-06-22T10:21:30.987+0300] {logging_mixin.py:188} INFO - [2026-06-22T10:21:30.987+0300] {dag.py:3954} INFO - Setting next_dagrun for example_subdag_operator.section-2 to None, run_after=None
[2026-06-22T10:21:31.008+0300] {processor.py:183} INFO - Processing /media/data/omar/programming course/DEPI/DEPI project/anomx/venv/lib/python3.12/site-packages/airflow/example_dags/example_subdag_operator.py took 0.102 seconds
[2026-06-22T10:22:25.076+0300] {processor.py:161} INFO - Started process (PID=55715) to work on /media/data/omar/programming course/DEPI/DEPI project/anomx/venv/lib/python3.12/site-packages/airflow/example_dags/example_subdag_operator.py
[2026-06-22T10:22:25.078+0300] {processor.py:830} INFO - Processing file /media/data/omar/programming course/DEPI/DEPI project/anomx/venv/lib/python3.12/site-packages/airflow/example_dags/example_subdag_operator.py for tasks to queue
[2026-06-22T10:22:25.081+0300] {logging_mixin.py:188} INFO - [2026-06-22T10:22:25.079+0300] {dagbag.py:540} INFO - Filling up the DagBag from /media/data/omar/programming course/DEPI/DEPI project/anomx/venv/lib/python3.12/site-packages/airflow/example_dags/example_subdag_operator.py
[2026-06-22T10:22:25.107+0300] {processor.py:840} INFO - DAG(s) 'example_subdag_operator.section-1', 'example_subdag_operator.section-2', 'example_subdag_operator' retrieved from /media/data/omar/programming course/DEPI/DEPI project/anomx/venv/lib/python3.12/site-packages/airflow/example_dags/example_subdag_operator.py
[2026-06-22T10:22:25.122+0300] {logging_mixin.py:188} INFO - [2026-06-22T10:22:25.122+0300] {dag.py:3096} INFO - Sync 3 DAGs
[2026-06-22T10:22:25.135+0300] {logging_mixin.py:188} INFO - [2026-06-22T10:22:25.135+0300] {dag.py:3954} INFO - Setting next_dagrun for example_subdag_operator to 2022-01-01 00:00:00+00:00, run_after=2022-01-01 00:00:00+00:00
[2026-06-22T10:22:25.138+0300] {logging_mixin.py:188} INFO - [2026-06-22T10:22:25.138+0300] {dag.py:3954} INFO - Setting next_dagrun for example_subdag_operator.section-1 to None, run_after=None
[2026-06-22T10:22:25.139+0300] {logging_mixin.py:188} INFO - [2026-06-22T10:22:25.139+0300] {dag.py:3954} INFO - Setting next_dagrun for example_subdag_operator.section-2 to None, run_after=None
[2026-06-22T10:22:25.144+0300] {logging_mixin.py:188} INFO - [2026-06-22T10:22:25.143+0300] {dag.py:3096} INFO - Sync 2 DAGs
[2026-06-22T10:22:25.147+0300] {logging_mixin.py:188} INFO - [2026-06-22T10:22:25.147+0300] {dag.py:3954} INFO - Setting next_dagrun for example_subdag_operator.section-1 to None, run_after=None
[2026-06-22T10:22:25.147+0300] {logging_mixin.py:188} INFO - [2026-06-22T10:22:25.147+0300] {dag.py:3954} INFO - Setting next_dagrun for example_subdag_operator.section-2 to None, run_after=None
[2026-06-22T10:22:25.167+0300] {processor.py:183} INFO - Processing /media/data/omar/programming course/DEPI/DEPI project/anomx/venv/lib/python3.12/site-packages/airflow/example_dags/example_subdag_operator.py took 0.110 seconds
[2026-06-22T10:23:17.434+0300] {processor.py:161} INFO - Started process (PID=55803) to work on /media/data/omar/programming course/DEPI/DEPI project/anomx/venv/lib/python3.12/site-packages/airflow/example_dags/example_subdag_operator.py
[2026-06-22T10:23:17.435+0300] {processor.py:830} INFO - Processing file /media/data/omar/programming course/DEPI/DEPI project/anomx/venv/lib/python3.12/site-packages/airflow/example_dags/example_subdag_operator.py for tasks to queue
[2026-06-22T10:23:17.436+0300] {logging_mixin.py:188} INFO - [2026-06-22T10:23:17.436+0300] {dagbag.py:540} INFO - Filling up the DagBag from /media/data/omar/programming course/DEPI/DEPI project/anomx/venv/lib/python3.12/site-packages/airflow/example_dags/example_subdag_operator.py
[2026-06-22T10:23:17.457+0300] {processor.py:840} INFO - DAG(s) 'example_subdag_operator.section-1', 'example_subdag_operator.section-2', 'example_subdag_operator' retrieved from /media/data/omar/programming course/DEPI/DEPI project/anomx/venv/lib/python3.12/site-packages/airflow/example_dags/example_subdag_operator.py
[2026-06-22T10:23:17.469+0300] {logging_mixin.py:188} INFO - [2026-06-22T10:23:17.469+0300] {dag.py:3096} INFO - Sync 3 DAGs
[2026-06-22T10:23:17.482+0300] {logging_mixin.py:188} INFO - [2026-06-22T10:23:17.482+0300] {dag.py:3954} INFO - Setting next_dagrun for example_subdag_operator to 2022-01-01 00:00:00+00:00, run_after=2022-01-01 00:00:00+00:00
[2026-06-22T10:23:17.485+0300] {logging_mixin.py:188} INFO - [2026-06-22T10:23:17.484+0300] {dag.py:3954} INFO - Setting next_dagrun for example_subdag_operator.section-1 to None, run_after=None
[2026-06-22T10:23:17.486+0300] {logging_mixin.py:188} INFO - [2026-06-22T10:23:17.485+0300] {dag.py:3954} INFO - Setting next_dagrun for example_subdag_operator.section-2 to None, run_after=None
[2026-06-22T10:23:17.491+0300] {logging_mixin.py:188} INFO - [2026-06-22T10:23:17.490+0300] {dag.py:3096} INFO - Sync 2 DAGs
[2026-06-22T10:23:17.494+0300] {logging_mixin.py:188} INFO - [2026-06-22T10:23:17.494+0300] {dag.py:3954} INFO - Setting next_dagrun for example_subdag_operator.section-1 to None, run_after=None
[2026-06-22T10:23:17.494+0300] {logging_mixin.py:188} INFO - [2026-06-22T10:23:17.494+0300] {dag.py:3954} INFO - Setting next_dagrun for example_subdag_operator.section-2 to None, run_after=None
[2026-06-22T10:23:17.515+0300] {processor.py:183} INFO - Processing /media/data/omar/programming course/DEPI/DEPI project/anomx/venv/lib/python3.12/site-packages/airflow/example_dags/example_subdag_operator.py took 0.089 seconds
[2026-06-22T10:24:09.950+0300] {processor.py:161} INFO - Started process (PID=55879) to work on /media/data/omar/programming course/DEPI/DEPI project/anomx/venv/lib/python3.12/site-packages/airflow/example_dags/example_subdag_operator.py
[2026-06-22T10:24:09.951+0300] {processor.py:830} INFO - Processing file /media/data/omar/programming course/DEPI/DEPI project/anomx/venv/lib/python3.12/site-packages/airflow/example_dags/example_subdag_operator.py for tasks to queue
[2026-06-22T10:24:09.952+0300] {logging_mixin.py:188} INFO - [2026-06-22T10:24:09.952+0300] {dagbag.py:540} INFO - Filling up the DagBag from /media/data/omar/programming course/DEPI/DEPI project/anomx/venv/lib/python3.12/site-packages/airflow/example_dags/example_subdag_operator.py
[2026-06-22T10:24:09.972+0300] {processor.py:840} INFO - DAG(s) 'example_subdag_operator.section-1', 'example_subdag_operator.section-2', 'example_subdag_operator' retrieved from /media/data/omar/programming course/DEPI/DEPI project/anomx/venv/lib/python3.12/site-packages/airflow/example_dags/example_subdag_operator.py
[2026-06-22T10:24:09.984+0300] {logging_mixin.py:188} INFO - [2026-06-22T10:24:09.984+0300] {dag.py:3096} INFO - Sync 3 DAGs
[2026-06-22T10:24:09.997+0300] {logging_mixin.py:188} INFO - [2026-06-22T10:24:09.996+0300] {dag.py:3954} INFO - Setting next_dagrun for example_subdag_operator to 2022-01-01 00:00:00+00:00, run_after=2022-01-01 00:00:00+00:00
[2026-06-22T10:24:09.999+0300] {logging_mixin.py:188} INFO - [2026-06-22T10:24:09.999+0300] {dag.py:3954} INFO - Setting next_dagrun for example_subdag_operator.section-1 to None, run_after=None
[2026-06-22T10:24:10.000+0300] {logging_mixin.py:188} INFO - [2026-06-22T10:24:10.000+0300] {dag.py:3954} INFO - Setting next_dagrun for example_subdag_operator.section-2 to None, run_after=None
[2026-06-22T10:24:10.005+0300] {logging_mixin.py:188} INFO - [2026-06-22T10:24:10.005+0300] {dag.py:3096} INFO - Sync 2 DAGs
[2026-06-22T10:24:10.008+0300] {logging_mixin.py:188} INFO - [2026-06-22T10:24:10.008+0300] {dag.py:3954} INFO - Setting next_dagrun for example_subdag_operator.section-1 to None, run_after=None
[2026-06-22T10:24:10.009+0300] {logging_mixin.py:188} INFO - [2026-06-22T10:24:10.008+0300] {dag.py:3954} INFO - Setting next_dagrun for example_subdag_operator.section-2 to None, run_after=None
[2026-06-22T10:24:10.028+0300] {processor.py:183} INFO - Processing /media/data/omar/programming course/DEPI/DEPI project/anomx/venv/lib/python3.12/site-packages/airflow/example_dags/example_subdag_operator.py took 0.085 seconds
[2026-06-22T10:25:04.536+0300] {processor.py:161} INFO - Started process (PID=55962) to work on /media/data/omar/programming course/DEPI/DEPI project/anomx/venv/lib/python3.12/site-packages/airflow/example_dags/example_subdag_operator.py
[2026-06-22T10:25:04.538+0300] {processor.py:830} INFO - Processing file /media/data/omar/programming course/DEPI/DEPI project/anomx/venv/lib/python3.12/site-packages/airflow/example_dags/example_subdag_operator.py for tasks to queue
[2026-06-22T10:25:04.540+0300] {logging_mixin.py:188} INFO - [2026-06-22T10:25:04.539+0300] {dagbag.py:540} INFO - Filling up the DagBag from /media/data/omar/programming course/DEPI/DEPI project/anomx/venv/lib/python3.12/site-packages/airflow/example_dags/example_subdag_operator.py
[2026-06-22T10:25:04.568+0300] {processor.py:840} INFO - DAG(s) 'example_subdag_operator.section-1', 'example_subdag_operator.section-2', 'example_subdag_operator' retrieved from /media/data/omar/programming course/DEPI/DEPI project/anomx/venv/lib/python3.12/site-packages/airflow/example_dags/example_subdag_operator.py
[2026-06-22T10:25:04.581+0300] {logging_mixin.py:188} INFO - [2026-06-22T10:25:04.580+0300] {dag.py:3096} INFO - Sync 3 DAGs
[2026-06-22T10:25:04.594+0300] {logging_mixin.py:188} INFO - [2026-06-22T10:25:04.593+0300] {dag.py:3954} INFO - Setting next_dagrun for example_subdag_operator to 2022-01-01 00:00:00+00:00, run_after=2022-01-01 00:00:00+00:00
[2026-06-22T10:25:04.596+0300] {logging_mixin.py:188} INFO - [2026-06-22T10:25:04.596+0300] {dag.py:3954} INFO - Setting next_dagrun for example_subdag_operator.section-1 to None, run_after=None
[2026-06-22T10:25:04.597+0300] {logging_mixin.py:188} INFO - [2026-06-22T10:25:04.597+0300] {dag.py:3954} INFO - Setting next_dagrun for example_subdag_operator.section-2 to None, run_after=None
[2026-06-22T10:25:04.602+0300] {logging_mixin.py:188} INFO - [2026-06-22T10:25:04.602+0300] {dag.py:3096} INFO - Sync 2 DAGs
[2026-06-22T10:25:04.605+0300] {logging_mixin.py:188} INFO - [2026-06-22T10:25:04.605+0300] {dag.py:3954} INFO - Setting next_dagrun for example_subdag_operator.section-1 to None, run_after=None
[2026-06-22T10:25:04.606+0300] {logging_mixin.py:188} INFO - [2026-06-22T10:25:04.605+0300] {dag.py:3954} INFO - Setting next_dagrun for example_subdag_operator.section-2 to None, run_after=None
[2026-06-22T10:25:04.628+0300] {processor.py:183} INFO - Processing /media/data/omar/programming course/DEPI/DEPI project/anomx/venv/lib/python3.12/site-packages/airflow/example_dags/example_subdag_operator.py took 0.102 seconds
[2026-06-22T10:26:01.578+0300] {processor.py:161} INFO - Started process (PID=56052) to work on /media/data/omar/programming course/DEPI/DEPI project/anomx/venv/lib/python3.12/site-packages/airflow/example_dags/example_subdag_operator.py
[2026-06-22T10:26:01.581+0300] {processor.py:830} INFO - Processing file /media/data/omar/programming course/DEPI/DEPI project/anomx/venv/lib/python3.12/site-packages/airflow/example_dags/example_subdag_operator.py for tasks to queue
[2026-06-22T10:26:01.587+0300] {logging_mixin.py:188} INFO - [2026-06-22T10:26:01.585+0300] {dagbag.py:540} INFO - Filling up the DagBag from /media/data/omar/programming course/DEPI/DEPI project/anomx/venv/lib/python3.12/site-packages/airflow/example_dags/example_subdag_operator.py
[2026-06-22T10:26:01.627+0300] {processor.py:840} INFO - DAG(s) 'example_subdag_operator.section-1', 'example_subdag_operator.section-2', 'example_subdag_operator' retrieved from /media/data/omar/programming course/DEPI/DEPI project/anomx/venv/lib/python3.12/site-packages/airflow/example_dags/example_subdag_operator.py
[2026-06-22T10:26:01.643+0300] {logging_mixin.py:188} INFO - [2026-06-22T10:26:01.642+0300] {dag.py:3096} INFO - Sync 3 DAGs
[2026-06-22T10:26:01.655+0300] {logging_mixin.py:188} INFO - [2026-06-22T10:26:01.655+0300] {dag.py:3954} INFO - Setting next_dagrun for example_subdag_operator to 2022-01-01 00:00:00+00:00, run_after=2022-01-01 00:00:00+00:00
[2026-06-22T10:26:01.657+0300] {logging_mixin.py:188} INFO - [2026-06-22T10:26:01.657+0300] {dag.py:3954} INFO - Setting next_dagrun for example_subdag_operator.section-1 to None, run_after=None
[2026-06-22T10:26:01.658+0300] {logging_mixin.py:188} INFO - [2026-06-22T10:26:01.658+0300] {dag.py:3954} INFO - Setting next_dagrun for example_subdag_operator.section-2 to None, run_after=None
[2026-06-22T10:26:01.663+0300] {logging_mixin.py:188} INFO - [2026-06-22T10:26:01.663+0300] {dag.py:3096} INFO - Sync 2 DAGs
[2026-06-22T10:26:01.666+0300] {logging_mixin.py:188} INFO - [2026-06-22T10:26:01.666+0300] {dag.py:3954} INFO - Setting next_dagrun for example_subdag_operator.section-1 to None, run_after=None
[2026-06-22T10:26:01.667+0300] {logging_mixin.py:188} INFO - [2026-06-22T10:26:01.667+0300] {dag.py:3954} INFO - Setting next_dagrun for example_subdag_operator.section-2 to None, run_after=None
[2026-06-22T10:26:01.687+0300] {processor.py:183} INFO - Processing /media/data/omar/programming course/DEPI/DEPI project/anomx/venv/lib/python3.12/site-packages/airflow/example_dags/example_subdag_operator.py took 0.128 seconds
[2026-06-22T10:26:53.244+0300] {processor.py:161} INFO - Started process (PID=56134) to work on /media/data/omar/programming course/DEPI/DEPI project/anomx/venv/lib/python3.12/site-packages/airflow/example_dags/example_subdag_operator.py
[2026-06-22T10:26:53.245+0300] {processor.py:830} INFO - Processing file /media/data/omar/programming course/DEPI/DEPI project/anomx/venv/lib/python3.12/site-packages/airflow/example_dags/example_subdag_operator.py for tasks to queue
[2026-06-22T10:26:53.246+0300] {logging_mixin.py:188} INFO - [2026-06-22T10:26:53.245+0300] {dagbag.py:540} INFO - Filling up the DagBag from /media/data/omar/programming course/DEPI/DEPI project/anomx/venv/lib/python3.12/site-packages/airflow/example_dags/example_subdag_operator.py
[2026-06-22T10:26:53.264+0300] {processor.py:840} INFO - DAG(s) 'example_subdag_operator.section-1', 'example_subdag_operator.section-2', 'example_subdag_operator' retrieved from /media/data/omar/programming course/DEPI/DEPI project/anomx/venv/lib/python3.12/site-packages/airflow/example_dags/example_subdag_operator.py
[2026-06-22T10:26:53.276+0300] {logging_mixin.py:188} INFO - [2026-06-22T10:26:53.276+0300] {dag.py:3096} INFO - Sync 3 DAGs
[2026-06-22T10:26:53.289+0300] {logging_mixin.py:188} INFO - [2026-06-22T10:26:53.289+0300] {dag.py:3954} INFO - Setting next_dagrun for example_subdag_operator to 2022-01-01 00:00:00+00:00, run_after=2022-01-01 00:00:00+00:00
[2026-06-22T10:26:53.292+0300] {logging_mixin.py:188} INFO - [2026-06-22T10:26:53.291+0300] {dag.py:3954} INFO - Setting next_dagrun for example_subdag_operator.section-1 to None, run_after=None
[2026-06-22T10:26:53.293+0300] {logging_mixin.py:188} INFO - [2026-06-22T10:26:53.293+0300] {dag.py:3954} INFO - Setting next_dagrun for example_subdag_operator.section-2 to None, run_after=None
[2026-06-22T10:26:53.298+0300] {logging_mixin.py:188} INFO - [2026-06-22T10:26:53.298+0300] {dag.py:3096} INFO - Sync 2 DAGs
[2026-06-22T10:26:53.301+0300] {logging_mixin.py:188} INFO - [2026-06-22T10:26:53.301+0300] {dag.py:3954} INFO - Setting next_dagrun for example_subdag_operator.section-1 to None, run_after=None
[2026-06-22T10:26:53.302+0300] {logging_mixin.py:188} INFO - [2026-06-22T10:26:53.301+0300] {dag.py:3954} INFO - Setting next_dagrun for example_subdag_operator.section-2 to None, run_after=None
[2026-06-22T10:26:53.322+0300] {processor.py:183} INFO - Processing /media/data/omar/programming course/DEPI/DEPI project/anomx/venv/lib/python3.12/site-packages/airflow/example_dags/example_subdag_operator.py took 0.083 seconds
[2026-06-22T10:27:43.034+0300] {processor.py:161} INFO - Started process (PID=56210) to work on /media/data/omar/programming course/DEPI/DEPI project/anomx/venv/lib/python3.12/site-packages/airflow/example_dags/example_subdag_operator.py
[2026-06-22T10:27:43.035+0300] {processor.py:830} INFO - Processing file /media/data/omar/programming course/DEPI/DEPI project/anomx/venv/lib/python3.12/site-packages/airflow/example_dags/example_subdag_operator.py for tasks to queue
[2026-06-22T10:27:43.036+0300] {logging_mixin.py:188} INFO - [2026-06-22T10:27:43.036+0300] {dagbag.py:540} INFO - Filling up the DagBag from /media/data/omar/programming course/DEPI/DEPI project/anomx/venv/lib/python3.12/site-packages/airflow/example_dags/example_subdag_operator.py
[2026-06-22T10:27:43.064+0300] {processor.py:840} INFO - DAG(s) 'example_subdag_operator.section-1', 'example_subdag_operator.section-2', 'example_subdag_operator' retrieved from /media/data/omar/programming course/DEPI/DEPI project/anomx/venv/lib/python3.12/site-packages/airflow/example_dags/example_subdag_operator.py
[2026-06-22T10:27:43.077+0300] {logging_mixin.py:188} INFO - [2026-06-22T10:27:43.077+0300] {dag.py:3096} INFO - Sync 3 DAGs
[2026-06-22T10:27:43.090+0300] {logging_mixin.py:188} INFO - [2026-06-22T10:27:43.090+0300] {dag.py:3954} INFO - Setting next_dagrun for example_subdag_operator to 2022-01-01 00:00:00+00:00, run_after=2022-01-01 00:00:00+00:00
[2026-06-22T10:27:43.093+0300] {logging_mixin.py:188} INFO - [2026-06-22T10:27:43.092+0300] {dag.py:3954} INFO - Setting next_dagrun for example_subdag_operator.section-1 to None, run_after=None
[2026-06-22T10:27:43.094+0300] {logging_mixin.py:188} INFO - [2026-06-22T10:27:43.094+0300] {dag.py:3954} INFO - Setting next_dagrun for example_subdag_operator.section-2 to None, run_after=None
[2026-06-22T10:27:43.099+0300] {logging_mixin.py:188} INFO - [2026-06-22T10:27:43.098+0300] {dag.py:3096} INFO - Sync 2 DAGs
[2026-06-22T10:27:43.102+0300] {logging_mixin.py:188} INFO - [2026-06-22T10:27:43.101+0300] {dag.py:3954} INFO - Setting next_dagrun for example_subdag_operator.section-1 to None, run_after=None
[2026-06-22T10:27:43.102+0300] {logging_mixin.py:188} INFO - [2026-06-22T10:27:43.102+0300] {dag.py:3954} INFO - Setting next_dagrun for example_subdag_operator.section-2 to None, run_after=None
[2026-06-22T10:27:43.124+0300] {processor.py:183} INFO - Processing /media/data/omar/programming course/DEPI/DEPI project/anomx/venv/lib/python3.12/site-packages/airflow/example_dags/example_subdag_operator.py took 0.098 seconds
[2026-06-22T10:28:34.893+0300] {processor.py:161} INFO - Started process (PID=56299) to work on /media/data/omar/programming course/DEPI/DEPI project/anomx/venv/lib/python3.12/site-packages/airflow/example_dags/example_subdag_operator.py
[2026-06-22T10:28:34.894+0300] {processor.py:830} INFO - Processing file /media/data/omar/programming course/DEPI/DEPI project/anomx/venv/lib/python3.12/site-packages/airflow/example_dags/example_subdag_operator.py for tasks to queue
[2026-06-22T10:28:34.896+0300] {logging_mixin.py:188} INFO - [2026-06-22T10:28:34.895+0300] {dagbag.py:540} INFO - Filling up the DagBag from /media/data/omar/programming course/DEPI/DEPI project/anomx/venv/lib/python3.12/site-packages/airflow/example_dags/example_subdag_operator.py
[2026-06-22T10:28:34.930+0300] {processor.py:840} INFO - DAG(s) 'example_subdag_operator.section-1', 'example_subdag_operator.section-2', 'example_subdag_operator' retrieved from /media/data/omar/programming course/DEPI/DEPI project/anomx/venv/lib/python3.12/site-packages/airflow/example_dags/example_subdag_operator.py
[2026-06-22T10:28:34.944+0300] {logging_mixin.py:188} INFO - [2026-06-22T10:28:34.944+0300] {dag.py:3096} INFO - Sync 3 DAGs
[2026-06-22T10:28:34.958+0300] {logging_mixin.py:188} INFO - [2026-06-22T10:28:34.957+0300] {dag.py:3954} INFO - Setting next_dagrun for example_subdag_operator to 2022-01-01 00:00:00+00:00, run_after=2022-01-01 00:00:00+00:00
[2026-06-22T10:28:34.960+0300] {logging_mixin.py:188} INFO - [2026-06-22T10:28:34.960+0300] {dag.py:3954} INFO - Setting next_dagrun for example_subdag_operator.section-1 to None, run_after=None
[2026-06-22T10:28:34.962+0300] {logging_mixin.py:188} INFO - [2026-06-22T10:28:34.961+0300] {dag.py:3954} INFO - Setting next_dagrun for example_subdag_operator.section-2 to None, run_after=None
[2026-06-22T10:28:34.967+0300] {logging_mixin.py:188} INFO - [2026-06-22T10:28:34.966+0300] {dag.py:3096} INFO - Sync 2 DAGs
[2026-06-22T10:28:34.970+0300] {logging_mixin.py:188} INFO - [2026-06-22T10:28:34.969+0300] {dag.py:3954} INFO - Setting next_dagrun for example_subdag_operator.section-1 to None, run_after=None
[2026-06-22T10:28:34.970+0300] {logging_mixin.py:188} INFO - [2026-06-22T10:28:34.970+0300] {dag.py:3954} INFO - Setting next_dagrun for example_subdag_operator.section-2 to None, run_after=None
[2026-06-22T10:28:34.991+0300] {processor.py:183} INFO - Processing /media/data/omar/programming course/DEPI/DEPI project/anomx/venv/lib/python3.12/site-packages/airflow/example_dags/example_subdag_operator.py took 0.107 seconds
[2026-06-22T10:29:26.910+0300] {processor.py:161} INFO - Started process (PID=56375) to work on /media/data/omar/programming course/DEPI/DEPI project/anomx/venv/lib/python3.12/site-packages/airflow/example_dags/example_subdag_operator.py
[2026-06-22T10:29:26.911+0300] {processor.py:830} INFO - Processing file /media/data/omar/programming course/DEPI/DEPI project/anomx/venv/lib/python3.12/site-packages/airflow/example_dags/example_subdag_operator.py for tasks to queue
[2026-06-22T10:29:26.912+0300] {logging_mixin.py:188} INFO - [2026-06-22T10:29:26.912+0300] {dagbag.py:540} INFO - Filling up the DagBag from /media/data/omar/programming course/DEPI/DEPI project/anomx/venv/lib/python3.12/site-packages/airflow/example_dags/example_subdag_operator.py
[2026-06-22T10:29:26.931+0300] {processor.py:840} INFO - DAG(s) 'example_subdag_operator.section-1', 'example_subdag_operator.section-2', 'example_subdag_operator' retrieved from /media/data/omar/programming course/DEPI/DEPI project/anomx/venv/lib/python3.12/site-packages/airflow/example_dags/example_subdag_operator.py
[2026-06-22T10:29:26.943+0300] {logging_mixin.py:188} INFO - [2026-06-22T10:29:26.943+0300] {dag.py:3096} INFO - Sync 3 DAGs
[2026-06-22T10:29:26.955+0300] {logging_mixin.py:188} INFO - [2026-06-22T10:29:26.955+0300] {dag.py:3954} INFO - Setting next_dagrun for example_subdag_operator to 2022-01-01 00:00:00+00:00, run_after=2022-01-01 00:00:00+00:00
[2026-06-22T10:29:26.957+0300] {logging_mixin.py:188} INFO - [2026-06-22T10:29:26.957+0300] {dag.py:3954} INFO - Setting next_dagrun for example_subdag_operator.section-1 to None, run_after=None
[2026-06-22T10:29:26.958+0300] {logging_mixin.py:188} INFO - [2026-06-22T10:29:26.958+0300] {dag.py:3954} INFO - Setting next_dagrun for example_subdag_operator.section-2 to None, run_after=None
[2026-06-22T10:29:26.963+0300] {logging_mixin.py:188} INFO - [2026-06-22T10:29:26.963+0300] {dag.py:3096} INFO - Sync 2 DAGs
[2026-06-22T10:29:26.966+0300] {logging_mixin.py:188} INFO - [2026-06-22T10:29:26.966+0300] {dag.py:3954} INFO - Setting next_dagrun for example_subdag_operator.section-1 to None, run_after=None
[2026-06-22T10:29:26.967+0300] {logging_mixin.py:188} INFO - [2026-06-22T10:29:26.966+0300] {dag.py:3954} INFO - Setting next_dagrun for example_subdag_operator.section-2 to None, run_after=None
[2026-06-22T10:29:26.987+0300] {processor.py:183} INFO - Processing /media/data/omar/programming course/DEPI/DEPI project/anomx/venv/lib/python3.12/site-packages/airflow/example_dags/example_subdag_operator.py took 0.082 seconds
[2026-06-22T10:30:20.475+0300] {processor.py:161} INFO - Started process (PID=56469) to work on /media/data/omar/programming course/DEPI/DEPI project/anomx/venv/lib/python3.12/site-packages/airflow/example_dags/example_subdag_operator.py
[2026-06-22T10:30:20.477+0300] {processor.py:830} INFO - Processing file /media/data/omar/programming course/DEPI/DEPI project/anomx/venv/lib/python3.12/site-packages/airflow/example_dags/example_subdag_operator.py for tasks to queue
[2026-06-22T10:30:20.479+0300] {logging_mixin.py:188} INFO - [2026-06-22T10:30:20.478+0300] {dagbag.py:540} INFO - Filling up the DagBag from /media/data/omar/programming course/DEPI/DEPI project/anomx/venv/lib/python3.12/site-packages/airflow/example_dags/example_subdag_operator.py
[2026-06-22T10:30:20.503+0300] {processor.py:840} INFO - DAG(s) 'example_subdag_operator.section-1', 'example_subdag_operator.section-2', 'example_subdag_operator' retrieved from /media/data/omar/programming course/DEPI/DEPI project/anomx/venv/lib/python3.12/site-packages/airflow/example_dags/example_subdag_operator.py
[2026-06-22T10:30:20.517+0300] {logging_mixin.py:188} INFO - [2026-06-22T10:30:20.516+0300] {dag.py:3096} INFO - Sync 3 DAGs
[2026-06-22T10:30:20.530+0300] {logging_mixin.py:188} INFO - [2026-06-22T10:30:20.530+0300] {dag.py:3954} INFO - Setting next_dagrun for example_subdag_operator to 2022-01-01 00:00:00+00:00, run_after=2022-01-01 00:00:00+00:00
[2026-06-22T10:30:20.533+0300] {logging_mixin.py:188} INFO - [2026-06-22T10:30:20.533+0300] {dag.py:3954} INFO - Setting next_dagrun for example_subdag_operator.section-1 to None, run_after=None
[2026-06-22T10:30:20.535+0300] {logging_mixin.py:188} INFO - [2026-06-22T10:30:20.534+0300] {dag.py:3954} INFO - Setting next_dagrun for example_subdag_operator.section-2 to None, run_after=None
[2026-06-22T10:30:20.541+0300] {logging_mixin.py:188} INFO - [2026-06-22T10:30:20.540+0300] {dag.py:3096} INFO - Sync 2 DAGs
[2026-06-22T10:30:20.544+0300] {logging_mixin.py:188} INFO - [2026-06-22T10:30:20.543+0300] {dag.py:3954} INFO - Setting next_dagrun for example_subdag_operator.section-1 to None, run_after=None
[2026-06-22T10:30:20.544+0300] {logging_mixin.py:188} INFO - [2026-06-22T10:30:20.544+0300] {dag.py:3954} INFO - Setting next_dagrun for example_subdag_operator.section-2 to None, run_after=None
[2026-06-22T10:30:20.568+0300] {processor.py:183} INFO - Processing /media/data/omar/programming course/DEPI/DEPI project/anomx/venv/lib/python3.12/site-packages/airflow/example_dags/example_subdag_operator.py took 0.110 seconds
[2026-06-22T10:31:16.797+0300] {processor.py:161} INFO - Started process (PID=56550) to work on /media/data/omar/programming course/DEPI/DEPI project/anomx/venv/lib/python3.12/site-packages/airflow/example_dags/example_subdag_operator.py
[2026-06-22T10:31:16.799+0300] {processor.py:830} INFO - Processing file /media/data/omar/programming course/DEPI/DEPI project/anomx/venv/lib/python3.12/site-packages/airflow/example_dags/example_subdag_operator.py for tasks to queue
[2026-06-22T10:31:16.801+0300] {logging_mixin.py:188} INFO - [2026-06-22T10:31:16.800+0300] {dagbag.py:540} INFO - Filling up the DagBag from /media/data/omar/programming course/DEPI/DEPI project/anomx/venv/lib/python3.12/site-packages/airflow/example_dags/example_subdag_operator.py
[2026-06-22T10:31:16.834+0300] {processor.py:840} INFO - DAG(s) 'example_subdag_operator.section-1', 'example_subdag_operator.section-2', 'example_subdag_operator' retrieved from /media/data/omar/programming course/DEPI/DEPI project/anomx/venv/lib/python3.12/site-packages/airflow/example_dags/example_subdag_operator.py
[2026-06-22T10:31:16.846+0300] {logging_mixin.py:188} INFO - [2026-06-22T10:31:16.846+0300] {dag.py:3096} INFO - Sync 3 DAGs
[2026-06-22T10:31:16.859+0300] {logging_mixin.py:188} INFO - [2026-06-22T10:31:16.858+0300] {dag.py:3954} INFO - Setting next_dagrun for example_subdag_operator to 2022-01-01 00:00:00+00:00, run_after=2022-01-01 00:00:00+00:00
[2026-06-22T10:31:16.861+0300] {logging_mixin.py:188} INFO - [2026-06-22T10:31:16.861+0300] {dag.py:3954} INFO - Setting next_dagrun for example_subdag_operator.section-1 to None, run_after=None
[2026-06-22T10:31:16.862+0300] {logging_mixin.py:188} INFO - [2026-06-22T10:31:16.862+0300] {dag.py:3954} INFO - Setting next_dagrun for example_subdag_operator.section-2 to None, run_after=None
[2026-06-22T10:31:16.867+0300] {logging_mixin.py:188} INFO - [2026-06-22T10:31:16.867+0300] {dag.py:3096} INFO - Sync 2 DAGs
[2026-06-22T10:31:16.870+0300] {logging_mixin.py:188} INFO - [2026-06-22T10:31:16.870+0300] {dag.py:3954} INFO - Setting next_dagrun for example_subdag_operator.section-1 to None, run_after=None
[2026-06-22T10:31:16.871+0300] {logging_mixin.py:188} INFO - [2026-06-22T10:31:16.870+0300] {dag.py:3954} INFO - Setting next_dagrun for example_subdag_operator.section-2 to None, run_after=None
[2026-06-22T10:31:16.901+0300] {processor.py:183} INFO - Processing /media/data/omar/programming course/DEPI/DEPI project/anomx/venv/lib/python3.12/site-packages/airflow/example_dags/example_subdag_operator.py took 0.117 seconds
[2026-06-22T10:32:08.688+0300] {processor.py:161} INFO - Started process (PID=56628) to work on /media/data/omar/programming course/DEPI/DEPI project/anomx/venv/lib/python3.12/site-packages/airflow/example_dags/example_subdag_operator.py
[2026-06-22T10:32:08.690+0300] {processor.py:830} INFO - Processing file /media/data/omar/programming course/DEPI/DEPI project/anomx/venv/lib/python3.12/site-packages/airflow/example_dags/example_subdag_operator.py for tasks to queue
[2026-06-22T10:32:08.692+0300] {logging_mixin.py:188} INFO - [2026-06-22T10:32:08.691+0300] {dagbag.py:540} INFO - Filling up the DagBag from /media/data/omar/programming course/DEPI/DEPI project/anomx/venv/lib/python3.12/site-packages/airflow/example_dags/example_subdag_operator.py
[2026-06-22T10:32:08.720+0300] {processor.py:840} INFO - DAG(s) 'example_subdag_operator.section-1', 'example_subdag_operator.section-2', 'example_subdag_operator' retrieved from /media/data/omar/programming course/DEPI/DEPI project/anomx/venv/lib/python3.12/site-packages/airflow/example_dags/example_subdag_operator.py
[2026-06-22T10:32:08.732+0300] {logging_mixin.py:188} INFO - [2026-06-22T10:32:08.732+0300] {dag.py:3096} INFO - Sync 3 DAGs
[2026-06-22T10:32:08.745+0300] {logging_mixin.py:188} INFO - [2026-06-22T10:32:08.745+0300] {dag.py:3954} INFO - Setting next_dagrun for example_subdag_operator to 2022-01-01 00:00:00+00:00, run_after=2022-01-01 00:00:00+00:00
[2026-06-22T10:32:08.747+0300] {logging_mixin.py:188} INFO - [2026-06-22T10:32:08.747+0300] {dag.py:3954} INFO - Setting next_dagrun for example_subdag_operator.section-1 to None, run_after=None
[2026-06-22T10:32:08.748+0300] {logging_mixin.py:188} INFO - [2026-06-22T10:32:08.748+0300] {dag.py:3954} INFO - Setting next_dagrun for example_subdag_operator.section-2 to None, run_after=None
[2026-06-22T10:32:08.754+0300] {logging_mixin.py:188} INFO - [2026-06-22T10:32:08.753+0300] {dag.py:3096} INFO - Sync 2 DAGs
[2026-06-22T10:32:08.757+0300] {logging_mixin.py:188} INFO - [2026-06-22T10:32:08.756+0300] {dag.py:3954} INFO - Setting next_dagrun for example_subdag_operator.section-1 to None, run_after=None
[2026-06-22T10:32:08.757+0300] {logging_mixin.py:188} INFO - [2026-06-22T10:32:08.757+0300] {dag.py:3954} INFO - Setting next_dagrun for example_subdag_operator.section-2 to None, run_after=None
[2026-06-22T10:32:08.778+0300] {processor.py:183} INFO - Processing /media/data/omar/programming course/DEPI/DEPI project/anomx/venv/lib/python3.12/site-packages/airflow/example_dags/example_subdag_operator.py took 0.102 seconds
[2026-06-22T10:33:00.690+0300] {processor.py:161} INFO - Started process (PID=56706) to work on /media/data/omar/programming course/DEPI/DEPI project/anomx/venv/lib/python3.12/site-packages/airflow/example_dags/example_subdag_operator.py
[2026-06-22T10:33:00.692+0300] {processor.py:830} INFO - Processing file /media/data/omar/programming course/DEPI/DEPI project/anomx/venv/lib/python3.12/site-packages/airflow/example_dags/example_subdag_operator.py for tasks to queue
[2026-06-22T10:33:00.693+0300] {logging_mixin.py:188} INFO - [2026-06-22T10:33:00.692+0300] {dagbag.py:540} INFO - Filling up the DagBag from /media/data/omar/programming course/DEPI/DEPI project/anomx/venv/lib/python3.12/site-packages/airflow/example_dags/example_subdag_operator.py
[2026-06-22T10:33:00.720+0300] {processor.py:840} INFO - DAG(s) 'example_subdag_operator.section-1', 'example_subdag_operator.section-2', 'example_subdag_operator' retrieved from /media/data/omar/programming course/DEPI/DEPI project/anomx/venv/lib/python3.12/site-packages/airflow/example_dags/example_subdag_operator.py
[2026-06-22T10:33:00.733+0300] {logging_mixin.py:188} INFO - [2026-06-22T10:33:00.733+0300] {dag.py:3096} INFO - Sync 3 DAGs
[2026-06-22T10:33:00.747+0300] {logging_mixin.py:188} INFO - [2026-06-22T10:33:00.747+0300] {dag.py:3954} INFO - Setting next_dagrun for example_subdag_operator to 2022-01-01 00:00:00+00:00, run_after=2022-01-01 00:00:00+00:00
[2026-06-22T10:33:00.749+0300] {logging_mixin.py:188} INFO - [2026-06-22T10:33:00.749+0300] {dag.py:3954} INFO - Setting next_dagrun for example_subdag_operator.section-1 to None, run_after=None
[2026-06-22T10:33:00.750+0300] {logging_mixin.py:188} INFO - [2026-06-22T10:33:00.750+0300] {dag.py:3954} INFO - Setting next_dagrun for example_subdag_operator.section-2 to None, run_after=None
[2026-06-22T10:33:00.756+0300] {logging_mixin.py:188} INFO - [2026-06-22T10:33:00.755+0300] {dag.py:3096} INFO - Sync 2 DAGs
[2026-06-22T10:33:00.759+0300] {logging_mixin.py:188} INFO - [2026-06-22T10:33:00.759+0300] {dag.py:3954} INFO - Setting next_dagrun for example_subdag_operator.section-1 to None, run_after=None
[2026-06-22T10:33:00.760+0300] {logging_mixin.py:188} INFO - [2026-06-22T10:33:00.759+0300] {dag.py:3954} INFO - Setting next_dagrun for example_subdag_operator.section-2 to None, run_after=None
[2026-06-22T10:33:00.781+0300] {processor.py:183} INFO - Processing /media/data/omar/programming course/DEPI/DEPI project/anomx/venv/lib/python3.12/site-packages/airflow/example_dags/example_subdag_operator.py took 0.099 seconds
[2026-06-22T10:33:55.150+0300] {processor.py:161} INFO - Started process (PID=56796) to work on /media/data/omar/programming course/DEPI/DEPI project/anomx/venv/lib/python3.12/site-packages/airflow/example_dags/example_subdag_operator.py
[2026-06-22T10:33:55.151+0300] {processor.py:830} INFO - Processing file /media/data/omar/programming course/DEPI/DEPI project/anomx/venv/lib/python3.12/site-packages/airflow/example_dags/example_subdag_operator.py for tasks to queue
[2026-06-22T10:33:55.152+0300] {logging_mixin.py:188} INFO - [2026-06-22T10:33:55.152+0300] {dagbag.py:540} INFO - Filling up the DagBag from /media/data/omar/programming course/DEPI/DEPI project/anomx/venv/lib/python3.12/site-packages/airflow/example_dags/example_subdag_operator.py
[2026-06-22T10:33:55.179+0300] {processor.py:840} INFO - DAG(s) 'example_subdag_operator.section-1', 'example_subdag_operator.section-2', 'example_subdag_operator' retrieved from /media/data/omar/programming course/DEPI/DEPI project/anomx/venv/lib/python3.12/site-packages/airflow/example_dags/example_subdag_operator.py
[2026-06-22T10:33:55.196+0300] {logging_mixin.py:188} INFO - [2026-06-22T10:33:55.195+0300] {dag.py:3096} INFO - Sync 3 DAGs
[2026-06-22T10:33:55.209+0300] {logging_mixin.py:188} INFO - [2026-06-22T10:33:55.208+0300] {dag.py:3954} INFO - Setting next_dagrun for example_subdag_operator to 2022-01-01 00:00:00+00:00, run_after=2022-01-01 00:00:00+00:00
[2026-06-22T10:33:55.211+0300] {logging_mixin.py:188} INFO - [2026-06-22T10:33:55.211+0300] {dag.py:3954} INFO - Setting next_dagrun for example_subdag_operator.section-1 to None, run_after=None
[2026-06-22T10:33:55.212+0300] {logging_mixin.py:188} INFO - [2026-06-22T10:33:55.212+0300] {dag.py:3954} INFO - Setting next_dagrun for example_subdag_operator.section-2 to None, run_after=None
[2026-06-22T10:33:55.218+0300] {logging_mixin.py:188} INFO - [2026-06-22T10:33:55.217+0300] {dag.py:3096} INFO - Sync 2 DAGs
[2026-06-22T10:33:55.221+0300] {logging_mixin.py:188} INFO - [2026-06-22T10:33:55.220+0300] {dag.py:3954} INFO - Setting next_dagrun for example_subdag_operator.section-1 to None, run_after=None
[2026-06-22T10:33:55.221+0300] {logging_mixin.py:188} INFO - [2026-06-22T10:33:55.221+0300] {dag.py:3954} INFO - Setting next_dagrun for example_subdag_operator.section-2 to None, run_after=None
[2026-06-22T10:33:55.242+0300] {processor.py:183} INFO - Processing /media/data/omar/programming course/DEPI/DEPI project/anomx/venv/lib/python3.12/site-packages/airflow/example_dags/example_subdag_operator.py took 0.099 seconds
[2026-06-22T10:34:49.094+0300] {processor.py:161} INFO - Started process (PID=56879) to work on /media/data/omar/programming course/DEPI/DEPI project/anomx/venv/lib/python3.12/site-packages/airflow/example_dags/example_subdag_operator.py
[2026-06-22T10:34:49.095+0300] {processor.py:830} INFO - Processing file /media/data/omar/programming course/DEPI/DEPI project/anomx/venv/lib/python3.12/site-packages/airflow/example_dags/example_subdag_operator.py for tasks to queue
[2026-06-22T10:34:49.097+0300] {logging_mixin.py:188} INFO - [2026-06-22T10:34:49.096+0300] {dagbag.py:540} INFO - Filling up the DagBag from /media/data/omar/programming course/DEPI/DEPI project/anomx/venv/lib/python3.12/site-packages/airflow/example_dags/example_subdag_operator.py
[2026-06-22T10:34:49.122+0300] {processor.py:840} INFO - DAG(s) 'example_subdag_operator.section-1', 'example_subdag_operator.section-2', 'example_subdag_operator' retrieved from /media/data/omar/programming course/DEPI/DEPI project/anomx/venv/lib/python3.12/site-packages/airflow/example_dags/example_subdag_operator.py
[2026-06-22T10:34:49.135+0300] {logging_mixin.py:188} INFO - [2026-06-22T10:34:49.134+0300] {dag.py:3096} INFO - Sync 3 DAGs
[2026-06-22T10:34:49.148+0300] {logging_mixin.py:188} INFO - [2026-06-22T10:34:49.147+0300] {dag.py:3954} INFO - Setting next_dagrun for example_subdag_operator to 2022-01-01 00:00:00+00:00, run_after=2022-01-01 00:00:00+00:00
[2026-06-22T10:34:49.150+0300] {logging_mixin.py:188} INFO - [2026-06-22T10:34:49.150+0300] {dag.py:3954} INFO - Setting next_dagrun for example_subdag_operator.section-1 to None, run_after=None
[2026-06-22T10:34:49.152+0300] {logging_mixin.py:188} INFO - [2026-06-22T10:34:49.151+0300] {dag.py:3954} INFO - Setting next_dagrun for example_subdag_operator.section-2 to None, run_after=None
[2026-06-22T10:34:49.157+0300] {logging_mixin.py:188} INFO - [2026-06-22T10:34:49.157+0300] {dag.py:3096} INFO - Sync 2 DAGs
[2026-06-22T10:34:49.160+0300] {logging_mixin.py:188} INFO - [2026-06-22T10:34:49.160+0300] {dag.py:3954} INFO - Setting next_dagrun for example_subdag_operator.section-1 to None, run_after=None
[2026-06-22T10:34:49.161+0300] {logging_mixin.py:188} INFO - [2026-06-22T10:34:49.161+0300] {dag.py:3954} INFO - Setting next_dagrun for example_subdag_operator.section-2 to None, run_after=None
[2026-06-22T10:34:49.181+0300] {processor.py:183} INFO - Processing /media/data/omar/programming course/DEPI/DEPI project/anomx/venv/lib/python3.12/site-packages/airflow/example_dags/example_subdag_operator.py took 0.104 seconds
[2026-06-22T10:35:42.589+0300] {processor.py:161} INFO - Started process (PID=56968) to work on /media/data/omar/programming course/DEPI/DEPI project/anomx/venv/lib/python3.12/site-packages/airflow/example_dags/example_subdag_operator.py
[2026-06-22T10:35:42.591+0300] {processor.py:830} INFO - Processing file /media/data/omar/programming course/DEPI/DEPI project/anomx/venv/lib/python3.12/site-packages/airflow/example_dags/example_subdag_operator.py for tasks to queue
[2026-06-22T10:35:42.593+0300] {logging_mixin.py:188} INFO - [2026-06-22T10:35:42.592+0300] {dagbag.py:540} INFO - Filling up the DagBag from /media/data/omar/programming course/DEPI/DEPI project/anomx/venv/lib/python3.12/site-packages/airflow/example_dags/example_subdag_operator.py
[2026-06-22T10:35:42.618+0300] {processor.py:840} INFO - DAG(s) 'example_subdag_operator.section-1', 'example_subdag_operator.section-2', 'example_subdag_operator' retrieved from /media/data/omar/programming course/DEPI/DEPI project/anomx/venv/lib/python3.12/site-packages/airflow/example_dags/example_subdag_operator.py
[2026-06-22T10:35:42.631+0300] {logging_mixin.py:188} INFO - [2026-06-22T10:35:42.631+0300] {dag.py:3096} INFO - Sync 3 DAGs
[2026-06-22T10:35:42.644+0300] {logging_mixin.py:188} INFO - [2026-06-22T10:35:42.644+0300] {dag.py:3954} INFO - Setting next_dagrun for example_subdag_operator to 2022-01-01 00:00:00+00:00, run_after=2022-01-01 00:00:00+00:00
[2026-06-22T10:35:42.646+0300] {logging_mixin.py:188} INFO - [2026-06-22T10:35:42.646+0300] {dag.py:3954} INFO - Setting next_dagrun for example_subdag_operator.section-1 to None, run_after=None
[2026-06-22T10:35:42.648+0300] {logging_mixin.py:188} INFO - [2026-06-22T10:35:42.647+0300] {dag.py:3954} INFO - Setting next_dagrun for example_subdag_operator.section-2 to None, run_after=None
[2026-06-22T10:35:42.653+0300] {logging_mixin.py:188} INFO - [2026-06-22T10:35:42.653+0300] {dag.py:3096} INFO - Sync 2 DAGs
[2026-06-22T10:35:42.656+0300] {logging_mixin.py:188} INFO - [2026-06-22T10:35:42.656+0300] {dag.py:3954} INFO - Setting next_dagrun for example_subdag_operator.section-1 to None, run_after=None
[2026-06-22T10:35:42.657+0300] {logging_mixin.py:188} INFO - [2026-06-22T10:35:42.657+0300] {dag.py:3954} INFO - Setting next_dagrun for example_subdag_operator.section-2 to None, run_after=None
[2026-06-22T10:35:42.677+0300] {processor.py:183} INFO - Processing /media/data/omar/programming course/DEPI/DEPI project/anomx/venv/lib/python3.12/site-packages/airflow/example_dags/example_subdag_operator.py took 0.099 seconds
[2026-06-22T10:36:38.451+0300] {processor.py:161} INFO - Started process (PID=57052) to work on /media/data/omar/programming course/DEPI/DEPI project/anomx/venv/lib/python3.12/site-packages/airflow/example_dags/example_subdag_operator.py
[2026-06-22T10:36:38.451+0300] {processor.py:830} INFO - Processing file /media/data/omar/programming course/DEPI/DEPI project/anomx/venv/lib/python3.12/site-packages/airflow/example_dags/example_subdag_operator.py for tasks to queue
[2026-06-22T10:36:38.453+0300] {logging_mixin.py:188} INFO - [2026-06-22T10:36:38.453+0300] {dagbag.py:540} INFO - Filling up the DagBag from /media/data/omar/programming course/DEPI/DEPI project/anomx/venv/lib/python3.12/site-packages/airflow/example_dags/example_subdag_operator.py
[2026-06-22T10:36:38.472+0300] {processor.py:840} INFO - DAG(s) 'example_subdag_operator.section-1', 'example_subdag_operator.section-2', 'example_subdag_operator' retrieved from /media/data/omar/programming course/DEPI/DEPI project/anomx/venv/lib/python3.12/site-packages/airflow/example_dags/example_subdag_operator.py
[2026-06-22T10:36:38.484+0300] {logging_mixin.py:188} INFO - [2026-06-22T10:36:38.484+0300] {dag.py:3096} INFO - Sync 3 DAGs
[2026-06-22T10:36:38.497+0300] {logging_mixin.py:188} INFO - [2026-06-22T10:36:38.497+0300] {dag.py:3954} INFO - Setting next_dagrun for example_subdag_operator to 2022-01-01 00:00:00+00:00, run_after=2022-01-01 00:00:00+00:00
[2026-06-22T10:36:38.500+0300] {logging_mixin.py:188} INFO - [2026-06-22T10:36:38.499+0300] {dag.py:3954} INFO - Setting next_dagrun for example_subdag_operator.section-1 to None, run_after=None
[2026-06-22T10:36:38.501+0300] {logging_mixin.py:188} INFO - [2026-06-22T10:36:38.500+0300] {dag.py:3954} INFO - Setting next_dagrun for example_subdag_operator.section-2 to None, run_after=None
[2026-06-22T10:36:38.506+0300] {logging_mixin.py:188} INFO - [2026-06-22T10:36:38.506+0300] {dag.py:3096} INFO - Sync 2 DAGs
[2026-06-22T10:36:38.509+0300] {logging_mixin.py:188} INFO - [2026-06-22T10:36:38.509+0300] {dag.py:3954} INFO - Setting next_dagrun for example_subdag_operator.section-1 to None, run_after=None
[2026-06-22T10:36:38.509+0300] {logging_mixin.py:188} INFO - [2026-06-22T10:36:38.509+0300] {dag.py:3954} INFO - Setting next_dagrun for example_subdag_operator.section-2 to None, run_after=None
[2026-06-22T10:36:38.530+0300] {processor.py:183} INFO - Processing /media/data/omar/programming course/DEPI/DEPI project/anomx/venv/lib/python3.12/site-packages/airflow/example_dags/example_subdag_operator.py took 0.086 seconds
[2026-06-22T10:37:30.140+0300] {processor.py:161} INFO - Started process (PID=57127) to work on /media/data/omar/programming course/DEPI/DEPI project/anomx/venv/lib/python3.12/site-packages/airflow/example_dags/example_subdag_operator.py
[2026-06-22T10:37:30.141+0300] {processor.py:830} INFO - Processing file /media/data/omar/programming course/DEPI/DEPI project/anomx/venv/lib/python3.12/site-packages/airflow/example_dags/example_subdag_operator.py for tasks to queue
[2026-06-22T10:37:30.142+0300] {logging_mixin.py:188} INFO - [2026-06-22T10:37:30.142+0300] {dagbag.py:540} INFO - Filling up the DagBag from /media/data/omar/programming course/DEPI/DEPI project/anomx/venv/lib/python3.12/site-packages/airflow/example_dags/example_subdag_operator.py
[2026-06-22T10:37:30.174+0300] {processor.py:840} INFO - DAG(s) 'example_subdag_operator.section-1', 'example_subdag_operator.section-2', 'example_subdag_operator' retrieved from /media/data/omar/programming course/DEPI/DEPI project/anomx/venv/lib/python3.12/site-packages/airflow/example_dags/example_subdag_operator.py
[2026-06-22T10:37:30.193+0300] {logging_mixin.py:188} INFO - [2026-06-22T10:37:30.192+0300] {dag.py:3096} INFO - Sync 3 DAGs
[2026-06-22T10:37:30.216+0300] {logging_mixin.py:188} INFO - [2026-06-22T10:37:30.215+0300] {dag.py:3954} INFO - Setting next_dagrun for example_subdag_operator to 2022-01-01 00:00:00+00:00, run_after=2022-01-01 00:00:00+00:00
[2026-06-22T10:37:30.220+0300] {logging_mixin.py:188} INFO - [2026-06-22T10:37:30.220+0300] {dag.py:3954} INFO - Setting next_dagrun for example_subdag_operator.section-1 to None, run_after=None
[2026-06-22T10:37:30.222+0300] {logging_mixin.py:188} INFO - [2026-06-22T10:37:30.222+0300] {dag.py:3954} INFO - Setting next_dagrun for example_subdag_operator.section-2 to None, run_after=None
[2026-06-22T10:37:30.234+0300] {logging_mixin.py:188} INFO - [2026-06-22T10:37:30.233+0300] {dag.py:3096} INFO - Sync 2 DAGs
[2026-06-22T10:37:30.237+0300] {logging_mixin.py:188} INFO - [2026-06-22T10:37:30.237+0300] {dag.py:3954} INFO - Setting next_dagrun for example_subdag_operator.section-1 to None, run_after=None
[2026-06-22T10:37:30.238+0300] {logging_mixin.py:188} INFO - [2026-06-22T10:37:30.238+0300] {dag.py:3954} INFO - Setting next_dagrun for example_subdag_operator.section-2 to None, run_after=None
[2026-06-22T10:37:30.260+0300] {processor.py:183} INFO - Processing /media/data/omar/programming course/DEPI/DEPI project/anomx/venv/lib/python3.12/site-packages/airflow/example_dags/example_subdag_operator.py took 0.128 seconds
[2026-06-22T10:38:22.041+0300] {processor.py:161} INFO - Started process (PID=57215) to work on /media/data/omar/programming course/DEPI/DEPI project/anomx/venv/lib/python3.12/site-packages/airflow/example_dags/example_subdag_operator.py
[2026-06-22T10:38:22.043+0300] {processor.py:830} INFO - Processing file /media/data/omar/programming course/DEPI/DEPI project/anomx/venv/lib/python3.12/site-packages/airflow/example_dags/example_subdag_operator.py for tasks to queue
[2026-06-22T10:38:22.044+0300] {logging_mixin.py:188} INFO - [2026-06-22T10:38:22.043+0300] {dagbag.py:540} INFO - Filling up the DagBag from /media/data/omar/programming course/DEPI/DEPI project/anomx/venv/lib/python3.12/site-packages/airflow/example_dags/example_subdag_operator.py
[2026-06-22T10:38:22.075+0300] {processor.py:840} INFO - DAG(s) 'example_subdag_operator.section-1', 'example_subdag_operator.section-2', 'example_subdag_operator' retrieved from /media/data/omar/programming course/DEPI/DEPI project/anomx/venv/lib/python3.12/site-packages/airflow/example_dags/example_subdag_operator.py
[2026-06-22T10:38:22.089+0300] {logging_mixin.py:188} INFO - [2026-06-22T10:38:22.088+0300] {dag.py:3096} INFO - Sync 3 DAGs
[2026-06-22T10:38:22.101+0300] {logging_mixin.py:188} INFO - [2026-06-22T10:38:22.101+0300] {dag.py:3954} INFO - Setting next_dagrun for example_subdag_operator to 2022-01-01 00:00:00+00:00, run_after=2022-01-01 00:00:00+00:00
[2026-06-22T10:38:22.103+0300] {logging_mixin.py:188} INFO - [2026-06-22T10:38:22.103+0300] {dag.py:3954} INFO - Setting next_dagrun for example_subdag_operator.section-1 to None, run_after=None
[2026-06-22T10:38:22.105+0300] {logging_mixin.py:188} INFO - [2026-06-22T10:38:22.105+0300] {dag.py:3954} INFO - Setting next_dagrun for example_subdag_operator.section-2 to None, run_after=None
[2026-06-22T10:38:22.110+0300] {logging_mixin.py:188} INFO - [2026-06-22T10:38:22.110+0300] {dag.py:3096} INFO - Sync 2 DAGs
[2026-06-22T10:38:22.114+0300] {logging_mixin.py:188} INFO - [2026-06-22T10:38:22.113+0300] {dag.py:3954} INFO - Setting next_dagrun for example_subdag_operator.section-1 to None, run_after=None
[2026-06-22T10:38:22.115+0300] {logging_mixin.py:188} INFO - [2026-06-22T10:38:22.115+0300] {dag.py:3954} INFO - Setting next_dagrun for example_subdag_operator.section-2 to None, run_after=None
[2026-06-22T10:38:22.216+0300] {processor.py:183} INFO - Processing /media/data/omar/programming course/DEPI/DEPI project/anomx/venv/lib/python3.12/site-packages/airflow/example_dags/example_subdag_operator.py took 0.185 seconds
[2026-06-22T10:39:15.499+0300] {processor.py:161} INFO - Started process (PID=57292) to work on /media/data/omar/programming course/DEPI/DEPI project/anomx/venv/lib/python3.12/site-packages/airflow/example_dags/example_subdag_operator.py
[2026-06-22T10:39:15.502+0300] {processor.py:830} INFO - Processing file /media/data/omar/programming course/DEPI/DEPI project/anomx/venv/lib/python3.12/site-packages/airflow/example_dags/example_subdag_operator.py for tasks to queue
[2026-06-22T10:39:15.505+0300] {logging_mixin.py:188} INFO - [2026-06-22T10:39:15.504+0300] {dagbag.py:540} INFO - Filling up the DagBag from /media/data/omar/programming course/DEPI/DEPI project/anomx/venv/lib/python3.12/site-packages/airflow/example_dags/example_subdag_operator.py
[2026-06-22T10:39:15.533+0300] {processor.py:840} INFO - DAG(s) 'example_subdag_operator.section-1', 'example_subdag_operator.section-2', 'example_subdag_operator' retrieved from /media/data/omar/programming course/DEPI/DEPI project/anomx/venv/lib/python3.12/site-packages/airflow/example_dags/example_subdag_operator.py
[2026-06-22T10:39:15.546+0300] {logging_mixin.py:188} INFO - [2026-06-22T10:39:15.545+0300] {dag.py:3096} INFO - Sync 3 DAGs
[2026-06-22T10:39:15.558+0300] {logging_mixin.py:188} INFO - [2026-06-22T10:39:15.558+0300] {dag.py:3954} INFO - Setting next_dagrun for example_subdag_operator to 2022-01-01 00:00:00+00:00, run_after=2022-01-01 00:00:00+00:00
[2026-06-22T10:39:15.561+0300] {logging_mixin.py:188} INFO - [2026-06-22T10:39:15.560+0300] {dag.py:3954} INFO - Setting next_dagrun for example_subdag_operator.section-1 to None, run_after=None
[2026-06-22T10:39:15.562+0300] {logging_mixin.py:188} INFO - [2026-06-22T10:39:15.562+0300] {dag.py:3954} INFO - Setting next_dagrun for example_subdag_operator.section-2 to None, run_after=None
[2026-06-22T10:39:15.567+0300] {logging_mixin.py:188} INFO - [2026-06-22T10:39:15.567+0300] {dag.py:3096} INFO - Sync 2 DAGs
[2026-06-22T10:39:15.571+0300] {logging_mixin.py:188} INFO - [2026-06-22T10:39:15.570+0300] {dag.py:3954} INFO - Setting next_dagrun for example_subdag_operator.section-1 to None, run_after=None
[2026-06-22T10:39:15.571+0300] {logging_mixin.py:188} INFO - [2026-06-22T10:39:15.571+0300] {dag.py:3954} INFO - Setting next_dagrun for example_subdag_operator.section-2 to None, run_after=None
[2026-06-22T10:39:15.593+0300] {processor.py:183} INFO - Processing /media/data/omar/programming course/DEPI/DEPI project/anomx/venv/lib/python3.12/site-packages/airflow/example_dags/example_subdag_operator.py took 0.112 seconds
[2026-06-22T10:40:11.879+0300] {processor.py:161} INFO - Started process (PID=57373) to work on /media/data/omar/programming course/DEPI/DEPI project/anomx/venv/lib/python3.12/site-packages/airflow/example_dags/example_subdag_operator.py
[2026-06-22T10:40:11.881+0300] {processor.py:830} INFO - Processing file /media/data/omar/programming course/DEPI/DEPI project/anomx/venv/lib/python3.12/site-packages/airflow/example_dags/example_subdag_operator.py for tasks to queue
[2026-06-22T10:40:11.884+0300] {logging_mixin.py:188} INFO - [2026-06-22T10:40:11.883+0300] {dagbag.py:540} INFO - Filling up the DagBag from /media/data/omar/programming course/DEPI/DEPI project/anomx/venv/lib/python3.12/site-packages/airflow/example_dags/example_subdag_operator.py
[2026-06-22T10:40:11.916+0300] {processor.py:840} INFO - DAG(s) 'example_subdag_operator.section-1', 'example_subdag_operator.section-2', 'example_subdag_operator' retrieved from /media/data/omar/programming course/DEPI/DEPI project/anomx/venv/lib/python3.12/site-packages/airflow/example_dags/example_subdag_operator.py
[2026-06-22T10:40:11.929+0300] {logging_mixin.py:188} INFO - [2026-06-22T10:40:11.928+0300] {dag.py:3096} INFO - Sync 3 DAGs
[2026-06-22T10:40:11.941+0300] {logging_mixin.py:188} INFO - [2026-06-22T10:40:11.941+0300] {dag.py:3954} INFO - Setting next_dagrun for example_subdag_operator to 2022-01-01 00:00:00+00:00, run_after=2022-01-01 00:00:00+00:00
[2026-06-22T10:40:11.943+0300] {logging_mixin.py:188} INFO - [2026-06-22T10:40:11.943+0300] {dag.py:3954} INFO - Setting next_dagrun for example_subdag_operator.section-1 to None, run_after=None
[2026-06-22T10:40:11.944+0300] {logging_mixin.py:188} INFO - [2026-06-22T10:40:11.944+0300] {dag.py:3954} INFO - Setting next_dagrun for example_subdag_operator.section-2 to None, run_after=None
[2026-06-22T10:40:11.949+0300] {logging_mixin.py:188} INFO - [2026-06-22T10:40:11.949+0300] {dag.py:3096} INFO - Sync 2 DAGs
[2026-06-22T10:40:11.952+0300] {logging_mixin.py:188} INFO - [2026-06-22T10:40:11.952+0300] {dag.py:3954} INFO - Setting next_dagrun for example_subdag_operator.section-1 to None, run_after=None
[2026-06-22T10:40:11.953+0300] {logging_mixin.py:188} INFO - [2026-06-22T10:40:11.952+0300] {dag.py:3954} INFO - Setting next_dagrun for example_subdag_operator.section-2 to None, run_after=None
[2026-06-22T10:40:11.973+0300] {processor.py:183} INFO - Processing /media/data/omar/programming course/DEPI/DEPI project/anomx/venv/lib/python3.12/site-packages/airflow/example_dags/example_subdag_operator.py took 0.107 seconds
[2026-06-22T10:41:03.127+0300] {processor.py:161} INFO - Started process (PID=57457) to work on /media/data/omar/programming course/DEPI/DEPI project/anomx/venv/lib/python3.12/site-packages/airflow/example_dags/example_subdag_operator.py
[2026-06-22T10:41:03.128+0300] {processor.py:830} INFO - Processing file /media/data/omar/programming course/DEPI/DEPI project/anomx/venv/lib/python3.12/site-packages/airflow/example_dags/example_subdag_operator.py for tasks to queue
[2026-06-22T10:41:03.130+0300] {logging_mixin.py:188} INFO - [2026-06-22T10:41:03.129+0300] {dagbag.py:540} INFO - Filling up the DagBag from /media/data/omar/programming course/DEPI/DEPI project/anomx/venv/lib/python3.12/site-packages/airflow/example_dags/example_subdag_operator.py
[2026-06-22T10:41:03.153+0300] {processor.py:840} INFO - DAG(s) 'example_subdag_operator.section-1', 'example_subdag_operator.section-2', 'example_subdag_operator' retrieved from /media/data/omar/programming course/DEPI/DEPI project/anomx/venv/lib/python3.12/site-packages/airflow/example_dags/example_subdag_operator.py
[2026-06-22T10:41:03.166+0300] {logging_mixin.py:188} INFO - [2026-06-22T10:41:03.165+0300] {dag.py:3096} INFO - Sync 3 DAGs
[2026-06-22T10:41:03.178+0300] {logging_mixin.py:188} INFO - [2026-06-22T10:41:03.178+0300] {dag.py:3954} INFO - Setting next_dagrun for example_subdag_operator to 2022-01-01 00:00:00+00:00, run_after=2022-01-01 00:00:00+00:00
[2026-06-22T10:41:03.181+0300] {logging_mixin.py:188} INFO - [2026-06-22T10:41:03.181+0300] {dag.py:3954} INFO - Setting next_dagrun for example_subdag_operator.section-1 to None, run_after=None
[2026-06-22T10:41:03.182+0300] {logging_mixin.py:188} INFO - [2026-06-22T10:41:03.182+0300] {dag.py:3954} INFO - Setting next_dagrun for example_subdag_operator.section-2 to None, run_after=None
[2026-06-22T10:41:03.188+0300] {logging_mixin.py:188} INFO - [2026-06-22T10:41:03.187+0300] {dag.py:3096} INFO - Sync 2 DAGs
[2026-06-22T10:41:03.190+0300] {logging_mixin.py:188} INFO - [2026-06-22T10:41:03.190+0300] {dag.py:3954} INFO - Setting next_dagrun for example_subdag_operator.section-1 to None, run_after=None
[2026-06-22T10:41:03.191+0300] {logging_mixin.py:188} INFO - [2026-06-22T10:41:03.191+0300] {dag.py:3954} INFO - Setting next_dagrun for example_subdag_operator.section-2 to None, run_after=None
[2026-06-22T10:41:03.290+0300] {processor.py:183} INFO - Processing /media/data/omar/programming course/DEPI/DEPI project/anomx/venv/lib/python3.12/site-packages/airflow/example_dags/example_subdag_operator.py took 0.182 seconds
[2026-06-22T10:41:59.857+0300] {processor.py:161} INFO - Started process (PID=57535) to work on /media/data/omar/programming course/DEPI/DEPI project/anomx/venv/lib/python3.12/site-packages/airflow/example_dags/example_subdag_operator.py
[2026-06-22T10:41:59.859+0300] {processor.py:830} INFO - Processing file /media/data/omar/programming course/DEPI/DEPI project/anomx/venv/lib/python3.12/site-packages/airflow/example_dags/example_subdag_operator.py for tasks to queue
[2026-06-22T10:41:59.861+0300] {logging_mixin.py:188} INFO - [2026-06-22T10:41:59.860+0300] {dagbag.py:540} INFO - Filling up the DagBag from /media/data/omar/programming course/DEPI/DEPI project/anomx/venv/lib/python3.12/site-packages/airflow/example_dags/example_subdag_operator.py
[2026-06-22T10:41:59.893+0300] {processor.py:840} INFO - DAG(s) 'example_subdag_operator.section-1', 'example_subdag_operator.section-2', 'example_subdag_operator' retrieved from /media/data/omar/programming course/DEPI/DEPI project/anomx/venv/lib/python3.12/site-packages/airflow/example_dags/example_subdag_operator.py
[2026-06-22T10:41:59.906+0300] {logging_mixin.py:188} INFO - [2026-06-22T10:41:59.906+0300] {dag.py:3096} INFO - Sync 3 DAGs
[2026-06-22T10:41:59.919+0300] {logging_mixin.py:188} INFO - [2026-06-22T10:41:59.919+0300] {dag.py:3954} INFO - Setting next_dagrun for example_subdag_operator to 2022-01-01 00:00:00+00:00, run_after=2022-01-01 00:00:00+00:00
[2026-06-22T10:41:59.922+0300] {logging_mixin.py:188} INFO - [2026-06-22T10:41:59.922+0300] {dag.py:3954} INFO - Setting next_dagrun for example_subdag_operator.section-1 to None, run_after=None
[2026-06-22T10:41:59.923+0300] {logging_mixin.py:188} INFO - [2026-06-22T10:41:59.923+0300] {dag.py:3954} INFO - Setting next_dagrun for example_subdag_operator.section-2 to None, run_after=None
[2026-06-22T10:41:59.928+0300] {logging_mixin.py:188} INFO - [2026-06-22T10:41:59.928+0300] {dag.py:3096} INFO - Sync 2 DAGs
[2026-06-22T10:41:59.931+0300] {logging_mixin.py:188} INFO - [2026-06-22T10:41:59.931+0300] {dag.py:3954} INFO - Setting next_dagrun for example_subdag_operator.section-1 to None, run_after=None
[2026-06-22T10:41:59.932+0300] {logging_mixin.py:188} INFO - [2026-06-22T10:41:59.932+0300] {dag.py:3954} INFO - Setting next_dagrun for example_subdag_operator.section-2 to None, run_after=None
[2026-06-22T10:41:59.951+0300] {processor.py:183} INFO - Processing /media/data/omar/programming course/DEPI/DEPI project/anomx/venv/lib/python3.12/site-packages/airflow/example_dags/example_subdag_operator.py took 0.107 seconds
[2026-06-22T10:42:53.826+0300] {processor.py:161} INFO - Started process (PID=57627) to work on /media/data/omar/programming course/DEPI/DEPI project/anomx/venv/lib/python3.12/site-packages/airflow/example_dags/example_subdag_operator.py
[2026-06-22T10:42:53.827+0300] {processor.py:830} INFO - Processing file /media/data/omar/programming course/DEPI/DEPI project/anomx/venv/lib/python3.12/site-packages/airflow/example_dags/example_subdag_operator.py for tasks to queue
[2026-06-22T10:42:53.829+0300] {logging_mixin.py:188} INFO - [2026-06-22T10:42:53.828+0300] {dagbag.py:540} INFO - Filling up the DagBag from /media/data/omar/programming course/DEPI/DEPI project/anomx/venv/lib/python3.12/site-packages/airflow/example_dags/example_subdag_operator.py
[2026-06-22T10:42:53.857+0300] {processor.py:840} INFO - DAG(s) 'example_subdag_operator.section-1', 'example_subdag_operator.section-2', 'example_subdag_operator' retrieved from /media/data/omar/programming course/DEPI/DEPI project/anomx/venv/lib/python3.12/site-packages/airflow/example_dags/example_subdag_operator.py
[2026-06-22T10:42:53.870+0300] {logging_mixin.py:188} INFO - [2026-06-22T10:42:53.870+0300] {dag.py:3096} INFO - Sync 3 DAGs
[2026-06-22T10:42:53.883+0300] {logging_mixin.py:188} INFO - [2026-06-22T10:42:53.882+0300] {dag.py:3954} INFO - Setting next_dagrun for example_subdag_operator to 2022-01-01 00:00:00+00:00, run_after=2022-01-01 00:00:00+00:00
[2026-06-22T10:42:53.885+0300] {logging_mixin.py:188} INFO - [2026-06-22T10:42:53.885+0300] {dag.py:3954} INFO - Setting next_dagrun for example_subdag_operator.section-1 to None, run_after=None
[2026-06-22T10:42:53.887+0300] {logging_mixin.py:188} INFO - [2026-06-22T10:42:53.886+0300] {dag.py:3954} INFO - Setting next_dagrun for example_subdag_operator.section-2 to None, run_after=None
[2026-06-22T10:42:53.892+0300] {logging_mixin.py:188} INFO - [2026-06-22T10:42:53.892+0300] {dag.py:3096} INFO - Sync 2 DAGs
[2026-06-22T10:42:53.895+0300] {logging_mixin.py:188} INFO - [2026-06-22T10:42:53.895+0300] {dag.py:3954} INFO - Setting next_dagrun for example_subdag_operator.section-1 to None, run_after=None
[2026-06-22T10:42:53.896+0300] {logging_mixin.py:188} INFO - [2026-06-22T10:42:53.895+0300] {dag.py:3954} INFO - Setting next_dagrun for example_subdag_operator.section-2 to None, run_after=None
[2026-06-22T10:42:53.916+0300] {processor.py:183} INFO - Processing /media/data/omar/programming course/DEPI/DEPI project/anomx/venv/lib/python3.12/site-packages/airflow/example_dags/example_subdag_operator.py took 0.097 seconds
[2026-06-22T10:43:43.837+0300] {processor.py:161} INFO - Started process (PID=57701) to work on /media/data/omar/programming course/DEPI/DEPI project/anomx/venv/lib/python3.12/site-packages/airflow/example_dags/example_subdag_operator.py
[2026-06-22T10:43:43.839+0300] {processor.py:830} INFO - Processing file /media/data/omar/programming course/DEPI/DEPI project/anomx/venv/lib/python3.12/site-packages/airflow/example_dags/example_subdag_operator.py for tasks to queue
[2026-06-22T10:43:43.842+0300] {logging_mixin.py:188} INFO - [2026-06-22T10:43:43.841+0300] {dagbag.py:540} INFO - Filling up the DagBag from /media/data/omar/programming course/DEPI/DEPI project/anomx/venv/lib/python3.12/site-packages/airflow/example_dags/example_subdag_operator.py
[2026-06-22T10:43:43.870+0300] {processor.py:840} INFO - DAG(s) 'example_subdag_operator.section-1', 'example_subdag_operator.section-2', 'example_subdag_operator' retrieved from /media/data/omar/programming course/DEPI/DEPI project/anomx/venv/lib/python3.12/site-packages/airflow/example_dags/example_subdag_operator.py
[2026-06-22T10:43:43.883+0300] {logging_mixin.py:188} INFO - [2026-06-22T10:43:43.882+0300] {dag.py:3096} INFO - Sync 3 DAGs
[2026-06-22T10:43:43.895+0300] {logging_mixin.py:188} INFO - [2026-06-22T10:43:43.895+0300] {dag.py:3954} INFO - Setting next_dagrun for example_subdag_operator to 2022-01-01 00:00:00+00:00, run_after=2022-01-01 00:00:00+00:00
[2026-06-22T10:43:43.898+0300] {logging_mixin.py:188} INFO - [2026-06-22T10:43:43.897+0300] {dag.py:3954} INFO - Setting next_dagrun for example_subdag_operator.section-1 to None, run_after=None
[2026-06-22T10:43:43.899+0300] {logging_mixin.py:188} INFO - [2026-06-22T10:43:43.898+0300] {dag.py:3954} INFO - Setting next_dagrun for example_subdag_operator.section-2 to None, run_after=None
[2026-06-22T10:43:43.905+0300] {logging_mixin.py:188} INFO - [2026-06-22T10:43:43.905+0300] {dag.py:3096} INFO - Sync 2 DAGs
[2026-06-22T10:43:43.908+0300] {logging_mixin.py:188} INFO - [2026-06-22T10:43:43.908+0300] {dag.py:3954} INFO - Setting next_dagrun for example_subdag_operator.section-1 to None, run_after=None
[2026-06-22T10:43:43.908+0300] {logging_mixin.py:188} INFO - [2026-06-22T10:43:43.908+0300] {dag.py:3954} INFO - Setting next_dagrun for example_subdag_operator.section-2 to None, run_after=None
[2026-06-22T10:43:43.929+0300] {processor.py:183} INFO - Processing /media/data/omar/programming course/DEPI/DEPI project/anomx/venv/lib/python3.12/site-packages/airflow/example_dags/example_subdag_operator.py took 0.106 seconds
[2026-06-22T10:44:36.317+0300] {processor.py:161} INFO - Started process (PID=57780) to work on /media/data/omar/programming course/DEPI/DEPI project/anomx/venv/lib/python3.12/site-packages/airflow/example_dags/example_subdag_operator.py
[2026-06-22T10:44:36.318+0300] {processor.py:830} INFO - Processing file /media/data/omar/programming course/DEPI/DEPI project/anomx/venv/lib/python3.12/site-packages/airflow/example_dags/example_subdag_operator.py for tasks to queue
[2026-06-22T10:44:36.320+0300] {logging_mixin.py:188} INFO - [2026-06-22T10:44:36.319+0300] {dagbag.py:540} INFO - Filling up the DagBag from /media/data/omar/programming course/DEPI/DEPI project/anomx/venv/lib/python3.12/site-packages/airflow/example_dags/example_subdag_operator.py
[2026-06-22T10:44:36.344+0300] {processor.py:840} INFO - DAG(s) 'example_subdag_operator.section-1', 'example_subdag_operator.section-2', 'example_subdag_operator' retrieved from /media/data/omar/programming course/DEPI/DEPI project/anomx/venv/lib/python3.12/site-packages/airflow/example_dags/example_subdag_operator.py
[2026-06-22T10:44:36.357+0300] {logging_mixin.py:188} INFO - [2026-06-22T10:44:36.356+0300] {dag.py:3096} INFO - Sync 3 DAGs
[2026-06-22T10:44:36.369+0300] {logging_mixin.py:188} INFO - [2026-06-22T10:44:36.369+0300] {dag.py:3954} INFO - Setting next_dagrun for example_subdag_operator to 2022-01-01 00:00:00+00:00, run_after=2022-01-01 00:00:00+00:00
[2026-06-22T10:44:36.372+0300] {logging_mixin.py:188} INFO - [2026-06-22T10:44:36.371+0300] {dag.py:3954} INFO - Setting next_dagrun for example_subdag_operator.section-1 to None, run_after=None
[2026-06-22T10:44:36.373+0300] {logging_mixin.py:188} INFO - [2026-06-22T10:44:36.372+0300] {dag.py:3954} INFO - Setting next_dagrun for example_subdag_operator.section-2 to None, run_after=None
[2026-06-22T10:44:36.378+0300] {logging_mixin.py:188} INFO - [2026-06-22T10:44:36.377+0300] {dag.py:3096} INFO - Sync 2 DAGs
[2026-06-22T10:44:36.381+0300] {logging_mixin.py:188} INFO - [2026-06-22T10:44:36.380+0300] {dag.py:3954} INFO - Setting next_dagrun for example_subdag_operator.section-1 to None, run_after=None
[2026-06-22T10:44:36.381+0300] {logging_mixin.py:188} INFO - [2026-06-22T10:44:36.381+0300] {dag.py:3954} INFO - Setting next_dagrun for example_subdag_operator.section-2 to None, run_after=None
[2026-06-22T10:44:36.402+0300] {processor.py:183} INFO - Processing /media/data/omar/programming course/DEPI/DEPI project/anomx/venv/lib/python3.12/site-packages/airflow/example_dags/example_subdag_operator.py took 0.094 seconds
[2026-06-22T10:45:30.480+0300] {processor.py:161} INFO - Started process (PID=57881) to work on /media/data/omar/programming course/DEPI/DEPI project/anomx/venv/lib/python3.12/site-packages/airflow/example_dags/example_subdag_operator.py
[2026-06-22T10:45:30.481+0300] {processor.py:830} INFO - Processing file /media/data/omar/programming course/DEPI/DEPI project/anomx/venv/lib/python3.12/site-packages/airflow/example_dags/example_subdag_operator.py for tasks to queue
[2026-06-22T10:45:30.482+0300] {logging_mixin.py:188} INFO - [2026-06-22T10:45:30.482+0300] {dagbag.py:540} INFO - Filling up the DagBag from /media/data/omar/programming course/DEPI/DEPI project/anomx/venv/lib/python3.12/site-packages/airflow/example_dags/example_subdag_operator.py
[2026-06-22T10:45:30.502+0300] {processor.py:840} INFO - DAG(s) 'example_subdag_operator.section-1', 'example_subdag_operator.section-2', 'example_subdag_operator' retrieved from /media/data/omar/programming course/DEPI/DEPI project/anomx/venv/lib/python3.12/site-packages/airflow/example_dags/example_subdag_operator.py
[2026-06-22T10:45:30.515+0300] {logging_mixin.py:188} INFO - [2026-06-22T10:45:30.515+0300] {dag.py:3096} INFO - Sync 3 DAGs
[2026-06-22T10:45:30.528+0300] {logging_mixin.py:188} INFO - [2026-06-22T10:45:30.528+0300] {dag.py:3954} INFO - Setting next_dagrun for example_subdag_operator to 2022-01-01 00:00:00+00:00, run_after=2022-01-01 00:00:00+00:00
[2026-06-22T10:45:30.530+0300] {logging_mixin.py:188} INFO - [2026-06-22T10:45:30.530+0300] {dag.py:3954} INFO - Setting next_dagrun for example_subdag_operator.section-1 to None, run_after=None
[2026-06-22T10:45:30.532+0300] {logging_mixin.py:188} INFO - [2026-06-22T10:45:30.531+0300] {dag.py:3954} INFO - Setting next_dagrun for example_subdag_operator.section-2 to None, run_after=None
[2026-06-22T10:45:30.537+0300] {logging_mixin.py:188} INFO - [2026-06-22T10:45:30.536+0300] {dag.py:3096} INFO - Sync 2 DAGs
[2026-06-22T10:45:30.540+0300] {logging_mixin.py:188} INFO - [2026-06-22T10:45:30.539+0300] {dag.py:3954} INFO - Setting next_dagrun for example_subdag_operator.section-1 to None, run_after=None
[2026-06-22T10:45:30.540+0300] {logging_mixin.py:188} INFO - [2026-06-22T10:45:30.540+0300] {dag.py:3954} INFO - Setting next_dagrun for example_subdag_operator.section-2 to None, run_after=None
[2026-06-22T10:45:30.562+0300] {processor.py:183} INFO - Processing /media/data/omar/programming course/DEPI/DEPI project/anomx/venv/lib/python3.12/site-packages/airflow/example_dags/example_subdag_operator.py took 0.087 seconds
[2026-06-22T10:46:25.713+0300] {processor.py:161} INFO - Started process (PID=57966) to work on /media/data/omar/programming course/DEPI/DEPI project/anomx/venv/lib/python3.12/site-packages/airflow/example_dags/example_subdag_operator.py
[2026-06-22T10:46:25.715+0300] {processor.py:830} INFO - Processing file /media/data/omar/programming course/DEPI/DEPI project/anomx/venv/lib/python3.12/site-packages/airflow/example_dags/example_subdag_operator.py for tasks to queue
[2026-06-22T10:46:25.718+0300] {logging_mixin.py:188} INFO - [2026-06-22T10:46:25.717+0300] {dagbag.py:540} INFO - Filling up the DagBag from /media/data/omar/programming course/DEPI/DEPI project/anomx/venv/lib/python3.12/site-packages/airflow/example_dags/example_subdag_operator.py
[2026-06-22T10:46:25.743+0300] {processor.py:840} INFO - DAG(s) 'example_subdag_operator.section-1', 'example_subdag_operator.section-2', 'example_subdag_operator' retrieved from /media/data/omar/programming course/DEPI/DEPI project/anomx/venv/lib/python3.12/site-packages/airflow/example_dags/example_subdag_operator.py
[2026-06-22T10:46:25.756+0300] {logging_mixin.py:188} INFO - [2026-06-22T10:46:25.756+0300] {dag.py:3096} INFO - Sync 3 DAGs
[2026-06-22T10:46:25.769+0300] {logging_mixin.py:188} INFO - [2026-06-22T10:46:25.768+0300] {dag.py:3954} INFO - Setting next_dagrun for example_subdag_operator to 2022-01-01 00:00:00+00:00, run_after=2022-01-01 00:00:00+00:00
[2026-06-22T10:46:25.772+0300] {logging_mixin.py:188} INFO - [2026-06-22T10:46:25.772+0300] {dag.py:3954} INFO - Setting next_dagrun for example_subdag_operator.section-1 to None, run_after=None
[2026-06-22T10:46:25.773+0300] {logging_mixin.py:188} INFO - [2026-06-22T10:46:25.773+0300] {dag.py:3954} INFO - Setting next_dagrun for example_subdag_operator.section-2 to None, run_after=None
[2026-06-22T10:46:25.779+0300] {logging_mixin.py:188} INFO - [2026-06-22T10:46:25.778+0300] {dag.py:3096} INFO - Sync 2 DAGs
[2026-06-22T10:46:25.782+0300] {logging_mixin.py:188} INFO - [2026-06-22T10:46:25.781+0300] {dag.py:3954} INFO - Setting next_dagrun for example_subdag_operator.section-1 to None, run_after=None
[2026-06-22T10:46:25.782+0300] {logging_mixin.py:188} INFO - [2026-06-22T10:46:25.782+0300] {dag.py:3954} INFO - Setting next_dagrun for example_subdag_operator.section-2 to None, run_after=None
[2026-06-22T10:46:25.803+0300] {processor.py:183} INFO - Processing /media/data/omar/programming course/DEPI/DEPI project/anomx/venv/lib/python3.12/site-packages/airflow/example_dags/example_subdag_operator.py took 0.104 seconds
[2026-06-22T10:47:20.512+0300] {processor.py:161} INFO - Started process (PID=58074) to work on /media/data/omar/programming course/DEPI/DEPI project/anomx/venv/lib/python3.12/site-packages/airflow/example_dags/example_subdag_operator.py
[2026-06-22T10:47:20.514+0300] {processor.py:830} INFO - Processing file /media/data/omar/programming course/DEPI/DEPI project/anomx/venv/lib/python3.12/site-packages/airflow/example_dags/example_subdag_operator.py for tasks to queue
[2026-06-22T10:47:20.517+0300] {logging_mixin.py:188} INFO - [2026-06-22T10:47:20.516+0300] {dagbag.py:540} INFO - Filling up the DagBag from /media/data/omar/programming course/DEPI/DEPI project/anomx/venv/lib/python3.12/site-packages/airflow/example_dags/example_subdag_operator.py
[2026-06-22T10:47:20.546+0300] {processor.py:840} INFO - DAG(s) 'example_subdag_operator.section-1', 'example_subdag_operator.section-2', 'example_subdag_operator' retrieved from /media/data/omar/programming course/DEPI/DEPI project/anomx/venv/lib/python3.12/site-packages/airflow/example_dags/example_subdag_operator.py
[2026-06-22T10:47:20.559+0300] {logging_mixin.py:188} INFO - [2026-06-22T10:47:20.559+0300] {dag.py:3096} INFO - Sync 3 DAGs
[2026-06-22T10:47:20.572+0300] {logging_mixin.py:188} INFO - [2026-06-22T10:47:20.571+0300] {dag.py:3954} INFO - Setting next_dagrun for example_subdag_operator to 2022-01-01 00:00:00+00:00, run_after=2022-01-01 00:00:00+00:00
[2026-06-22T10:47:20.574+0300] {logging_mixin.py:188} INFO - [2026-06-22T10:47:20.574+0300] {dag.py:3954} INFO - Setting next_dagrun for example_subdag_operator.section-1 to None, run_after=None
[2026-06-22T10:47:20.575+0300] {logging_mixin.py:188} INFO - [2026-06-22T10:47:20.575+0300] {dag.py:3954} INFO - Setting next_dagrun for example_subdag_operator.section-2 to None, run_after=None
[2026-06-22T10:47:20.580+0300] {logging_mixin.py:188} INFO - [2026-06-22T10:47:20.580+0300] {dag.py:3096} INFO - Sync 2 DAGs
[2026-06-22T10:47:20.583+0300] {logging_mixin.py:188} INFO - [2026-06-22T10:47:20.583+0300] {dag.py:3954} INFO - Setting next_dagrun for example_subdag_operator.section-1 to None, run_after=None
[2026-06-22T10:47:20.584+0300] {logging_mixin.py:188} INFO - [2026-06-22T10:47:20.584+0300] {dag.py:3954} INFO - Setting next_dagrun for example_subdag_operator.section-2 to None, run_after=None
[2026-06-22T10:47:20.604+0300] {processor.py:183} INFO - Processing /media/data/omar/programming course/DEPI/DEPI project/anomx/venv/lib/python3.12/site-packages/airflow/example_dags/example_subdag_operator.py took 0.101 seconds
[2026-06-22T10:48:10.263+0300] {processor.py:161} INFO - Started process (PID=58157) to work on /media/data/omar/programming course/DEPI/DEPI project/anomx/venv/lib/python3.12/site-packages/airflow/example_dags/example_subdag_operator.py
[2026-06-22T10:48:10.264+0300] {processor.py:830} INFO - Processing file /media/data/omar/programming course/DEPI/DEPI project/anomx/venv/lib/python3.12/site-packages/airflow/example_dags/example_subdag_operator.py for tasks to queue
[2026-06-22T10:48:10.266+0300] {logging_mixin.py:188} INFO - [2026-06-22T10:48:10.265+0300] {dagbag.py:540} INFO - Filling up the DagBag from /media/data/omar/programming course/DEPI/DEPI project/anomx/venv/lib/python3.12/site-packages/airflow/example_dags/example_subdag_operator.py
[2026-06-22T10:48:10.299+0300] {processor.py:840} INFO - DAG(s) 'example_subdag_operator.section-1', 'example_subdag_operator.section-2', 'example_subdag_operator' retrieved from /media/data/omar/programming course/DEPI/DEPI project/anomx/venv/lib/python3.12/site-packages/airflow/example_dags/example_subdag_operator.py
[2026-06-22T10:48:10.312+0300] {logging_mixin.py:188} INFO - [2026-06-22T10:48:10.311+0300] {dag.py:3096} INFO - Sync 3 DAGs
[2026-06-22T10:48:10.324+0300] {logging_mixin.py:188} INFO - [2026-06-22T10:48:10.324+0300] {dag.py:3954} INFO - Setting next_dagrun for example_subdag_operator to 2022-01-01 00:00:00+00:00, run_after=2022-01-01 00:00:00+00:00
[2026-06-22T10:48:10.327+0300] {logging_mixin.py:188} INFO - [2026-06-22T10:48:10.326+0300] {dag.py:3954} INFO - Setting next_dagrun for example_subdag_operator.section-1 to None, run_after=None
[2026-06-22T10:48:10.328+0300] {logging_mixin.py:188} INFO - [2026-06-22T10:48:10.328+0300] {dag.py:3954} INFO - Setting next_dagrun for example_subdag_operator.section-2 to None, run_after=None
[2026-06-22T10:48:10.333+0300] {logging_mixin.py:188} INFO - [2026-06-22T10:48:10.332+0300] {dag.py:3096} INFO - Sync 2 DAGs
[2026-06-22T10:48:10.336+0300] {logging_mixin.py:188} INFO - [2026-06-22T10:48:10.336+0300] {dag.py:3954} INFO - Setting next_dagrun for example_subdag_operator.section-1 to None, run_after=None
[2026-06-22T10:48:10.336+0300] {logging_mixin.py:188} INFO - [2026-06-22T10:48:10.336+0300] {dag.py:3954} INFO - Setting next_dagrun for example_subdag_operator.section-2 to None, run_after=None
[2026-06-22T10:48:10.356+0300] {processor.py:183} INFO - Processing /media/data/omar/programming course/DEPI/DEPI project/anomx/venv/lib/python3.12/site-packages/airflow/example_dags/example_subdag_operator.py took 0.104 seconds
[2026-06-22T10:49:00.056+0300] {processor.py:161} INFO - Started process (PID=58234) to work on /media/data/omar/programming course/DEPI/DEPI project/anomx/venv/lib/python3.12/site-packages/airflow/example_dags/example_subdag_operator.py
[2026-06-22T10:49:00.058+0300] {processor.py:830} INFO - Processing file /media/data/omar/programming course/DEPI/DEPI project/anomx/venv/lib/python3.12/site-packages/airflow/example_dags/example_subdag_operator.py for tasks to queue
[2026-06-22T10:49:00.061+0300] {logging_mixin.py:188} INFO - [2026-06-22T10:49:00.060+0300] {dagbag.py:540} INFO - Filling up the DagBag from /media/data/omar/programming course/DEPI/DEPI project/anomx/venv/lib/python3.12/site-packages/airflow/example_dags/example_subdag_operator.py
[2026-06-22T10:49:00.106+0300] {processor.py:840} INFO - DAG(s) 'example_subdag_operator.section-1', 'example_subdag_operator.section-2', 'example_subdag_operator' retrieved from /media/data/omar/programming course/DEPI/DEPI project/anomx/venv/lib/python3.12/site-packages/airflow/example_dags/example_subdag_operator.py
[2026-06-22T10:49:00.124+0300] {logging_mixin.py:188} INFO - [2026-06-22T10:49:00.123+0300] {dag.py:3096} INFO - Sync 3 DAGs
[2026-06-22T10:49:00.139+0300] {logging_mixin.py:188} INFO - [2026-06-22T10:49:00.139+0300] {dag.py:3954} INFO - Setting next_dagrun for example_subdag_operator to 2022-01-01 00:00:00+00:00, run_after=2022-01-01 00:00:00+00:00
[2026-06-22T10:49:00.142+0300] {logging_mixin.py:188} INFO - [2026-06-22T10:49:00.142+0300] {dag.py:3954} INFO - Setting next_dagrun for example_subdag_operator.section-1 to None, run_after=None
[2026-06-22T10:49:00.143+0300] {logging_mixin.py:188} INFO - [2026-06-22T10:49:00.143+0300] {dag.py:3954} INFO - Setting next_dagrun for example_subdag_operator.section-2 to None, run_after=None
[2026-06-22T10:49:00.148+0300] {logging_mixin.py:188} INFO - [2026-06-22T10:49:00.148+0300] {dag.py:3096} INFO - Sync 2 DAGs
[2026-06-22T10:49:00.151+0300] {logging_mixin.py:188} INFO - [2026-06-22T10:49:00.151+0300] {dag.py:3954} INFO - Setting next_dagrun for example_subdag_operator.section-1 to None, run_after=None
[2026-06-22T10:49:00.152+0300] {logging_mixin.py:188} INFO - [2026-06-22T10:49:00.151+0300] {dag.py:3954} INFO - Setting next_dagrun for example_subdag_operator.section-2 to None, run_after=None
[2026-06-22T10:49:00.173+0300] {processor.py:183} INFO - Processing /media/data/omar/programming course/DEPI/DEPI project/anomx/venv/lib/python3.12/site-packages/airflow/example_dags/example_subdag_operator.py took 0.129 seconds
[2026-06-22T10:49:51.508+0300] {processor.py:161} INFO - Started process (PID=58308) to work on /media/data/omar/programming course/DEPI/DEPI project/anomx/venv/lib/python3.12/site-packages/airflow/example_dags/example_subdag_operator.py
[2026-06-22T10:49:51.509+0300] {processor.py:830} INFO - Processing file /media/data/omar/programming course/DEPI/DEPI project/anomx/venv/lib/python3.12/site-packages/airflow/example_dags/example_subdag_operator.py for tasks to queue
[2026-06-22T10:49:51.510+0300] {logging_mixin.py:188} INFO - [2026-06-22T10:49:51.510+0300] {dagbag.py:540} INFO - Filling up the DagBag from /media/data/omar/programming course/DEPI/DEPI project/anomx/venv/lib/python3.12/site-packages/airflow/example_dags/example_subdag_operator.py
[2026-06-22T10:49:51.529+0300] {processor.py:840} INFO - DAG(s) 'example_subdag_operator.section-1', 'example_subdag_operator.section-2', 'example_subdag_operator' retrieved from /media/data/omar/programming course/DEPI/DEPI project/anomx/venv/lib/python3.12/site-packages/airflow/example_dags/example_subdag_operator.py
[2026-06-22T10:49:51.542+0300] {logging_mixin.py:188} INFO - [2026-06-22T10:49:51.542+0300] {dag.py:3096} INFO - Sync 3 DAGs
[2026-06-22T10:49:51.554+0300] {logging_mixin.py:188} INFO - [2026-06-22T10:49:51.554+0300] {dag.py:3954} INFO - Setting next_dagrun for example_subdag_operator to 2022-01-01 00:00:00+00:00, run_after=2022-01-01 00:00:00+00:00
[2026-06-22T10:49:51.557+0300] {logging_mixin.py:188} INFO - [2026-06-22T10:49:51.557+0300] {dag.py:3954} INFO - Setting next_dagrun for example_subdag_operator.section-1 to None, run_after=None
[2026-06-22T10:49:51.558+0300] {logging_mixin.py:188} INFO - [2026-06-22T10:49:51.558+0300] {dag.py:3954} INFO - Setting next_dagrun for example_subdag_operator.section-2 to None, run_after=None
[2026-06-22T10:49:51.563+0300] {logging_mixin.py:188} INFO - [2026-06-22T10:49:51.563+0300] {dag.py:3096} INFO - Sync 2 DAGs
[2026-06-22T10:49:51.566+0300] {logging_mixin.py:188} INFO - [2026-06-22T10:49:51.566+0300] {dag.py:3954} INFO - Setting next_dagrun for example_subdag_operator.section-1 to None, run_after=None
[2026-06-22T10:49:51.567+0300] {logging_mixin.py:188} INFO - [2026-06-22T10:49:51.567+0300] {dag.py:3954} INFO - Setting next_dagrun for example_subdag_operator.section-2 to None, run_after=None
[2026-06-22T10:49:51.587+0300] {processor.py:183} INFO - Processing /media/data/omar/programming course/DEPI/DEPI project/anomx/venv/lib/python3.12/site-packages/airflow/example_dags/example_subdag_operator.py took 0.085 seconds
[2026-06-22T10:50:48.476+0300] {processor.py:161} INFO - Started process (PID=58544) to work on /media/data/omar/programming course/DEPI/DEPI project/anomx/venv/lib/python3.12/site-packages/airflow/example_dags/example_subdag_operator.py
[2026-06-22T10:50:48.477+0300] {processor.py:830} INFO - Processing file /media/data/omar/programming course/DEPI/DEPI project/anomx/venv/lib/python3.12/site-packages/airflow/example_dags/example_subdag_operator.py for tasks to queue
[2026-06-22T10:50:48.478+0300] {logging_mixin.py:188} INFO - [2026-06-22T10:50:48.477+0300] {dagbag.py:540} INFO - Filling up the DagBag from /media/data/omar/programming course/DEPI/DEPI project/anomx/venv/lib/python3.12/site-packages/airflow/example_dags/example_subdag_operator.py
[2026-06-22T10:50:48.500+0300] {processor.py:840} INFO - DAG(s) 'example_subdag_operator.section-1', 'example_subdag_operator.section-2', 'example_subdag_operator' retrieved from /media/data/omar/programming course/DEPI/DEPI project/anomx/venv/lib/python3.12/site-packages/airflow/example_dags/example_subdag_operator.py
[2026-06-22T10:50:48.516+0300] {logging_mixin.py:188} INFO - [2026-06-22T10:50:48.516+0300] {dag.py:3096} INFO - Sync 3 DAGs
[2026-06-22T10:50:48.532+0300] {logging_mixin.py:188} INFO - [2026-06-22T10:50:48.532+0300] {dag.py:3954} INFO - Setting next_dagrun for example_subdag_operator to 2022-01-01 00:00:00+00:00, run_after=2022-01-01 00:00:00+00:00
[2026-06-22T10:50:48.536+0300] {logging_mixin.py:188} INFO - [2026-06-22T10:50:48.535+0300] {dag.py:3954} INFO - Setting next_dagrun for example_subdag_operator.section-1 to None, run_after=None
[2026-06-22T10:50:48.537+0300] {logging_mixin.py:188} INFO - [2026-06-22T10:50:48.537+0300] {dag.py:3954} INFO - Setting next_dagrun for example_subdag_operator.section-2 to None, run_after=None
[2026-06-22T10:50:48.543+0300] {logging_mixin.py:188} INFO - [2026-06-22T10:50:48.543+0300] {dag.py:3096} INFO - Sync 2 DAGs
[2026-06-22T10:50:48.548+0300] {logging_mixin.py:188} INFO - [2026-06-22T10:50:48.548+0300] {dag.py:3954} INFO - Setting next_dagrun for example_subdag_operator.section-1 to None, run_after=None
[2026-06-22T10:50:48.549+0300] {logging_mixin.py:188} INFO - [2026-06-22T10:50:48.548+0300] {dag.py:3954} INFO - Setting next_dagrun for example_subdag_operator.section-2 to None, run_after=None
[2026-06-22T10:50:48.575+0300] {processor.py:183} INFO - Processing /media/data/omar/programming course/DEPI/DEPI project/anomx/venv/lib/python3.12/site-packages/airflow/example_dags/example_subdag_operator.py took 0.106 seconds
[2026-06-22T10:51:46.817+0300] {processor.py:161} INFO - Started process (PID=58639) to work on /media/data/omar/programming course/DEPI/DEPI project/anomx/venv/lib/python3.12/site-packages/airflow/example_dags/example_subdag_operator.py
[2026-06-22T10:51:46.818+0300] {processor.py:830} INFO - Processing file /media/data/omar/programming course/DEPI/DEPI project/anomx/venv/lib/python3.12/site-packages/airflow/example_dags/example_subdag_operator.py for tasks to queue
[2026-06-22T10:51:46.819+0300] {logging_mixin.py:188} INFO - [2026-06-22T10:51:46.819+0300] {dagbag.py:540} INFO - Filling up the DagBag from /media/data/omar/programming course/DEPI/DEPI project/anomx/venv/lib/python3.12/site-packages/airflow/example_dags/example_subdag_operator.py
[2026-06-22T10:51:46.844+0300] {processor.py:840} INFO - DAG(s) 'example_subdag_operator.section-1', 'example_subdag_operator.section-2', 'example_subdag_operator' retrieved from /media/data/omar/programming course/DEPI/DEPI project/anomx/venv/lib/python3.12/site-packages/airflow/example_dags/example_subdag_operator.py
[2026-06-22T10:51:46.859+0300] {logging_mixin.py:188} INFO - [2026-06-22T10:51:46.859+0300] {dag.py:3096} INFO - Sync 3 DAGs
[2026-06-22T10:51:46.874+0300] {logging_mixin.py:188} INFO - [2026-06-22T10:51:46.874+0300] {dag.py:3954} INFO - Setting next_dagrun for example_subdag_operator to 2022-01-01 00:00:00+00:00, run_after=2022-01-01 00:00:00+00:00
[2026-06-22T10:51:46.877+0300] {logging_mixin.py:188} INFO - [2026-06-22T10:51:46.877+0300] {dag.py:3954} INFO - Setting next_dagrun for example_subdag_operator.section-1 to None, run_after=None
[2026-06-22T10:51:46.878+0300] {logging_mixin.py:188} INFO - [2026-06-22T10:51:46.878+0300] {dag.py:3954} INFO - Setting next_dagrun for example_subdag_operator.section-2 to None, run_after=None
[2026-06-22T10:51:46.884+0300] {logging_mixin.py:188} INFO - [2026-06-22T10:51:46.884+0300] {dag.py:3096} INFO - Sync 2 DAGs
[2026-06-22T10:51:46.888+0300] {logging_mixin.py:188} INFO - [2026-06-22T10:51:46.888+0300] {dag.py:3954} INFO - Setting next_dagrun for example_subdag_operator.section-1 to None, run_after=None
[2026-06-22T10:51:46.889+0300] {logging_mixin.py:188} INFO - [2026-06-22T10:51:46.888+0300] {dag.py:3954} INFO - Setting next_dagrun for example_subdag_operator.section-2 to None, run_after=None
[2026-06-22T10:51:46.912+0300] {processor.py:183} INFO - Processing /media/data/omar/programming course/DEPI/DEPI project/anomx/venv/lib/python3.12/site-packages/airflow/example_dags/example_subdag_operator.py took 0.101 seconds
[2026-06-22T10:52:43.041+0300] {processor.py:161} INFO - Started process (PID=58802) to work on /media/data/omar/programming course/DEPI/DEPI project/anomx/venv/lib/python3.12/site-packages/airflow/example_dags/example_subdag_operator.py
[2026-06-22T10:52:43.041+0300] {processor.py:830} INFO - Processing file /media/data/omar/programming course/DEPI/DEPI project/anomx/venv/lib/python3.12/site-packages/airflow/example_dags/example_subdag_operator.py for tasks to queue
[2026-06-22T10:52:43.042+0300] {logging_mixin.py:188} INFO - [2026-06-22T10:52:43.042+0300] {dagbag.py:540} INFO - Filling up the DagBag from /media/data/omar/programming course/DEPI/DEPI project/anomx/venv/lib/python3.12/site-packages/airflow/example_dags/example_subdag_operator.py
[2026-06-22T10:52:43.063+0300] {processor.py:840} INFO - DAG(s) 'example_subdag_operator.section-1', 'example_subdag_operator.section-2', 'example_subdag_operator' retrieved from /media/data/omar/programming course/DEPI/DEPI project/anomx/venv/lib/python3.12/site-packages/airflow/example_dags/example_subdag_operator.py
[2026-06-22T10:52:43.076+0300] {logging_mixin.py:188} INFO - [2026-06-22T10:52:43.076+0300] {dag.py:3096} INFO - Sync 3 DAGs
[2026-06-22T10:52:43.090+0300] {logging_mixin.py:188} INFO - [2026-06-22T10:52:43.090+0300] {dag.py:3954} INFO - Setting next_dagrun for example_subdag_operator to 2022-01-01 00:00:00+00:00, run_after=2022-01-01 00:00:00+00:00
[2026-06-22T10:52:43.093+0300] {logging_mixin.py:188} INFO - [2026-06-22T10:52:43.092+0300] {dag.py:3954} INFO - Setting next_dagrun for example_subdag_operator.section-1 to None, run_after=None
[2026-06-22T10:52:43.094+0300] {logging_mixin.py:188} INFO - [2026-06-22T10:52:43.094+0300] {dag.py:3954} INFO - Setting next_dagrun for example_subdag_operator.section-2 to None, run_after=None
[2026-06-22T10:52:43.099+0300] {logging_mixin.py:188} INFO - [2026-06-22T10:52:43.099+0300] {dag.py:3096} INFO - Sync 2 DAGs
[2026-06-22T10:52:43.103+0300] {logging_mixin.py:188} INFO - [2026-06-22T10:52:43.102+0300] {dag.py:3954} INFO - Setting next_dagrun for example_subdag_operator.section-1 to None, run_after=None
[2026-06-22T10:52:43.103+0300] {logging_mixin.py:188} INFO - [2026-06-22T10:52:43.103+0300] {dag.py:3954} INFO - Setting next_dagrun for example_subdag_operator.section-2 to None, run_after=None
[2026-06-22T10:52:43.125+0300] {processor.py:183} INFO - Processing /media/data/omar/programming course/DEPI/DEPI project/anomx/venv/lib/python3.12/site-packages/airflow/example_dags/example_subdag_operator.py took 0.092 seconds
[2026-06-22T10:53:40.306+0300] {processor.py:161} INFO - Started process (PID=59024) to work on /media/data/omar/programming course/DEPI/DEPI project/anomx/venv/lib/python3.12/site-packages/airflow/example_dags/example_subdag_operator.py
[2026-06-22T10:53:40.308+0300] {processor.py:830} INFO - Processing file /media/data/omar/programming course/DEPI/DEPI project/anomx/venv/lib/python3.12/site-packages/airflow/example_dags/example_subdag_operator.py for tasks to queue
[2026-06-22T10:53:40.310+0300] {logging_mixin.py:188} INFO - [2026-06-22T10:53:40.309+0300] {dagbag.py:540} INFO - Filling up the DagBag from /media/data/omar/programming course/DEPI/DEPI project/anomx/venv/lib/python3.12/site-packages/airflow/example_dags/example_subdag_operator.py
[2026-06-22T10:53:40.343+0300] {processor.py:840} INFO - DAG(s) 'example_subdag_operator.section-1', 'example_subdag_operator.section-2', 'example_subdag_operator' retrieved from /media/data/omar/programming course/DEPI/DEPI project/anomx/venv/lib/python3.12/site-packages/airflow/example_dags/example_subdag_operator.py
[2026-06-22T10:53:40.375+0300] {logging_mixin.py:188} INFO - [2026-06-22T10:53:40.375+0300] {dag.py:3096} INFO - Sync 3 DAGs
[2026-06-22T10:53:40.392+0300] {logging_mixin.py:188} INFO - [2026-06-22T10:53:40.392+0300] {dag.py:3954} INFO - Setting next_dagrun for example_subdag_operator to 2022-01-01 00:00:00+00:00, run_after=2022-01-01 00:00:00+00:00
[2026-06-22T10:53:40.396+0300] {logging_mixin.py:188} INFO - [2026-06-22T10:53:40.395+0300] {dag.py:3954} INFO - Setting next_dagrun for example_subdag_operator.section-1 to None, run_after=None
[2026-06-22T10:53:40.397+0300] {logging_mixin.py:188} INFO - [2026-06-22T10:53:40.397+0300] {dag.py:3954} INFO - Setting next_dagrun for example_subdag_operator.section-2 to None, run_after=None
[2026-06-22T10:53:40.405+0300] {logging_mixin.py:188} INFO - [2026-06-22T10:53:40.405+0300] {dag.py:3096} INFO - Sync 2 DAGs
[2026-06-22T10:53:40.410+0300] {logging_mixin.py:188} INFO - [2026-06-22T10:53:40.410+0300] {dag.py:3954} INFO - Setting next_dagrun for example_subdag_operator.section-1 to None, run_after=None
[2026-06-22T10:53:40.411+0300] {logging_mixin.py:188} INFO - [2026-06-22T10:53:40.411+0300] {dag.py:3954} INFO - Setting next_dagrun for example_subdag_operator.section-2 to None, run_after=None
[2026-06-22T10:53:40.434+0300] {processor.py:183} INFO - Processing /media/data/omar/programming course/DEPI/DEPI project/anomx/venv/lib/python3.12/site-packages/airflow/example_dags/example_subdag_operator.py took 0.136 seconds
[2026-06-22T10:54:36.164+0300] {processor.py:161} INFO - Started process (PID=59170) to work on /media/data/omar/programming course/DEPI/DEPI project/anomx/venv/lib/python3.12/site-packages/airflow/example_dags/example_subdag_operator.py
[2026-06-22T10:54:36.165+0300] {processor.py:830} INFO - Processing file /media/data/omar/programming course/DEPI/DEPI project/anomx/venv/lib/python3.12/site-packages/airflow/example_dags/example_subdag_operator.py for tasks to queue
[2026-06-22T10:54:36.166+0300] {logging_mixin.py:188} INFO - [2026-06-22T10:54:36.166+0300] {dagbag.py:540} INFO - Filling up the DagBag from /media/data/omar/programming course/DEPI/DEPI project/anomx/venv/lib/python3.12/site-packages/airflow/example_dags/example_subdag_operator.py
[2026-06-22T10:54:36.187+0300] {processor.py:840} INFO - DAG(s) 'example_subdag_operator.section-1', 'example_subdag_operator.section-2', 'example_subdag_operator' retrieved from /media/data/omar/programming course/DEPI/DEPI project/anomx/venv/lib/python3.12/site-packages/airflow/example_dags/example_subdag_operator.py
[2026-06-22T10:54:36.201+0300] {logging_mixin.py:188} INFO - [2026-06-22T10:54:36.201+0300] {dag.py:3096} INFO - Sync 3 DAGs
[2026-06-22T10:54:36.216+0300] {logging_mixin.py:188} INFO - [2026-06-22T10:54:36.216+0300] {dag.py:3954} INFO - Setting next_dagrun for example_subdag_operator to 2022-01-01 00:00:00+00:00, run_after=2022-01-01 00:00:00+00:00
[2026-06-22T10:54:36.219+0300] {logging_mixin.py:188} INFO - [2026-06-22T10:54:36.219+0300] {dag.py:3954} INFO - Setting next_dagrun for example_subdag_operator.section-1 to None, run_after=None
[2026-06-22T10:54:36.220+0300] {logging_mixin.py:188} INFO - [2026-06-22T10:54:36.220+0300] {dag.py:3954} INFO - Setting next_dagrun for example_subdag_operator.section-2 to None, run_after=None
[2026-06-22T10:54:36.226+0300] {logging_mixin.py:188} INFO - [2026-06-22T10:54:36.225+0300] {dag.py:3096} INFO - Sync 2 DAGs
[2026-06-22T10:54:36.229+0300] {logging_mixin.py:188} INFO - [2026-06-22T10:54:36.229+0300] {dag.py:3954} INFO - Setting next_dagrun for example_subdag_operator.section-1 to None, run_after=None
[2026-06-22T10:54:36.230+0300] {logging_mixin.py:188} INFO - [2026-06-22T10:54:36.229+0300] {dag.py:3954} INFO - Setting next_dagrun for example_subdag_operator.section-2 to None, run_after=None
[2026-06-22T10:54:36.252+0300] {processor.py:183} INFO - Processing /media/data/omar/programming course/DEPI/DEPI project/anomx/venv/lib/python3.12/site-packages/airflow/example_dags/example_subdag_operator.py took 0.095 seconds
[2026-06-22T10:55:27.908+0300] {processor.py:161} INFO - Started process (PID=59343) to work on /media/data/omar/programming course/DEPI/DEPI project/anomx/venv/lib/python3.12/site-packages/airflow/example_dags/example_subdag_operator.py
[2026-06-22T10:55:27.910+0300] {processor.py:830} INFO - Processing file /media/data/omar/programming course/DEPI/DEPI project/anomx/venv/lib/python3.12/site-packages/airflow/example_dags/example_subdag_operator.py for tasks to queue
[2026-06-22T10:55:27.911+0300] {logging_mixin.py:188} INFO - [2026-06-22T10:55:27.910+0300] {dagbag.py:540} INFO - Filling up the DagBag from /media/data/omar/programming course/DEPI/DEPI project/anomx/venv/lib/python3.12/site-packages/airflow/example_dags/example_subdag_operator.py
[2026-06-22T10:55:27.937+0300] {processor.py:840} INFO - DAG(s) 'example_subdag_operator.section-1', 'example_subdag_operator.section-2', 'example_subdag_operator' retrieved from /media/data/omar/programming course/DEPI/DEPI project/anomx/venv/lib/python3.12/site-packages/airflow/example_dags/example_subdag_operator.py
[2026-06-22T10:55:27.953+0300] {logging_mixin.py:188} INFO - [2026-06-22T10:55:27.952+0300] {dag.py:3096} INFO - Sync 3 DAGs
[2026-06-22T10:55:27.968+0300] {logging_mixin.py:188} INFO - [2026-06-22T10:55:27.968+0300] {dag.py:3954} INFO - Setting next_dagrun for example_subdag_operator to 2022-01-01 00:00:00+00:00, run_after=2022-01-01 00:00:00+00:00
[2026-06-22T10:55:27.971+0300] {logging_mixin.py:188} INFO - [2026-06-22T10:55:27.971+0300] {dag.py:3954} INFO - Setting next_dagrun for example_subdag_operator.section-1 to None, run_after=None
[2026-06-22T10:55:27.973+0300] {logging_mixin.py:188} INFO - [2026-06-22T10:55:27.972+0300] {dag.py:3954} INFO - Setting next_dagrun for example_subdag_operator.section-2 to None, run_after=None
[2026-06-22T10:55:27.979+0300] {logging_mixin.py:188} INFO - [2026-06-22T10:55:27.979+0300] {dag.py:3096} INFO - Sync 2 DAGs
[2026-06-22T10:55:27.985+0300] {logging_mixin.py:188} INFO - [2026-06-22T10:55:27.984+0300] {dag.py:3954} INFO - Setting next_dagrun for example_subdag_operator.section-1 to None, run_after=None
[2026-06-22T10:55:27.986+0300] {logging_mixin.py:188} INFO - [2026-06-22T10:55:27.985+0300] {dag.py:3954} INFO - Setting next_dagrun for example_subdag_operator.section-2 to None, run_after=None
[2026-06-22T10:55:28.010+0300] {processor.py:183} INFO - Processing /media/data/omar/programming course/DEPI/DEPI project/anomx/venv/lib/python3.12/site-packages/airflow/example_dags/example_subdag_operator.py took 0.112 seconds
[2026-06-22T10:56:23.687+0300] {processor.py:161} INFO - Started process (PID=59461) to work on /media/data/omar/programming course/DEPI/DEPI project/anomx/venv/lib/python3.12/site-packages/airflow/example_dags/example_subdag_operator.py
[2026-06-22T10:56:23.689+0300] {processor.py:830} INFO - Processing file /media/data/omar/programming course/DEPI/DEPI project/anomx/venv/lib/python3.12/site-packages/airflow/example_dags/example_subdag_operator.py for tasks to queue
[2026-06-22T10:56:23.690+0300] {logging_mixin.py:188} INFO - [2026-06-22T10:56:23.689+0300] {dagbag.py:540} INFO - Filling up the DagBag from /media/data/omar/programming course/DEPI/DEPI project/anomx/venv/lib/python3.12/site-packages/airflow/example_dags/example_subdag_operator.py
[2026-06-22T10:56:23.718+0300] {processor.py:840} INFO - DAG(s) 'example_subdag_operator.section-1', 'example_subdag_operator.section-2', 'example_subdag_operator' retrieved from /media/data/omar/programming course/DEPI/DEPI project/anomx/venv/lib/python3.12/site-packages/airflow/example_dags/example_subdag_operator.py
[2026-06-22T10:56:23.733+0300] {logging_mixin.py:188} INFO - [2026-06-22T10:56:23.732+0300] {dag.py:3096} INFO - Sync 3 DAGs
[2026-06-22T10:56:23.747+0300] {logging_mixin.py:188} INFO - [2026-06-22T10:56:23.747+0300] {dag.py:3954} INFO - Setting next_dagrun for example_subdag_operator to 2022-01-01 00:00:00+00:00, run_after=2022-01-01 00:00:00+00:00
[2026-06-22T10:56:23.750+0300] {logging_mixin.py:188} INFO - [2026-06-22T10:56:23.749+0300] {dag.py:3954} INFO - Setting next_dagrun for example_subdag_operator.section-1 to None, run_after=None
[2026-06-22T10:56:23.751+0300] {logging_mixin.py:188} INFO - [2026-06-22T10:56:23.750+0300] {dag.py:3954} INFO - Setting next_dagrun for example_subdag_operator.section-2 to None, run_after=None
[2026-06-22T10:56:23.757+0300] {logging_mixin.py:188} INFO - [2026-06-22T10:56:23.756+0300] {dag.py:3096} INFO - Sync 2 DAGs
[2026-06-22T10:56:23.760+0300] {logging_mixin.py:188} INFO - [2026-06-22T10:56:23.760+0300] {dag.py:3954} INFO - Setting next_dagrun for example_subdag_operator.section-1 to None, run_after=None
[2026-06-22T10:56:23.761+0300] {logging_mixin.py:188} INFO - [2026-06-22T10:56:23.761+0300] {dag.py:3954} INFO - Setting next_dagrun for example_subdag_operator.section-2 to None, run_after=None
[2026-06-22T10:56:23.783+0300] {processor.py:183} INFO - Processing /media/data/omar/programming course/DEPI/DEPI project/anomx/venv/lib/python3.12/site-packages/airflow/example_dags/example_subdag_operator.py took 0.104 seconds
[2026-06-22T10:57:20.207+0300] {processor.py:161} INFO - Started process (PID=59586) to work on /media/data/omar/programming course/DEPI/DEPI project/anomx/venv/lib/python3.12/site-packages/airflow/example_dags/example_subdag_operator.py
[2026-06-22T10:57:20.207+0300] {processor.py:830} INFO - Processing file /media/data/omar/programming course/DEPI/DEPI project/anomx/venv/lib/python3.12/site-packages/airflow/example_dags/example_subdag_operator.py for tasks to queue
[2026-06-22T10:57:20.208+0300] {logging_mixin.py:188} INFO - [2026-06-22T10:57:20.208+0300] {dagbag.py:540} INFO - Filling up the DagBag from /media/data/omar/programming course/DEPI/DEPI project/anomx/venv/lib/python3.12/site-packages/airflow/example_dags/example_subdag_operator.py
[2026-06-22T10:57:20.229+0300] {processor.py:840} INFO - DAG(s) 'example_subdag_operator.section-1', 'example_subdag_operator.section-2', 'example_subdag_operator' retrieved from /media/data/omar/programming course/DEPI/DEPI project/anomx/venv/lib/python3.12/site-packages/airflow/example_dags/example_subdag_operator.py
[2026-06-22T10:57:20.246+0300] {logging_mixin.py:188} INFO - [2026-06-22T10:57:20.246+0300] {dag.py:3096} INFO - Sync 3 DAGs
[2026-06-22T10:57:20.270+0300] {logging_mixin.py:188} INFO - [2026-06-22T10:57:20.269+0300] {dag.py:3954} INFO - Setting next_dagrun for example_subdag_operator to 2022-01-01 00:00:00+00:00, run_after=2022-01-01 00:00:00+00:00
[2026-06-22T10:57:20.273+0300] {logging_mixin.py:188} INFO - [2026-06-22T10:57:20.273+0300] {dag.py:3954} INFO - Setting next_dagrun for example_subdag_operator.section-1 to None, run_after=None
[2026-06-22T10:57:20.275+0300] {logging_mixin.py:188} INFO - [2026-06-22T10:57:20.275+0300] {dag.py:3954} INFO - Setting next_dagrun for example_subdag_operator.section-2 to None, run_after=None
[2026-06-22T10:57:20.282+0300] {logging_mixin.py:188} INFO - [2026-06-22T10:57:20.282+0300] {dag.py:3096} INFO - Sync 2 DAGs
[2026-06-22T10:57:20.288+0300] {logging_mixin.py:188} INFO - [2026-06-22T10:57:20.287+0300] {dag.py:3954} INFO - Setting next_dagrun for example_subdag_operator.section-1 to None, run_after=None
[2026-06-22T10:57:20.289+0300] {logging_mixin.py:188} INFO - [2026-06-22T10:57:20.288+0300] {dag.py:3954} INFO - Setting next_dagrun for example_subdag_operator.section-2 to None, run_after=None
[2026-06-22T10:57:20.335+0300] {processor.py:183} INFO - Processing /media/data/omar/programming course/DEPI/DEPI project/anomx/venv/lib/python3.12/site-packages/airflow/example_dags/example_subdag_operator.py took 0.133 seconds
[2026-06-22T10:58:18.942+0300] {processor.py:161} INFO - Started process (PID=59704) to work on /media/data/omar/programming course/DEPI/DEPI project/anomx/venv/lib/python3.12/site-packages/airflow/example_dags/example_subdag_operator.py
[2026-06-22T10:58:18.944+0300] {processor.py:830} INFO - Processing file /media/data/omar/programming course/DEPI/DEPI project/anomx/venv/lib/python3.12/site-packages/airflow/example_dags/example_subdag_operator.py for tasks to queue
[2026-06-22T10:58:18.945+0300] {logging_mixin.py:188} INFO - [2026-06-22T10:58:18.944+0300] {dagbag.py:540} INFO - Filling up the DagBag from /media/data/omar/programming course/DEPI/DEPI project/anomx/venv/lib/python3.12/site-packages/airflow/example_dags/example_subdag_operator.py
[2026-06-22T10:58:18.969+0300] {processor.py:840} INFO - DAG(s) 'example_subdag_operator.section-1', 'example_subdag_operator.section-2', 'example_subdag_operator' retrieved from /media/data/omar/programming course/DEPI/DEPI project/anomx/venv/lib/python3.12/site-packages/airflow/example_dags/example_subdag_operator.py
[2026-06-22T10:58:18.984+0300] {logging_mixin.py:188} INFO - [2026-06-22T10:58:18.984+0300] {dag.py:3096} INFO - Sync 3 DAGs
[2026-06-22T10:58:19.000+0300] {logging_mixin.py:188} INFO - [2026-06-22T10:58:18.999+0300] {dag.py:3954} INFO - Setting next_dagrun for example_subdag_operator to 2022-01-01 00:00:00+00:00, run_after=2022-01-01 00:00:00+00:00
[2026-06-22T10:58:19.003+0300] {logging_mixin.py:188} INFO - [2026-06-22T10:58:19.003+0300] {dag.py:3954} INFO - Setting next_dagrun for example_subdag_operator.section-1 to None, run_after=None
[2026-06-22T10:58:19.004+0300] {logging_mixin.py:188} INFO - [2026-06-22T10:58:19.004+0300] {dag.py:3954} INFO - Setting next_dagrun for example_subdag_operator.section-2 to None, run_after=None
[2026-06-22T10:58:19.011+0300] {logging_mixin.py:188} INFO - [2026-06-22T10:58:19.010+0300] {dag.py:3096} INFO - Sync 2 DAGs
[2026-06-22T10:58:19.016+0300] {logging_mixin.py:188} INFO - [2026-06-22T10:58:19.016+0300] {dag.py:3954} INFO - Setting next_dagrun for example_subdag_operator.section-1 to None, run_after=None
[2026-06-22T10:58:19.017+0300] {logging_mixin.py:188} INFO - [2026-06-22T10:58:19.017+0300] {dag.py:3954} INFO - Setting next_dagrun for example_subdag_operator.section-2 to None, run_after=None
[2026-06-22T10:58:19.038+0300] {processor.py:183} INFO - Processing /media/data/omar/programming course/DEPI/DEPI project/anomx/venv/lib/python3.12/site-packages/airflow/example_dags/example_subdag_operator.py took 0.103 seconds
[2026-06-22T10:59:16.167+0300] {processor.py:161} INFO - Started process (PID=59794) to work on /media/data/omar/programming course/DEPI/DEPI project/anomx/venv/lib/python3.12/site-packages/airflow/example_dags/example_subdag_operator.py
[2026-06-22T10:59:16.169+0300] {processor.py:830} INFO - Processing file /media/data/omar/programming course/DEPI/DEPI project/anomx/venv/lib/python3.12/site-packages/airflow/example_dags/example_subdag_operator.py for tasks to queue
[2026-06-22T10:59:16.170+0300] {logging_mixin.py:188} INFO - [2026-06-22T10:59:16.170+0300] {dagbag.py:540} INFO - Filling up the DagBag from /media/data/omar/programming course/DEPI/DEPI project/anomx/venv/lib/python3.12/site-packages/airflow/example_dags/example_subdag_operator.py
[2026-06-22T10:59:16.197+0300] {processor.py:840} INFO - DAG(s) 'example_subdag_operator.section-1', 'example_subdag_operator.section-2', 'example_subdag_operator' retrieved from /media/data/omar/programming course/DEPI/DEPI project/anomx/venv/lib/python3.12/site-packages/airflow/example_dags/example_subdag_operator.py
[2026-06-22T10:59:16.212+0300] {logging_mixin.py:188} INFO - [2026-06-22T10:59:16.212+0300] {dag.py:3096} INFO - Sync 3 DAGs
[2026-06-22T10:59:16.232+0300] {logging_mixin.py:188} INFO - [2026-06-22T10:59:16.232+0300] {dag.py:3954} INFO - Setting next_dagrun for example_subdag_operator to 2022-01-01 00:00:00+00:00, run_after=2022-01-01 00:00:00+00:00
[2026-06-22T10:59:16.235+0300] {logging_mixin.py:188} INFO - [2026-06-22T10:59:16.235+0300] {dag.py:3954} INFO - Setting next_dagrun for example_subdag_operator.section-1 to None, run_after=None
[2026-06-22T10:59:16.237+0300] {logging_mixin.py:188} INFO - [2026-06-22T10:59:16.236+0300] {dag.py:3954} INFO - Setting next_dagrun for example_subdag_operator.section-2 to None, run_after=None
[2026-06-22T10:59:16.242+0300] {logging_mixin.py:188} INFO - [2026-06-22T10:59:16.241+0300] {dag.py:3096} INFO - Sync 2 DAGs
[2026-06-22T10:59:16.245+0300] {logging_mixin.py:188} INFO - [2026-06-22T10:59:16.245+0300] {dag.py:3954} INFO - Setting next_dagrun for example_subdag_operator.section-1 to None, run_after=None
[2026-06-22T10:59:16.246+0300] {logging_mixin.py:188} INFO - [2026-06-22T10:59:16.245+0300] {dag.py:3954} INFO - Setting next_dagrun for example_subdag_operator.section-2 to None, run_after=None
[2026-06-22T10:59:16.268+0300] {processor.py:183} INFO - Processing /media/data/omar/programming course/DEPI/DEPI project/anomx/venv/lib/python3.12/site-packages/airflow/example_dags/example_subdag_operator.py took 0.113 seconds
[2026-06-22T11:00:10.683+0300] {processor.py:161} INFO - Started process (PID=59880) to work on /media/data/omar/programming course/DEPI/DEPI project/anomx/venv/lib/python3.12/site-packages/airflow/example_dags/example_subdag_operator.py
[2026-06-22T11:00:10.684+0300] {processor.py:830} INFO - Processing file /media/data/omar/programming course/DEPI/DEPI project/anomx/venv/lib/python3.12/site-packages/airflow/example_dags/example_subdag_operator.py for tasks to queue
[2026-06-22T11:00:10.686+0300] {logging_mixin.py:188} INFO - [2026-06-22T11:00:10.685+0300] {dagbag.py:540} INFO - Filling up the DagBag from /media/data/omar/programming course/DEPI/DEPI project/anomx/venv/lib/python3.12/site-packages/airflow/example_dags/example_subdag_operator.py
[2026-06-22T11:00:10.722+0300] {processor.py:840} INFO - DAG(s) 'example_subdag_operator.section-1', 'example_subdag_operator.section-2', 'example_subdag_operator' retrieved from /media/data/omar/programming course/DEPI/DEPI project/anomx/venv/lib/python3.12/site-packages/airflow/example_dags/example_subdag_operator.py
[2026-06-22T11:00:10.738+0300] {logging_mixin.py:188} INFO - [2026-06-22T11:00:10.738+0300] {dag.py:3096} INFO - Sync 3 DAGs
[2026-06-22T11:00:10.755+0300] {logging_mixin.py:188} INFO - [2026-06-22T11:00:10.755+0300] {dag.py:3954} INFO - Setting next_dagrun for example_subdag_operator to 2022-01-01 00:00:00+00:00, run_after=2022-01-01 00:00:00+00:00
[2026-06-22T11:00:10.758+0300] {logging_mixin.py:188} INFO - [2026-06-22T11:00:10.758+0300] {dag.py:3954} INFO - Setting next_dagrun for example_subdag_operator.section-1 to None, run_after=None
[2026-06-22T11:00:10.759+0300] {logging_mixin.py:188} INFO - [2026-06-22T11:00:10.759+0300] {dag.py:3954} INFO - Setting next_dagrun for example_subdag_operator.section-2 to None, run_after=None
[2026-06-22T11:00:10.767+0300] {logging_mixin.py:188} INFO - [2026-06-22T11:00:10.766+0300] {dag.py:3096} INFO - Sync 2 DAGs
[2026-06-22T11:00:10.772+0300] {logging_mixin.py:188} INFO - [2026-06-22T11:00:10.771+0300] {dag.py:3954} INFO - Setting next_dagrun for example_subdag_operator.section-1 to None, run_after=None
[2026-06-22T11:00:10.773+0300] {logging_mixin.py:188} INFO - [2026-06-22T11:00:10.772+0300] {dag.py:3954} INFO - Setting next_dagrun for example_subdag_operator.section-2 to None, run_after=None
[2026-06-22T11:00:10.798+0300] {processor.py:183} INFO - Processing /media/data/omar/programming course/DEPI/DEPI project/anomx/venv/lib/python3.12/site-packages/airflow/example_dags/example_subdag_operator.py took 0.125 seconds
[2026-06-22T11:01:03.961+0300] {processor.py:161} INFO - Started process (PID=59972) to work on /media/data/omar/programming course/DEPI/DEPI project/anomx/venv/lib/python3.12/site-packages/airflow/example_dags/example_subdag_operator.py
[2026-06-22T11:01:03.962+0300] {processor.py:830} INFO - Processing file /media/data/omar/programming course/DEPI/DEPI project/anomx/venv/lib/python3.12/site-packages/airflow/example_dags/example_subdag_operator.py for tasks to queue
[2026-06-22T11:01:03.964+0300] {logging_mixin.py:188} INFO - [2026-06-22T11:01:03.963+0300] {dagbag.py:540} INFO - Filling up the DagBag from /media/data/omar/programming course/DEPI/DEPI project/anomx/venv/lib/python3.12/site-packages/airflow/example_dags/example_subdag_operator.py
[2026-06-22T11:01:03.989+0300] {processor.py:840} INFO - DAG(s) 'example_subdag_operator.section-1', 'example_subdag_operator.section-2', 'example_subdag_operator' retrieved from /media/data/omar/programming course/DEPI/DEPI project/anomx/venv/lib/python3.12/site-packages/airflow/example_dags/example_subdag_operator.py
[2026-06-22T11:01:04.002+0300] {logging_mixin.py:188} INFO - [2026-06-22T11:01:04.002+0300] {dag.py:3096} INFO - Sync 3 DAGs
[2026-06-22T11:01:04.017+0300] {logging_mixin.py:188} INFO - [2026-06-22T11:01:04.017+0300] {dag.py:3954} INFO - Setting next_dagrun for example_subdag_operator to 2022-01-01 00:00:00+00:00, run_after=2022-01-01 00:00:00+00:00
[2026-06-22T11:01:04.020+0300] {logging_mixin.py:188} INFO - [2026-06-22T11:01:04.019+0300] {dag.py:3954} INFO - Setting next_dagrun for example_subdag_operator.section-1 to None, run_after=None
[2026-06-22T11:01:04.021+0300] {logging_mixin.py:188} INFO - [2026-06-22T11:01:04.021+0300] {dag.py:3954} INFO - Setting next_dagrun for example_subdag_operator.section-2 to None, run_after=None
[2026-06-22T11:01:04.027+0300] {logging_mixin.py:188} INFO - [2026-06-22T11:01:04.027+0300] {dag.py:3096} INFO - Sync 2 DAGs
[2026-06-22T11:01:04.030+0300] {logging_mixin.py:188} INFO - [2026-06-22T11:01:04.030+0300] {dag.py:3954} INFO - Setting next_dagrun for example_subdag_operator.section-1 to None, run_after=None
[2026-06-22T11:01:04.031+0300] {logging_mixin.py:188} INFO - [2026-06-22T11:01:04.031+0300] {dag.py:3954} INFO - Setting next_dagrun for example_subdag_operator.section-2 to None, run_after=None
[2026-06-22T11:01:04.054+0300] {processor.py:183} INFO - Processing /media/data/omar/programming course/DEPI/DEPI project/anomx/venv/lib/python3.12/site-packages/airflow/example_dags/example_subdag_operator.py took 0.107 seconds
[2026-06-22T11:02:00.623+0300] {processor.py:161} INFO - Started process (PID=60068) to work on /media/data/omar/programming course/DEPI/DEPI project/anomx/venv/lib/python3.12/site-packages/airflow/example_dags/example_subdag_operator.py
[2026-06-22T11:02:00.624+0300] {processor.py:830} INFO - Processing file /media/data/omar/programming course/DEPI/DEPI project/anomx/venv/lib/python3.12/site-packages/airflow/example_dags/example_subdag_operator.py for tasks to queue
[2026-06-22T11:02:00.625+0300] {logging_mixin.py:188} INFO - [2026-06-22T11:02:00.625+0300] {dagbag.py:540} INFO - Filling up the DagBag from /media/data/omar/programming course/DEPI/DEPI project/anomx/venv/lib/python3.12/site-packages/airflow/example_dags/example_subdag_operator.py
[2026-06-22T11:02:00.645+0300] {processor.py:840} INFO - DAG(s) 'example_subdag_operator.section-1', 'example_subdag_operator.section-2', 'example_subdag_operator' retrieved from /media/data/omar/programming course/DEPI/DEPI project/anomx/venv/lib/python3.12/site-packages/airflow/example_dags/example_subdag_operator.py
[2026-06-22T11:02:00.660+0300] {logging_mixin.py:188} INFO - [2026-06-22T11:02:00.659+0300] {dag.py:3096} INFO - Sync 3 DAGs
[2026-06-22T11:02:00.675+0300] {logging_mixin.py:188} INFO - [2026-06-22T11:02:00.675+0300] {dag.py:3954} INFO - Setting next_dagrun for example_subdag_operator to 2022-01-01 00:00:00+00:00, run_after=2022-01-01 00:00:00+00:00
[2026-06-22T11:02:00.678+0300] {logging_mixin.py:188} INFO - [2026-06-22T11:02:00.678+0300] {dag.py:3954} INFO - Setting next_dagrun for example_subdag_operator.section-1 to None, run_after=None
[2026-06-22T11:02:00.679+0300] {logging_mixin.py:188} INFO - [2026-06-22T11:02:00.679+0300] {dag.py:3954} INFO - Setting next_dagrun for example_subdag_operator.section-2 to None, run_after=None
[2026-06-22T11:02:00.684+0300] {logging_mixin.py:188} INFO - [2026-06-22T11:02:00.684+0300] {dag.py:3096} INFO - Sync 2 DAGs
[2026-06-22T11:02:00.687+0300] {logging_mixin.py:188} INFO - [2026-06-22T11:02:00.687+0300] {dag.py:3954} INFO - Setting next_dagrun for example_subdag_operator.section-1 to None, run_after=None
[2026-06-22T11:02:00.688+0300] {logging_mixin.py:188} INFO - [2026-06-22T11:02:00.688+0300] {dag.py:3954} INFO - Setting next_dagrun for example_subdag_operator.section-2 to None, run_after=None
[2026-06-22T11:02:00.711+0300] {processor.py:183} INFO - Processing /media/data/omar/programming course/DEPI/DEPI project/anomx/venv/lib/python3.12/site-packages/airflow/example_dags/example_subdag_operator.py took 0.096 seconds
[2026-06-22T11:13:29.507+0300] {processor.py:161} INFO - Started process (PID=61071) to work on /media/data/omar/programming course/DEPI/DEPI project/anomx/venv/lib/python3.12/site-packages/airflow/example_dags/example_subdag_operator.py
[2026-06-22T11:13:29.508+0300] {processor.py:830} INFO - Processing file /media/data/omar/programming course/DEPI/DEPI project/anomx/venv/lib/python3.12/site-packages/airflow/example_dags/example_subdag_operator.py for tasks to queue
[2026-06-22T11:13:29.510+0300] {logging_mixin.py:188} INFO - [2026-06-22T11:13:29.510+0300] {dagbag.py:540} INFO - Filling up the DagBag from /media/data/omar/programming course/DEPI/DEPI project/anomx/venv/lib/python3.12/site-packages/airflow/example_dags/example_subdag_operator.py
[2026-06-22T11:13:29.540+0300] {processor.py:840} INFO - DAG(s) 'example_subdag_operator.section-1', 'example_subdag_operator.section-2', 'example_subdag_operator' retrieved from /media/data/omar/programming course/DEPI/DEPI project/anomx/venv/lib/python3.12/site-packages/airflow/example_dags/example_subdag_operator.py
[2026-06-22T11:13:29.557+0300] {logging_mixin.py:188} INFO - [2026-06-22T11:13:29.557+0300] {dag.py:3096} INFO - Sync 3 DAGs
[2026-06-22T11:13:29.575+0300] {logging_mixin.py:188} INFO - [2026-06-22T11:13:29.575+0300] {dag.py:3954} INFO - Setting next_dagrun for example_subdag_operator to 2022-01-01 00:00:00+00:00, run_after=2022-01-01 00:00:00+00:00
[2026-06-22T11:13:29.578+0300] {logging_mixin.py:188} INFO - [2026-06-22T11:13:29.578+0300] {dag.py:3954} INFO - Setting next_dagrun for example_subdag_operator.section-1 to None, run_after=None
[2026-06-22T11:13:29.580+0300] {logging_mixin.py:188} INFO - [2026-06-22T11:13:29.579+0300] {dag.py:3954} INFO - Setting next_dagrun for example_subdag_operator.section-2 to None, run_after=None
[2026-06-22T11:13:29.586+0300] {logging_mixin.py:188} INFO - [2026-06-22T11:13:29.586+0300] {dag.py:3096} INFO - Sync 2 DAGs
[2026-06-22T11:13:29.589+0300] {logging_mixin.py:188} INFO - [2026-06-22T11:13:29.589+0300] {dag.py:3954} INFO - Setting next_dagrun for example_subdag_operator.section-1 to None, run_after=None
[2026-06-22T11:13:29.590+0300] {logging_mixin.py:188} INFO - [2026-06-22T11:13:29.590+0300] {dag.py:3954} INFO - Setting next_dagrun for example_subdag_operator.section-2 to None, run_after=None
[2026-06-22T11:13:29.612+0300] {processor.py:183} INFO - Processing /media/data/omar/programming course/DEPI/DEPI project/anomx/venv/lib/python3.12/site-packages/airflow/example_dags/example_subdag_operator.py took 0.112 seconds
[2026-06-22T11:14:29.273+0300] {processor.py:161} INFO - Started process (PID=61153) to work on /media/data/omar/programming course/DEPI/DEPI project/anomx/venv/lib/python3.12/site-packages/airflow/example_dags/example_subdag_operator.py
[2026-06-22T11:14:29.274+0300] {processor.py:830} INFO - Processing file /media/data/omar/programming course/DEPI/DEPI project/anomx/venv/lib/python3.12/site-packages/airflow/example_dags/example_subdag_operator.py for tasks to queue
[2026-06-22T11:14:29.277+0300] {logging_mixin.py:188} INFO - [2026-06-22T11:14:29.277+0300] {dagbag.py:540} INFO - Filling up the DagBag from /media/data/omar/programming course/DEPI/DEPI project/anomx/venv/lib/python3.12/site-packages/airflow/example_dags/example_subdag_operator.py
[2026-06-22T11:14:29.303+0300] {processor.py:840} INFO - DAG(s) 'example_subdag_operator.section-1', 'example_subdag_operator.section-2', 'example_subdag_operator' retrieved from /media/data/omar/programming course/DEPI/DEPI project/anomx/venv/lib/python3.12/site-packages/airflow/example_dags/example_subdag_operator.py
[2026-06-22T11:14:29.319+0300] {logging_mixin.py:188} INFO - [2026-06-22T11:14:29.318+0300] {dag.py:3096} INFO - Sync 3 DAGs
[2026-06-22T11:14:29.337+0300] {logging_mixin.py:188} INFO - [2026-06-22T11:14:29.337+0300] {dag.py:3954} INFO - Setting next_dagrun for example_subdag_operator to 2022-01-01 00:00:00+00:00, run_after=2022-01-01 00:00:00+00:00
[2026-06-22T11:14:29.340+0300] {logging_mixin.py:188} INFO - [2026-06-22T11:14:29.340+0300] {dag.py:3954} INFO - Setting next_dagrun for example_subdag_operator.section-1 to None, run_after=None
[2026-06-22T11:14:29.342+0300] {logging_mixin.py:188} INFO - [2026-06-22T11:14:29.341+0300] {dag.py:3954} INFO - Setting next_dagrun for example_subdag_operator.section-2 to None, run_after=None
[2026-06-22T11:14:29.349+0300] {logging_mixin.py:188} INFO - [2026-06-22T11:14:29.348+0300] {dag.py:3096} INFO - Sync 2 DAGs
[2026-06-22T11:14:29.353+0300] {logging_mixin.py:188} INFO - [2026-06-22T11:14:29.352+0300] {dag.py:3954} INFO - Setting next_dagrun for example_subdag_operator.section-1 to None, run_after=None
[2026-06-22T11:14:29.354+0300] {logging_mixin.py:188} INFO - [2026-06-22T11:14:29.353+0300] {dag.py:3954} INFO - Setting next_dagrun for example_subdag_operator.section-2 to None, run_after=None
[2026-06-22T11:14:29.377+0300] {processor.py:183} INFO - Processing /media/data/omar/programming course/DEPI/DEPI project/anomx/venv/lib/python3.12/site-packages/airflow/example_dags/example_subdag_operator.py took 0.114 seconds
[2026-06-22T11:15:23.587+0300] {processor.py:161} INFO - Started process (PID=61244) to work on /media/data/omar/programming course/DEPI/DEPI project/anomx/venv/lib/python3.12/site-packages/airflow/example_dags/example_subdag_operator.py
[2026-06-22T11:15:23.588+0300] {processor.py:830} INFO - Processing file /media/data/omar/programming course/DEPI/DEPI project/anomx/venv/lib/python3.12/site-packages/airflow/example_dags/example_subdag_operator.py for tasks to queue
[2026-06-22T11:15:23.590+0300] {logging_mixin.py:188} INFO - [2026-06-22T11:15:23.590+0300] {dagbag.py:540} INFO - Filling up the DagBag from /media/data/omar/programming course/DEPI/DEPI project/anomx/venv/lib/python3.12/site-packages/airflow/example_dags/example_subdag_operator.py
[2026-06-22T11:15:23.615+0300] {processor.py:840} INFO - DAG(s) 'example_subdag_operator.section-1', 'example_subdag_operator.section-2', 'example_subdag_operator' retrieved from /media/data/omar/programming course/DEPI/DEPI project/anomx/venv/lib/python3.12/site-packages/airflow/example_dags/example_subdag_operator.py
[2026-06-22T11:15:23.630+0300] {logging_mixin.py:188} INFO - [2026-06-22T11:15:23.630+0300] {dag.py:3096} INFO - Sync 3 DAGs
[2026-06-22T11:15:23.648+0300] {logging_mixin.py:188} INFO - [2026-06-22T11:15:23.648+0300] {dag.py:3954} INFO - Setting next_dagrun for example_subdag_operator to 2022-01-01 00:00:00+00:00, run_after=2022-01-01 00:00:00+00:00
[2026-06-22T11:15:23.652+0300] {logging_mixin.py:188} INFO - [2026-06-22T11:15:23.651+0300] {dag.py:3954} INFO - Setting next_dagrun for example_subdag_operator.section-1 to None, run_after=None
[2026-06-22T11:15:23.653+0300] {logging_mixin.py:188} INFO - [2026-06-22T11:15:23.653+0300] {dag.py:3954} INFO - Setting next_dagrun for example_subdag_operator.section-2 to None, run_after=None
[2026-06-22T11:15:23.660+0300] {logging_mixin.py:188} INFO - [2026-06-22T11:15:23.659+0300] {dag.py:3096} INFO - Sync 2 DAGs
[2026-06-22T11:15:23.663+0300] {logging_mixin.py:188} INFO - [2026-06-22T11:15:23.663+0300] {dag.py:3954} INFO - Setting next_dagrun for example_subdag_operator.section-1 to None, run_after=None
[2026-06-22T11:15:23.664+0300] {logging_mixin.py:188} INFO - [2026-06-22T11:15:23.664+0300] {dag.py:3954} INFO - Setting next_dagrun for example_subdag_operator.section-2 to None, run_after=None
[2026-06-22T11:15:23.688+0300] {processor.py:183} INFO - Processing /media/data/omar/programming course/DEPI/DEPI project/anomx/venv/lib/python3.12/site-packages/airflow/example_dags/example_subdag_operator.py took 0.112 seconds
[2026-06-22T11:16:15.312+0300] {processor.py:161} INFO - Started process (PID=61337) to work on /media/data/omar/programming course/DEPI/DEPI project/anomx/venv/lib/python3.12/site-packages/airflow/example_dags/example_subdag_operator.py
[2026-06-22T11:16:15.314+0300] {processor.py:830} INFO - Processing file /media/data/omar/programming course/DEPI/DEPI project/anomx/venv/lib/python3.12/site-packages/airflow/example_dags/example_subdag_operator.py for tasks to queue
[2026-06-22T11:16:15.317+0300] {logging_mixin.py:188} INFO - [2026-06-22T11:16:15.316+0300] {dagbag.py:540} INFO - Filling up the DagBag from /media/data/omar/programming course/DEPI/DEPI project/anomx/venv/lib/python3.12/site-packages/airflow/example_dags/example_subdag_operator.py
[2026-06-22T11:16:15.350+0300] {processor.py:840} INFO - DAG(s) 'example_subdag_operator.section-1', 'example_subdag_operator.section-2', 'example_subdag_operator' retrieved from /media/data/omar/programming course/DEPI/DEPI project/anomx/venv/lib/python3.12/site-packages/airflow/example_dags/example_subdag_operator.py
[2026-06-22T11:16:15.429+0300] {logging_mixin.py:188} INFO - [2026-06-22T11:16:15.426+0300] {dag.py:3096} INFO - Sync 3 DAGs
[2026-06-22T11:16:15.483+0300] {logging_mixin.py:188} INFO - [2026-06-22T11:16:15.483+0300] {dag.py:3954} INFO - Setting next_dagrun for example_subdag_operator to 2022-01-01 00:00:00+00:00, run_after=2022-01-01 00:00:00+00:00
[2026-06-22T11:16:15.487+0300] {logging_mixin.py:188} INFO - [2026-06-22T11:16:15.487+0300] {dag.py:3954} INFO - Setting next_dagrun for example_subdag_operator.section-1 to None, run_after=None
[2026-06-22T11:16:15.489+0300] {logging_mixin.py:188} INFO - [2026-06-22T11:16:15.488+0300] {dag.py:3954} INFO - Setting next_dagrun for example_subdag_operator.section-2 to None, run_after=None
[2026-06-22T11:16:15.495+0300] {logging_mixin.py:188} INFO - [2026-06-22T11:16:15.495+0300] {dag.py:3096} INFO - Sync 2 DAGs
[2026-06-22T11:16:15.499+0300] {logging_mixin.py:188} INFO - [2026-06-22T11:16:15.499+0300] {dag.py:3954} INFO - Setting next_dagrun for example_subdag_operator.section-1 to None, run_after=None
[2026-06-22T11:16:15.500+0300] {logging_mixin.py:188} INFO - [2026-06-22T11:16:15.500+0300] {dag.py:3954} INFO - Setting next_dagrun for example_subdag_operator.section-2 to None, run_after=None
[2026-06-22T11:16:15.524+0300] {processor.py:183} INFO - Processing /media/data/omar/programming course/DEPI/DEPI project/anomx/venv/lib/python3.12/site-packages/airflow/example_dags/example_subdag_operator.py took 0.222 seconds
[2026-06-22T11:17:13.762+0300] {processor.py:161} INFO - Started process (PID=61444) to work on /media/data/omar/programming course/DEPI/DEPI project/anomx/venv/lib/python3.12/site-packages/airflow/example_dags/example_subdag_operator.py
[2026-06-22T11:17:13.764+0300] {processor.py:830} INFO - Processing file /media/data/omar/programming course/DEPI/DEPI project/anomx/venv/lib/python3.12/site-packages/airflow/example_dags/example_subdag_operator.py for tasks to queue
[2026-06-22T11:17:13.768+0300] {logging_mixin.py:188} INFO - [2026-06-22T11:17:13.767+0300] {dagbag.py:540} INFO - Filling up the DagBag from /media/data/omar/programming course/DEPI/DEPI project/anomx/venv/lib/python3.12/site-packages/airflow/example_dags/example_subdag_operator.py
[2026-06-22T11:17:13.809+0300] {processor.py:840} INFO - DAG(s) 'example_subdag_operator.section-1', 'example_subdag_operator.section-2', 'example_subdag_operator' retrieved from /media/data/omar/programming course/DEPI/DEPI project/anomx/venv/lib/python3.12/site-packages/airflow/example_dags/example_subdag_operator.py
[2026-06-22T11:17:13.825+0300] {logging_mixin.py:188} INFO - [2026-06-22T11:17:13.825+0300] {dag.py:3096} INFO - Sync 3 DAGs
[2026-06-22T11:17:13.842+0300] {logging_mixin.py:188} INFO - [2026-06-22T11:17:13.841+0300] {dag.py:3954} INFO - Setting next_dagrun for example_subdag_operator to 2022-01-01 00:00:00+00:00, run_after=2022-01-01 00:00:00+00:00
[2026-06-22T11:17:13.845+0300] {logging_mixin.py:188} INFO - [2026-06-22T11:17:13.845+0300] {dag.py:3954} INFO - Setting next_dagrun for example_subdag_operator.section-1 to None, run_after=None
[2026-06-22T11:17:13.847+0300] {logging_mixin.py:188} INFO - [2026-06-22T11:17:13.846+0300] {dag.py:3954} INFO - Setting next_dagrun for example_subdag_operator.section-2 to None, run_after=None
[2026-06-22T11:17:13.853+0300] {logging_mixin.py:188} INFO - [2026-06-22T11:17:13.853+0300] {dag.py:3096} INFO - Sync 2 DAGs
[2026-06-22T11:17:13.857+0300] {logging_mixin.py:188} INFO - [2026-06-22T11:17:13.857+0300] {dag.py:3954} INFO - Setting next_dagrun for example_subdag_operator.section-1 to None, run_after=None
[2026-06-22T11:17:13.858+0300] {logging_mixin.py:188} INFO - [2026-06-22T11:17:13.858+0300] {dag.py:3954} INFO - Setting next_dagrun for example_subdag_operator.section-2 to None, run_after=None
[2026-06-22T11:17:13.903+0300] {processor.py:183} INFO - Processing /media/data/omar/programming course/DEPI/DEPI project/anomx/venv/lib/python3.12/site-packages/airflow/example_dags/example_subdag_operator.py took 0.154 seconds
[2026-06-22T11:18:11.362+0300] {processor.py:161} INFO - Started process (PID=61539) to work on /media/data/omar/programming course/DEPI/DEPI project/anomx/venv/lib/python3.12/site-packages/airflow/example_dags/example_subdag_operator.py
[2026-06-22T11:18:11.363+0300] {processor.py:830} INFO - Processing file /media/data/omar/programming course/DEPI/DEPI project/anomx/venv/lib/python3.12/site-packages/airflow/example_dags/example_subdag_operator.py for tasks to queue
[2026-06-22T11:18:11.367+0300] {logging_mixin.py:188} INFO - [2026-06-22T11:18:11.365+0300] {dagbag.py:540} INFO - Filling up the DagBag from /media/data/omar/programming course/DEPI/DEPI project/anomx/venv/lib/python3.12/site-packages/airflow/example_dags/example_subdag_operator.py
[2026-06-22T11:18:11.411+0300] {processor.py:840} INFO - DAG(s) 'example_subdag_operator.section-1', 'example_subdag_operator.section-2', 'example_subdag_operator' retrieved from /media/data/omar/programming course/DEPI/DEPI project/anomx/venv/lib/python3.12/site-packages/airflow/example_dags/example_subdag_operator.py
[2026-06-22T11:18:11.447+0300] {logging_mixin.py:188} INFO - [2026-06-22T11:18:11.446+0300] {dag.py:3096} INFO - Sync 3 DAGs
[2026-06-22T11:18:11.515+0300] {logging_mixin.py:188} INFO - [2026-06-22T11:18:11.512+0300] {dag.py:3954} INFO - Setting next_dagrun for example_subdag_operator to 2022-01-01 00:00:00+00:00, run_after=2022-01-01 00:00:00+00:00
[2026-06-22T11:18:11.522+0300] {logging_mixin.py:188} INFO - [2026-06-22T11:18:11.521+0300] {dag.py:3954} INFO - Setting next_dagrun for example_subdag_operator.section-1 to None, run_after=None
[2026-06-22T11:18:11.530+0300] {logging_mixin.py:188} INFO - [2026-06-22T11:18:11.529+0300] {dag.py:3954} INFO - Setting next_dagrun for example_subdag_operator.section-2 to None, run_after=None
[2026-06-22T11:18:11.546+0300] {logging_mixin.py:188} INFO - [2026-06-22T11:18:11.545+0300] {dag.py:3096} INFO - Sync 2 DAGs
[2026-06-22T11:18:11.553+0300] {logging_mixin.py:188} INFO - [2026-06-22T11:18:11.552+0300] {dag.py:3954} INFO - Setting next_dagrun for example_subdag_operator.section-1 to None, run_after=None
[2026-06-22T11:18:11.555+0300] {logging_mixin.py:188} INFO - [2026-06-22T11:18:11.554+0300] {dag.py:3954} INFO - Setting next_dagrun for example_subdag_operator.section-2 to None, run_after=None
[2026-06-22T11:18:11.625+0300] {processor.py:183} INFO - Processing /media/data/omar/programming course/DEPI/DEPI project/anomx/venv/lib/python3.12/site-packages/airflow/example_dags/example_subdag_operator.py took 0.277 seconds
[2026-06-22T11:19:08.078+0300] {processor.py:161} INFO - Started process (PID=61626) to work on /media/data/omar/programming course/DEPI/DEPI project/anomx/venv/lib/python3.12/site-packages/airflow/example_dags/example_subdag_operator.py
[2026-06-22T11:19:08.079+0300] {processor.py:830} INFO - Processing file /media/data/omar/programming course/DEPI/DEPI project/anomx/venv/lib/python3.12/site-packages/airflow/example_dags/example_subdag_operator.py for tasks to queue
[2026-06-22T11:19:08.081+0300] {logging_mixin.py:188} INFO - [2026-06-22T11:19:08.080+0300] {dagbag.py:540} INFO - Filling up the DagBag from /media/data/omar/programming course/DEPI/DEPI project/anomx/venv/lib/python3.12/site-packages/airflow/example_dags/example_subdag_operator.py
[2026-06-22T11:19:08.107+0300] {processor.py:840} INFO - DAG(s) 'example_subdag_operator.section-1', 'example_subdag_operator.section-2', 'example_subdag_operator' retrieved from /media/data/omar/programming course/DEPI/DEPI project/anomx/venv/lib/python3.12/site-packages/airflow/example_dags/example_subdag_operator.py
[2026-06-22T11:19:08.122+0300] {logging_mixin.py:188} INFO - [2026-06-22T11:19:08.122+0300] {dag.py:3096} INFO - Sync 3 DAGs
[2026-06-22T11:19:08.139+0300] {logging_mixin.py:188} INFO - [2026-06-22T11:19:08.138+0300] {dag.py:3954} INFO - Setting next_dagrun for example_subdag_operator to 2022-01-01 00:00:00+00:00, run_after=2022-01-01 00:00:00+00:00
[2026-06-22T11:19:08.142+0300] {logging_mixin.py:188} INFO - [2026-06-22T11:19:08.141+0300] {dag.py:3954} INFO - Setting next_dagrun for example_subdag_operator.section-1 to None, run_after=None
[2026-06-22T11:19:08.143+0300] {logging_mixin.py:188} INFO - [2026-06-22T11:19:08.142+0300] {dag.py:3954} INFO - Setting next_dagrun for example_subdag_operator.section-2 to None, run_after=None
[2026-06-22T11:19:08.149+0300] {logging_mixin.py:188} INFO - [2026-06-22T11:19:08.148+0300] {dag.py:3096} INFO - Sync 2 DAGs
[2026-06-22T11:19:08.152+0300] {logging_mixin.py:188} INFO - [2026-06-22T11:19:08.152+0300] {dag.py:3954} INFO - Setting next_dagrun for example_subdag_operator.section-1 to None, run_after=None
[2026-06-22T11:19:08.153+0300] {logging_mixin.py:188} INFO - [2026-06-22T11:19:08.152+0300] {dag.py:3954} INFO - Setting next_dagrun for example_subdag_operator.section-2 to None, run_after=None
[2026-06-22T11:19:08.174+0300] {processor.py:183} INFO - Processing /media/data/omar/programming course/DEPI/DEPI project/anomx/venv/lib/python3.12/site-packages/airflow/example_dags/example_subdag_operator.py took 0.104 seconds
[2026-06-22T11:20:05.622+0300] {processor.py:161} INFO - Started process (PID=61725) to work on /media/data/omar/programming course/DEPI/DEPI project/anomx/venv/lib/python3.12/site-packages/airflow/example_dags/example_subdag_operator.py
[2026-06-22T11:20:05.624+0300] {processor.py:830} INFO - Processing file /media/data/omar/programming course/DEPI/DEPI project/anomx/venv/lib/python3.12/site-packages/airflow/example_dags/example_subdag_operator.py for tasks to queue
[2026-06-22T11:20:05.626+0300] {logging_mixin.py:188} INFO - [2026-06-22T11:20:05.625+0300] {dagbag.py:540} INFO - Filling up the DagBag from /media/data/omar/programming course/DEPI/DEPI project/anomx/venv/lib/python3.12/site-packages/airflow/example_dags/example_subdag_operator.py
[2026-06-22T11:20:05.652+0300] {processor.py:840} INFO - DAG(s) 'example_subdag_operator.section-1', 'example_subdag_operator.section-2', 'example_subdag_operator' retrieved from /media/data/omar/programming course/DEPI/DEPI project/anomx/venv/lib/python3.12/site-packages/airflow/example_dags/example_subdag_operator.py
[2026-06-22T11:20:05.671+0300] {logging_mixin.py:188} INFO - [2026-06-22T11:20:05.670+0300] {dag.py:3096} INFO - Sync 3 DAGs
[2026-06-22T11:20:05.692+0300] {logging_mixin.py:188} INFO - [2026-06-22T11:20:05.692+0300] {dag.py:3954} INFO - Setting next_dagrun for example_subdag_operator to 2022-01-01 00:00:00+00:00, run_after=2022-01-01 00:00:00+00:00
[2026-06-22T11:20:05.697+0300] {logging_mixin.py:188} INFO - [2026-06-22T11:20:05.696+0300] {dag.py:3954} INFO - Setting next_dagrun for example_subdag_operator.section-1 to None, run_after=None
[2026-06-22T11:20:05.698+0300] {logging_mixin.py:188} INFO - [2026-06-22T11:20:05.698+0300] {dag.py:3954} INFO - Setting next_dagrun for example_subdag_operator.section-2 to None, run_after=None
[2026-06-22T11:20:05.706+0300] {logging_mixin.py:188} INFO - [2026-06-22T11:20:05.706+0300] {dag.py:3096} INFO - Sync 2 DAGs
[2026-06-22T11:20:05.711+0300] {logging_mixin.py:188} INFO - [2026-06-22T11:20:05.711+0300] {dag.py:3954} INFO - Setting next_dagrun for example_subdag_operator.section-1 to None, run_after=None
[2026-06-22T11:20:05.712+0300] {logging_mixin.py:188} INFO - [2026-06-22T11:20:05.712+0300] {dag.py:3954} INFO - Setting next_dagrun for example_subdag_operator.section-2 to None, run_after=None
[2026-06-22T11:20:05.736+0300] {processor.py:183} INFO - Processing /media/data/omar/programming course/DEPI/DEPI project/anomx/venv/lib/python3.12/site-packages/airflow/example_dags/example_subdag_operator.py took 0.119 seconds
[2026-06-22T11:21:03.052+0300] {processor.py:161} INFO - Started process (PID=61817) to work on /media/data/omar/programming course/DEPI/DEPI project/anomx/venv/lib/python3.12/site-packages/airflow/example_dags/example_subdag_operator.py
[2026-06-22T11:21:03.053+0300] {processor.py:830} INFO - Processing file /media/data/omar/programming course/DEPI/DEPI project/anomx/venv/lib/python3.12/site-packages/airflow/example_dags/example_subdag_operator.py for tasks to queue
[2026-06-22T11:21:03.054+0300] {logging_mixin.py:188} INFO - [2026-06-22T11:21:03.054+0300] {dagbag.py:540} INFO - Filling up the DagBag from /media/data/omar/programming course/DEPI/DEPI project/anomx/venv/lib/python3.12/site-packages/airflow/example_dags/example_subdag_operator.py
[2026-06-22T11:21:03.074+0300] {processor.py:840} INFO - DAG(s) 'example_subdag_operator.section-1', 'example_subdag_operator.section-2', 'example_subdag_operator' retrieved from /media/data/omar/programming course/DEPI/DEPI project/anomx/venv/lib/python3.12/site-packages/airflow/example_dags/example_subdag_operator.py
[2026-06-22T11:21:03.093+0300] {logging_mixin.py:188} INFO - [2026-06-22T11:21:03.093+0300] {dag.py:3096} INFO - Sync 3 DAGs
[2026-06-22T11:21:03.114+0300] {logging_mixin.py:188} INFO - [2026-06-22T11:21:03.113+0300] {dag.py:3954} INFO - Setting next_dagrun for example_subdag_operator to 2022-01-01 00:00:00+00:00, run_after=2022-01-01 00:00:00+00:00
[2026-06-22T11:21:03.118+0300] {logging_mixin.py:188} INFO - [2026-06-22T11:21:03.118+0300] {dag.py:3954} INFO - Setting next_dagrun for example_subdag_operator.section-1 to None, run_after=None
[2026-06-22T11:21:03.119+0300] {logging_mixin.py:188} INFO - [2026-06-22T11:21:03.119+0300] {dag.py:3954} INFO - Setting next_dagrun for example_subdag_operator.section-2 to None, run_after=None
[2026-06-22T11:21:03.125+0300] {logging_mixin.py:188} INFO - [2026-06-22T11:21:03.125+0300] {dag.py:3096} INFO - Sync 2 DAGs
[2026-06-22T11:21:03.129+0300] {logging_mixin.py:188} INFO - [2026-06-22T11:21:03.128+0300] {dag.py:3954} INFO - Setting next_dagrun for example_subdag_operator.section-1 to None, run_after=None
[2026-06-22T11:21:03.129+0300] {logging_mixin.py:188} INFO - [2026-06-22T11:21:03.129+0300] {dag.py:3954} INFO - Setting next_dagrun for example_subdag_operator.section-2 to None, run_after=None
[2026-06-22T11:21:03.150+0300] {processor.py:183} INFO - Processing /media/data/omar/programming course/DEPI/DEPI project/anomx/venv/lib/python3.12/site-packages/airflow/example_dags/example_subdag_operator.py took 0.103 seconds
[2026-06-22T11:21:58.174+0300] {processor.py:161} INFO - Started process (PID=61914) to work on /media/data/omar/programming course/DEPI/DEPI project/anomx/venv/lib/python3.12/site-packages/airflow/example_dags/example_subdag_operator.py
[2026-06-22T11:21:58.175+0300] {processor.py:830} INFO - Processing file /media/data/omar/programming course/DEPI/DEPI project/anomx/venv/lib/python3.12/site-packages/airflow/example_dags/example_subdag_operator.py for tasks to queue
[2026-06-22T11:21:58.177+0300] {logging_mixin.py:188} INFO - [2026-06-22T11:21:58.177+0300] {dagbag.py:540} INFO - Filling up the DagBag from /media/data/omar/programming course/DEPI/DEPI project/anomx/venv/lib/python3.12/site-packages/airflow/example_dags/example_subdag_operator.py
[2026-06-22T11:21:58.203+0300] {processor.py:840} INFO - DAG(s) 'example_subdag_operator.section-1', 'example_subdag_operator.section-2', 'example_subdag_operator' retrieved from /media/data/omar/programming course/DEPI/DEPI project/anomx/venv/lib/python3.12/site-packages/airflow/example_dags/example_subdag_operator.py
[2026-06-22T11:21:58.221+0300] {logging_mixin.py:188} INFO - [2026-06-22T11:21:58.221+0300] {dag.py:3096} INFO - Sync 3 DAGs
[2026-06-22T11:21:58.240+0300] {logging_mixin.py:188} INFO - [2026-06-22T11:21:58.240+0300] {dag.py:3954} INFO - Setting next_dagrun for example_subdag_operator to 2022-01-01 00:00:00+00:00, run_after=2022-01-01 00:00:00+00:00
[2026-06-22T11:21:58.245+0300] {logging_mixin.py:188} INFO - [2026-06-22T11:21:58.244+0300] {dag.py:3954} INFO - Setting next_dagrun for example_subdag_operator.section-1 to None, run_after=None
[2026-06-22T11:21:58.246+0300] {logging_mixin.py:188} INFO - [2026-06-22T11:21:58.246+0300] {dag.py:3954} INFO - Setting next_dagrun for example_subdag_operator.section-2 to None, run_after=None
[2026-06-22T11:21:58.253+0300] {logging_mixin.py:188} INFO - [2026-06-22T11:21:58.253+0300] {dag.py:3096} INFO - Sync 2 DAGs
[2026-06-22T11:21:58.257+0300] {logging_mixin.py:188} INFO - [2026-06-22T11:21:58.257+0300] {dag.py:3954} INFO - Setting next_dagrun for example_subdag_operator.section-1 to None, run_after=None
[2026-06-22T11:21:58.258+0300] {logging_mixin.py:188} INFO - [2026-06-22T11:21:58.258+0300] {dag.py:3954} INFO - Setting next_dagrun for example_subdag_operator.section-2 to None, run_after=None
[2026-06-22T11:21:58.282+0300] {processor.py:183} INFO - Processing /media/data/omar/programming course/DEPI/DEPI project/anomx/venv/lib/python3.12/site-packages/airflow/example_dags/example_subdag_operator.py took 0.115 seconds
[2026-06-22T11:40:02.949+0300] {processor.py:161} INFO - Started process (PID=63447) to work on /media/data/omar/programming course/DEPI/DEPI project/anomx/venv/lib/python3.12/site-packages/airflow/example_dags/example_subdag_operator.py
[2026-06-22T11:40:02.950+0300] {processor.py:830} INFO - Processing file /media/data/omar/programming course/DEPI/DEPI project/anomx/venv/lib/python3.12/site-packages/airflow/example_dags/example_subdag_operator.py for tasks to queue
[2026-06-22T11:40:02.952+0300] {logging_mixin.py:188} INFO - [2026-06-22T11:40:02.952+0300] {dagbag.py:540} INFO - Filling up the DagBag from /media/data/omar/programming course/DEPI/DEPI project/anomx/venv/lib/python3.12/site-packages/airflow/example_dags/example_subdag_operator.py
[2026-06-22T11:40:02.978+0300] {processor.py:840} INFO - DAG(s) 'example_subdag_operator.section-1', 'example_subdag_operator.section-2', 'example_subdag_operator' retrieved from /media/data/omar/programming course/DEPI/DEPI project/anomx/venv/lib/python3.12/site-packages/airflow/example_dags/example_subdag_operator.py
[2026-06-22T11:40:02.998+0300] {logging_mixin.py:188} INFO - [2026-06-22T11:40:02.998+0300] {dag.py:3096} INFO - Sync 3 DAGs
[2026-06-22T11:40:03.010+0300] {logging_mixin.py:188} INFO - [2026-06-22T11:40:03.010+0300] {dag.py:3118} INFO - Creating ORM DAG for example_subdag_operator
[2026-06-22T11:40:03.012+0300] {logging_mixin.py:188} INFO - [2026-06-22T11:40:03.011+0300] {dag.py:3118} INFO - Creating ORM DAG for example_subdag_operator.section-2
[2026-06-22T11:40:03.013+0300] {logging_mixin.py:188} INFO - [2026-06-22T11:40:03.012+0300] {dag.py:3118} INFO - Creating ORM DAG for example_subdag_operator.section-1
[2026-06-22T11:40:03.022+0300] {logging_mixin.py:188} INFO - [2026-06-22T11:40:03.021+0300] {dag.py:3954} INFO - Setting next_dagrun for example_subdag_operator to 2022-01-01 00:00:00+00:00, run_after=2022-01-01 00:00:00+00:00
[2026-06-22T11:40:03.023+0300] {logging_mixin.py:188} INFO - [2026-06-22T11:40:03.022+0300] {dag.py:3954} INFO - Setting next_dagrun for example_subdag_operator.section-1 to None, run_after=None
[2026-06-22T11:40:03.023+0300] {logging_mixin.py:188} INFO - [2026-06-22T11:40:03.023+0300] {dag.py:3954} INFO - Setting next_dagrun for example_subdag_operator.section-2 to None, run_after=None
[2026-06-22T11:40:03.031+0300] {logging_mixin.py:188} INFO - [2026-06-22T11:40:03.030+0300] {dag.py:3096} INFO - Sync 2 DAGs
[2026-06-22T11:40:03.035+0300] {logging_mixin.py:188} INFO - [2026-06-22T11:40:03.035+0300] {dag.py:3954} INFO - Setting next_dagrun for example_subdag_operator.section-1 to None, run_after=None
[2026-06-22T11:40:03.039+0300] {logging_mixin.py:188} INFO - [2026-06-22T11:40:03.039+0300] {dag.py:3954} INFO - Setting next_dagrun for example_subdag_operator.section-2 to None, run_after=None
[2026-06-22T11:40:03.066+0300] {processor.py:183} INFO - Processing /media/data/omar/programming course/DEPI/DEPI project/anomx/venv/lib/python3.12/site-packages/airflow/example_dags/example_subdag_operator.py took 0.123 seconds
[2026-06-22T11:40:56.347+0300] {processor.py:161} INFO - Started process (PID=63623) to work on /media/data/omar/programming course/DEPI/DEPI project/anomx/venv/lib/python3.12/site-packages/airflow/example_dags/example_subdag_operator.py
[2026-06-22T11:40:56.348+0300] {processor.py:830} INFO - Processing file /media/data/omar/programming course/DEPI/DEPI project/anomx/venv/lib/python3.12/site-packages/airflow/example_dags/example_subdag_operator.py for tasks to queue
[2026-06-22T11:40:56.349+0300] {logging_mixin.py:188} INFO - [2026-06-22T11:40:56.349+0300] {dagbag.py:540} INFO - Filling up the DagBag from /media/data/omar/programming course/DEPI/DEPI project/anomx/venv/lib/python3.12/site-packages/airflow/example_dags/example_subdag_operator.py
[2026-06-22T11:40:56.371+0300] {processor.py:840} INFO - DAG(s) 'example_subdag_operator.section-1', 'example_subdag_operator.section-2', 'example_subdag_operator' retrieved from /media/data/omar/programming course/DEPI/DEPI project/anomx/venv/lib/python3.12/site-packages/airflow/example_dags/example_subdag_operator.py
[2026-06-22T11:40:56.392+0300] {logging_mixin.py:188} INFO - [2026-06-22T11:40:56.391+0300] {dag.py:3096} INFO - Sync 3 DAGs
[2026-06-22T11:40:56.409+0300] {logging_mixin.py:188} INFO - [2026-06-22T11:40:56.408+0300] {dag.py:3954} INFO - Setting next_dagrun for example_subdag_operator to 2022-01-01 00:00:00+00:00, run_after=2022-01-01 00:00:00+00:00
[2026-06-22T11:40:56.412+0300] {logging_mixin.py:188} INFO - [2026-06-22T11:40:56.412+0300] {dag.py:3954} INFO - Setting next_dagrun for example_subdag_operator.section-1 to None, run_after=None
[2026-06-22T11:40:56.414+0300] {logging_mixin.py:188} INFO - [2026-06-22T11:40:56.414+0300] {dag.py:3954} INFO - Setting next_dagrun for example_subdag_operator.section-2 to None, run_after=None
[2026-06-22T11:40:56.420+0300] {logging_mixin.py:188} INFO - [2026-06-22T11:40:56.420+0300] {dag.py:3096} INFO - Sync 2 DAGs
[2026-06-22T11:40:56.424+0300] {logging_mixin.py:188} INFO - [2026-06-22T11:40:56.423+0300] {dag.py:3954} INFO - Setting next_dagrun for example_subdag_operator.section-1 to None, run_after=None
[2026-06-22T11:40:56.424+0300] {logging_mixin.py:188} INFO - [2026-06-22T11:40:56.424+0300] {dag.py:3954} INFO - Setting next_dagrun for example_subdag_operator.section-2 to None, run_after=None
[2026-06-22T11:40:56.449+0300] {processor.py:183} INFO - Processing /media/data/omar/programming course/DEPI/DEPI project/anomx/venv/lib/python3.12/site-packages/airflow/example_dags/example_subdag_operator.py took 0.107 seconds
