[2026-06-22T08:15:15.237+0300] {processor.py:161} INFO - Started process (PID=42089) to work on /media/data/omar/programming course/DEPI/DEPI project/anomx/venv/lib/python3.12/site-packages/airflow/example_dags/example_python_decorator.py
[2026-06-22T08:15:15.238+0300] {processor.py:830} INFO - Processing file /media/data/omar/programming course/DEPI/DEPI project/anomx/venv/lib/python3.12/site-packages/airflow/example_dags/example_python_decorator.py for tasks to queue
[2026-06-22T08:15:15.240+0300] {logging_mixin.py:188} INFO - [2026-06-22T08:15:15.239+0300] {dagbag.py:540} INFO - Filling up the DagBag from /media/data/omar/programming course/DEPI/DEPI project/anomx/venv/lib/python3.12/site-packages/airflow/example_dags/example_python_decorator.py
[2026-06-22T08:15:15.261+0300] {processor.py:840} INFO - DAG(s) 'example_python_decorator' retrieved from /media/data/omar/programming course/DEPI/DEPI project/anomx/venv/lib/python3.12/site-packages/airflow/example_dags/example_python_decorator.py
[2026-06-22T08:15:15.371+0300] {logging_mixin.py:188} INFO - [2026-06-22T08:15:15.371+0300] {dag.py:3096} INFO - Sync 1 DAGs
[2026-06-22T08:15:15.378+0300] {logging_mixin.py:188} INFO - [2026-06-22T08:15:15.378+0300] {dag.py:3954} INFO - Setting next_dagrun for example_python_decorator to None, run_after=None
[2026-06-22T08:15:15.402+0300] {processor.py:183} INFO - Processing /media/data/omar/programming course/DEPI/DEPI project/anomx/venv/lib/python3.12/site-packages/airflow/example_dags/example_python_decorator.py took 0.173 seconds
[2026-06-22T08:16:12.195+0300] {processor.py:161} INFO - Started process (PID=42171) to work on /media/data/omar/programming course/DEPI/DEPI project/anomx/venv/lib/python3.12/site-packages/airflow/example_dags/example_python_decorator.py
[2026-06-22T08:16:12.196+0300] {processor.py:830} INFO - Processing file /media/data/omar/programming course/DEPI/DEPI project/anomx/venv/lib/python3.12/site-packages/airflow/example_dags/example_python_decorator.py for tasks to queue
[2026-06-22T08:16:12.199+0300] {logging_mixin.py:188} INFO - [2026-06-22T08:16:12.198+0300] {dagbag.py:540} INFO - Filling up the DagBag from /media/data/omar/programming course/DEPI/DEPI project/anomx/venv/lib/python3.12/site-packages/airflow/example_dags/example_python_decorator.py
[2026-06-22T08:16:12.223+0300] {processor.py:840} INFO - DAG(s) 'example_python_decorator' retrieved from /media/data/omar/programming course/DEPI/DEPI project/anomx/venv/lib/python3.12/site-packages/airflow/example_dags/example_python_decorator.py
[2026-06-22T08:16:12.257+0300] {logging_mixin.py:188} INFO - [2026-06-22T08:16:12.256+0300] {dag.py:3096} INFO - Sync 1 DAGs
[2026-06-22T08:16:12.272+0300] {logging_mixin.py:188} INFO - [2026-06-22T08:16:12.271+0300] {dag.py:3954} INFO - Setting next_dagrun for example_python_decorator to None, run_after=None
[2026-06-22T08:16:12.307+0300] {processor.py:183} INFO - Processing /media/data/omar/programming course/DEPI/DEPI project/anomx/venv/lib/python3.12/site-packages/airflow/example_dags/example_python_decorator.py took 0.121 seconds
[2026-06-22T08:17:11.006+0300] {processor.py:161} INFO - Started process (PID=42264) to work on /media/data/omar/programming course/DEPI/DEPI project/anomx/venv/lib/python3.12/site-packages/airflow/example_dags/example_python_decorator.py
[2026-06-22T08:17:11.009+0300] {processor.py:830} INFO - Processing file /media/data/omar/programming course/DEPI/DEPI project/anomx/venv/lib/python3.12/site-packages/airflow/example_dags/example_python_decorator.py for tasks to queue
[2026-06-22T08:17:11.011+0300] {logging_mixin.py:188} INFO - [2026-06-22T08:17:11.010+0300] {dagbag.py:540} INFO - Filling up the DagBag from /media/data/omar/programming course/DEPI/DEPI project/anomx/venv/lib/python3.12/site-packages/airflow/example_dags/example_python_decorator.py
[2026-06-22T08:17:11.043+0300] {processor.py:840} INFO - DAG(s) 'example_python_decorator' retrieved from /media/data/omar/programming course/DEPI/DEPI project/anomx/venv/lib/python3.12/site-packages/airflow/example_dags/example_python_decorator.py
[2026-06-22T08:17:11.082+0300] {logging_mixin.py:188} INFO - [2026-06-22T08:17:11.080+0300] {dag.py:3096} INFO - Sync 1 DAGs
[2026-06-22T08:17:11.102+0300] {logging_mixin.py:188} INFO - [2026-06-22T08:17:11.101+0300] {dag.py:3954} INFO - Setting next_dagrun for example_python_decorator to None, run_after=None
[2026-06-22T08:17:11.164+0300] {processor.py:183} INFO - Processing /media/data/omar/programming course/DEPI/DEPI project/anomx/venv/lib/python3.12/site-packages/airflow/example_dags/example_python_decorator.py took 0.171 seconds
[2026-06-22T08:18:05.269+0300] {processor.py:161} INFO - Started process (PID=42343) to work on /media/data/omar/programming course/DEPI/DEPI project/anomx/venv/lib/python3.12/site-packages/airflow/example_dags/example_python_decorator.py
[2026-06-22T08:18:05.270+0300] {processor.py:830} INFO - Processing file /media/data/omar/programming course/DEPI/DEPI project/anomx/venv/lib/python3.12/site-packages/airflow/example_dags/example_python_decorator.py for tasks to queue
[2026-06-22T08:18:05.271+0300] {logging_mixin.py:188} INFO - [2026-06-22T08:18:05.271+0300] {dagbag.py:540} INFO - Filling up the DagBag from /media/data/omar/programming course/DEPI/DEPI project/anomx/venv/lib/python3.12/site-packages/airflow/example_dags/example_python_decorator.py
[2026-06-22T08:18:05.285+0300] {processor.py:840} INFO - DAG(s) 'example_python_decorator' retrieved from /media/data/omar/programming course/DEPI/DEPI project/anomx/venv/lib/python3.12/site-packages/airflow/example_dags/example_python_decorator.py
[2026-06-22T08:18:05.303+0300] {logging_mixin.py:188} INFO - [2026-06-22T08:18:05.303+0300] {dag.py:3096} INFO - Sync 1 DAGs
[2026-06-22T08:18:05.312+0300] {logging_mixin.py:188} INFO - [2026-06-22T08:18:05.312+0300] {dag.py:3954} INFO - Setting next_dagrun for example_python_decorator to None, run_after=None
[2026-06-22T08:18:05.337+0300] {processor.py:183} INFO - Processing /media/data/omar/programming course/DEPI/DEPI project/anomx/venv/lib/python3.12/site-packages/airflow/example_dags/example_python_decorator.py took 0.076 seconds
[2026-06-22T08:18:59.612+0300] {processor.py:161} INFO - Started process (PID=42439) to work on /media/data/omar/programming course/DEPI/DEPI project/anomx/venv/lib/python3.12/site-packages/airflow/example_dags/example_python_decorator.py
[2026-06-22T08:18:59.614+0300] {processor.py:830} INFO - Processing file /media/data/omar/programming course/DEPI/DEPI project/anomx/venv/lib/python3.12/site-packages/airflow/example_dags/example_python_decorator.py for tasks to queue
[2026-06-22T08:18:59.616+0300] {logging_mixin.py:188} INFO - [2026-06-22T08:18:59.615+0300] {dagbag.py:540} INFO - Filling up the DagBag from /media/data/omar/programming course/DEPI/DEPI project/anomx/venv/lib/python3.12/site-packages/airflow/example_dags/example_python_decorator.py
[2026-06-22T08:18:59.638+0300] {processor.py:840} INFO - DAG(s) 'example_python_decorator' retrieved from /media/data/omar/programming course/DEPI/DEPI project/anomx/venv/lib/python3.12/site-packages/airflow/example_dags/example_python_decorator.py
[2026-06-22T08:18:59.656+0300] {logging_mixin.py:188} INFO - [2026-06-22T08:18:59.656+0300] {dag.py:3096} INFO - Sync 1 DAGs
[2026-06-22T08:18:59.664+0300] {logging_mixin.py:188} INFO - [2026-06-22T08:18:59.664+0300] {dag.py:3954} INFO - Setting next_dagrun for example_python_decorator to None, run_after=None
[2026-06-22T08:18:59.690+0300] {processor.py:183} INFO - Processing /media/data/omar/programming course/DEPI/DEPI project/anomx/venv/lib/python3.12/site-packages/airflow/example_dags/example_python_decorator.py took 0.087 seconds
[2026-06-22T08:19:56.673+0300] {processor.py:161} INFO - Started process (PID=42533) to work on /media/data/omar/programming course/DEPI/DEPI project/anomx/venv/lib/python3.12/site-packages/airflow/example_dags/example_python_decorator.py
[2026-06-22T08:19:56.674+0300] {processor.py:830} INFO - Processing file /media/data/omar/programming course/DEPI/DEPI project/anomx/venv/lib/python3.12/site-packages/airflow/example_dags/example_python_decorator.py for tasks to queue
[2026-06-22T08:19:56.675+0300] {logging_mixin.py:188} INFO - [2026-06-22T08:19:56.675+0300] {dagbag.py:540} INFO - Filling up the DagBag from /media/data/omar/programming course/DEPI/DEPI project/anomx/venv/lib/python3.12/site-packages/airflow/example_dags/example_python_decorator.py
[2026-06-22T08:19:56.693+0300] {processor.py:840} INFO - DAG(s) 'example_python_decorator' retrieved from /media/data/omar/programming course/DEPI/DEPI project/anomx/venv/lib/python3.12/site-packages/airflow/example_dags/example_python_decorator.py
[2026-06-22T08:19:56.711+0300] {logging_mixin.py:188} INFO - [2026-06-22T08:19:56.711+0300] {dag.py:3096} INFO - Sync 1 DAGs
[2026-06-22T08:19:56.722+0300] {logging_mixin.py:188} INFO - [2026-06-22T08:19:56.721+0300] {dag.py:3954} INFO - Setting next_dagrun for example_python_decorator to None, run_after=None
[2026-06-22T08:19:56.763+0300] {processor.py:183} INFO - Processing /media/data/omar/programming course/DEPI/DEPI project/anomx/venv/lib/python3.12/site-packages/airflow/example_dags/example_python_decorator.py took 0.096 seconds
[2026-06-22T08:20:51.670+0300] {processor.py:161} INFO - Started process (PID=42646) to work on /media/data/omar/programming course/DEPI/DEPI project/anomx/venv/lib/python3.12/site-packages/airflow/example_dags/example_python_decorator.py
[2026-06-22T08:20:51.671+0300] {processor.py:830} INFO - Processing file /media/data/omar/programming course/DEPI/DEPI project/anomx/venv/lib/python3.12/site-packages/airflow/example_dags/example_python_decorator.py for tasks to queue
[2026-06-22T08:20:51.673+0300] {logging_mixin.py:188} INFO - [2026-06-22T08:20:51.672+0300] {dagbag.py:540} INFO - Filling up the DagBag from /media/data/omar/programming course/DEPI/DEPI project/anomx/venv/lib/python3.12/site-packages/airflow/example_dags/example_python_decorator.py
[2026-06-22T08:20:51.688+0300] {processor.py:840} INFO - DAG(s) 'example_python_decorator' retrieved from /media/data/omar/programming course/DEPI/DEPI project/anomx/venv/lib/python3.12/site-packages/airflow/example_dags/example_python_decorator.py
[2026-06-22T08:20:51.703+0300] {logging_mixin.py:188} INFO - [2026-06-22T08:20:51.703+0300] {dag.py:3096} INFO - Sync 1 DAGs
[2026-06-22T08:20:51.711+0300] {logging_mixin.py:188} INFO - [2026-06-22T08:20:51.711+0300] {dag.py:3954} INFO - Setting next_dagrun for example_python_decorator to None, run_after=None
[2026-06-22T08:20:51.736+0300] {processor.py:183} INFO - Processing /media/data/omar/programming course/DEPI/DEPI project/anomx/venv/lib/python3.12/site-packages/airflow/example_dags/example_python_decorator.py took 0.078 seconds
[2026-06-22T08:21:44.618+0300] {processor.py:161} INFO - Started process (PID=42728) to work on /media/data/omar/programming course/DEPI/DEPI project/anomx/venv/lib/python3.12/site-packages/airflow/example_dags/example_python_decorator.py
[2026-06-22T08:21:44.619+0300] {processor.py:830} INFO - Processing file /media/data/omar/programming course/DEPI/DEPI project/anomx/venv/lib/python3.12/site-packages/airflow/example_dags/example_python_decorator.py for tasks to queue
[2026-06-22T08:21:44.621+0300] {logging_mixin.py:188} INFO - [2026-06-22T08:21:44.620+0300] {dagbag.py:540} INFO - Filling up the DagBag from /media/data/omar/programming course/DEPI/DEPI project/anomx/venv/lib/python3.12/site-packages/airflow/example_dags/example_python_decorator.py
[2026-06-22T08:21:44.636+0300] {processor.py:840} INFO - DAG(s) 'example_python_decorator' retrieved from /media/data/omar/programming course/DEPI/DEPI project/anomx/venv/lib/python3.12/site-packages/airflow/example_dags/example_python_decorator.py
[2026-06-22T08:21:44.651+0300] {logging_mixin.py:188} INFO - [2026-06-22T08:21:44.651+0300] {dag.py:3096} INFO - Sync 1 DAGs
[2026-06-22T08:21:44.659+0300] {logging_mixin.py:188} INFO - [2026-06-22T08:21:44.659+0300] {dag.py:3954} INFO - Setting next_dagrun for example_python_decorator to None, run_after=None
[2026-06-22T08:21:44.685+0300] {processor.py:183} INFO - Processing /media/data/omar/programming course/DEPI/DEPI project/anomx/venv/lib/python3.12/site-packages/airflow/example_dags/example_python_decorator.py took 0.078 seconds
[2026-06-22T08:22:42.096+0300] {processor.py:161} INFO - Started process (PID=42883) to work on /media/data/omar/programming course/DEPI/DEPI project/anomx/venv/lib/python3.12/site-packages/airflow/example_dags/example_python_decorator.py
[2026-06-22T08:22:42.099+0300] {processor.py:830} INFO - Processing file /media/data/omar/programming course/DEPI/DEPI project/anomx/venv/lib/python3.12/site-packages/airflow/example_dags/example_python_decorator.py for tasks to queue
[2026-06-22T08:22:42.102+0300] {logging_mixin.py:188} INFO - [2026-06-22T08:22:42.101+0300] {dagbag.py:540} INFO - Filling up the DagBag from /media/data/omar/programming course/DEPI/DEPI project/anomx/venv/lib/python3.12/site-packages/airflow/example_dags/example_python_decorator.py
[2026-06-22T08:22:42.132+0300] {processor.py:840} INFO - DAG(s) 'example_python_decorator' retrieved from /media/data/omar/programming course/DEPI/DEPI project/anomx/venv/lib/python3.12/site-packages/airflow/example_dags/example_python_decorator.py
[2026-06-22T08:22:42.150+0300] {logging_mixin.py:188} INFO - [2026-06-22T08:22:42.150+0300] {dag.py:3096} INFO - Sync 1 DAGs
[2026-06-22T08:22:42.159+0300] {logging_mixin.py:188} INFO - [2026-06-22T08:22:42.159+0300] {dag.py:3954} INFO - Setting next_dagrun for example_python_decorator to None, run_after=None
[2026-06-22T08:22:42.185+0300] {processor.py:183} INFO - Processing /media/data/omar/programming course/DEPI/DEPI project/anomx/venv/lib/python3.12/site-packages/airflow/example_dags/example_python_decorator.py took 0.110 seconds
[2026-06-22T08:23:36.050+0300] {processor.py:161} INFO - Started process (PID=42964) to work on /media/data/omar/programming course/DEPI/DEPI project/anomx/venv/lib/python3.12/site-packages/airflow/example_dags/example_python_decorator.py
[2026-06-22T08:23:36.051+0300] {processor.py:830} INFO - Processing file /media/data/omar/programming course/DEPI/DEPI project/anomx/venv/lib/python3.12/site-packages/airflow/example_dags/example_python_decorator.py for tasks to queue
[2026-06-22T08:23:36.054+0300] {logging_mixin.py:188} INFO - [2026-06-22T08:23:36.053+0300] {dagbag.py:540} INFO - Filling up the DagBag from /media/data/omar/programming course/DEPI/DEPI project/anomx/venv/lib/python3.12/site-packages/airflow/example_dags/example_python_decorator.py
[2026-06-22T08:23:36.071+0300] {processor.py:840} INFO - DAG(s) 'example_python_decorator' retrieved from /media/data/omar/programming course/DEPI/DEPI project/anomx/venv/lib/python3.12/site-packages/airflow/example_dags/example_python_decorator.py
[2026-06-22T08:23:36.087+0300] {logging_mixin.py:188} INFO - [2026-06-22T08:23:36.087+0300] {dag.py:3096} INFO - Sync 1 DAGs
[2026-06-22T08:23:36.096+0300] {logging_mixin.py:188} INFO - [2026-06-22T08:23:36.095+0300] {dag.py:3954} INFO - Setting next_dagrun for example_python_decorator to None, run_after=None
[2026-06-22T08:23:36.125+0300] {processor.py:183} INFO - Processing /media/data/omar/programming course/DEPI/DEPI project/anomx/venv/lib/python3.12/site-packages/airflow/example_dags/example_python_decorator.py took 0.090 seconds
[2026-06-22T08:24:28.803+0300] {processor.py:161} INFO - Started process (PID=43066) to work on /media/data/omar/programming course/DEPI/DEPI project/anomx/venv/lib/python3.12/site-packages/airflow/example_dags/example_python_decorator.py
[2026-06-22T08:24:28.806+0300] {processor.py:830} INFO - Processing file /media/data/omar/programming course/DEPI/DEPI project/anomx/venv/lib/python3.12/site-packages/airflow/example_dags/example_python_decorator.py for tasks to queue
[2026-06-22T08:24:28.808+0300] {logging_mixin.py:188} INFO - [2026-06-22T08:24:28.807+0300] {dagbag.py:540} INFO - Filling up the DagBag from /media/data/omar/programming course/DEPI/DEPI project/anomx/venv/lib/python3.12/site-packages/airflow/example_dags/example_python_decorator.py
[2026-06-22T08:24:28.827+0300] {processor.py:840} INFO - DAG(s) 'example_python_decorator' retrieved from /media/data/omar/programming course/DEPI/DEPI project/anomx/venv/lib/python3.12/site-packages/airflow/example_dags/example_python_decorator.py
[2026-06-22T08:24:28.843+0300] {logging_mixin.py:188} INFO - [2026-06-22T08:24:28.843+0300] {dag.py:3096} INFO - Sync 1 DAGs
[2026-06-22T08:24:28.851+0300] {logging_mixin.py:188} INFO - [2026-06-22T08:24:28.851+0300] {dag.py:3954} INFO - Setting next_dagrun for example_python_decorator to None, run_after=None
[2026-06-22T08:24:28.875+0300] {processor.py:183} INFO - Processing /media/data/omar/programming course/DEPI/DEPI project/anomx/venv/lib/python3.12/site-packages/airflow/example_dags/example_python_decorator.py took 0.091 seconds
[2026-06-22T08:25:23.016+0300] {processor.py:161} INFO - Started process (PID=43148) to work on /media/data/omar/programming course/DEPI/DEPI project/anomx/venv/lib/python3.12/site-packages/airflow/example_dags/example_python_decorator.py
[2026-06-22T08:25:23.017+0300] {processor.py:830} INFO - Processing file /media/data/omar/programming course/DEPI/DEPI project/anomx/venv/lib/python3.12/site-packages/airflow/example_dags/example_python_decorator.py for tasks to queue
[2026-06-22T08:25:23.019+0300] {logging_mixin.py:188} INFO - [2026-06-22T08:25:23.018+0300] {dagbag.py:540} INFO - Filling up the DagBag from /media/data/omar/programming course/DEPI/DEPI project/anomx/venv/lib/python3.12/site-packages/airflow/example_dags/example_python_decorator.py
[2026-06-22T08:25:23.036+0300] {processor.py:840} INFO - DAG(s) 'example_python_decorator' retrieved from /media/data/omar/programming course/DEPI/DEPI project/anomx/venv/lib/python3.12/site-packages/airflow/example_dags/example_python_decorator.py
[2026-06-22T08:25:23.059+0300] {logging_mixin.py:188} INFO - [2026-06-22T08:25:23.059+0300] {dag.py:3096} INFO - Sync 1 DAGs
[2026-06-22T08:25:23.067+0300] {logging_mixin.py:188} INFO - [2026-06-22T08:25:23.067+0300] {dag.py:3954} INFO - Setting next_dagrun for example_python_decorator to None, run_after=None
[2026-06-22T08:25:23.093+0300] {processor.py:183} INFO - Processing /media/data/omar/programming course/DEPI/DEPI project/anomx/venv/lib/python3.12/site-packages/airflow/example_dags/example_python_decorator.py took 0.094 seconds
[2026-06-22T08:26:18.656+0300] {processor.py:161} INFO - Started process (PID=43245) to work on /media/data/omar/programming course/DEPI/DEPI project/anomx/venv/lib/python3.12/site-packages/airflow/example_dags/example_python_decorator.py
[2026-06-22T08:26:18.659+0300] {processor.py:830} INFO - Processing file /media/data/omar/programming course/DEPI/DEPI project/anomx/venv/lib/python3.12/site-packages/airflow/example_dags/example_python_decorator.py for tasks to queue
[2026-06-22T08:26:18.661+0300] {logging_mixin.py:188} INFO - [2026-06-22T08:26:18.660+0300] {dagbag.py:540} INFO - Filling up the DagBag from /media/data/omar/programming course/DEPI/DEPI project/anomx/venv/lib/python3.12/site-packages/airflow/example_dags/example_python_decorator.py
[2026-06-22T08:26:18.680+0300] {processor.py:840} INFO - DAG(s) 'example_python_decorator' retrieved from /media/data/omar/programming course/DEPI/DEPI project/anomx/venv/lib/python3.12/site-packages/airflow/example_dags/example_python_decorator.py
[2026-06-22T08:26:18.697+0300] {logging_mixin.py:188} INFO - [2026-06-22T08:26:18.697+0300] {dag.py:3096} INFO - Sync 1 DAGs
[2026-06-22T08:26:18.705+0300] {logging_mixin.py:188} INFO - [2026-06-22T08:26:18.705+0300] {dag.py:3954} INFO - Setting next_dagrun for example_python_decorator to None, run_after=None
[2026-06-22T08:26:18.731+0300] {processor.py:183} INFO - Processing /media/data/omar/programming course/DEPI/DEPI project/anomx/venv/lib/python3.12/site-packages/airflow/example_dags/example_python_decorator.py took 0.093 seconds
[2026-06-22T08:27:13.668+0300] {processor.py:161} INFO - Started process (PID=43335) to work on /media/data/omar/programming course/DEPI/DEPI project/anomx/venv/lib/python3.12/site-packages/airflow/example_dags/example_python_decorator.py
[2026-06-22T08:27:13.669+0300] {processor.py:830} INFO - Processing file /media/data/omar/programming course/DEPI/DEPI project/anomx/venv/lib/python3.12/site-packages/airflow/example_dags/example_python_decorator.py for tasks to queue
[2026-06-22T08:27:13.670+0300] {logging_mixin.py:188} INFO - [2026-06-22T08:27:13.670+0300] {dagbag.py:540} INFO - Filling up the DagBag from /media/data/omar/programming course/DEPI/DEPI project/anomx/venv/lib/python3.12/site-packages/airflow/example_dags/example_python_decorator.py
[2026-06-22T08:27:13.686+0300] {processor.py:840} INFO - DAG(s) 'example_python_decorator' retrieved from /media/data/omar/programming course/DEPI/DEPI project/anomx/venv/lib/python3.12/site-packages/airflow/example_dags/example_python_decorator.py
[2026-06-22T08:27:13.703+0300] {logging_mixin.py:188} INFO - [2026-06-22T08:27:13.702+0300] {dag.py:3096} INFO - Sync 1 DAGs
[2026-06-22T08:27:13.711+0300] {logging_mixin.py:188} INFO - [2026-06-22T08:27:13.710+0300] {dag.py:3954} INFO - Setting next_dagrun for example_python_decorator to None, run_after=None
[2026-06-22T08:27:13.735+0300] {processor.py:183} INFO - Processing /media/data/omar/programming course/DEPI/DEPI project/anomx/venv/lib/python3.12/site-packages/airflow/example_dags/example_python_decorator.py took 0.075 seconds
[2026-06-22T08:28:01.552+0300] {processor.py:161} INFO - Started process (PID=43409) to work on /media/data/omar/programming course/DEPI/DEPI project/anomx/venv/lib/python3.12/site-packages/airflow/example_dags/example_python_decorator.py
[2026-06-22T08:28:01.553+0300] {processor.py:830} INFO - Processing file /media/data/omar/programming course/DEPI/DEPI project/anomx/venv/lib/python3.12/site-packages/airflow/example_dags/example_python_decorator.py for tasks to queue
[2026-06-22T08:28:01.555+0300] {logging_mixin.py:188} INFO - [2026-06-22T08:28:01.554+0300] {dagbag.py:540} INFO - Filling up the DagBag from /media/data/omar/programming course/DEPI/DEPI project/anomx/venv/lib/python3.12/site-packages/airflow/example_dags/example_python_decorator.py
[2026-06-22T08:28:01.582+0300] {processor.py:840} INFO - DAG(s) 'example_python_decorator' retrieved from /media/data/omar/programming course/DEPI/DEPI project/anomx/venv/lib/python3.12/site-packages/airflow/example_dags/example_python_decorator.py
[2026-06-22T08:28:01.599+0300] {logging_mixin.py:188} INFO - [2026-06-22T08:28:01.599+0300] {dag.py:3096} INFO - Sync 1 DAGs
[2026-06-22T08:28:01.609+0300] {logging_mixin.py:188} INFO - [2026-06-22T08:28:01.608+0300] {dag.py:3954} INFO - Setting next_dagrun for example_python_decorator to None, run_after=None
[2026-06-22T08:28:01.636+0300] {processor.py:183} INFO - Processing /media/data/omar/programming course/DEPI/DEPI project/anomx/venv/lib/python3.12/site-packages/airflow/example_dags/example_python_decorator.py took 0.104 seconds
[2026-06-22T08:28:55.180+0300] {processor.py:161} INFO - Started process (PID=43500) to work on /media/data/omar/programming course/DEPI/DEPI project/anomx/venv/lib/python3.12/site-packages/airflow/example_dags/example_python_decorator.py
[2026-06-22T08:28:55.182+0300] {processor.py:830} INFO - Processing file /media/data/omar/programming course/DEPI/DEPI project/anomx/venv/lib/python3.12/site-packages/airflow/example_dags/example_python_decorator.py for tasks to queue
[2026-06-22T08:28:55.184+0300] {logging_mixin.py:188} INFO - [2026-06-22T08:28:55.183+0300] {dagbag.py:540} INFO - Filling up the DagBag from /media/data/omar/programming course/DEPI/DEPI project/anomx/venv/lib/python3.12/site-packages/airflow/example_dags/example_python_decorator.py
[2026-06-22T08:28:55.207+0300] {processor.py:840} INFO - DAG(s) 'example_python_decorator' retrieved from /media/data/omar/programming course/DEPI/DEPI project/anomx/venv/lib/python3.12/site-packages/airflow/example_dags/example_python_decorator.py
[2026-06-22T08:28:55.223+0300] {logging_mixin.py:188} INFO - [2026-06-22T08:28:55.223+0300] {dag.py:3096} INFO - Sync 1 DAGs
[2026-06-22T08:28:55.232+0300] {logging_mixin.py:188} INFO - [2026-06-22T08:28:55.231+0300] {dag.py:3954} INFO - Setting next_dagrun for example_python_decorator to None, run_after=None
[2026-06-22T08:28:55.286+0300] {processor.py:183} INFO - Processing /media/data/omar/programming course/DEPI/DEPI project/anomx/venv/lib/python3.12/site-packages/airflow/example_dags/example_python_decorator.py took 0.120 seconds
[2026-06-22T08:29:48.608+0300] {processor.py:161} INFO - Started process (PID=43580) to work on /media/data/omar/programming course/DEPI/DEPI project/anomx/venv/lib/python3.12/site-packages/airflow/example_dags/example_python_decorator.py
[2026-06-22T08:29:48.609+0300] {processor.py:830} INFO - Processing file /media/data/omar/programming course/DEPI/DEPI project/anomx/venv/lib/python3.12/site-packages/airflow/example_dags/example_python_decorator.py for tasks to queue
[2026-06-22T08:29:48.609+0300] {logging_mixin.py:188} INFO - [2026-06-22T08:29:48.609+0300] {dagbag.py:540} INFO - Filling up the DagBag from /media/data/omar/programming course/DEPI/DEPI project/anomx/venv/lib/python3.12/site-packages/airflow/example_dags/example_python_decorator.py
[2026-06-22T08:29:48.622+0300] {processor.py:840} INFO - DAG(s) 'example_python_decorator' retrieved from /media/data/omar/programming course/DEPI/DEPI project/anomx/venv/lib/python3.12/site-packages/airflow/example_dags/example_python_decorator.py
[2026-06-22T08:29:48.636+0300] {logging_mixin.py:188} INFO - [2026-06-22T08:29:48.636+0300] {dag.py:3096} INFO - Sync 1 DAGs
[2026-06-22T08:29:48.644+0300] {logging_mixin.py:188} INFO - [2026-06-22T08:29:48.644+0300] {dag.py:3954} INFO - Setting next_dagrun for example_python_decorator to None, run_after=None
[2026-06-22T08:29:48.671+0300] {processor.py:183} INFO - Processing /media/data/omar/programming course/DEPI/DEPI project/anomx/venv/lib/python3.12/site-packages/airflow/example_dags/example_python_decorator.py took 0.067 seconds
[2026-06-22T08:30:41.860+0300] {processor.py:161} INFO - Started process (PID=43667) to work on /media/data/omar/programming course/DEPI/DEPI project/anomx/venv/lib/python3.12/site-packages/airflow/example_dags/example_python_decorator.py
[2026-06-22T08:30:41.862+0300] {processor.py:830} INFO - Processing file /media/data/omar/programming course/DEPI/DEPI project/anomx/venv/lib/python3.12/site-packages/airflow/example_dags/example_python_decorator.py for tasks to queue
[2026-06-22T08:30:41.863+0300] {logging_mixin.py:188} INFO - [2026-06-22T08:30:41.863+0300] {dagbag.py:540} INFO - Filling up the DagBag from /media/data/omar/programming course/DEPI/DEPI project/anomx/venv/lib/python3.12/site-packages/airflow/example_dags/example_python_decorator.py
[2026-06-22T08:30:41.888+0300] {processor.py:840} INFO - DAG(s) 'example_python_decorator' retrieved from /media/data/omar/programming course/DEPI/DEPI project/anomx/venv/lib/python3.12/site-packages/airflow/example_dags/example_python_decorator.py
[2026-06-22T08:30:41.909+0300] {logging_mixin.py:188} INFO - [2026-06-22T08:30:41.908+0300] {dag.py:3096} INFO - Sync 1 DAGs
[2026-06-22T08:30:41.918+0300] {logging_mixin.py:188} INFO - [2026-06-22T08:30:41.917+0300] {dag.py:3954} INFO - Setting next_dagrun for example_python_decorator to None, run_after=None
[2026-06-22T08:30:41.970+0300] {processor.py:183} INFO - Processing /media/data/omar/programming course/DEPI/DEPI project/anomx/venv/lib/python3.12/site-packages/airflow/example_dags/example_python_decorator.py took 0.120 seconds
[2026-06-22T08:31:35.032+0300] {processor.py:161} INFO - Started process (PID=43774) to work on /media/data/omar/programming course/DEPI/DEPI project/anomx/venv/lib/python3.12/site-packages/airflow/example_dags/example_python_decorator.py
[2026-06-22T08:31:35.033+0300] {processor.py:830} INFO - Processing file /media/data/omar/programming course/DEPI/DEPI project/anomx/venv/lib/python3.12/site-packages/airflow/example_dags/example_python_decorator.py for tasks to queue
[2026-06-22T08:31:35.034+0300] {logging_mixin.py:188} INFO - [2026-06-22T08:31:35.033+0300] {dagbag.py:540} INFO - Filling up the DagBag from /media/data/omar/programming course/DEPI/DEPI project/anomx/venv/lib/python3.12/site-packages/airflow/example_dags/example_python_decorator.py
[2026-06-22T08:31:35.045+0300] {processor.py:840} INFO - DAG(s) 'example_python_decorator' retrieved from /media/data/omar/programming course/DEPI/DEPI project/anomx/venv/lib/python3.12/site-packages/airflow/example_dags/example_python_decorator.py
[2026-06-22T08:31:35.061+0300] {logging_mixin.py:188} INFO - [2026-06-22T08:31:35.061+0300] {dag.py:3096} INFO - Sync 1 DAGs
[2026-06-22T08:31:35.070+0300] {logging_mixin.py:188} INFO - [2026-06-22T08:31:35.069+0300] {dag.py:3954} INFO - Setting next_dagrun for example_python_decorator to None, run_after=None
[2026-06-22T08:31:35.095+0300] {processor.py:183} INFO - Processing /media/data/omar/programming course/DEPI/DEPI project/anomx/venv/lib/python3.12/site-packages/airflow/example_dags/example_python_decorator.py took 0.068 seconds
[2026-06-22T08:32:27.523+0300] {processor.py:161} INFO - Started process (PID=43856) to work on /media/data/omar/programming course/DEPI/DEPI project/anomx/venv/lib/python3.12/site-packages/airflow/example_dags/example_python_decorator.py
[2026-06-22T08:32:27.524+0300] {processor.py:830} INFO - Processing file /media/data/omar/programming course/DEPI/DEPI project/anomx/venv/lib/python3.12/site-packages/airflow/example_dags/example_python_decorator.py for tasks to queue
[2026-06-22T08:32:27.525+0300] {logging_mixin.py:188} INFO - [2026-06-22T08:32:27.524+0300] {dagbag.py:540} INFO - Filling up the DagBag from /media/data/omar/programming course/DEPI/DEPI project/anomx/venv/lib/python3.12/site-packages/airflow/example_dags/example_python_decorator.py
[2026-06-22T08:32:27.536+0300] {processor.py:840} INFO - DAG(s) 'example_python_decorator' retrieved from /media/data/omar/programming course/DEPI/DEPI project/anomx/venv/lib/python3.12/site-packages/airflow/example_dags/example_python_decorator.py
[2026-06-22T08:32:27.550+0300] {logging_mixin.py:188} INFO - [2026-06-22T08:32:27.550+0300] {dag.py:3096} INFO - Sync 1 DAGs
[2026-06-22T08:32:27.558+0300] {logging_mixin.py:188} INFO - [2026-06-22T08:32:27.558+0300] {dag.py:3954} INFO - Setting next_dagrun for example_python_decorator to None, run_after=None
[2026-06-22T08:32:27.583+0300] {processor.py:183} INFO - Processing /media/data/omar/programming course/DEPI/DEPI project/anomx/venv/lib/python3.12/site-packages/airflow/example_dags/example_python_decorator.py took 0.065 seconds
[2026-06-22T08:33:15.881+0300] {processor.py:161} INFO - Started process (PID=43932) to work on /media/data/omar/programming course/DEPI/DEPI project/anomx/venv/lib/python3.12/site-packages/airflow/example_dags/example_python_decorator.py
[2026-06-22T08:33:15.883+0300] {processor.py:830} INFO - Processing file /media/data/omar/programming course/DEPI/DEPI project/anomx/venv/lib/python3.12/site-packages/airflow/example_dags/example_python_decorator.py for tasks to queue
[2026-06-22T08:33:15.886+0300] {logging_mixin.py:188} INFO - [2026-06-22T08:33:15.884+0300] {dagbag.py:540} INFO - Filling up the DagBag from /media/data/omar/programming course/DEPI/DEPI project/anomx/venv/lib/python3.12/site-packages/airflow/example_dags/example_python_decorator.py
[2026-06-22T08:33:15.908+0300] {processor.py:840} INFO - DAG(s) 'example_python_decorator' retrieved from /media/data/omar/programming course/DEPI/DEPI project/anomx/venv/lib/python3.12/site-packages/airflow/example_dags/example_python_decorator.py
[2026-06-22T08:33:15.924+0300] {logging_mixin.py:188} INFO - [2026-06-22T08:33:15.924+0300] {dag.py:3096} INFO - Sync 1 DAGs
[2026-06-22T08:33:15.933+0300] {logging_mixin.py:188} INFO - [2026-06-22T08:33:15.933+0300] {dag.py:3954} INFO - Setting next_dagrun for example_python_decorator to None, run_after=None
[2026-06-22T08:33:15.960+0300] {processor.py:183} INFO - Processing /media/data/omar/programming course/DEPI/DEPI project/anomx/venv/lib/python3.12/site-packages/airflow/example_dags/example_python_decorator.py took 0.092 seconds
[2026-06-22T08:34:07.566+0300] {processor.py:161} INFO - Started process (PID=44019) to work on /media/data/omar/programming course/DEPI/DEPI project/anomx/venv/lib/python3.12/site-packages/airflow/example_dags/example_python_decorator.py
[2026-06-22T08:34:07.567+0300] {processor.py:830} INFO - Processing file /media/data/omar/programming course/DEPI/DEPI project/anomx/venv/lib/python3.12/site-packages/airflow/example_dags/example_python_decorator.py for tasks to queue
[2026-06-22T08:34:07.568+0300] {logging_mixin.py:188} INFO - [2026-06-22T08:34:07.567+0300] {dagbag.py:540} INFO - Filling up the DagBag from /media/data/omar/programming course/DEPI/DEPI project/anomx/venv/lib/python3.12/site-packages/airflow/example_dags/example_python_decorator.py
[2026-06-22T08:34:07.579+0300] {processor.py:840} INFO - DAG(s) 'example_python_decorator' retrieved from /media/data/omar/programming course/DEPI/DEPI project/anomx/venv/lib/python3.12/site-packages/airflow/example_dags/example_python_decorator.py
[2026-06-22T08:34:07.593+0300] {logging_mixin.py:188} INFO - [2026-06-22T08:34:07.593+0300] {dag.py:3096} INFO - Sync 1 DAGs
[2026-06-22T08:34:07.601+0300] {logging_mixin.py:188} INFO - [2026-06-22T08:34:07.601+0300] {dag.py:3954} INFO - Setting next_dagrun for example_python_decorator to None, run_after=None
[2026-06-22T08:34:07.627+0300] {processor.py:183} INFO - Processing /media/data/omar/programming course/DEPI/DEPI project/anomx/venv/lib/python3.12/site-packages/airflow/example_dags/example_python_decorator.py took 0.065 seconds
[2026-06-22T08:34:58.433+0300] {processor.py:161} INFO - Started process (PID=44094) to work on /media/data/omar/programming course/DEPI/DEPI project/anomx/venv/lib/python3.12/site-packages/airflow/example_dags/example_python_decorator.py
[2026-06-22T08:34:58.434+0300] {processor.py:830} INFO - Processing file /media/data/omar/programming course/DEPI/DEPI project/anomx/venv/lib/python3.12/site-packages/airflow/example_dags/example_python_decorator.py for tasks to queue
[2026-06-22T08:34:58.435+0300] {logging_mixin.py:188} INFO - [2026-06-22T08:34:58.434+0300] {dagbag.py:540} INFO - Filling up the DagBag from /media/data/omar/programming course/DEPI/DEPI project/anomx/venv/lib/python3.12/site-packages/airflow/example_dags/example_python_decorator.py
[2026-06-22T08:34:58.447+0300] {processor.py:840} INFO - DAG(s) 'example_python_decorator' retrieved from /media/data/omar/programming course/DEPI/DEPI project/anomx/venv/lib/python3.12/site-packages/airflow/example_dags/example_python_decorator.py
[2026-06-22T08:34:58.462+0300] {logging_mixin.py:188} INFO - [2026-06-22T08:34:58.462+0300] {dag.py:3096} INFO - Sync 1 DAGs
[2026-06-22T08:34:58.471+0300] {logging_mixin.py:188} INFO - [2026-06-22T08:34:58.470+0300] {dag.py:3954} INFO - Setting next_dagrun for example_python_decorator to None, run_after=None
[2026-06-22T08:34:58.495+0300] {processor.py:183} INFO - Processing /media/data/omar/programming course/DEPI/DEPI project/anomx/venv/lib/python3.12/site-packages/airflow/example_dags/example_python_decorator.py took 0.068 seconds
[2026-06-22T08:35:46.437+0300] {processor.py:161} INFO - Started process (PID=44175) to work on /media/data/omar/programming course/DEPI/DEPI project/anomx/venv/lib/python3.12/site-packages/airflow/example_dags/example_python_decorator.py
[2026-06-22T08:35:46.438+0300] {processor.py:830} INFO - Processing file /media/data/omar/programming course/DEPI/DEPI project/anomx/venv/lib/python3.12/site-packages/airflow/example_dags/example_python_decorator.py for tasks to queue
[2026-06-22T08:35:46.439+0300] {logging_mixin.py:188} INFO - [2026-06-22T08:35:46.438+0300] {dagbag.py:540} INFO - Filling up the DagBag from /media/data/omar/programming course/DEPI/DEPI project/anomx/venv/lib/python3.12/site-packages/airflow/example_dags/example_python_decorator.py
[2026-06-22T08:35:46.451+0300] {processor.py:840} INFO - DAG(s) 'example_python_decorator' retrieved from /media/data/omar/programming course/DEPI/DEPI project/anomx/venv/lib/python3.12/site-packages/airflow/example_dags/example_python_decorator.py
[2026-06-22T08:35:46.466+0300] {logging_mixin.py:188} INFO - [2026-06-22T08:35:46.466+0300] {dag.py:3096} INFO - Sync 1 DAGs
[2026-06-22T08:35:46.474+0300] {logging_mixin.py:188} INFO - [2026-06-22T08:35:46.474+0300] {dag.py:3954} INFO - Setting next_dagrun for example_python_decorator to None, run_after=None
[2026-06-22T08:35:46.499+0300] {processor.py:183} INFO - Processing /media/data/omar/programming course/DEPI/DEPI project/anomx/venv/lib/python3.12/site-packages/airflow/example_dags/example_python_decorator.py took 0.067 seconds
[2026-06-22T08:36:36.833+0300] {processor.py:161} INFO - Started process (PID=44249) to work on /media/data/omar/programming course/DEPI/DEPI project/anomx/venv/lib/python3.12/site-packages/airflow/example_dags/example_python_decorator.py
[2026-06-22T08:36:36.835+0300] {processor.py:830} INFO - Processing file /media/data/omar/programming course/DEPI/DEPI project/anomx/venv/lib/python3.12/site-packages/airflow/example_dags/example_python_decorator.py for tasks to queue
[2026-06-22T08:36:36.837+0300] {logging_mixin.py:188} INFO - [2026-06-22T08:36:36.836+0300] {dagbag.py:540} INFO - Filling up the DagBag from /media/data/omar/programming course/DEPI/DEPI project/anomx/venv/lib/python3.12/site-packages/airflow/example_dags/example_python_decorator.py
[2026-06-22T08:36:36.861+0300] {processor.py:840} INFO - DAG(s) 'example_python_decorator' retrieved from /media/data/omar/programming course/DEPI/DEPI project/anomx/venv/lib/python3.12/site-packages/airflow/example_dags/example_python_decorator.py
[2026-06-22T08:36:36.878+0300] {logging_mixin.py:188} INFO - [2026-06-22T08:36:36.878+0300] {dag.py:3096} INFO - Sync 1 DAGs
[2026-06-22T08:36:36.887+0300] {logging_mixin.py:188} INFO - [2026-06-22T08:36:36.886+0300] {dag.py:3954} INFO - Setting next_dagrun for example_python_decorator to None, run_after=None
[2026-06-22T08:36:36.913+0300] {processor.py:183} INFO - Processing /media/data/omar/programming course/DEPI/DEPI project/anomx/venv/lib/python3.12/site-packages/airflow/example_dags/example_python_decorator.py took 0.093 seconds
[2026-06-22T08:37:29.485+0300] {processor.py:161} INFO - Started process (PID=44325) to work on /media/data/omar/programming course/DEPI/DEPI project/anomx/venv/lib/python3.12/site-packages/airflow/example_dags/example_python_decorator.py
[2026-06-22T08:37:29.485+0300] {processor.py:830} INFO - Processing file /media/data/omar/programming course/DEPI/DEPI project/anomx/venv/lib/python3.12/site-packages/airflow/example_dags/example_python_decorator.py for tasks to queue
[2026-06-22T08:37:29.486+0300] {logging_mixin.py:188} INFO - [2026-06-22T08:37:29.486+0300] {dagbag.py:540} INFO - Filling up the DagBag from /media/data/omar/programming course/DEPI/DEPI project/anomx/venv/lib/python3.12/site-packages/airflow/example_dags/example_python_decorator.py
[2026-06-22T08:37:29.498+0300] {processor.py:840} INFO - DAG(s) 'example_python_decorator' retrieved from /media/data/omar/programming course/DEPI/DEPI project/anomx/venv/lib/python3.12/site-packages/airflow/example_dags/example_python_decorator.py
[2026-06-22T08:37:29.512+0300] {logging_mixin.py:188} INFO - [2026-06-22T08:37:29.512+0300] {dag.py:3096} INFO - Sync 1 DAGs
[2026-06-22T08:37:29.521+0300] {logging_mixin.py:188} INFO - [2026-06-22T08:37:29.520+0300] {dag.py:3954} INFO - Setting next_dagrun for example_python_decorator to None, run_after=None
[2026-06-22T08:37:29.545+0300] {processor.py:183} INFO - Processing /media/data/omar/programming course/DEPI/DEPI project/anomx/venv/lib/python3.12/site-packages/airflow/example_dags/example_python_decorator.py took 0.065 seconds
[2026-06-22T08:38:18.433+0300] {processor.py:161} INFO - Started process (PID=44411) to work on /media/data/omar/programming course/DEPI/DEPI project/anomx/venv/lib/python3.12/site-packages/airflow/example_dags/example_python_decorator.py
[2026-06-22T08:38:18.435+0300] {processor.py:830} INFO - Processing file /media/data/omar/programming course/DEPI/DEPI project/anomx/venv/lib/python3.12/site-packages/airflow/example_dags/example_python_decorator.py for tasks to queue
[2026-06-22T08:38:18.438+0300] {logging_mixin.py:188} INFO - [2026-06-22T08:38:18.437+0300] {dagbag.py:540} INFO - Filling up the DagBag from /media/data/omar/programming course/DEPI/DEPI project/anomx/venv/lib/python3.12/site-packages/airflow/example_dags/example_python_decorator.py
[2026-06-22T08:38:18.462+0300] {processor.py:840} INFO - DAG(s) 'example_python_decorator' retrieved from /media/data/omar/programming course/DEPI/DEPI project/anomx/venv/lib/python3.12/site-packages/airflow/example_dags/example_python_decorator.py
[2026-06-22T08:38:18.479+0300] {logging_mixin.py:188} INFO - [2026-06-22T08:38:18.478+0300] {dag.py:3096} INFO - Sync 1 DAGs
[2026-06-22T08:38:18.487+0300] {logging_mixin.py:188} INFO - [2026-06-22T08:38:18.486+0300] {dag.py:3954} INFO - Setting next_dagrun for example_python_decorator to None, run_after=None
[2026-06-22T08:38:18.521+0300] {processor.py:183} INFO - Processing /media/data/omar/programming course/DEPI/DEPI project/anomx/venv/lib/python3.12/site-packages/airflow/example_dags/example_python_decorator.py took 0.101 seconds
[2026-06-22T08:39:09.365+0300] {processor.py:161} INFO - Started process (PID=44496) to work on /media/data/omar/programming course/DEPI/DEPI project/anomx/venv/lib/python3.12/site-packages/airflow/example_dags/example_python_decorator.py
[2026-06-22T08:39:09.366+0300] {processor.py:830} INFO - Processing file /media/data/omar/programming course/DEPI/DEPI project/anomx/venv/lib/python3.12/site-packages/airflow/example_dags/example_python_decorator.py for tasks to queue
[2026-06-22T08:39:09.368+0300] {logging_mixin.py:188} INFO - [2026-06-22T08:39:09.367+0300] {dagbag.py:540} INFO - Filling up the DagBag from /media/data/omar/programming course/DEPI/DEPI project/anomx/venv/lib/python3.12/site-packages/airflow/example_dags/example_python_decorator.py
[2026-06-22T08:39:09.382+0300] {processor.py:840} INFO - DAG(s) 'example_python_decorator' retrieved from /media/data/omar/programming course/DEPI/DEPI project/anomx/venv/lib/python3.12/site-packages/airflow/example_dags/example_python_decorator.py
[2026-06-22T08:39:09.401+0300] {logging_mixin.py:188} INFO - [2026-06-22T08:39:09.400+0300] {dag.py:3096} INFO - Sync 1 DAGs
[2026-06-22T08:39:09.412+0300] {logging_mixin.py:188} INFO - [2026-06-22T08:39:09.411+0300] {dag.py:3954} INFO - Setting next_dagrun for example_python_decorator to None, run_after=None
[2026-06-22T08:39:09.443+0300] {processor.py:183} INFO - Processing /media/data/omar/programming course/DEPI/DEPI project/anomx/venv/lib/python3.12/site-packages/airflow/example_dags/example_python_decorator.py took 0.085 seconds
[2026-06-22T08:40:03.381+0300] {processor.py:161} INFO - Started process (PID=44579) to work on /media/data/omar/programming course/DEPI/DEPI project/anomx/venv/lib/python3.12/site-packages/airflow/example_dags/example_python_decorator.py
[2026-06-22T08:40:03.382+0300] {processor.py:830} INFO - Processing file /media/data/omar/programming course/DEPI/DEPI project/anomx/venv/lib/python3.12/site-packages/airflow/example_dags/example_python_decorator.py for tasks to queue
[2026-06-22T08:40:03.383+0300] {logging_mixin.py:188} INFO - [2026-06-22T08:40:03.383+0300] {dagbag.py:540} INFO - Filling up the DagBag from /media/data/omar/programming course/DEPI/DEPI project/anomx/venv/lib/python3.12/site-packages/airflow/example_dags/example_python_decorator.py
[2026-06-22T08:40:03.403+0300] {processor.py:840} INFO - DAG(s) 'example_python_decorator' retrieved from /media/data/omar/programming course/DEPI/DEPI project/anomx/venv/lib/python3.12/site-packages/airflow/example_dags/example_python_decorator.py
[2026-06-22T08:40:03.427+0300] {logging_mixin.py:188} INFO - [2026-06-22T08:40:03.426+0300] {dag.py:3096} INFO - Sync 1 DAGs
[2026-06-22T08:40:03.438+0300] {logging_mixin.py:188} INFO - [2026-06-22T08:40:03.438+0300] {dag.py:3954} INFO - Setting next_dagrun for example_python_decorator to None, run_after=None
[2026-06-22T08:40:03.473+0300] {processor.py:183} INFO - Processing /media/data/omar/programming course/DEPI/DEPI project/anomx/venv/lib/python3.12/site-packages/airflow/example_dags/example_python_decorator.py took 0.100 seconds
[2026-06-22T08:40:57.833+0300] {processor.py:161} INFO - Started process (PID=44680) to work on /media/data/omar/programming course/DEPI/DEPI project/anomx/venv/lib/python3.12/site-packages/airflow/example_dags/example_python_decorator.py
[2026-06-22T08:40:57.836+0300] {processor.py:830} INFO - Processing file /media/data/omar/programming course/DEPI/DEPI project/anomx/venv/lib/python3.12/site-packages/airflow/example_dags/example_python_decorator.py for tasks to queue
[2026-06-22T08:40:57.840+0300] {logging_mixin.py:188} INFO - [2026-06-22T08:40:57.838+0300] {dagbag.py:540} INFO - Filling up the DagBag from /media/data/omar/programming course/DEPI/DEPI project/anomx/venv/lib/python3.12/site-packages/airflow/example_dags/example_python_decorator.py
[2026-06-22T08:40:57.882+0300] {processor.py:840} INFO - DAG(s) 'example_python_decorator' retrieved from /media/data/omar/programming course/DEPI/DEPI project/anomx/venv/lib/python3.12/site-packages/airflow/example_dags/example_python_decorator.py
[2026-06-22T08:40:57.929+0300] {logging_mixin.py:188} INFO - [2026-06-22T08:40:57.928+0300] {dag.py:3096} INFO - Sync 1 DAGs
[2026-06-22T08:40:57.967+0300] {logging_mixin.py:188} INFO - [2026-06-22T08:40:57.965+0300] {dag.py:3954} INFO - Setting next_dagrun for example_python_decorator to None, run_after=None
[2026-06-22T08:40:58.052+0300] {processor.py:183} INFO - Processing /media/data/omar/programming course/DEPI/DEPI project/anomx/venv/lib/python3.12/site-packages/airflow/example_dags/example_python_decorator.py took 0.239 seconds
[2026-06-22T08:41:54.679+0300] {processor.py:161} INFO - Started process (PID=44762) to work on /media/data/omar/programming course/DEPI/DEPI project/anomx/venv/lib/python3.12/site-packages/airflow/example_dags/example_python_decorator.py
[2026-06-22T08:41:54.680+0300] {processor.py:830} INFO - Processing file /media/data/omar/programming course/DEPI/DEPI project/anomx/venv/lib/python3.12/site-packages/airflow/example_dags/example_python_decorator.py for tasks to queue
[2026-06-22T08:41:54.681+0300] {logging_mixin.py:188} INFO - [2026-06-22T08:41:54.680+0300] {dagbag.py:540} INFO - Filling up the DagBag from /media/data/omar/programming course/DEPI/DEPI project/anomx/venv/lib/python3.12/site-packages/airflow/example_dags/example_python_decorator.py
[2026-06-22T08:41:54.696+0300] {processor.py:840} INFO - DAG(s) 'example_python_decorator' retrieved from /media/data/omar/programming course/DEPI/DEPI project/anomx/venv/lib/python3.12/site-packages/airflow/example_dags/example_python_decorator.py
[2026-06-22T08:41:54.716+0300] {logging_mixin.py:188} INFO - [2026-06-22T08:41:54.715+0300] {dag.py:3096} INFO - Sync 1 DAGs
[2026-06-22T08:41:54.726+0300] {logging_mixin.py:188} INFO - [2026-06-22T08:41:54.725+0300] {dag.py:3954} INFO - Setting next_dagrun for example_python_decorator to None, run_after=None
[2026-06-22T08:41:54.757+0300] {processor.py:183} INFO - Processing /media/data/omar/programming course/DEPI/DEPI project/anomx/venv/lib/python3.12/site-packages/airflow/example_dags/example_python_decorator.py took 0.084 seconds
[2026-06-22T08:42:45.523+0300] {processor.py:161} INFO - Started process (PID=44846) to work on /media/data/omar/programming course/DEPI/DEPI project/anomx/venv/lib/python3.12/site-packages/airflow/example_dags/example_python_decorator.py
[2026-06-22T08:42:45.524+0300] {processor.py:830} INFO - Processing file /media/data/omar/programming course/DEPI/DEPI project/anomx/venv/lib/python3.12/site-packages/airflow/example_dags/example_python_decorator.py for tasks to queue
[2026-06-22T08:42:45.525+0300] {logging_mixin.py:188} INFO - [2026-06-22T08:42:45.525+0300] {dagbag.py:540} INFO - Filling up the DagBag from /media/data/omar/programming course/DEPI/DEPI project/anomx/venv/lib/python3.12/site-packages/airflow/example_dags/example_python_decorator.py
[2026-06-22T08:42:45.541+0300] {processor.py:840} INFO - DAG(s) 'example_python_decorator' retrieved from /media/data/omar/programming course/DEPI/DEPI project/anomx/venv/lib/python3.12/site-packages/airflow/example_dags/example_python_decorator.py
[2026-06-22T08:42:45.560+0300] {logging_mixin.py:188} INFO - [2026-06-22T08:42:45.559+0300] {dag.py:3096} INFO - Sync 1 DAGs
[2026-06-22T08:42:45.570+0300] {logging_mixin.py:188} INFO - [2026-06-22T08:42:45.570+0300] {dag.py:3954} INFO - Setting next_dagrun for example_python_decorator to None, run_after=None
[2026-06-22T08:42:45.602+0300] {processor.py:183} INFO - Processing /media/data/omar/programming course/DEPI/DEPI project/anomx/venv/lib/python3.12/site-packages/airflow/example_dags/example_python_decorator.py took 0.087 seconds
[2026-06-22T08:43:38.651+0300] {processor.py:161} INFO - Started process (PID=44922) to work on /media/data/omar/programming course/DEPI/DEPI project/anomx/venv/lib/python3.12/site-packages/airflow/example_dags/example_python_decorator.py
[2026-06-22T08:43:38.653+0300] {processor.py:830} INFO - Processing file /media/data/omar/programming course/DEPI/DEPI project/anomx/venv/lib/python3.12/site-packages/airflow/example_dags/example_python_decorator.py for tasks to queue
[2026-06-22T08:43:38.655+0300] {logging_mixin.py:188} INFO - [2026-06-22T08:43:38.654+0300] {dagbag.py:540} INFO - Filling up the DagBag from /media/data/omar/programming course/DEPI/DEPI project/anomx/venv/lib/python3.12/site-packages/airflow/example_dags/example_python_decorator.py
[2026-06-22T08:43:38.679+0300] {processor.py:840} INFO - DAG(s) 'example_python_decorator' retrieved from /media/data/omar/programming course/DEPI/DEPI project/anomx/venv/lib/python3.12/site-packages/airflow/example_dags/example_python_decorator.py
[2026-06-22T08:43:38.699+0300] {logging_mixin.py:188} INFO - [2026-06-22T08:43:38.699+0300] {dag.py:3096} INFO - Sync 1 DAGs
[2026-06-22T08:43:38.710+0300] {logging_mixin.py:188} INFO - [2026-06-22T08:43:38.709+0300] {dag.py:3954} INFO - Setting next_dagrun for example_python_decorator to None, run_after=None
[2026-06-22T08:43:38.737+0300] {processor.py:183} INFO - Processing /media/data/omar/programming course/DEPI/DEPI project/anomx/venv/lib/python3.12/site-packages/airflow/example_dags/example_python_decorator.py took 0.098 seconds
[2026-06-22T08:44:30.743+0300] {processor.py:161} INFO - Started process (PID=45016) to work on /media/data/omar/programming course/DEPI/DEPI project/anomx/venv/lib/python3.12/site-packages/airflow/example_dags/example_python_decorator.py
[2026-06-22T08:44:30.744+0300] {processor.py:830} INFO - Processing file /media/data/omar/programming course/DEPI/DEPI project/anomx/venv/lib/python3.12/site-packages/airflow/example_dags/example_python_decorator.py for tasks to queue
[2026-06-22T08:44:30.746+0300] {logging_mixin.py:188} INFO - [2026-06-22T08:44:30.745+0300] {dagbag.py:540} INFO - Filling up the DagBag from /media/data/omar/programming course/DEPI/DEPI project/anomx/venv/lib/python3.12/site-packages/airflow/example_dags/example_python_decorator.py
[2026-06-22T08:44:30.761+0300] {processor.py:840} INFO - DAG(s) 'example_python_decorator' retrieved from /media/data/omar/programming course/DEPI/DEPI project/anomx/venv/lib/python3.12/site-packages/airflow/example_dags/example_python_decorator.py
[2026-06-22T08:44:30.781+0300] {logging_mixin.py:188} INFO - [2026-06-22T08:44:30.780+0300] {dag.py:3096} INFO - Sync 1 DAGs
[2026-06-22T08:44:30.791+0300] {logging_mixin.py:188} INFO - [2026-06-22T08:44:30.790+0300] {dag.py:3954} INFO - Setting next_dagrun for example_python_decorator to None, run_after=None
[2026-06-22T08:44:30.822+0300] {processor.py:183} INFO - Processing /media/data/omar/programming course/DEPI/DEPI project/anomx/venv/lib/python3.12/site-packages/airflow/example_dags/example_python_decorator.py took 0.087 seconds
[2026-06-22T08:45:21.289+0300] {processor.py:161} INFO - Started process (PID=45095) to work on /media/data/omar/programming course/DEPI/DEPI project/anomx/venv/lib/python3.12/site-packages/airflow/example_dags/example_python_decorator.py
[2026-06-22T08:45:21.290+0300] {processor.py:830} INFO - Processing file /media/data/omar/programming course/DEPI/DEPI project/anomx/venv/lib/python3.12/site-packages/airflow/example_dags/example_python_decorator.py for tasks to queue
[2026-06-22T08:45:21.291+0300] {logging_mixin.py:188} INFO - [2026-06-22T08:45:21.290+0300] {dagbag.py:540} INFO - Filling up the DagBag from /media/data/omar/programming course/DEPI/DEPI project/anomx/venv/lib/python3.12/site-packages/airflow/example_dags/example_python_decorator.py
[2026-06-22T08:45:21.304+0300] {processor.py:840} INFO - DAG(s) 'example_python_decorator' retrieved from /media/data/omar/programming course/DEPI/DEPI project/anomx/venv/lib/python3.12/site-packages/airflow/example_dags/example_python_decorator.py
[2026-06-22T08:45:21.322+0300] {logging_mixin.py:188} INFO - [2026-06-22T08:45:21.321+0300] {dag.py:3096} INFO - Sync 1 DAGs
[2026-06-22T08:45:21.332+0300] {logging_mixin.py:188} INFO - [2026-06-22T08:45:21.331+0300] {dag.py:3954} INFO - Setting next_dagrun for example_python_decorator to None, run_after=None
[2026-06-22T08:45:21.359+0300] {processor.py:183} INFO - Processing /media/data/omar/programming course/DEPI/DEPI project/anomx/venv/lib/python3.12/site-packages/airflow/example_dags/example_python_decorator.py took 0.075 seconds
[2026-06-22T08:46:11.975+0300] {processor.py:161} INFO - Started process (PID=45180) to work on /media/data/omar/programming course/DEPI/DEPI project/anomx/venv/lib/python3.12/site-packages/airflow/example_dags/example_python_decorator.py
[2026-06-22T08:46:11.977+0300] {processor.py:830} INFO - Processing file /media/data/omar/programming course/DEPI/DEPI project/anomx/venv/lib/python3.12/site-packages/airflow/example_dags/example_python_decorator.py for tasks to queue
[2026-06-22T08:46:11.984+0300] {logging_mixin.py:188} INFO - [2026-06-22T08:46:11.979+0300] {dagbag.py:540} INFO - Filling up the DagBag from /media/data/omar/programming course/DEPI/DEPI project/anomx/venv/lib/python3.12/site-packages/airflow/example_dags/example_python_decorator.py
[2026-06-22T08:46:12.010+0300] {processor.py:840} INFO - DAG(s) 'example_python_decorator' retrieved from /media/data/omar/programming course/DEPI/DEPI project/anomx/venv/lib/python3.12/site-packages/airflow/example_dags/example_python_decorator.py
[2026-06-22T08:46:12.036+0300] {logging_mixin.py:188} INFO - [2026-06-22T08:46:12.036+0300] {dag.py:3096} INFO - Sync 1 DAGs
[2026-06-22T08:46:12.047+0300] {logging_mixin.py:188} INFO - [2026-06-22T08:46:12.047+0300] {dag.py:3954} INFO - Setting next_dagrun for example_python_decorator to None, run_after=None
[2026-06-22T08:46:12.079+0300] {processor.py:183} INFO - Processing /media/data/omar/programming course/DEPI/DEPI project/anomx/venv/lib/python3.12/site-packages/airflow/example_dags/example_python_decorator.py took 0.113 seconds
[2026-06-22T08:47:03.493+0300] {processor.py:161} INFO - Started process (PID=45256) to work on /media/data/omar/programming course/DEPI/DEPI project/anomx/venv/lib/python3.12/site-packages/airflow/example_dags/example_python_decorator.py
[2026-06-22T08:47:03.495+0300] {processor.py:830} INFO - Processing file /media/data/omar/programming course/DEPI/DEPI project/anomx/venv/lib/python3.12/site-packages/airflow/example_dags/example_python_decorator.py for tasks to queue
[2026-06-22T08:47:03.497+0300] {logging_mixin.py:188} INFO - [2026-06-22T08:47:03.496+0300] {dagbag.py:540} INFO - Filling up the DagBag from /media/data/omar/programming course/DEPI/DEPI project/anomx/venv/lib/python3.12/site-packages/airflow/example_dags/example_python_decorator.py
[2026-06-22T08:47:03.522+0300] {processor.py:840} INFO - DAG(s) 'example_python_decorator' retrieved from /media/data/omar/programming course/DEPI/DEPI project/anomx/venv/lib/python3.12/site-packages/airflow/example_dags/example_python_decorator.py
[2026-06-22T08:47:03.543+0300] {logging_mixin.py:188} INFO - [2026-06-22T08:47:03.543+0300] {dag.py:3096} INFO - Sync 1 DAGs
[2026-06-22T08:47:03.553+0300] {logging_mixin.py:188} INFO - [2026-06-22T08:47:03.552+0300] {dag.py:3954} INFO - Setting next_dagrun for example_python_decorator to None, run_after=None
[2026-06-22T08:47:03.580+0300] {processor.py:183} INFO - Processing /media/data/omar/programming course/DEPI/DEPI project/anomx/venv/lib/python3.12/site-packages/airflow/example_dags/example_python_decorator.py took 0.098 seconds
[2026-06-22T08:47:53.605+0300] {processor.py:161} INFO - Started process (PID=45342) to work on /media/data/omar/programming course/DEPI/DEPI project/anomx/venv/lib/python3.12/site-packages/airflow/example_dags/example_python_decorator.py
[2026-06-22T08:47:53.606+0300] {processor.py:830} INFO - Processing file /media/data/omar/programming course/DEPI/DEPI project/anomx/venv/lib/python3.12/site-packages/airflow/example_dags/example_python_decorator.py for tasks to queue
[2026-06-22T08:47:53.607+0300] {logging_mixin.py:188} INFO - [2026-06-22T08:47:53.607+0300] {dagbag.py:540} INFO - Filling up the DagBag from /media/data/omar/programming course/DEPI/DEPI project/anomx/venv/lib/python3.12/site-packages/airflow/example_dags/example_python_decorator.py
[2026-06-22T08:47:53.620+0300] {processor.py:840} INFO - DAG(s) 'example_python_decorator' retrieved from /media/data/omar/programming course/DEPI/DEPI project/anomx/venv/lib/python3.12/site-packages/airflow/example_dags/example_python_decorator.py
[2026-06-22T08:47:53.637+0300] {logging_mixin.py:188} INFO - [2026-06-22T08:47:53.637+0300] {dag.py:3096} INFO - Sync 1 DAGs
[2026-06-22T08:47:53.647+0300] {logging_mixin.py:188} INFO - [2026-06-22T08:47:53.647+0300] {dag.py:3954} INFO - Setting next_dagrun for example_python_decorator to None, run_after=None
[2026-06-22T08:47:53.686+0300] {processor.py:183} INFO - Processing /media/data/omar/programming course/DEPI/DEPI project/anomx/venv/lib/python3.12/site-packages/airflow/example_dags/example_python_decorator.py took 0.087 seconds
[2026-06-22T08:48:44.899+0300] {processor.py:161} INFO - Started process (PID=45418) to work on /media/data/omar/programming course/DEPI/DEPI project/anomx/venv/lib/python3.12/site-packages/airflow/example_dags/example_python_decorator.py
[2026-06-22T08:48:44.900+0300] {processor.py:830} INFO - Processing file /media/data/omar/programming course/DEPI/DEPI project/anomx/venv/lib/python3.12/site-packages/airflow/example_dags/example_python_decorator.py for tasks to queue
[2026-06-22T08:48:44.901+0300] {logging_mixin.py:188} INFO - [2026-06-22T08:48:44.901+0300] {dagbag.py:540} INFO - Filling up the DagBag from /media/data/omar/programming course/DEPI/DEPI project/anomx/venv/lib/python3.12/site-packages/airflow/example_dags/example_python_decorator.py
[2026-06-22T08:48:44.916+0300] {processor.py:840} INFO - DAG(s) 'example_python_decorator' retrieved from /media/data/omar/programming course/DEPI/DEPI project/anomx/venv/lib/python3.12/site-packages/airflow/example_dags/example_python_decorator.py
[2026-06-22T08:48:44.931+0300] {logging_mixin.py:188} INFO - [2026-06-22T08:48:44.931+0300] {dag.py:3096} INFO - Sync 1 DAGs
[2026-06-22T08:48:44.940+0300] {logging_mixin.py:188} INFO - [2026-06-22T08:48:44.939+0300] {dag.py:3954} INFO - Setting next_dagrun for example_python_decorator to None, run_after=None
[2026-06-22T08:48:44.966+0300] {processor.py:183} INFO - Processing /media/data/omar/programming course/DEPI/DEPI project/anomx/venv/lib/python3.12/site-packages/airflow/example_dags/example_python_decorator.py took 0.073 seconds
[2026-06-22T08:49:34.780+0300] {processor.py:161} INFO - Started process (PID=45506) to work on /media/data/omar/programming course/DEPI/DEPI project/anomx/venv/lib/python3.12/site-packages/airflow/example_dags/example_python_decorator.py
[2026-06-22T08:49:34.783+0300] {processor.py:830} INFO - Processing file /media/data/omar/programming course/DEPI/DEPI project/anomx/venv/lib/python3.12/site-packages/airflow/example_dags/example_python_decorator.py for tasks to queue
[2026-06-22T08:49:34.785+0300] {logging_mixin.py:188} INFO - [2026-06-22T08:49:34.784+0300] {dagbag.py:540} INFO - Filling up the DagBag from /media/data/omar/programming course/DEPI/DEPI project/anomx/venv/lib/python3.12/site-packages/airflow/example_dags/example_python_decorator.py
[2026-06-22T08:49:34.805+0300] {processor.py:840} INFO - DAG(s) 'example_python_decorator' retrieved from /media/data/omar/programming course/DEPI/DEPI project/anomx/venv/lib/python3.12/site-packages/airflow/example_dags/example_python_decorator.py
[2026-06-22T08:49:34.827+0300] {logging_mixin.py:188} INFO - [2026-06-22T08:49:34.826+0300] {dag.py:3096} INFO - Sync 1 DAGs
[2026-06-22T08:49:34.836+0300] {logging_mixin.py:188} INFO - [2026-06-22T08:49:34.835+0300] {dag.py:3954} INFO - Setting next_dagrun for example_python_decorator to None, run_after=None
[2026-06-22T08:49:34.860+0300] {processor.py:183} INFO - Processing /media/data/omar/programming course/DEPI/DEPI project/anomx/venv/lib/python3.12/site-packages/airflow/example_dags/example_python_decorator.py took 0.097 seconds
[2026-06-22T08:50:30.669+0300] {processor.py:161} INFO - Started process (PID=45598) to work on /media/data/omar/programming course/DEPI/DEPI project/anomx/venv/lib/python3.12/site-packages/airflow/example_dags/example_python_decorator.py
[2026-06-22T08:50:30.671+0300] {processor.py:830} INFO - Processing file /media/data/omar/programming course/DEPI/DEPI project/anomx/venv/lib/python3.12/site-packages/airflow/example_dags/example_python_decorator.py for tasks to queue
[2026-06-22T08:50:30.673+0300] {logging_mixin.py:188} INFO - [2026-06-22T08:50:30.672+0300] {dagbag.py:540} INFO - Filling up the DagBag from /media/data/omar/programming course/DEPI/DEPI project/anomx/venv/lib/python3.12/site-packages/airflow/example_dags/example_python_decorator.py
[2026-06-22T08:50:30.693+0300] {processor.py:840} INFO - DAG(s) 'example_python_decorator' retrieved from /media/data/omar/programming course/DEPI/DEPI project/anomx/venv/lib/python3.12/site-packages/airflow/example_dags/example_python_decorator.py
[2026-06-22T08:50:30.709+0300] {logging_mixin.py:188} INFO - [2026-06-22T08:50:30.709+0300] {dag.py:3096} INFO - Sync 1 DAGs
[2026-06-22T08:50:30.718+0300] {logging_mixin.py:188} INFO - [2026-06-22T08:50:30.717+0300] {dag.py:3954} INFO - Setting next_dagrun for example_python_decorator to None, run_after=None
[2026-06-22T08:50:30.743+0300] {processor.py:183} INFO - Processing /media/data/omar/programming course/DEPI/DEPI project/anomx/venv/lib/python3.12/site-packages/airflow/example_dags/example_python_decorator.py took 0.084 seconds
[2026-06-22T08:51:23.999+0300] {processor.py:161} INFO - Started process (PID=45678) to work on /media/data/omar/programming course/DEPI/DEPI project/anomx/venv/lib/python3.12/site-packages/airflow/example_dags/example_python_decorator.py
[2026-06-22T08:51:24.001+0300] {processor.py:830} INFO - Processing file /media/data/omar/programming course/DEPI/DEPI project/anomx/venv/lib/python3.12/site-packages/airflow/example_dags/example_python_decorator.py for tasks to queue
[2026-06-22T08:51:24.002+0300] {logging_mixin.py:188} INFO - [2026-06-22T08:51:24.002+0300] {dagbag.py:540} INFO - Filling up the DagBag from /media/data/omar/programming course/DEPI/DEPI project/anomx/venv/lib/python3.12/site-packages/airflow/example_dags/example_python_decorator.py
[2026-06-22T08:51:24.027+0300] {processor.py:840} INFO - DAG(s) 'example_python_decorator' retrieved from /media/data/omar/programming course/DEPI/DEPI project/anomx/venv/lib/python3.12/site-packages/airflow/example_dags/example_python_decorator.py
[2026-06-22T08:51:24.055+0300] {logging_mixin.py:188} INFO - [2026-06-22T08:51:24.055+0300] {dag.py:3096} INFO - Sync 1 DAGs
[2026-06-22T08:51:24.068+0300] {logging_mixin.py:188} INFO - [2026-06-22T08:51:24.068+0300] {dag.py:3954} INFO - Setting next_dagrun for example_python_decorator to None, run_after=None
[2026-06-22T08:51:24.103+0300] {processor.py:183} INFO - Processing /media/data/omar/programming course/DEPI/DEPI project/anomx/venv/lib/python3.12/site-packages/airflow/example_dags/example_python_decorator.py took 0.113 seconds
[2026-06-22T08:52:18.921+0300] {processor.py:161} INFO - Started process (PID=45935) to work on /media/data/omar/programming course/DEPI/DEPI project/anomx/venv/lib/python3.12/site-packages/airflow/example_dags/example_python_decorator.py
[2026-06-22T08:52:18.922+0300] {processor.py:830} INFO - Processing file /media/data/omar/programming course/DEPI/DEPI project/anomx/venv/lib/python3.12/site-packages/airflow/example_dags/example_python_decorator.py for tasks to queue
[2026-06-22T08:52:18.924+0300] {logging_mixin.py:188} INFO - [2026-06-22T08:52:18.923+0300] {dagbag.py:540} INFO - Filling up the DagBag from /media/data/omar/programming course/DEPI/DEPI project/anomx/venv/lib/python3.12/site-packages/airflow/example_dags/example_python_decorator.py
[2026-06-22T08:52:18.938+0300] {processor.py:840} INFO - DAG(s) 'example_python_decorator' retrieved from /media/data/omar/programming course/DEPI/DEPI project/anomx/venv/lib/python3.12/site-packages/airflow/example_dags/example_python_decorator.py
[2026-06-22T08:52:18.957+0300] {logging_mixin.py:188} INFO - [2026-06-22T08:52:18.957+0300] {dag.py:3096} INFO - Sync 1 DAGs
[2026-06-22T08:52:18.967+0300] {logging_mixin.py:188} INFO - [2026-06-22T08:52:18.966+0300] {dag.py:3954} INFO - Setting next_dagrun for example_python_decorator to None, run_after=None
[2026-06-22T08:52:18.997+0300] {processor.py:183} INFO - Processing /media/data/omar/programming course/DEPI/DEPI project/anomx/venv/lib/python3.12/site-packages/airflow/example_dags/example_python_decorator.py took 0.086 seconds
[2026-06-22T08:53:09.543+0300] {processor.py:161} INFO - Started process (PID=46006) to work on /media/data/omar/programming course/DEPI/DEPI project/anomx/venv/lib/python3.12/site-packages/airflow/example_dags/example_python_decorator.py
[2026-06-22T08:53:09.545+0300] {processor.py:830} INFO - Processing file /media/data/omar/programming course/DEPI/DEPI project/anomx/venv/lib/python3.12/site-packages/airflow/example_dags/example_python_decorator.py for tasks to queue
[2026-06-22T08:53:09.547+0300] {logging_mixin.py:188} INFO - [2026-06-22T08:53:09.546+0300] {dagbag.py:540} INFO - Filling up the DagBag from /media/data/omar/programming course/DEPI/DEPI project/anomx/venv/lib/python3.12/site-packages/airflow/example_dags/example_python_decorator.py
[2026-06-22T08:53:09.564+0300] {processor.py:840} INFO - DAG(s) 'example_python_decorator' retrieved from /media/data/omar/programming course/DEPI/DEPI project/anomx/venv/lib/python3.12/site-packages/airflow/example_dags/example_python_decorator.py
[2026-06-22T08:53:09.582+0300] {logging_mixin.py:188} INFO - [2026-06-22T08:53:09.581+0300] {dag.py:3096} INFO - Sync 1 DAGs
[2026-06-22T08:53:09.591+0300] {logging_mixin.py:188} INFO - [2026-06-22T08:53:09.590+0300] {dag.py:3954} INFO - Setting next_dagrun for example_python_decorator to None, run_after=None
[2026-06-22T08:53:09.619+0300] {processor.py:183} INFO - Processing /media/data/omar/programming course/DEPI/DEPI project/anomx/venv/lib/python3.12/site-packages/airflow/example_dags/example_python_decorator.py took 0.094 seconds
[2026-06-22T08:54:04.176+0300] {processor.py:161} INFO - Started process (PID=46081) to work on /media/data/omar/programming course/DEPI/DEPI project/anomx/venv/lib/python3.12/site-packages/airflow/example_dags/example_python_decorator.py
[2026-06-22T08:54:04.178+0300] {processor.py:830} INFO - Processing file /media/data/omar/programming course/DEPI/DEPI project/anomx/venv/lib/python3.12/site-packages/airflow/example_dags/example_python_decorator.py for tasks to queue
[2026-06-22T08:54:04.180+0300] {logging_mixin.py:188} INFO - [2026-06-22T08:54:04.179+0300] {dagbag.py:540} INFO - Filling up the DagBag from /media/data/omar/programming course/DEPI/DEPI project/anomx/venv/lib/python3.12/site-packages/airflow/example_dags/example_python_decorator.py
[2026-06-22T08:54:04.201+0300] {processor.py:840} INFO - DAG(s) 'example_python_decorator' retrieved from /media/data/omar/programming course/DEPI/DEPI project/anomx/venv/lib/python3.12/site-packages/airflow/example_dags/example_python_decorator.py
[2026-06-22T08:54:04.220+0300] {logging_mixin.py:188} INFO - [2026-06-22T08:54:04.220+0300] {dag.py:3096} INFO - Sync 1 DAGs
[2026-06-22T08:54:04.230+0300] {logging_mixin.py:188} INFO - [2026-06-22T08:54:04.230+0300] {dag.py:3954} INFO - Setting next_dagrun for example_python_decorator to None, run_after=None
[2026-06-22T08:54:04.261+0300] {processor.py:183} INFO - Processing /media/data/omar/programming course/DEPI/DEPI project/anomx/venv/lib/python3.12/site-packages/airflow/example_dags/example_python_decorator.py took 0.096 seconds
[2026-06-22T08:54:59.021+0300] {processor.py:161} INFO - Started process (PID=46163) to work on /media/data/omar/programming course/DEPI/DEPI project/anomx/venv/lib/python3.12/site-packages/airflow/example_dags/example_python_decorator.py
[2026-06-22T08:54:59.022+0300] {processor.py:830} INFO - Processing file /media/data/omar/programming course/DEPI/DEPI project/anomx/venv/lib/python3.12/site-packages/airflow/example_dags/example_python_decorator.py for tasks to queue
[2026-06-22T08:54:59.024+0300] {logging_mixin.py:188} INFO - [2026-06-22T08:54:59.024+0300] {dagbag.py:540} INFO - Filling up the DagBag from /media/data/omar/programming course/DEPI/DEPI project/anomx/venv/lib/python3.12/site-packages/airflow/example_dags/example_python_decorator.py
[2026-06-22T08:54:59.042+0300] {processor.py:840} INFO - DAG(s) 'example_python_decorator' retrieved from /media/data/omar/programming course/DEPI/DEPI project/anomx/venv/lib/python3.12/site-packages/airflow/example_dags/example_python_decorator.py
[2026-06-22T08:54:59.060+0300] {logging_mixin.py:188} INFO - [2026-06-22T08:54:59.060+0300] {dag.py:3096} INFO - Sync 1 DAGs
[2026-06-22T08:54:59.070+0300] {logging_mixin.py:188} INFO - [2026-06-22T08:54:59.069+0300] {dag.py:3954} INFO - Setting next_dagrun for example_python_decorator to None, run_after=None
[2026-06-22T08:54:59.098+0300] {processor.py:183} INFO - Processing /media/data/omar/programming course/DEPI/DEPI project/anomx/venv/lib/python3.12/site-packages/airflow/example_dags/example_python_decorator.py took 0.096 seconds
[2026-06-22T08:55:53.078+0300] {processor.py:161} INFO - Started process (PID=46255) to work on /media/data/omar/programming course/DEPI/DEPI project/anomx/venv/lib/python3.12/site-packages/airflow/example_dags/example_python_decorator.py
[2026-06-22T08:55:53.080+0300] {processor.py:830} INFO - Processing file /media/data/omar/programming course/DEPI/DEPI project/anomx/venv/lib/python3.12/site-packages/airflow/example_dags/example_python_decorator.py for tasks to queue
[2026-06-22T08:55:53.082+0300] {logging_mixin.py:188} INFO - [2026-06-22T08:55:53.081+0300] {dagbag.py:540} INFO - Filling up the DagBag from /media/data/omar/programming course/DEPI/DEPI project/anomx/venv/lib/python3.12/site-packages/airflow/example_dags/example_python_decorator.py
[2026-06-22T08:55:53.104+0300] {processor.py:840} INFO - DAG(s) 'example_python_decorator' retrieved from /media/data/omar/programming course/DEPI/DEPI project/anomx/venv/lib/python3.12/site-packages/airflow/example_dags/example_python_decorator.py
[2026-06-22T08:55:53.124+0300] {logging_mixin.py:188} INFO - [2026-06-22T08:55:53.123+0300] {dag.py:3096} INFO - Sync 1 DAGs
[2026-06-22T08:55:53.133+0300] {logging_mixin.py:188} INFO - [2026-06-22T08:55:53.133+0300] {dag.py:3954} INFO - Setting next_dagrun for example_python_decorator to None, run_after=None
[2026-06-22T08:55:53.163+0300] {processor.py:183} INFO - Processing /media/data/omar/programming course/DEPI/DEPI project/anomx/venv/lib/python3.12/site-packages/airflow/example_dags/example_python_decorator.py took 0.096 seconds
[2026-06-22T08:56:46.730+0300] {processor.py:161} INFO - Started process (PID=46334) to work on /media/data/omar/programming course/DEPI/DEPI project/anomx/venv/lib/python3.12/site-packages/airflow/example_dags/example_python_decorator.py
[2026-06-22T08:56:46.731+0300] {processor.py:830} INFO - Processing file /media/data/omar/programming course/DEPI/DEPI project/anomx/venv/lib/python3.12/site-packages/airflow/example_dags/example_python_decorator.py for tasks to queue
[2026-06-22T08:56:46.732+0300] {logging_mixin.py:188} INFO - [2026-06-22T08:56:46.732+0300] {dagbag.py:540} INFO - Filling up the DagBag from /media/data/omar/programming course/DEPI/DEPI project/anomx/venv/lib/python3.12/site-packages/airflow/example_dags/example_python_decorator.py
[2026-06-22T08:56:46.744+0300] {processor.py:840} INFO - DAG(s) 'example_python_decorator' retrieved from /media/data/omar/programming course/DEPI/DEPI project/anomx/venv/lib/python3.12/site-packages/airflow/example_dags/example_python_decorator.py
[2026-06-22T08:56:46.760+0300] {logging_mixin.py:188} INFO - [2026-06-22T08:56:46.760+0300] {dag.py:3096} INFO - Sync 1 DAGs
[2026-06-22T08:56:46.769+0300] {logging_mixin.py:188} INFO - [2026-06-22T08:56:46.768+0300] {dag.py:3954} INFO - Setting next_dagrun for example_python_decorator to None, run_after=None
[2026-06-22T08:56:46.797+0300] {processor.py:183} INFO - Processing /media/data/omar/programming course/DEPI/DEPI project/anomx/venv/lib/python3.12/site-packages/airflow/example_dags/example_python_decorator.py took 0.072 seconds
[2026-06-22T08:57:40.936+0300] {processor.py:161} INFO - Started process (PID=46427) to work on /media/data/omar/programming course/DEPI/DEPI project/anomx/venv/lib/python3.12/site-packages/airflow/example_dags/example_python_decorator.py
[2026-06-22T08:57:40.937+0300] {processor.py:830} INFO - Processing file /media/data/omar/programming course/DEPI/DEPI project/anomx/venv/lib/python3.12/site-packages/airflow/example_dags/example_python_decorator.py for tasks to queue
[2026-06-22T08:57:40.939+0300] {logging_mixin.py:188} INFO - [2026-06-22T08:57:40.938+0300] {dagbag.py:540} INFO - Filling up the DagBag from /media/data/omar/programming course/DEPI/DEPI project/anomx/venv/lib/python3.12/site-packages/airflow/example_dags/example_python_decorator.py
[2026-06-22T08:57:40.954+0300] {processor.py:840} INFO - DAG(s) 'example_python_decorator' retrieved from /media/data/omar/programming course/DEPI/DEPI project/anomx/venv/lib/python3.12/site-packages/airflow/example_dags/example_python_decorator.py
[2026-06-22T08:57:40.970+0300] {logging_mixin.py:188} INFO - [2026-06-22T08:57:40.970+0300] {dag.py:3096} INFO - Sync 1 DAGs
[2026-06-22T08:57:40.979+0300] {logging_mixin.py:188} INFO - [2026-06-22T08:57:40.978+0300] {dag.py:3954} INFO - Setting next_dagrun for example_python_decorator to None, run_after=None
[2026-06-22T08:57:41.006+0300] {processor.py:183} INFO - Processing /media/data/omar/programming course/DEPI/DEPI project/anomx/venv/lib/python3.12/site-packages/airflow/example_dags/example_python_decorator.py took 0.085 seconds
[2026-06-22T08:58:32.774+0300] {processor.py:161} INFO - Started process (PID=46506) to work on /media/data/omar/programming course/DEPI/DEPI project/anomx/venv/lib/python3.12/site-packages/airflow/example_dags/example_python_decorator.py
[2026-06-22T08:58:32.775+0300] {processor.py:830} INFO - Processing file /media/data/omar/programming course/DEPI/DEPI project/anomx/venv/lib/python3.12/site-packages/airflow/example_dags/example_python_decorator.py for tasks to queue
[2026-06-22T08:58:32.777+0300] {logging_mixin.py:188} INFO - [2026-06-22T08:58:32.776+0300] {dagbag.py:540} INFO - Filling up the DagBag from /media/data/omar/programming course/DEPI/DEPI project/anomx/venv/lib/python3.12/site-packages/airflow/example_dags/example_python_decorator.py
[2026-06-22T08:58:32.792+0300] {processor.py:840} INFO - DAG(s) 'example_python_decorator' retrieved from /media/data/omar/programming course/DEPI/DEPI project/anomx/venv/lib/python3.12/site-packages/airflow/example_dags/example_python_decorator.py
[2026-06-22T08:58:32.810+0300] {logging_mixin.py:188} INFO - [2026-06-22T08:58:32.810+0300] {dag.py:3096} INFO - Sync 1 DAGs
[2026-06-22T08:58:32.819+0300] {logging_mixin.py:188} INFO - [2026-06-22T08:58:32.819+0300] {dag.py:3954} INFO - Setting next_dagrun for example_python_decorator to None, run_after=None
[2026-06-22T08:58:32.847+0300] {processor.py:183} INFO - Processing /media/data/omar/programming course/DEPI/DEPI project/anomx/venv/lib/python3.12/site-packages/airflow/example_dags/example_python_decorator.py took 0.084 seconds
[2026-06-22T08:59:22.089+0300] {processor.py:161} INFO - Started process (PID=46580) to work on /media/data/omar/programming course/DEPI/DEPI project/anomx/venv/lib/python3.12/site-packages/airflow/example_dags/example_python_decorator.py
[2026-06-22T08:59:22.091+0300] {processor.py:830} INFO - Processing file /media/data/omar/programming course/DEPI/DEPI project/anomx/venv/lib/python3.12/site-packages/airflow/example_dags/example_python_decorator.py for tasks to queue
[2026-06-22T08:59:22.094+0300] {logging_mixin.py:188} INFO - [2026-06-22T08:59:22.093+0300] {dagbag.py:540} INFO - Filling up the DagBag from /media/data/omar/programming course/DEPI/DEPI project/anomx/venv/lib/python3.12/site-packages/airflow/example_dags/example_python_decorator.py
[2026-06-22T08:59:22.129+0300] {processor.py:840} INFO - DAG(s) 'example_python_decorator' retrieved from /media/data/omar/programming course/DEPI/DEPI project/anomx/venv/lib/python3.12/site-packages/airflow/example_dags/example_python_decorator.py
[2026-06-22T08:59:22.150+0300] {logging_mixin.py:188} INFO - [2026-06-22T08:59:22.149+0300] {dag.py:3096} INFO - Sync 1 DAGs
[2026-06-22T08:59:22.160+0300] {logging_mixin.py:188} INFO - [2026-06-22T08:59:22.159+0300] {dag.py:3954} INFO - Setting next_dagrun for example_python_decorator to None, run_after=None
[2026-06-22T08:59:22.193+0300] {processor.py:183} INFO - Processing /media/data/omar/programming course/DEPI/DEPI project/anomx/venv/lib/python3.12/site-packages/airflow/example_dags/example_python_decorator.py took 0.118 seconds
[2026-06-22T09:00:15.684+0300] {processor.py:161} INFO - Started process (PID=46671) to work on /media/data/omar/programming course/DEPI/DEPI project/anomx/venv/lib/python3.12/site-packages/airflow/example_dags/example_python_decorator.py
[2026-06-22T09:00:15.686+0300] {processor.py:830} INFO - Processing file /media/data/omar/programming course/DEPI/DEPI project/anomx/venv/lib/python3.12/site-packages/airflow/example_dags/example_python_decorator.py for tasks to queue
[2026-06-22T09:00:15.689+0300] {logging_mixin.py:188} INFO - [2026-06-22T09:00:15.688+0300] {dagbag.py:540} INFO - Filling up the DagBag from /media/data/omar/programming course/DEPI/DEPI project/anomx/venv/lib/python3.12/site-packages/airflow/example_dags/example_python_decorator.py
[2026-06-22T09:00:15.712+0300] {processor.py:840} INFO - DAG(s) 'example_python_decorator' retrieved from /media/data/omar/programming course/DEPI/DEPI project/anomx/venv/lib/python3.12/site-packages/airflow/example_dags/example_python_decorator.py
[2026-06-22T09:00:15.731+0300] {logging_mixin.py:188} INFO - [2026-06-22T09:00:15.731+0300] {dag.py:3096} INFO - Sync 1 DAGs
[2026-06-22T09:00:15.741+0300] {logging_mixin.py:188} INFO - [2026-06-22T09:00:15.740+0300] {dag.py:3954} INFO - Setting next_dagrun for example_python_decorator to None, run_after=None
[2026-06-22T09:00:15.767+0300] {processor.py:183} INFO - Processing /media/data/omar/programming course/DEPI/DEPI project/anomx/venv/lib/python3.12/site-packages/airflow/example_dags/example_python_decorator.py took 0.094 seconds
[2026-06-22T09:01:10.625+0300] {processor.py:161} INFO - Started process (PID=46738) to work on /media/data/omar/programming course/DEPI/DEPI project/anomx/venv/lib/python3.12/site-packages/airflow/example_dags/example_python_decorator.py
[2026-06-22T09:01:10.627+0300] {processor.py:830} INFO - Processing file /media/data/omar/programming course/DEPI/DEPI project/anomx/venv/lib/python3.12/site-packages/airflow/example_dags/example_python_decorator.py for tasks to queue
[2026-06-22T09:01:10.628+0300] {logging_mixin.py:188} INFO - [2026-06-22T09:01:10.628+0300] {dagbag.py:540} INFO - Filling up the DagBag from /media/data/omar/programming course/DEPI/DEPI project/anomx/venv/lib/python3.12/site-packages/airflow/example_dags/example_python_decorator.py
[2026-06-22T09:01:10.644+0300] {processor.py:840} INFO - DAG(s) 'example_python_decorator' retrieved from /media/data/omar/programming course/DEPI/DEPI project/anomx/venv/lib/python3.12/site-packages/airflow/example_dags/example_python_decorator.py
[2026-06-22T09:01:10.659+0300] {logging_mixin.py:188} INFO - [2026-06-22T09:01:10.659+0300] {dag.py:3096} INFO - Sync 1 DAGs
[2026-06-22T09:01:10.668+0300] {logging_mixin.py:188} INFO - [2026-06-22T09:01:10.667+0300] {dag.py:3954} INFO - Setting next_dagrun for example_python_decorator to None, run_after=None
[2026-06-22T09:01:10.695+0300] {processor.py:183} INFO - Processing /media/data/omar/programming course/DEPI/DEPI project/anomx/venv/lib/python3.12/site-packages/airflow/example_dags/example_python_decorator.py took 0.085 seconds
[2026-06-22T09:02:03.314+0300] {processor.py:161} INFO - Started process (PID=46816) to work on /media/data/omar/programming course/DEPI/DEPI project/anomx/venv/lib/python3.12/site-packages/airflow/example_dags/example_python_decorator.py
[2026-06-22T09:02:03.315+0300] {processor.py:830} INFO - Processing file /media/data/omar/programming course/DEPI/DEPI project/anomx/venv/lib/python3.12/site-packages/airflow/example_dags/example_python_decorator.py for tasks to queue
[2026-06-22T09:02:03.316+0300] {logging_mixin.py:188} INFO - [2026-06-22T09:02:03.315+0300] {dagbag.py:540} INFO - Filling up the DagBag from /media/data/omar/programming course/DEPI/DEPI project/anomx/venv/lib/python3.12/site-packages/airflow/example_dags/example_python_decorator.py
[2026-06-22T09:02:03.330+0300] {processor.py:840} INFO - DAG(s) 'example_python_decorator' retrieved from /media/data/omar/programming course/DEPI/DEPI project/anomx/venv/lib/python3.12/site-packages/airflow/example_dags/example_python_decorator.py
[2026-06-22T09:02:03.347+0300] {logging_mixin.py:188} INFO - [2026-06-22T09:02:03.346+0300] {dag.py:3096} INFO - Sync 1 DAGs
[2026-06-22T09:02:03.356+0300] {logging_mixin.py:188} INFO - [2026-06-22T09:02:03.355+0300] {dag.py:3954} INFO - Setting next_dagrun for example_python_decorator to None, run_after=None
[2026-06-22T09:02:03.383+0300] {processor.py:183} INFO - Processing /media/data/omar/programming course/DEPI/DEPI project/anomx/venv/lib/python3.12/site-packages/airflow/example_dags/example_python_decorator.py took 0.077 seconds
[2026-06-22T09:02:51.401+0300] {processor.py:161} INFO - Started process (PID=46904) to work on /media/data/omar/programming course/DEPI/DEPI project/anomx/venv/lib/python3.12/site-packages/airflow/example_dags/example_python_decorator.py
[2026-06-22T09:02:51.402+0300] {processor.py:830} INFO - Processing file /media/data/omar/programming course/DEPI/DEPI project/anomx/venv/lib/python3.12/site-packages/airflow/example_dags/example_python_decorator.py for tasks to queue
[2026-06-22T09:02:51.404+0300] {logging_mixin.py:188} INFO - [2026-06-22T09:02:51.403+0300] {dagbag.py:540} INFO - Filling up the DagBag from /media/data/omar/programming course/DEPI/DEPI project/anomx/venv/lib/python3.12/site-packages/airflow/example_dags/example_python_decorator.py
[2026-06-22T09:02:51.420+0300] {processor.py:840} INFO - DAG(s) 'example_python_decorator' retrieved from /media/data/omar/programming course/DEPI/DEPI project/anomx/venv/lib/python3.12/site-packages/airflow/example_dags/example_python_decorator.py
[2026-06-22T09:02:51.438+0300] {logging_mixin.py:188} INFO - [2026-06-22T09:02:51.438+0300] {dag.py:3096} INFO - Sync 1 DAGs
[2026-06-22T09:02:51.447+0300] {logging_mixin.py:188} INFO - [2026-06-22T09:02:51.446+0300] {dag.py:3954} INFO - Setting next_dagrun for example_python_decorator to None, run_after=None
[2026-06-22T09:02:51.473+0300] {processor.py:183} INFO - Processing /media/data/omar/programming course/DEPI/DEPI project/anomx/venv/lib/python3.12/site-packages/airflow/example_dags/example_python_decorator.py took 0.079 seconds
[2026-06-22T09:03:45.780+0300] {processor.py:161} INFO - Started process (PID=46981) to work on /media/data/omar/programming course/DEPI/DEPI project/anomx/venv/lib/python3.12/site-packages/airflow/example_dags/example_python_decorator.py
[2026-06-22T09:03:45.782+0300] {processor.py:830} INFO - Processing file /media/data/omar/programming course/DEPI/DEPI project/anomx/venv/lib/python3.12/site-packages/airflow/example_dags/example_python_decorator.py for tasks to queue
[2026-06-22T09:03:45.784+0300] {logging_mixin.py:188} INFO - [2026-06-22T09:03:45.783+0300] {dagbag.py:540} INFO - Filling up the DagBag from /media/data/omar/programming course/DEPI/DEPI project/anomx/venv/lib/python3.12/site-packages/airflow/example_dags/example_python_decorator.py
[2026-06-22T09:03:45.802+0300] {processor.py:840} INFO - DAG(s) 'example_python_decorator' retrieved from /media/data/omar/programming course/DEPI/DEPI project/anomx/venv/lib/python3.12/site-packages/airflow/example_dags/example_python_decorator.py
[2026-06-22T09:03:45.818+0300] {logging_mixin.py:188} INFO - [2026-06-22T09:03:45.818+0300] {dag.py:3096} INFO - Sync 1 DAGs
[2026-06-22T09:03:45.826+0300] {logging_mixin.py:188} INFO - [2026-06-22T09:03:45.826+0300] {dag.py:3954} INFO - Setting next_dagrun for example_python_decorator to None, run_after=None
[2026-06-22T09:03:45.854+0300] {processor.py:183} INFO - Processing /media/data/omar/programming course/DEPI/DEPI project/anomx/venv/lib/python3.12/site-packages/airflow/example_dags/example_python_decorator.py took 0.090 seconds
[2026-06-22T09:04:41.733+0300] {processor.py:161} INFO - Started process (PID=47060) to work on /media/data/omar/programming course/DEPI/DEPI project/anomx/venv/lib/python3.12/site-packages/airflow/example_dags/example_python_decorator.py
[2026-06-22T09:04:41.734+0300] {processor.py:830} INFO - Processing file /media/data/omar/programming course/DEPI/DEPI project/anomx/venv/lib/python3.12/site-packages/airflow/example_dags/example_python_decorator.py for tasks to queue
[2026-06-22T09:04:41.736+0300] {logging_mixin.py:188} INFO - [2026-06-22T09:04:41.735+0300] {dagbag.py:540} INFO - Filling up the DagBag from /media/data/omar/programming course/DEPI/DEPI project/anomx/venv/lib/python3.12/site-packages/airflow/example_dags/example_python_decorator.py
[2026-06-22T09:04:41.762+0300] {processor.py:840} INFO - DAG(s) 'example_python_decorator' retrieved from /media/data/omar/programming course/DEPI/DEPI project/anomx/venv/lib/python3.12/site-packages/airflow/example_dags/example_python_decorator.py
[2026-06-22T09:04:41.782+0300] {logging_mixin.py:188} INFO - [2026-06-22T09:04:41.782+0300] {dag.py:3096} INFO - Sync 1 DAGs
[2026-06-22T09:04:41.791+0300] {logging_mixin.py:188} INFO - [2026-06-22T09:04:41.791+0300] {dag.py:3954} INFO - Setting next_dagrun for example_python_decorator to None, run_after=None
[2026-06-22T09:04:41.820+0300] {processor.py:183} INFO - Processing /media/data/omar/programming course/DEPI/DEPI project/anomx/venv/lib/python3.12/site-packages/airflow/example_dags/example_python_decorator.py took 0.098 seconds
[2026-06-22T09:05:32.698+0300] {processor.py:161} INFO - Started process (PID=47140) to work on /media/data/omar/programming course/DEPI/DEPI project/anomx/venv/lib/python3.12/site-packages/airflow/example_dags/example_python_decorator.py
[2026-06-22T09:05:32.699+0300] {processor.py:830} INFO - Processing file /media/data/omar/programming course/DEPI/DEPI project/anomx/venv/lib/python3.12/site-packages/airflow/example_dags/example_python_decorator.py for tasks to queue
[2026-06-22T09:05:32.701+0300] {logging_mixin.py:188} INFO - [2026-06-22T09:05:32.700+0300] {dagbag.py:540} INFO - Filling up the DagBag from /media/data/omar/programming course/DEPI/DEPI project/anomx/venv/lib/python3.12/site-packages/airflow/example_dags/example_python_decorator.py
[2026-06-22T09:05:32.722+0300] {processor.py:840} INFO - DAG(s) 'example_python_decorator' retrieved from /media/data/omar/programming course/DEPI/DEPI project/anomx/venv/lib/python3.12/site-packages/airflow/example_dags/example_python_decorator.py
[2026-06-22T09:05:32.739+0300] {logging_mixin.py:188} INFO - [2026-06-22T09:05:32.738+0300] {dag.py:3096} INFO - Sync 1 DAGs
[2026-06-22T09:05:32.748+0300] {logging_mixin.py:188} INFO - [2026-06-22T09:05:32.747+0300] {dag.py:3954} INFO - Setting next_dagrun for example_python_decorator to None, run_after=None
[2026-06-22T09:05:32.772+0300] {processor.py:183} INFO - Processing /media/data/omar/programming course/DEPI/DEPI project/anomx/venv/lib/python3.12/site-packages/airflow/example_dags/example_python_decorator.py took 0.085 seconds
[2026-06-22T09:06:24.612+0300] {processor.py:161} INFO - Started process (PID=47233) to work on /media/data/omar/programming course/DEPI/DEPI project/anomx/venv/lib/python3.12/site-packages/airflow/example_dags/example_python_decorator.py
[2026-06-22T09:06:24.613+0300] {processor.py:830} INFO - Processing file /media/data/omar/programming course/DEPI/DEPI project/anomx/venv/lib/python3.12/site-packages/airflow/example_dags/example_python_decorator.py for tasks to queue
[2026-06-22T09:06:24.616+0300] {logging_mixin.py:188} INFO - [2026-06-22T09:06:24.615+0300] {dagbag.py:540} INFO - Filling up the DagBag from /media/data/omar/programming course/DEPI/DEPI project/anomx/venv/lib/python3.12/site-packages/airflow/example_dags/example_python_decorator.py
[2026-06-22T09:06:24.637+0300] {processor.py:840} INFO - DAG(s) 'example_python_decorator' retrieved from /media/data/omar/programming course/DEPI/DEPI project/anomx/venv/lib/python3.12/site-packages/airflow/example_dags/example_python_decorator.py
[2026-06-22T09:06:24.654+0300] {logging_mixin.py:188} INFO - [2026-06-22T09:06:24.653+0300] {dag.py:3096} INFO - Sync 1 DAGs
[2026-06-22T09:06:24.663+0300] {logging_mixin.py:188} INFO - [2026-06-22T09:06:24.662+0300] {dag.py:3954} INFO - Setting next_dagrun for example_python_decorator to None, run_after=None
[2026-06-22T09:06:24.691+0300] {processor.py:183} INFO - Processing /media/data/omar/programming course/DEPI/DEPI project/anomx/venv/lib/python3.12/site-packages/airflow/example_dags/example_python_decorator.py took 0.089 seconds
[2026-06-22T09:07:17.010+0300] {processor.py:161} INFO - Started process (PID=47320) to work on /media/data/omar/programming course/DEPI/DEPI project/anomx/venv/lib/python3.12/site-packages/airflow/example_dags/example_python_decorator.py
[2026-06-22T09:07:17.011+0300] {processor.py:830} INFO - Processing file /media/data/omar/programming course/DEPI/DEPI project/anomx/venv/lib/python3.12/site-packages/airflow/example_dags/example_python_decorator.py for tasks to queue
[2026-06-22T09:07:17.012+0300] {logging_mixin.py:188} INFO - [2026-06-22T09:07:17.011+0300] {dagbag.py:540} INFO - Filling up the DagBag from /media/data/omar/programming course/DEPI/DEPI project/anomx/venv/lib/python3.12/site-packages/airflow/example_dags/example_python_decorator.py
[2026-06-22T09:07:17.026+0300] {processor.py:840} INFO - DAG(s) 'example_python_decorator' retrieved from /media/data/omar/programming course/DEPI/DEPI project/anomx/venv/lib/python3.12/site-packages/airflow/example_dags/example_python_decorator.py
[2026-06-22T09:07:17.044+0300] {logging_mixin.py:188} INFO - [2026-06-22T09:07:17.043+0300] {dag.py:3096} INFO - Sync 1 DAGs
[2026-06-22T09:07:17.053+0300] {logging_mixin.py:188} INFO - [2026-06-22T09:07:17.052+0300] {dag.py:3954} INFO - Setting next_dagrun for example_python_decorator to None, run_after=None
[2026-06-22T09:07:17.082+0300] {processor.py:183} INFO - Processing /media/data/omar/programming course/DEPI/DEPI project/anomx/venv/lib/python3.12/site-packages/airflow/example_dags/example_python_decorator.py took 0.078 seconds
[2026-06-22T09:08:11.090+0300] {processor.py:161} INFO - Started process (PID=47388) to work on /media/data/omar/programming course/DEPI/DEPI project/anomx/venv/lib/python3.12/site-packages/airflow/example_dags/example_python_decorator.py
[2026-06-22T09:08:11.091+0300] {processor.py:830} INFO - Processing file /media/data/omar/programming course/DEPI/DEPI project/anomx/venv/lib/python3.12/site-packages/airflow/example_dags/example_python_decorator.py for tasks to queue
[2026-06-22T09:08:11.092+0300] {logging_mixin.py:188} INFO - [2026-06-22T09:08:11.092+0300] {dagbag.py:540} INFO - Filling up the DagBag from /media/data/omar/programming course/DEPI/DEPI project/anomx/venv/lib/python3.12/site-packages/airflow/example_dags/example_python_decorator.py
[2026-06-22T09:08:11.107+0300] {processor.py:840} INFO - DAG(s) 'example_python_decorator' retrieved from /media/data/omar/programming course/DEPI/DEPI project/anomx/venv/lib/python3.12/site-packages/airflow/example_dags/example_python_decorator.py
[2026-06-22T09:08:11.125+0300] {logging_mixin.py:188} INFO - [2026-06-22T09:08:11.124+0300] {dag.py:3096} INFO - Sync 1 DAGs
[2026-06-22T09:08:11.133+0300] {logging_mixin.py:188} INFO - [2026-06-22T09:08:11.133+0300] {dag.py:3954} INFO - Setting next_dagrun for example_python_decorator to None, run_after=None
[2026-06-22T09:08:11.164+0300] {processor.py:183} INFO - Processing /media/data/omar/programming course/DEPI/DEPI project/anomx/venv/lib/python3.12/site-packages/airflow/example_dags/example_python_decorator.py took 0.083 seconds
[2026-06-22T09:09:06.026+0300] {processor.py:161} INFO - Started process (PID=47468) to work on /media/data/omar/programming course/DEPI/DEPI project/anomx/venv/lib/python3.12/site-packages/airflow/example_dags/example_python_decorator.py
[2026-06-22T09:09:06.027+0300] {processor.py:830} INFO - Processing file /media/data/omar/programming course/DEPI/DEPI project/anomx/venv/lib/python3.12/site-packages/airflow/example_dags/example_python_decorator.py for tasks to queue
[2026-06-22T09:09:06.029+0300] {logging_mixin.py:188} INFO - [2026-06-22T09:09:06.028+0300] {dagbag.py:540} INFO - Filling up the DagBag from /media/data/omar/programming course/DEPI/DEPI project/anomx/venv/lib/python3.12/site-packages/airflow/example_dags/example_python_decorator.py
[2026-06-22T09:09:06.042+0300] {processor.py:840} INFO - DAG(s) 'example_python_decorator' retrieved from /media/data/omar/programming course/DEPI/DEPI project/anomx/venv/lib/python3.12/site-packages/airflow/example_dags/example_python_decorator.py
[2026-06-22T09:09:06.061+0300] {logging_mixin.py:188} INFO - [2026-06-22T09:09:06.060+0300] {dag.py:3096} INFO - Sync 1 DAGs
[2026-06-22T09:09:06.070+0300] {logging_mixin.py:188} INFO - [2026-06-22T09:09:06.070+0300] {dag.py:3954} INFO - Setting next_dagrun for example_python_decorator to None, run_after=None
[2026-06-22T09:09:06.096+0300] {processor.py:183} INFO - Processing /media/data/omar/programming course/DEPI/DEPI project/anomx/venv/lib/python3.12/site-packages/airflow/example_dags/example_python_decorator.py took 0.078 seconds
[2026-06-22T09:09:55.736+0300] {processor.py:161} INFO - Started process (PID=47554) to work on /media/data/omar/programming course/DEPI/DEPI project/anomx/venv/lib/python3.12/site-packages/airflow/example_dags/example_python_decorator.py
[2026-06-22T09:09:55.737+0300] {processor.py:830} INFO - Processing file /media/data/omar/programming course/DEPI/DEPI project/anomx/venv/lib/python3.12/site-packages/airflow/example_dags/example_python_decorator.py for tasks to queue
[2026-06-22T09:09:55.739+0300] {logging_mixin.py:188} INFO - [2026-06-22T09:09:55.738+0300] {dagbag.py:540} INFO - Filling up the DagBag from /media/data/omar/programming course/DEPI/DEPI project/anomx/venv/lib/python3.12/site-packages/airflow/example_dags/example_python_decorator.py
[2026-06-22T09:09:55.759+0300] {processor.py:840} INFO - DAG(s) 'example_python_decorator' retrieved from /media/data/omar/programming course/DEPI/DEPI project/anomx/venv/lib/python3.12/site-packages/airflow/example_dags/example_python_decorator.py
[2026-06-22T09:09:55.775+0300] {logging_mixin.py:188} INFO - [2026-06-22T09:09:55.774+0300] {dag.py:3096} INFO - Sync 1 DAGs
[2026-06-22T09:09:55.785+0300] {logging_mixin.py:188} INFO - [2026-06-22T09:09:55.784+0300] {dag.py:3954} INFO - Setting next_dagrun for example_python_decorator to None, run_after=None
[2026-06-22T09:09:55.812+0300] {processor.py:183} INFO - Processing /media/data/omar/programming course/DEPI/DEPI project/anomx/venv/lib/python3.12/site-packages/airflow/example_dags/example_python_decorator.py took 0.088 seconds
[2026-06-22T09:10:47.945+0300] {processor.py:161} INFO - Started process (PID=47775) to work on /media/data/omar/programming course/DEPI/DEPI project/anomx/venv/lib/python3.12/site-packages/airflow/example_dags/example_python_decorator.py
[2026-06-22T09:10:47.946+0300] {processor.py:830} INFO - Processing file /media/data/omar/programming course/DEPI/DEPI project/anomx/venv/lib/python3.12/site-packages/airflow/example_dags/example_python_decorator.py for tasks to queue
[2026-06-22T09:10:47.948+0300] {logging_mixin.py:188} INFO - [2026-06-22T09:10:47.948+0300] {dagbag.py:540} INFO - Filling up the DagBag from /media/data/omar/programming course/DEPI/DEPI project/anomx/venv/lib/python3.12/site-packages/airflow/example_dags/example_python_decorator.py
[2026-06-22T09:10:47.967+0300] {processor.py:840} INFO - DAG(s) 'example_python_decorator' retrieved from /media/data/omar/programming course/DEPI/DEPI project/anomx/venv/lib/python3.12/site-packages/airflow/example_dags/example_python_decorator.py
[2026-06-22T09:10:47.985+0300] {logging_mixin.py:188} INFO - [2026-06-22T09:10:47.985+0300] {dag.py:3096} INFO - Sync 1 DAGs
[2026-06-22T09:10:47.996+0300] {logging_mixin.py:188} INFO - [2026-06-22T09:10:47.995+0300] {dag.py:3954} INFO - Setting next_dagrun for example_python_decorator to None, run_after=None
[2026-06-22T09:10:48.031+0300] {processor.py:183} INFO - Processing /media/data/omar/programming course/DEPI/DEPI project/anomx/venv/lib/python3.12/site-packages/airflow/example_dags/example_python_decorator.py took 0.106 seconds
[2026-06-22T09:11:43.192+0300] {processor.py:161} INFO - Started process (PID=47921) to work on /media/data/omar/programming course/DEPI/DEPI project/anomx/venv/lib/python3.12/site-packages/airflow/example_dags/example_python_decorator.py
[2026-06-22T09:11:43.193+0300] {processor.py:830} INFO - Processing file /media/data/omar/programming course/DEPI/DEPI project/anomx/venv/lib/python3.12/site-packages/airflow/example_dags/example_python_decorator.py for tasks to queue
[2026-06-22T09:11:43.194+0300] {logging_mixin.py:188} INFO - [2026-06-22T09:11:43.194+0300] {dagbag.py:540} INFO - Filling up the DagBag from /media/data/omar/programming course/DEPI/DEPI project/anomx/venv/lib/python3.12/site-packages/airflow/example_dags/example_python_decorator.py
[2026-06-22T09:11:43.209+0300] {processor.py:840} INFO - DAG(s) 'example_python_decorator' retrieved from /media/data/omar/programming course/DEPI/DEPI project/anomx/venv/lib/python3.12/site-packages/airflow/example_dags/example_python_decorator.py
[2026-06-22T09:11:43.228+0300] {logging_mixin.py:188} INFO - [2026-06-22T09:11:43.227+0300] {dag.py:3096} INFO - Sync 1 DAGs
[2026-06-22T09:11:43.237+0300] {logging_mixin.py:188} INFO - [2026-06-22T09:11:43.237+0300] {dag.py:3954} INFO - Setting next_dagrun for example_python_decorator to None, run_after=None
[2026-06-22T09:11:43.267+0300] {processor.py:183} INFO - Processing /media/data/omar/programming course/DEPI/DEPI project/anomx/venv/lib/python3.12/site-packages/airflow/example_dags/example_python_decorator.py took 0.083 seconds
[2026-06-22T09:12:38.813+0300] {processor.py:161} INFO - Started process (PID=48019) to work on /media/data/omar/programming course/DEPI/DEPI project/anomx/venv/lib/python3.12/site-packages/airflow/example_dags/example_python_decorator.py
[2026-06-22T09:12:38.814+0300] {processor.py:830} INFO - Processing file /media/data/omar/programming course/DEPI/DEPI project/anomx/venv/lib/python3.12/site-packages/airflow/example_dags/example_python_decorator.py for tasks to queue
[2026-06-22T09:12:38.815+0300] {logging_mixin.py:188} INFO - [2026-06-22T09:12:38.814+0300] {dagbag.py:540} INFO - Filling up the DagBag from /media/data/omar/programming course/DEPI/DEPI project/anomx/venv/lib/python3.12/site-packages/airflow/example_dags/example_python_decorator.py
[2026-06-22T09:12:38.838+0300] {processor.py:840} INFO - DAG(s) 'example_python_decorator' retrieved from /media/data/omar/programming course/DEPI/DEPI project/anomx/venv/lib/python3.12/site-packages/airflow/example_dags/example_python_decorator.py
[2026-06-22T09:12:38.865+0300] {logging_mixin.py:188} INFO - [2026-06-22T09:12:38.865+0300] {dag.py:3096} INFO - Sync 1 DAGs
[2026-06-22T09:12:38.880+0300] {logging_mixin.py:188} INFO - [2026-06-22T09:12:38.879+0300] {dag.py:3954} INFO - Setting next_dagrun for example_python_decorator to None, run_after=None
[2026-06-22T09:12:38.931+0300] {processor.py:183} INFO - Processing /media/data/omar/programming course/DEPI/DEPI project/anomx/venv/lib/python3.12/site-packages/airflow/example_dags/example_python_decorator.py took 0.139 seconds
[2026-06-22T09:13:29.852+0300] {processor.py:161} INFO - Started process (PID=48112) to work on /media/data/omar/programming course/DEPI/DEPI project/anomx/venv/lib/python3.12/site-packages/airflow/example_dags/example_python_decorator.py
[2026-06-22T09:13:29.854+0300] {processor.py:830} INFO - Processing file /media/data/omar/programming course/DEPI/DEPI project/anomx/venv/lib/python3.12/site-packages/airflow/example_dags/example_python_decorator.py for tasks to queue
[2026-06-22T09:13:29.856+0300] {logging_mixin.py:188} INFO - [2026-06-22T09:13:29.855+0300] {dagbag.py:540} INFO - Filling up the DagBag from /media/data/omar/programming course/DEPI/DEPI project/anomx/venv/lib/python3.12/site-packages/airflow/example_dags/example_python_decorator.py
[2026-06-22T09:13:29.869+0300] {processor.py:840} INFO - DAG(s) 'example_python_decorator' retrieved from /media/data/omar/programming course/DEPI/DEPI project/anomx/venv/lib/python3.12/site-packages/airflow/example_dags/example_python_decorator.py
[2026-06-22T09:13:29.890+0300] {logging_mixin.py:188} INFO - [2026-06-22T09:13:29.890+0300] {dag.py:3096} INFO - Sync 1 DAGs
[2026-06-22T09:13:29.903+0300] {logging_mixin.py:188} INFO - [2026-06-22T09:13:29.902+0300] {dag.py:3954} INFO - Setting next_dagrun for example_python_decorator to None, run_after=None
[2026-06-22T09:13:29.936+0300] {processor.py:183} INFO - Processing /media/data/omar/programming course/DEPI/DEPI project/anomx/venv/lib/python3.12/site-packages/airflow/example_dags/example_python_decorator.py took 0.094 seconds
[2026-06-22T09:14:23.754+0300] {processor.py:161} INFO - Started process (PID=48193) to work on /media/data/omar/programming course/DEPI/DEPI project/anomx/venv/lib/python3.12/site-packages/airflow/example_dags/example_python_decorator.py
[2026-06-22T09:14:23.756+0300] {processor.py:830} INFO - Processing file /media/data/omar/programming course/DEPI/DEPI project/anomx/venv/lib/python3.12/site-packages/airflow/example_dags/example_python_decorator.py for tasks to queue
[2026-06-22T09:14:23.757+0300] {logging_mixin.py:188} INFO - [2026-06-22T09:14:23.757+0300] {dagbag.py:540} INFO - Filling up the DagBag from /media/data/omar/programming course/DEPI/DEPI project/anomx/venv/lib/python3.12/site-packages/airflow/example_dags/example_python_decorator.py
[2026-06-22T09:14:23.780+0300] {processor.py:840} INFO - DAG(s) 'example_python_decorator' retrieved from /media/data/omar/programming course/DEPI/DEPI project/anomx/venv/lib/python3.12/site-packages/airflow/example_dags/example_python_decorator.py
[2026-06-22T09:14:23.797+0300] {logging_mixin.py:188} INFO - [2026-06-22T09:14:23.797+0300] {dag.py:3096} INFO - Sync 1 DAGs
[2026-06-22T09:14:23.806+0300] {logging_mixin.py:188} INFO - [2026-06-22T09:14:23.805+0300] {dag.py:3954} INFO - Setting next_dagrun for example_python_decorator to None, run_after=None
[2026-06-22T09:14:23.832+0300] {processor.py:183} INFO - Processing /media/data/omar/programming course/DEPI/DEPI project/anomx/venv/lib/python3.12/site-packages/airflow/example_dags/example_python_decorator.py took 0.088 seconds
[2026-06-22T09:15:16.386+0300] {processor.py:161} INFO - Started process (PID=48288) to work on /media/data/omar/programming course/DEPI/DEPI project/anomx/venv/lib/python3.12/site-packages/airflow/example_dags/example_python_decorator.py
[2026-06-22T09:15:16.388+0300] {processor.py:830} INFO - Processing file /media/data/omar/programming course/DEPI/DEPI project/anomx/venv/lib/python3.12/site-packages/airflow/example_dags/example_python_decorator.py for tasks to queue
[2026-06-22T09:15:16.389+0300] {logging_mixin.py:188} INFO - [2026-06-22T09:15:16.388+0300] {dagbag.py:540} INFO - Filling up the DagBag from /media/data/omar/programming course/DEPI/DEPI project/anomx/venv/lib/python3.12/site-packages/airflow/example_dags/example_python_decorator.py
[2026-06-22T09:15:16.405+0300] {processor.py:840} INFO - DAG(s) 'example_python_decorator' retrieved from /media/data/omar/programming course/DEPI/DEPI project/anomx/venv/lib/python3.12/site-packages/airflow/example_dags/example_python_decorator.py
[2026-06-22T09:15:16.422+0300] {logging_mixin.py:188} INFO - [2026-06-22T09:15:16.422+0300] {dag.py:3096} INFO - Sync 1 DAGs
[2026-06-22T09:15:16.431+0300] {logging_mixin.py:188} INFO - [2026-06-22T09:15:16.430+0300] {dag.py:3954} INFO - Setting next_dagrun for example_python_decorator to None, run_after=None
[2026-06-22T09:15:16.457+0300] {processor.py:183} INFO - Processing /media/data/omar/programming course/DEPI/DEPI project/anomx/venv/lib/python3.12/site-packages/airflow/example_dags/example_python_decorator.py took 0.078 seconds
[2026-06-22T09:16:10.350+0300] {processor.py:161} INFO - Started process (PID=48387) to work on /media/data/omar/programming course/DEPI/DEPI project/anomx/venv/lib/python3.12/site-packages/airflow/example_dags/example_python_decorator.py
[2026-06-22T09:16:10.351+0300] {processor.py:830} INFO - Processing file /media/data/omar/programming course/DEPI/DEPI project/anomx/venv/lib/python3.12/site-packages/airflow/example_dags/example_python_decorator.py for tasks to queue
[2026-06-22T09:16:10.352+0300] {logging_mixin.py:188} INFO - [2026-06-22T09:16:10.352+0300] {dagbag.py:540} INFO - Filling up the DagBag from /media/data/omar/programming course/DEPI/DEPI project/anomx/venv/lib/python3.12/site-packages/airflow/example_dags/example_python_decorator.py
[2026-06-22T09:16:10.376+0300] {processor.py:840} INFO - DAG(s) 'example_python_decorator' retrieved from /media/data/omar/programming course/DEPI/DEPI project/anomx/venv/lib/python3.12/site-packages/airflow/example_dags/example_python_decorator.py
[2026-06-22T09:16:10.398+0300] {logging_mixin.py:188} INFO - [2026-06-22T09:16:10.398+0300] {dag.py:3096} INFO - Sync 1 DAGs
[2026-06-22T09:16:10.409+0300] {logging_mixin.py:188} INFO - [2026-06-22T09:16:10.409+0300] {dag.py:3954} INFO - Setting next_dagrun for example_python_decorator to None, run_after=None
[2026-06-22T09:16:10.439+0300] {processor.py:183} INFO - Processing /media/data/omar/programming course/DEPI/DEPI project/anomx/venv/lib/python3.12/site-packages/airflow/example_dags/example_python_decorator.py took 0.102 seconds
[2026-06-22T09:17:10.527+0300] {processor.py:161} INFO - Started process (PID=48493) to work on /media/data/omar/programming course/DEPI/DEPI project/anomx/venv/lib/python3.12/site-packages/airflow/example_dags/example_python_decorator.py
[2026-06-22T09:17:10.528+0300] {processor.py:830} INFO - Processing file /media/data/omar/programming course/DEPI/DEPI project/anomx/venv/lib/python3.12/site-packages/airflow/example_dags/example_python_decorator.py for tasks to queue
[2026-06-22T09:17:10.529+0300] {logging_mixin.py:188} INFO - [2026-06-22T09:17:10.529+0300] {dagbag.py:540} INFO - Filling up the DagBag from /media/data/omar/programming course/DEPI/DEPI project/anomx/venv/lib/python3.12/site-packages/airflow/example_dags/example_python_decorator.py
[2026-06-22T09:17:10.548+0300] {processor.py:840} INFO - DAG(s) 'example_python_decorator' retrieved from /media/data/omar/programming course/DEPI/DEPI project/anomx/venv/lib/python3.12/site-packages/airflow/example_dags/example_python_decorator.py
[2026-06-22T09:17:10.573+0300] {logging_mixin.py:188} INFO - [2026-06-22T09:17:10.572+0300] {dag.py:3096} INFO - Sync 1 DAGs
[2026-06-22T09:17:10.582+0300] {logging_mixin.py:188} INFO - [2026-06-22T09:17:10.581+0300] {dag.py:3954} INFO - Setting next_dagrun for example_python_decorator to None, run_after=None
[2026-06-22T09:17:10.612+0300] {processor.py:183} INFO - Processing /media/data/omar/programming course/DEPI/DEPI project/anomx/venv/lib/python3.12/site-packages/airflow/example_dags/example_python_decorator.py took 0.095 seconds
[2026-06-22T09:18:11.136+0300] {processor.py:161} INFO - Started process (PID=48619) to work on /media/data/omar/programming course/DEPI/DEPI project/anomx/venv/lib/python3.12/site-packages/airflow/example_dags/example_python_decorator.py
[2026-06-22T09:18:11.138+0300] {processor.py:830} INFO - Processing file /media/data/omar/programming course/DEPI/DEPI project/anomx/venv/lib/python3.12/site-packages/airflow/example_dags/example_python_decorator.py for tasks to queue
[2026-06-22T09:18:11.139+0300] {logging_mixin.py:188} INFO - [2026-06-22T09:18:11.139+0300] {dagbag.py:540} INFO - Filling up the DagBag from /media/data/omar/programming course/DEPI/DEPI project/anomx/venv/lib/python3.12/site-packages/airflow/example_dags/example_python_decorator.py
[2026-06-22T09:18:11.164+0300] {processor.py:840} INFO - DAG(s) 'example_python_decorator' retrieved from /media/data/omar/programming course/DEPI/DEPI project/anomx/venv/lib/python3.12/site-packages/airflow/example_dags/example_python_decorator.py
[2026-06-22T09:18:11.185+0300] {logging_mixin.py:188} INFO - [2026-06-22T09:18:11.185+0300] {dag.py:3096} INFO - Sync 1 DAGs
[2026-06-22T09:18:11.195+0300] {logging_mixin.py:188} INFO - [2026-06-22T09:18:11.195+0300] {dag.py:3954} INFO - Setting next_dagrun for example_python_decorator to None, run_after=None
[2026-06-22T09:18:11.225+0300] {processor.py:183} INFO - Processing /media/data/omar/programming course/DEPI/DEPI project/anomx/venv/lib/python3.12/site-packages/airflow/example_dags/example_python_decorator.py took 0.098 seconds
[2026-06-22T09:19:18.048+0300] {processor.py:161} INFO - Started process (PID=48779) to work on /media/data/omar/programming course/DEPI/DEPI project/anomx/venv/lib/python3.12/site-packages/airflow/example_dags/example_python_decorator.py
[2026-06-22T09:19:18.051+0300] {processor.py:830} INFO - Processing file /media/data/omar/programming course/DEPI/DEPI project/anomx/venv/lib/python3.12/site-packages/airflow/example_dags/example_python_decorator.py for tasks to queue
[2026-06-22T09:19:18.056+0300] {logging_mixin.py:188} INFO - [2026-06-22T09:19:18.054+0300] {dagbag.py:540} INFO - Filling up the DagBag from /media/data/omar/programming course/DEPI/DEPI project/anomx/venv/lib/python3.12/site-packages/airflow/example_dags/example_python_decorator.py
[2026-06-22T09:19:18.125+0300] {processor.py:840} INFO - DAG(s) 'example_python_decorator' retrieved from /media/data/omar/programming course/DEPI/DEPI project/anomx/venv/lib/python3.12/site-packages/airflow/example_dags/example_python_decorator.py
[2026-06-22T09:19:18.154+0300] {logging_mixin.py:188} INFO - [2026-06-22T09:19:18.154+0300] {dag.py:3096} INFO - Sync 1 DAGs
[2026-06-22T09:19:18.167+0300] {logging_mixin.py:188} INFO - [2026-06-22T09:19:18.166+0300] {dag.py:3954} INFO - Setting next_dagrun for example_python_decorator to None, run_after=None
[2026-06-22T09:19:18.204+0300] {processor.py:183} INFO - Processing /media/data/omar/programming course/DEPI/DEPI project/anomx/venv/lib/python3.12/site-packages/airflow/example_dags/example_python_decorator.py took 0.181 seconds
[2026-06-22T09:20:24.951+0300] {processor.py:161} INFO - Started process (PID=49021) to work on /media/data/omar/programming course/DEPI/DEPI project/anomx/venv/lib/python3.12/site-packages/airflow/example_dags/example_python_decorator.py
[2026-06-22T09:20:24.952+0300] {processor.py:830} INFO - Processing file /media/data/omar/programming course/DEPI/DEPI project/anomx/venv/lib/python3.12/site-packages/airflow/example_dags/example_python_decorator.py for tasks to queue
[2026-06-22T09:20:24.955+0300] {logging_mixin.py:188} INFO - [2026-06-22T09:20:24.954+0300] {dagbag.py:540} INFO - Filling up the DagBag from /media/data/omar/programming course/DEPI/DEPI project/anomx/venv/lib/python3.12/site-packages/airflow/example_dags/example_python_decorator.py
[2026-06-22T09:20:24.981+0300] {processor.py:840} INFO - DAG(s) 'example_python_decorator' retrieved from /media/data/omar/programming course/DEPI/DEPI project/anomx/venv/lib/python3.12/site-packages/airflow/example_dags/example_python_decorator.py
[2026-06-22T09:20:25.022+0300] {logging_mixin.py:188} INFO - [2026-06-22T09:20:25.020+0300] {dag.py:3096} INFO - Sync 1 DAGs
[2026-06-22T09:20:25.051+0300] {logging_mixin.py:188} INFO - [2026-06-22T09:20:25.051+0300] {dag.py:3954} INFO - Setting next_dagrun for example_python_decorator to None, run_after=None
[2026-06-22T09:20:25.097+0300] {processor.py:183} INFO - Processing /media/data/omar/programming course/DEPI/DEPI project/anomx/venv/lib/python3.12/site-packages/airflow/example_dags/example_python_decorator.py took 0.156 seconds
[2026-06-22T09:21:38.764+0300] {processor.py:161} INFO - Started process (PID=49209) to work on /media/data/omar/programming course/DEPI/DEPI project/anomx/venv/lib/python3.12/site-packages/airflow/example_dags/example_python_decorator.py
[2026-06-22T09:21:38.765+0300] {processor.py:830} INFO - Processing file /media/data/omar/programming course/DEPI/DEPI project/anomx/venv/lib/python3.12/site-packages/airflow/example_dags/example_python_decorator.py for tasks to queue
[2026-06-22T09:21:38.766+0300] {logging_mixin.py:188} INFO - [2026-06-22T09:21:38.766+0300] {dagbag.py:540} INFO - Filling up the DagBag from /media/data/omar/programming course/DEPI/DEPI project/anomx/venv/lib/python3.12/site-packages/airflow/example_dags/example_python_decorator.py
[2026-06-22T09:21:38.785+0300] {processor.py:840} INFO - DAG(s) 'example_python_decorator' retrieved from /media/data/omar/programming course/DEPI/DEPI project/anomx/venv/lib/python3.12/site-packages/airflow/example_dags/example_python_decorator.py
[2026-06-22T09:21:38.816+0300] {logging_mixin.py:188} INFO - [2026-06-22T09:21:38.816+0300] {dag.py:3096} INFO - Sync 1 DAGs
[2026-06-22T09:21:38.835+0300] {logging_mixin.py:188} INFO - [2026-06-22T09:21:38.835+0300] {dag.py:3954} INFO - Setting next_dagrun for example_python_decorator to None, run_after=None
[2026-06-22T09:21:38.885+0300] {processor.py:183} INFO - Processing /media/data/omar/programming course/DEPI/DEPI project/anomx/venv/lib/python3.12/site-packages/airflow/example_dags/example_python_decorator.py took 0.134 seconds
[2026-06-22T09:22:44.132+0300] {processor.py:161} INFO - Started process (PID=49382) to work on /media/data/omar/programming course/DEPI/DEPI project/anomx/venv/lib/python3.12/site-packages/airflow/example_dags/example_python_decorator.py
[2026-06-22T09:22:44.136+0300] {processor.py:830} INFO - Processing file /media/data/omar/programming course/DEPI/DEPI project/anomx/venv/lib/python3.12/site-packages/airflow/example_dags/example_python_decorator.py for tasks to queue
[2026-06-22T09:22:44.141+0300] {logging_mixin.py:188} INFO - [2026-06-22T09:22:44.139+0300] {dagbag.py:540} INFO - Filling up the DagBag from /media/data/omar/programming course/DEPI/DEPI project/anomx/venv/lib/python3.12/site-packages/airflow/example_dags/example_python_decorator.py
[2026-06-22T09:22:44.200+0300] {processor.py:840} INFO - DAG(s) 'example_python_decorator' retrieved from /media/data/omar/programming course/DEPI/DEPI project/anomx/venv/lib/python3.12/site-packages/airflow/example_dags/example_python_decorator.py
[2026-06-22T09:22:44.230+0300] {logging_mixin.py:188} INFO - [2026-06-22T09:22:44.230+0300] {dag.py:3096} INFO - Sync 1 DAGs
[2026-06-22T09:22:44.241+0300] {logging_mixin.py:188} INFO - [2026-06-22T09:22:44.240+0300] {dag.py:3954} INFO - Setting next_dagrun for example_python_decorator to None, run_after=None
[2026-06-22T09:22:44.272+0300] {processor.py:183} INFO - Processing /media/data/omar/programming course/DEPI/DEPI project/anomx/venv/lib/python3.12/site-packages/airflow/example_dags/example_python_decorator.py took 0.167 seconds
[2026-06-22T09:23:52.771+0300] {processor.py:161} INFO - Started process (PID=49529) to work on /media/data/omar/programming course/DEPI/DEPI project/anomx/venv/lib/python3.12/site-packages/airflow/example_dags/example_python_decorator.py
[2026-06-22T09:23:52.773+0300] {processor.py:830} INFO - Processing file /media/data/omar/programming course/DEPI/DEPI project/anomx/venv/lib/python3.12/site-packages/airflow/example_dags/example_python_decorator.py for tasks to queue
[2026-06-22T09:23:52.776+0300] {logging_mixin.py:188} INFO - [2026-06-22T09:23:52.774+0300] {dagbag.py:540} INFO - Filling up the DagBag from /media/data/omar/programming course/DEPI/DEPI project/anomx/venv/lib/python3.12/site-packages/airflow/example_dags/example_python_decorator.py
[2026-06-22T09:23:52.812+0300] {processor.py:840} INFO - DAG(s) 'example_python_decorator' retrieved from /media/data/omar/programming course/DEPI/DEPI project/anomx/venv/lib/python3.12/site-packages/airflow/example_dags/example_python_decorator.py
[2026-06-22T09:23:52.856+0300] {logging_mixin.py:188} INFO - [2026-06-22T09:23:52.855+0300] {dag.py:3096} INFO - Sync 1 DAGs
[2026-06-22T09:23:52.874+0300] {logging_mixin.py:188} INFO - [2026-06-22T09:23:52.873+0300] {dag.py:3954} INFO - Setting next_dagrun for example_python_decorator to None, run_after=None
[2026-06-22T09:23:52.910+0300] {processor.py:183} INFO - Processing /media/data/omar/programming course/DEPI/DEPI project/anomx/venv/lib/python3.12/site-packages/airflow/example_dags/example_python_decorator.py took 0.153 seconds
[2026-06-22T09:24:59.141+0300] {processor.py:161} INFO - Started process (PID=49719) to work on /media/data/omar/programming course/DEPI/DEPI project/anomx/venv/lib/python3.12/site-packages/airflow/example_dags/example_python_decorator.py
[2026-06-22T09:24:59.142+0300] {processor.py:830} INFO - Processing file /media/data/omar/programming course/DEPI/DEPI project/anomx/venv/lib/python3.12/site-packages/airflow/example_dags/example_python_decorator.py for tasks to queue
[2026-06-22T09:24:59.143+0300] {logging_mixin.py:188} INFO - [2026-06-22T09:24:59.142+0300] {dagbag.py:540} INFO - Filling up the DagBag from /media/data/omar/programming course/DEPI/DEPI project/anomx/venv/lib/python3.12/site-packages/airflow/example_dags/example_python_decorator.py
[2026-06-22T09:24:59.157+0300] {processor.py:840} INFO - DAG(s) 'example_python_decorator' retrieved from /media/data/omar/programming course/DEPI/DEPI project/anomx/venv/lib/python3.12/site-packages/airflow/example_dags/example_python_decorator.py
[2026-06-22T09:24:59.186+0300] {logging_mixin.py:188} INFO - [2026-06-22T09:24:59.185+0300] {dag.py:3096} INFO - Sync 1 DAGs
[2026-06-22T09:24:59.196+0300] {logging_mixin.py:188} INFO - [2026-06-22T09:24:59.195+0300] {dag.py:3954} INFO - Setting next_dagrun for example_python_decorator to None, run_after=None
[2026-06-22T09:24:59.248+0300] {processor.py:183} INFO - Processing /media/data/omar/programming course/DEPI/DEPI project/anomx/venv/lib/python3.12/site-packages/airflow/example_dags/example_python_decorator.py took 0.114 seconds
[2026-06-22T09:26:12.341+0300] {processor.py:161} INFO - Started process (PID=49926) to work on /media/data/omar/programming course/DEPI/DEPI project/anomx/venv/lib/python3.12/site-packages/airflow/example_dags/example_python_decorator.py
[2026-06-22T09:26:12.345+0300] {processor.py:830} INFO - Processing file /media/data/omar/programming course/DEPI/DEPI project/anomx/venv/lib/python3.12/site-packages/airflow/example_dags/example_python_decorator.py for tasks to queue
[2026-06-22T09:26:12.349+0300] {logging_mixin.py:188} INFO - [2026-06-22T09:26:12.347+0300] {dagbag.py:540} INFO - Filling up the DagBag from /media/data/omar/programming course/DEPI/DEPI project/anomx/venv/lib/python3.12/site-packages/airflow/example_dags/example_python_decorator.py
[2026-06-22T09:26:12.417+0300] {processor.py:840} INFO - DAG(s) 'example_python_decorator' retrieved from /media/data/omar/programming course/DEPI/DEPI project/anomx/venv/lib/python3.12/site-packages/airflow/example_dags/example_python_decorator.py
[2026-06-22T09:26:12.482+0300] {logging_mixin.py:188} INFO - [2026-06-22T09:26:12.481+0300] {dag.py:3096} INFO - Sync 1 DAGs
[2026-06-22T09:26:12.500+0300] {logging_mixin.py:188} INFO - [2026-06-22T09:26:12.499+0300] {dag.py:3954} INFO - Setting next_dagrun for example_python_decorator to None, run_after=None
[2026-06-22T09:26:12.542+0300] {processor.py:183} INFO - Processing /media/data/omar/programming course/DEPI/DEPI project/anomx/venv/lib/python3.12/site-packages/airflow/example_dags/example_python_decorator.py took 0.232 seconds
[2026-06-22T09:27:20.356+0300] {processor.py:161} INFO - Started process (PID=50103) to work on /media/data/omar/programming course/DEPI/DEPI project/anomx/venv/lib/python3.12/site-packages/airflow/example_dags/example_python_decorator.py
[2026-06-22T09:27:20.358+0300] {processor.py:830} INFO - Processing file /media/data/omar/programming course/DEPI/DEPI project/anomx/venv/lib/python3.12/site-packages/airflow/example_dags/example_python_decorator.py for tasks to queue
[2026-06-22T09:27:20.359+0300] {logging_mixin.py:188} INFO - [2026-06-22T09:27:20.358+0300] {dagbag.py:540} INFO - Filling up the DagBag from /media/data/omar/programming course/DEPI/DEPI project/anomx/venv/lib/python3.12/site-packages/airflow/example_dags/example_python_decorator.py
[2026-06-22T09:27:20.382+0300] {processor.py:840} INFO - DAG(s) 'example_python_decorator' retrieved from /media/data/omar/programming course/DEPI/DEPI project/anomx/venv/lib/python3.12/site-packages/airflow/example_dags/example_python_decorator.py
[2026-06-22T09:27:20.417+0300] {logging_mixin.py:188} INFO - [2026-06-22T09:27:20.416+0300] {dag.py:3096} INFO - Sync 1 DAGs
[2026-06-22T09:27:20.428+0300] {logging_mixin.py:188} INFO - [2026-06-22T09:27:20.427+0300] {dag.py:3954} INFO - Setting next_dagrun for example_python_decorator to None, run_after=None
[2026-06-22T09:27:20.481+0300] {processor.py:183} INFO - Processing /media/data/omar/programming course/DEPI/DEPI project/anomx/venv/lib/python3.12/site-packages/airflow/example_dags/example_python_decorator.py took 0.140 seconds
[2026-06-22T09:28:31.728+0300] {processor.py:161} INFO - Started process (PID=50286) to work on /media/data/omar/programming course/DEPI/DEPI project/anomx/venv/lib/python3.12/site-packages/airflow/example_dags/example_python_decorator.py
[2026-06-22T09:28:31.729+0300] {processor.py:830} INFO - Processing file /media/data/omar/programming course/DEPI/DEPI project/anomx/venv/lib/python3.12/site-packages/airflow/example_dags/example_python_decorator.py for tasks to queue
[2026-06-22T09:28:31.730+0300] {logging_mixin.py:188} INFO - [2026-06-22T09:28:31.729+0300] {dagbag.py:540} INFO - Filling up the DagBag from /media/data/omar/programming course/DEPI/DEPI project/anomx/venv/lib/python3.12/site-packages/airflow/example_dags/example_python_decorator.py
[2026-06-22T09:28:31.750+0300] {processor.py:840} INFO - DAG(s) 'example_python_decorator' retrieved from /media/data/omar/programming course/DEPI/DEPI project/anomx/venv/lib/python3.12/site-packages/airflow/example_dags/example_python_decorator.py
[2026-06-22T09:28:31.769+0300] {logging_mixin.py:188} INFO - [2026-06-22T09:28:31.769+0300] {dag.py:3096} INFO - Sync 1 DAGs
[2026-06-22T09:28:31.782+0300] {logging_mixin.py:188} INFO - [2026-06-22T09:28:31.782+0300] {dag.py:3954} INFO - Setting next_dagrun for example_python_decorator to None, run_after=None
[2026-06-22T09:28:31.828+0300] {processor.py:183} INFO - Processing /media/data/omar/programming course/DEPI/DEPI project/anomx/venv/lib/python3.12/site-packages/airflow/example_dags/example_python_decorator.py took 0.107 seconds
[2026-06-22T09:29:42.331+0300] {processor.py:161} INFO - Started process (PID=50457) to work on /media/data/omar/programming course/DEPI/DEPI project/anomx/venv/lib/python3.12/site-packages/airflow/example_dags/example_python_decorator.py
[2026-06-22T09:29:42.333+0300] {processor.py:830} INFO - Processing file /media/data/omar/programming course/DEPI/DEPI project/anomx/venv/lib/python3.12/site-packages/airflow/example_dags/example_python_decorator.py for tasks to queue
[2026-06-22T09:29:42.334+0300] {logging_mixin.py:188} INFO - [2026-06-22T09:29:42.334+0300] {dagbag.py:540} INFO - Filling up the DagBag from /media/data/omar/programming course/DEPI/DEPI project/anomx/venv/lib/python3.12/site-packages/airflow/example_dags/example_python_decorator.py
[2026-06-22T09:29:42.357+0300] {processor.py:840} INFO - DAG(s) 'example_python_decorator' retrieved from /media/data/omar/programming course/DEPI/DEPI project/anomx/venv/lib/python3.12/site-packages/airflow/example_dags/example_python_decorator.py
[2026-06-22T09:29:42.386+0300] {logging_mixin.py:188} INFO - [2026-06-22T09:29:42.386+0300] {dag.py:3096} INFO - Sync 1 DAGs
[2026-06-22T09:29:42.405+0300] {logging_mixin.py:188} INFO - [2026-06-22T09:29:42.404+0300] {dag.py:3954} INFO - Setting next_dagrun for example_python_decorator to None, run_after=None
[2026-06-22T09:29:42.504+0300] {processor.py:183} INFO - Processing /media/data/omar/programming course/DEPI/DEPI project/anomx/venv/lib/python3.12/site-packages/airflow/example_dags/example_python_decorator.py took 0.183 seconds
[2026-06-22T09:30:54.615+0300] {processor.py:161} INFO - Started process (PID=50630) to work on /media/data/omar/programming course/DEPI/DEPI project/anomx/venv/lib/python3.12/site-packages/airflow/example_dags/example_python_decorator.py
[2026-06-22T09:30:54.622+0300] {processor.py:830} INFO - Processing file /media/data/omar/programming course/DEPI/DEPI project/anomx/venv/lib/python3.12/site-packages/airflow/example_dags/example_python_decorator.py for tasks to queue
[2026-06-22T09:30:54.629+0300] {logging_mixin.py:188} INFO - [2026-06-22T09:30:54.627+0300] {dagbag.py:540} INFO - Filling up the DagBag from /media/data/omar/programming course/DEPI/DEPI project/anomx/venv/lib/python3.12/site-packages/airflow/example_dags/example_python_decorator.py
[2026-06-22T09:30:54.663+0300] {processor.py:840} INFO - DAG(s) 'example_python_decorator' retrieved from /media/data/omar/programming course/DEPI/DEPI project/anomx/venv/lib/python3.12/site-packages/airflow/example_dags/example_python_decorator.py
[2026-06-22T09:30:54.693+0300] {logging_mixin.py:188} INFO - [2026-06-22T09:30:54.692+0300] {dag.py:3096} INFO - Sync 1 DAGs
[2026-06-22T09:30:54.705+0300] {logging_mixin.py:188} INFO - [2026-06-22T09:30:54.704+0300] {dag.py:3954} INFO - Setting next_dagrun for example_python_decorator to None, run_after=None
[2026-06-22T09:30:54.744+0300] {processor.py:183} INFO - Processing /media/data/omar/programming course/DEPI/DEPI project/anomx/venv/lib/python3.12/site-packages/airflow/example_dags/example_python_decorator.py took 0.157 seconds
[2026-06-22T09:31:59.363+0300] {processor.py:161} INFO - Started process (PID=50752) to work on /media/data/omar/programming course/DEPI/DEPI project/anomx/venv/lib/python3.12/site-packages/airflow/example_dags/example_python_decorator.py
[2026-06-22T09:31:59.365+0300] {processor.py:830} INFO - Processing file /media/data/omar/programming course/DEPI/DEPI project/anomx/venv/lib/python3.12/site-packages/airflow/example_dags/example_python_decorator.py for tasks to queue
[2026-06-22T09:31:59.367+0300] {logging_mixin.py:188} INFO - [2026-06-22T09:31:59.366+0300] {dagbag.py:540} INFO - Filling up the DagBag from /media/data/omar/programming course/DEPI/DEPI project/anomx/venv/lib/python3.12/site-packages/airflow/example_dags/example_python_decorator.py
[2026-06-22T09:31:59.387+0300] {processor.py:840} INFO - DAG(s) 'example_python_decorator' retrieved from /media/data/omar/programming course/DEPI/DEPI project/anomx/venv/lib/python3.12/site-packages/airflow/example_dags/example_python_decorator.py
[2026-06-22T09:31:59.403+0300] {logging_mixin.py:188} INFO - [2026-06-22T09:31:59.403+0300] {dag.py:3096} INFO - Sync 1 DAGs
[2026-06-22T09:31:59.412+0300] {logging_mixin.py:188} INFO - [2026-06-22T09:31:59.411+0300] {dag.py:3954} INFO - Setting next_dagrun for example_python_decorator to None, run_after=None
[2026-06-22T09:31:59.439+0300] {processor.py:183} INFO - Processing /media/data/omar/programming course/DEPI/DEPI project/anomx/venv/lib/python3.12/site-packages/airflow/example_dags/example_python_decorator.py took 0.086 seconds
[2026-06-22T09:32:51.425+0300] {processor.py:161} INFO - Started process (PID=50842) to work on /media/data/omar/programming course/DEPI/DEPI project/anomx/venv/lib/python3.12/site-packages/airflow/example_dags/example_python_decorator.py
[2026-06-22T09:32:51.426+0300] {processor.py:830} INFO - Processing file /media/data/omar/programming course/DEPI/DEPI project/anomx/venv/lib/python3.12/site-packages/airflow/example_dags/example_python_decorator.py for tasks to queue
[2026-06-22T09:32:51.428+0300] {logging_mixin.py:188} INFO - [2026-06-22T09:32:51.427+0300] {dagbag.py:540} INFO - Filling up the DagBag from /media/data/omar/programming course/DEPI/DEPI project/anomx/venv/lib/python3.12/site-packages/airflow/example_dags/example_python_decorator.py
[2026-06-22T09:32:51.444+0300] {processor.py:840} INFO - DAG(s) 'example_python_decorator' retrieved from /media/data/omar/programming course/DEPI/DEPI project/anomx/venv/lib/python3.12/site-packages/airflow/example_dags/example_python_decorator.py
[2026-06-22T09:32:51.461+0300] {logging_mixin.py:188} INFO - [2026-06-22T09:32:51.461+0300] {dag.py:3096} INFO - Sync 1 DAGs
[2026-06-22T09:32:51.471+0300] {logging_mixin.py:188} INFO - [2026-06-22T09:32:51.470+0300] {dag.py:3954} INFO - Setting next_dagrun for example_python_decorator to None, run_after=None
[2026-06-22T09:32:51.498+0300] {processor.py:183} INFO - Processing /media/data/omar/programming course/DEPI/DEPI project/anomx/venv/lib/python3.12/site-packages/airflow/example_dags/example_python_decorator.py took 0.080 seconds
[2026-06-22T09:33:45.888+0300] {processor.py:161} INFO - Started process (PID=50921) to work on /media/data/omar/programming course/DEPI/DEPI project/anomx/venv/lib/python3.12/site-packages/airflow/example_dags/example_python_decorator.py
[2026-06-22T09:33:45.890+0300] {processor.py:830} INFO - Processing file /media/data/omar/programming course/DEPI/DEPI project/anomx/venv/lib/python3.12/site-packages/airflow/example_dags/example_python_decorator.py for tasks to queue
[2026-06-22T09:33:45.893+0300] {logging_mixin.py:188} INFO - [2026-06-22T09:33:45.892+0300] {dagbag.py:540} INFO - Filling up the DagBag from /media/data/omar/programming course/DEPI/DEPI project/anomx/venv/lib/python3.12/site-packages/airflow/example_dags/example_python_decorator.py
[2026-06-22T09:33:45.918+0300] {processor.py:840} INFO - DAG(s) 'example_python_decorator' retrieved from /media/data/omar/programming course/DEPI/DEPI project/anomx/venv/lib/python3.12/site-packages/airflow/example_dags/example_python_decorator.py
[2026-06-22T09:33:45.936+0300] {logging_mixin.py:188} INFO - [2026-06-22T09:33:45.935+0300] {dag.py:3096} INFO - Sync 1 DAGs
[2026-06-22T09:33:45.944+0300] {logging_mixin.py:188} INFO - [2026-06-22T09:33:45.944+0300] {dag.py:3954} INFO - Setting next_dagrun for example_python_decorator to None, run_after=None
[2026-06-22T09:33:45.970+0300] {processor.py:183} INFO - Processing /media/data/omar/programming course/DEPI/DEPI project/anomx/venv/lib/python3.12/site-packages/airflow/example_dags/example_python_decorator.py took 0.094 seconds
[2026-06-22T09:34:36.894+0300] {processor.py:161} INFO - Started process (PID=51017) to work on /media/data/omar/programming course/DEPI/DEPI project/anomx/venv/lib/python3.12/site-packages/airflow/example_dags/example_python_decorator.py
[2026-06-22T09:34:36.895+0300] {processor.py:830} INFO - Processing file /media/data/omar/programming course/DEPI/DEPI project/anomx/venv/lib/python3.12/site-packages/airflow/example_dags/example_python_decorator.py for tasks to queue
[2026-06-22T09:34:36.896+0300] {logging_mixin.py:188} INFO - [2026-06-22T09:34:36.896+0300] {dagbag.py:540} INFO - Filling up the DagBag from /media/data/omar/programming course/DEPI/DEPI project/anomx/venv/lib/python3.12/site-packages/airflow/example_dags/example_python_decorator.py
[2026-06-22T09:34:36.910+0300] {processor.py:840} INFO - DAG(s) 'example_python_decorator' retrieved from /media/data/omar/programming course/DEPI/DEPI project/anomx/venv/lib/python3.12/site-packages/airflow/example_dags/example_python_decorator.py
[2026-06-22T09:34:36.925+0300] {logging_mixin.py:188} INFO - [2026-06-22T09:34:36.925+0300] {dag.py:3096} INFO - Sync 1 DAGs
[2026-06-22T09:34:36.933+0300] {logging_mixin.py:188} INFO - [2026-06-22T09:34:36.933+0300] {dag.py:3954} INFO - Setting next_dagrun for example_python_decorator to None, run_after=None
[2026-06-22T09:34:36.960+0300] {processor.py:183} INFO - Processing /media/data/omar/programming course/DEPI/DEPI project/anomx/venv/lib/python3.12/site-packages/airflow/example_dags/example_python_decorator.py took 0.075 seconds
[2026-06-22T09:35:28.042+0300] {processor.py:161} INFO - Started process (PID=51104) to work on /media/data/omar/programming course/DEPI/DEPI project/anomx/venv/lib/python3.12/site-packages/airflow/example_dags/example_python_decorator.py
[2026-06-22T09:35:28.044+0300] {processor.py:830} INFO - Processing file /media/data/omar/programming course/DEPI/DEPI project/anomx/venv/lib/python3.12/site-packages/airflow/example_dags/example_python_decorator.py for tasks to queue
[2026-06-22T09:35:28.047+0300] {logging_mixin.py:188} INFO - [2026-06-22T09:35:28.046+0300] {dagbag.py:540} INFO - Filling up the DagBag from /media/data/omar/programming course/DEPI/DEPI project/anomx/venv/lib/python3.12/site-packages/airflow/example_dags/example_python_decorator.py
[2026-06-22T09:35:28.066+0300] {processor.py:840} INFO - DAG(s) 'example_python_decorator' retrieved from /media/data/omar/programming course/DEPI/DEPI project/anomx/venv/lib/python3.12/site-packages/airflow/example_dags/example_python_decorator.py
[2026-06-22T09:35:28.082+0300] {logging_mixin.py:188} INFO - [2026-06-22T09:35:28.081+0300] {dag.py:3096} INFO - Sync 1 DAGs
[2026-06-22T09:35:28.090+0300] {logging_mixin.py:188} INFO - [2026-06-22T09:35:28.090+0300] {dag.py:3954} INFO - Setting next_dagrun for example_python_decorator to None, run_after=None
[2026-06-22T09:35:28.118+0300] {processor.py:183} INFO - Processing /media/data/omar/programming course/DEPI/DEPI project/anomx/venv/lib/python3.12/site-packages/airflow/example_dags/example_python_decorator.py took 0.095 seconds
[2026-06-22T09:36:23.008+0300] {processor.py:161} INFO - Started process (PID=51183) to work on /media/data/omar/programming course/DEPI/DEPI project/anomx/venv/lib/python3.12/site-packages/airflow/example_dags/example_python_decorator.py
[2026-06-22T09:36:23.010+0300] {processor.py:830} INFO - Processing file /media/data/omar/programming course/DEPI/DEPI project/anomx/venv/lib/python3.12/site-packages/airflow/example_dags/example_python_decorator.py for tasks to queue
[2026-06-22T09:36:23.011+0300] {logging_mixin.py:188} INFO - [2026-06-22T09:36:23.011+0300] {dagbag.py:540} INFO - Filling up the DagBag from /media/data/omar/programming course/DEPI/DEPI project/anomx/venv/lib/python3.12/site-packages/airflow/example_dags/example_python_decorator.py
[2026-06-22T09:36:23.029+0300] {processor.py:840} INFO - DAG(s) 'example_python_decorator' retrieved from /media/data/omar/programming course/DEPI/DEPI project/anomx/venv/lib/python3.12/site-packages/airflow/example_dags/example_python_decorator.py
[2026-06-22T09:36:23.046+0300] {logging_mixin.py:188} INFO - [2026-06-22T09:36:23.045+0300] {dag.py:3096} INFO - Sync 1 DAGs
[2026-06-22T09:36:23.055+0300] {logging_mixin.py:188} INFO - [2026-06-22T09:36:23.054+0300] {dag.py:3954} INFO - Setting next_dagrun for example_python_decorator to None, run_after=None
[2026-06-22T09:36:23.080+0300] {processor.py:183} INFO - Processing /media/data/omar/programming course/DEPI/DEPI project/anomx/venv/lib/python3.12/site-packages/airflow/example_dags/example_python_decorator.py took 0.090 seconds
[2026-06-22T09:37:15.473+0300] {processor.py:161} INFO - Started process (PID=51285) to work on /media/data/omar/programming course/DEPI/DEPI project/anomx/venv/lib/python3.12/site-packages/airflow/example_dags/example_python_decorator.py
[2026-06-22T09:37:15.474+0300] {processor.py:830} INFO - Processing file /media/data/omar/programming course/DEPI/DEPI project/anomx/venv/lib/python3.12/site-packages/airflow/example_dags/example_python_decorator.py for tasks to queue
[2026-06-22T09:37:15.475+0300] {logging_mixin.py:188} INFO - [2026-06-22T09:37:15.475+0300] {dagbag.py:540} INFO - Filling up the DagBag from /media/data/omar/programming course/DEPI/DEPI project/anomx/venv/lib/python3.12/site-packages/airflow/example_dags/example_python_decorator.py
[2026-06-22T09:37:15.490+0300] {processor.py:840} INFO - DAG(s) 'example_python_decorator' retrieved from /media/data/omar/programming course/DEPI/DEPI project/anomx/venv/lib/python3.12/site-packages/airflow/example_dags/example_python_decorator.py
[2026-06-22T09:37:15.505+0300] {logging_mixin.py:188} INFO - [2026-06-22T09:37:15.505+0300] {dag.py:3096} INFO - Sync 1 DAGs
[2026-06-22T09:37:15.513+0300] {logging_mixin.py:188} INFO - [2026-06-22T09:37:15.513+0300] {dag.py:3954} INFO - Setting next_dagrun for example_python_decorator to None, run_after=None
[2026-06-22T09:37:15.539+0300] {processor.py:183} INFO - Processing /media/data/omar/programming course/DEPI/DEPI project/anomx/venv/lib/python3.12/site-packages/airflow/example_dags/example_python_decorator.py took 0.077 seconds
[2026-06-22T09:38:06.186+0300] {processor.py:161} INFO - Started process (PID=51350) to work on /media/data/omar/programming course/DEPI/DEPI project/anomx/venv/lib/python3.12/site-packages/airflow/example_dags/example_python_decorator.py
[2026-06-22T09:38:06.187+0300] {processor.py:830} INFO - Processing file /media/data/omar/programming course/DEPI/DEPI project/anomx/venv/lib/python3.12/site-packages/airflow/example_dags/example_python_decorator.py for tasks to queue
[2026-06-22T09:38:06.189+0300] {logging_mixin.py:188} INFO - [2026-06-22T09:38:06.188+0300] {dagbag.py:540} INFO - Filling up the DagBag from /media/data/omar/programming course/DEPI/DEPI project/anomx/venv/lib/python3.12/site-packages/airflow/example_dags/example_python_decorator.py
[2026-06-22T09:38:06.210+0300] {processor.py:840} INFO - DAG(s) 'example_python_decorator' retrieved from /media/data/omar/programming course/DEPI/DEPI project/anomx/venv/lib/python3.12/site-packages/airflow/example_dags/example_python_decorator.py
[2026-06-22T09:38:06.227+0300] {logging_mixin.py:188} INFO - [2026-06-22T09:38:06.226+0300] {dag.py:3096} INFO - Sync 1 DAGs
[2026-06-22T09:38:06.235+0300] {logging_mixin.py:188} INFO - [2026-06-22T09:38:06.235+0300] {dag.py:3954} INFO - Setting next_dagrun for example_python_decorator to None, run_after=None
[2026-06-22T09:38:06.261+0300] {processor.py:183} INFO - Processing /media/data/omar/programming course/DEPI/DEPI project/anomx/venv/lib/python3.12/site-packages/airflow/example_dags/example_python_decorator.py took 0.085 seconds
[2026-06-22T09:39:02.743+0300] {processor.py:161} INFO - Started process (PID=51443) to work on /media/data/omar/programming course/DEPI/DEPI project/anomx/venv/lib/python3.12/site-packages/airflow/example_dags/example_python_decorator.py
[2026-06-22T09:39:02.745+0300] {processor.py:830} INFO - Processing file /media/data/omar/programming course/DEPI/DEPI project/anomx/venv/lib/python3.12/site-packages/airflow/example_dags/example_python_decorator.py for tasks to queue
[2026-06-22T09:39:02.748+0300] {logging_mixin.py:188} INFO - [2026-06-22T09:39:02.747+0300] {dagbag.py:540} INFO - Filling up the DagBag from /media/data/omar/programming course/DEPI/DEPI project/anomx/venv/lib/python3.12/site-packages/airflow/example_dags/example_python_decorator.py
[2026-06-22T09:39:02.779+0300] {processor.py:840} INFO - DAG(s) 'example_python_decorator' retrieved from /media/data/omar/programming course/DEPI/DEPI project/anomx/venv/lib/python3.12/site-packages/airflow/example_dags/example_python_decorator.py
[2026-06-22T09:39:02.798+0300] {logging_mixin.py:188} INFO - [2026-06-22T09:39:02.798+0300] {dag.py:3096} INFO - Sync 1 DAGs
[2026-06-22T09:39:02.806+0300] {logging_mixin.py:188} INFO - [2026-06-22T09:39:02.806+0300] {dag.py:3954} INFO - Setting next_dagrun for example_python_decorator to None, run_after=None
[2026-06-22T09:39:02.832+0300] {processor.py:183} INFO - Processing /media/data/omar/programming course/DEPI/DEPI project/anomx/venv/lib/python3.12/site-packages/airflow/example_dags/example_python_decorator.py took 0.102 seconds
[2026-06-22T09:39:58.821+0300] {processor.py:161} INFO - Started process (PID=51522) to work on /media/data/omar/programming course/DEPI/DEPI project/anomx/venv/lib/python3.12/site-packages/airflow/example_dags/example_python_decorator.py
[2026-06-22T09:39:58.823+0300] {processor.py:830} INFO - Processing file /media/data/omar/programming course/DEPI/DEPI project/anomx/venv/lib/python3.12/site-packages/airflow/example_dags/example_python_decorator.py for tasks to queue
[2026-06-22T09:39:58.825+0300] {logging_mixin.py:188} INFO - [2026-06-22T09:39:58.824+0300] {dagbag.py:540} INFO - Filling up the DagBag from /media/data/omar/programming course/DEPI/DEPI project/anomx/venv/lib/python3.12/site-packages/airflow/example_dags/example_python_decorator.py
[2026-06-22T09:39:58.843+0300] {processor.py:840} INFO - DAG(s) 'example_python_decorator' retrieved from /media/data/omar/programming course/DEPI/DEPI project/anomx/venv/lib/python3.12/site-packages/airflow/example_dags/example_python_decorator.py
[2026-06-22T09:39:58.859+0300] {logging_mixin.py:188} INFO - [2026-06-22T09:39:58.858+0300] {dag.py:3096} INFO - Sync 1 DAGs
[2026-06-22T09:39:58.867+0300] {logging_mixin.py:188} INFO - [2026-06-22T09:39:58.867+0300] {dag.py:3954} INFO - Setting next_dagrun for example_python_decorator to None, run_after=None
[2026-06-22T09:39:58.893+0300] {processor.py:183} INFO - Processing /media/data/omar/programming course/DEPI/DEPI project/anomx/venv/lib/python3.12/site-packages/airflow/example_dags/example_python_decorator.py took 0.089 seconds
[2026-06-22T09:40:52.906+0300] {processor.py:161} INFO - Started process (PID=51605) to work on /media/data/omar/programming course/DEPI/DEPI project/anomx/venv/lib/python3.12/site-packages/airflow/example_dags/example_python_decorator.py
[2026-06-22T09:40:52.908+0300] {processor.py:830} INFO - Processing file /media/data/omar/programming course/DEPI/DEPI project/anomx/venv/lib/python3.12/site-packages/airflow/example_dags/example_python_decorator.py for tasks to queue
[2026-06-22T09:40:52.910+0300] {logging_mixin.py:188} INFO - [2026-06-22T09:40:52.909+0300] {dagbag.py:540} INFO - Filling up the DagBag from /media/data/omar/programming course/DEPI/DEPI project/anomx/venv/lib/python3.12/site-packages/airflow/example_dags/example_python_decorator.py
[2026-06-22T09:40:52.933+0300] {processor.py:840} INFO - DAG(s) 'example_python_decorator' retrieved from /media/data/omar/programming course/DEPI/DEPI project/anomx/venv/lib/python3.12/site-packages/airflow/example_dags/example_python_decorator.py
[2026-06-22T09:40:52.949+0300] {logging_mixin.py:188} INFO - [2026-06-22T09:40:52.949+0300] {dag.py:3096} INFO - Sync 1 DAGs
[2026-06-22T09:40:52.957+0300] {logging_mixin.py:188} INFO - [2026-06-22T09:40:52.957+0300] {dag.py:3954} INFO - Setting next_dagrun for example_python_decorator to None, run_after=None
[2026-06-22T09:40:52.982+0300] {processor.py:183} INFO - Processing /media/data/omar/programming course/DEPI/DEPI project/anomx/venv/lib/python3.12/site-packages/airflow/example_dags/example_python_decorator.py took 0.089 seconds
[2026-06-22T09:41:46.075+0300] {processor.py:161} INFO - Started process (PID=51692) to work on /media/data/omar/programming course/DEPI/DEPI project/anomx/venv/lib/python3.12/site-packages/airflow/example_dags/example_python_decorator.py
[2026-06-22T09:41:46.076+0300] {processor.py:830} INFO - Processing file /media/data/omar/programming course/DEPI/DEPI project/anomx/venv/lib/python3.12/site-packages/airflow/example_dags/example_python_decorator.py for tasks to queue
[2026-06-22T09:41:46.078+0300] {logging_mixin.py:188} INFO - [2026-06-22T09:41:46.077+0300] {dagbag.py:540} INFO - Filling up the DagBag from /media/data/omar/programming course/DEPI/DEPI project/anomx/venv/lib/python3.12/site-packages/airflow/example_dags/example_python_decorator.py
[2026-06-22T09:41:46.098+0300] {processor.py:840} INFO - DAG(s) 'example_python_decorator' retrieved from /media/data/omar/programming course/DEPI/DEPI project/anomx/venv/lib/python3.12/site-packages/airflow/example_dags/example_python_decorator.py
[2026-06-22T09:41:46.115+0300] {logging_mixin.py:188} INFO - [2026-06-22T09:41:46.115+0300] {dag.py:3096} INFO - Sync 1 DAGs
[2026-06-22T09:41:46.124+0300] {logging_mixin.py:188} INFO - [2026-06-22T09:41:46.124+0300] {dag.py:3954} INFO - Setting next_dagrun for example_python_decorator to None, run_after=None
[2026-06-22T09:41:46.148+0300] {processor.py:183} INFO - Processing /media/data/omar/programming course/DEPI/DEPI project/anomx/venv/lib/python3.12/site-packages/airflow/example_dags/example_python_decorator.py took 0.084 seconds
[2026-06-22T09:42:37.693+0300] {processor.py:161} INFO - Started process (PID=51865) to work on /media/data/omar/programming course/DEPI/DEPI project/anomx/venv/lib/python3.12/site-packages/airflow/example_dags/example_python_decorator.py
[2026-06-22T09:42:37.694+0300] {processor.py:830} INFO - Processing file /media/data/omar/programming course/DEPI/DEPI project/anomx/venv/lib/python3.12/site-packages/airflow/example_dags/example_python_decorator.py for tasks to queue
[2026-06-22T09:42:37.695+0300] {logging_mixin.py:188} INFO - [2026-06-22T09:42:37.694+0300] {dagbag.py:540} INFO - Filling up the DagBag from /media/data/omar/programming course/DEPI/DEPI project/anomx/venv/lib/python3.12/site-packages/airflow/example_dags/example_python_decorator.py
[2026-06-22T09:42:37.707+0300] {processor.py:840} INFO - DAG(s) 'example_python_decorator' retrieved from /media/data/omar/programming course/DEPI/DEPI project/anomx/venv/lib/python3.12/site-packages/airflow/example_dags/example_python_decorator.py
[2026-06-22T09:42:37.723+0300] {logging_mixin.py:188} INFO - [2026-06-22T09:42:37.722+0300] {dag.py:3096} INFO - Sync 1 DAGs
[2026-06-22T09:42:37.731+0300] {logging_mixin.py:188} INFO - [2026-06-22T09:42:37.731+0300] {dag.py:3954} INFO - Setting next_dagrun for example_python_decorator to None, run_after=None
[2026-06-22T09:42:37.757+0300] {processor.py:183} INFO - Processing /media/data/omar/programming course/DEPI/DEPI project/anomx/venv/lib/python3.12/site-packages/airflow/example_dags/example_python_decorator.py took 0.070 seconds
[2026-06-22T09:43:30.031+0300] {processor.py:161} INFO - Started process (PID=51943) to work on /media/data/omar/programming course/DEPI/DEPI project/anomx/venv/lib/python3.12/site-packages/airflow/example_dags/example_python_decorator.py
[2026-06-22T09:43:30.032+0300] {processor.py:830} INFO - Processing file /media/data/omar/programming course/DEPI/DEPI project/anomx/venv/lib/python3.12/site-packages/airflow/example_dags/example_python_decorator.py for tasks to queue
[2026-06-22T09:43:30.033+0300] {logging_mixin.py:188} INFO - [2026-06-22T09:43:30.032+0300] {dagbag.py:540} INFO - Filling up the DagBag from /media/data/omar/programming course/DEPI/DEPI project/anomx/venv/lib/python3.12/site-packages/airflow/example_dags/example_python_decorator.py
[2026-06-22T09:43:30.045+0300] {processor.py:840} INFO - DAG(s) 'example_python_decorator' retrieved from /media/data/omar/programming course/DEPI/DEPI project/anomx/venv/lib/python3.12/site-packages/airflow/example_dags/example_python_decorator.py
[2026-06-22T09:43:30.060+0300] {logging_mixin.py:188} INFO - [2026-06-22T09:43:30.059+0300] {dag.py:3096} INFO - Sync 1 DAGs
[2026-06-22T09:43:30.068+0300] {logging_mixin.py:188} INFO - [2026-06-22T09:43:30.068+0300] {dag.py:3954} INFO - Setting next_dagrun for example_python_decorator to None, run_after=None
[2026-06-22T09:43:30.093+0300] {processor.py:183} INFO - Processing /media/data/omar/programming course/DEPI/DEPI project/anomx/venv/lib/python3.12/site-packages/airflow/example_dags/example_python_decorator.py took 0.067 seconds
[2026-06-22T09:44:18.280+0300] {processor.py:161} INFO - Started process (PID=52031) to work on /media/data/omar/programming course/DEPI/DEPI project/anomx/venv/lib/python3.12/site-packages/airflow/example_dags/example_python_decorator.py
[2026-06-22T09:44:18.281+0300] {processor.py:830} INFO - Processing file /media/data/omar/programming course/DEPI/DEPI project/anomx/venv/lib/python3.12/site-packages/airflow/example_dags/example_python_decorator.py for tasks to queue
[2026-06-22T09:44:18.283+0300] {logging_mixin.py:188} INFO - [2026-06-22T09:44:18.282+0300] {dagbag.py:540} INFO - Filling up the DagBag from /media/data/omar/programming course/DEPI/DEPI project/anomx/venv/lib/python3.12/site-packages/airflow/example_dags/example_python_decorator.py
[2026-06-22T09:44:18.306+0300] {processor.py:840} INFO - DAG(s) 'example_python_decorator' retrieved from /media/data/omar/programming course/DEPI/DEPI project/anomx/venv/lib/python3.12/site-packages/airflow/example_dags/example_python_decorator.py
[2026-06-22T09:44:18.323+0300] {logging_mixin.py:188} INFO - [2026-06-22T09:44:18.323+0300] {dag.py:3096} INFO - Sync 1 DAGs
[2026-06-22T09:44:18.332+0300] {logging_mixin.py:188} INFO - [2026-06-22T09:44:18.332+0300] {dag.py:3954} INFO - Setting next_dagrun for example_python_decorator to None, run_after=None
[2026-06-22T09:44:18.358+0300] {processor.py:183} INFO - Processing /media/data/omar/programming course/DEPI/DEPI project/anomx/venv/lib/python3.12/site-packages/airflow/example_dags/example_python_decorator.py took 0.088 seconds
[2026-06-22T09:45:08.464+0300] {processor.py:161} INFO - Started process (PID=52098) to work on /media/data/omar/programming course/DEPI/DEPI project/anomx/venv/lib/python3.12/site-packages/airflow/example_dags/example_python_decorator.py
[2026-06-22T09:45:08.466+0300] {processor.py:830} INFO - Processing file /media/data/omar/programming course/DEPI/DEPI project/anomx/venv/lib/python3.12/site-packages/airflow/example_dags/example_python_decorator.py for tasks to queue
[2026-06-22T09:45:08.469+0300] {logging_mixin.py:188} INFO - [2026-06-22T09:45:08.467+0300] {dagbag.py:540} INFO - Filling up the DagBag from /media/data/omar/programming course/DEPI/DEPI project/anomx/venv/lib/python3.12/site-packages/airflow/example_dags/example_python_decorator.py
[2026-06-22T09:45:08.492+0300] {processor.py:840} INFO - DAG(s) 'example_python_decorator' retrieved from /media/data/omar/programming course/DEPI/DEPI project/anomx/venv/lib/python3.12/site-packages/airflow/example_dags/example_python_decorator.py
[2026-06-22T09:45:08.508+0300] {logging_mixin.py:188} INFO - [2026-06-22T09:45:08.508+0300] {dag.py:3096} INFO - Sync 1 DAGs
[2026-06-22T09:45:08.517+0300] {logging_mixin.py:188} INFO - [2026-06-22T09:45:08.517+0300] {dag.py:3954} INFO - Setting next_dagrun for example_python_decorator to None, run_after=None
[2026-06-22T09:45:08.543+0300] {processor.py:183} INFO - Processing /media/data/omar/programming course/DEPI/DEPI project/anomx/venv/lib/python3.12/site-packages/airflow/example_dags/example_python_decorator.py took 0.093 seconds
[2026-06-22T09:46:05.315+0300] {processor.py:161} INFO - Started process (PID=52188) to work on /media/data/omar/programming course/DEPI/DEPI project/anomx/venv/lib/python3.12/site-packages/airflow/example_dags/example_python_decorator.py
[2026-06-22T09:46:05.315+0300] {processor.py:830} INFO - Processing file /media/data/omar/programming course/DEPI/DEPI project/anomx/venv/lib/python3.12/site-packages/airflow/example_dags/example_python_decorator.py for tasks to queue
[2026-06-22T09:46:05.316+0300] {logging_mixin.py:188} INFO - [2026-06-22T09:46:05.316+0300] {dagbag.py:540} INFO - Filling up the DagBag from /media/data/omar/programming course/DEPI/DEPI project/anomx/venv/lib/python3.12/site-packages/airflow/example_dags/example_python_decorator.py
[2026-06-22T09:46:05.328+0300] {processor.py:840} INFO - DAG(s) 'example_python_decorator' retrieved from /media/data/omar/programming course/DEPI/DEPI project/anomx/venv/lib/python3.12/site-packages/airflow/example_dags/example_python_decorator.py
[2026-06-22T09:46:05.344+0300] {logging_mixin.py:188} INFO - [2026-06-22T09:46:05.343+0300] {dag.py:3096} INFO - Sync 1 DAGs
[2026-06-22T09:46:05.352+0300] {logging_mixin.py:188} INFO - [2026-06-22T09:46:05.351+0300] {dag.py:3954} INFO - Setting next_dagrun for example_python_decorator to None, run_after=None
[2026-06-22T09:46:05.379+0300] {processor.py:183} INFO - Processing /media/data/omar/programming course/DEPI/DEPI project/anomx/venv/lib/python3.12/site-packages/airflow/example_dags/example_python_decorator.py took 0.070 seconds
[2026-06-22T09:46:55.818+0300] {processor.py:161} INFO - Started process (PID=52275) to work on /media/data/omar/programming course/DEPI/DEPI project/anomx/venv/lib/python3.12/site-packages/airflow/example_dags/example_python_decorator.py
[2026-06-22T09:46:55.819+0300] {processor.py:830} INFO - Processing file /media/data/omar/programming course/DEPI/DEPI project/anomx/venv/lib/python3.12/site-packages/airflow/example_dags/example_python_decorator.py for tasks to queue
[2026-06-22T09:46:55.820+0300] {logging_mixin.py:188} INFO - [2026-06-22T09:46:55.820+0300] {dagbag.py:540} INFO - Filling up the DagBag from /media/data/omar/programming course/DEPI/DEPI project/anomx/venv/lib/python3.12/site-packages/airflow/example_dags/example_python_decorator.py
[2026-06-22T09:46:55.832+0300] {processor.py:840} INFO - DAG(s) 'example_python_decorator' retrieved from /media/data/omar/programming course/DEPI/DEPI project/anomx/venv/lib/python3.12/site-packages/airflow/example_dags/example_python_decorator.py
[2026-06-22T09:46:55.847+0300] {logging_mixin.py:188} INFO - [2026-06-22T09:46:55.847+0300] {dag.py:3096} INFO - Sync 1 DAGs
[2026-06-22T09:46:55.855+0300] {logging_mixin.py:188} INFO - [2026-06-22T09:46:55.855+0300] {dag.py:3954} INFO - Setting next_dagrun for example_python_decorator to None, run_after=None
[2026-06-22T09:46:55.882+0300] {processor.py:183} INFO - Processing /media/data/omar/programming course/DEPI/DEPI project/anomx/venv/lib/python3.12/site-packages/airflow/example_dags/example_python_decorator.py took 0.070 seconds
[2026-06-22T09:47:49.354+0300] {processor.py:161} INFO - Started process (PID=52352) to work on /media/data/omar/programming course/DEPI/DEPI project/anomx/venv/lib/python3.12/site-packages/airflow/example_dags/example_python_decorator.py
[2026-06-22T09:47:49.357+0300] {processor.py:830} INFO - Processing file /media/data/omar/programming course/DEPI/DEPI project/anomx/venv/lib/python3.12/site-packages/airflow/example_dags/example_python_decorator.py for tasks to queue
[2026-06-22T09:47:49.360+0300] {logging_mixin.py:188} INFO - [2026-06-22T09:47:49.359+0300] {dagbag.py:540} INFO - Filling up the DagBag from /media/data/omar/programming course/DEPI/DEPI project/anomx/venv/lib/python3.12/site-packages/airflow/example_dags/example_python_decorator.py
[2026-06-22T09:47:49.380+0300] {processor.py:840} INFO - DAG(s) 'example_python_decorator' retrieved from /media/data/omar/programming course/DEPI/DEPI project/anomx/venv/lib/python3.12/site-packages/airflow/example_dags/example_python_decorator.py
[2026-06-22T09:47:49.396+0300] {logging_mixin.py:188} INFO - [2026-06-22T09:47:49.396+0300] {dag.py:3096} INFO - Sync 1 DAGs
[2026-06-22T09:47:49.405+0300] {logging_mixin.py:188} INFO - [2026-06-22T09:47:49.405+0300] {dag.py:3954} INFO - Setting next_dagrun for example_python_decorator to None, run_after=None
[2026-06-22T09:47:49.433+0300] {processor.py:183} INFO - Processing /media/data/omar/programming course/DEPI/DEPI project/anomx/venv/lib/python3.12/site-packages/airflow/example_dags/example_python_decorator.py took 0.097 seconds
[2026-06-22T09:48:44.578+0300] {processor.py:161} INFO - Started process (PID=52443) to work on /media/data/omar/programming course/DEPI/DEPI project/anomx/venv/lib/python3.12/site-packages/airflow/example_dags/example_python_decorator.py
[2026-06-22T09:48:44.579+0300] {processor.py:830} INFO - Processing file /media/data/omar/programming course/DEPI/DEPI project/anomx/venv/lib/python3.12/site-packages/airflow/example_dags/example_python_decorator.py for tasks to queue
[2026-06-22T09:48:44.580+0300] {logging_mixin.py:188} INFO - [2026-06-22T09:48:44.579+0300] {dagbag.py:540} INFO - Filling up the DagBag from /media/data/omar/programming course/DEPI/DEPI project/anomx/venv/lib/python3.12/site-packages/airflow/example_dags/example_python_decorator.py
[2026-06-22T09:48:44.593+0300] {processor.py:840} INFO - DAG(s) 'example_python_decorator' retrieved from /media/data/omar/programming course/DEPI/DEPI project/anomx/venv/lib/python3.12/site-packages/airflow/example_dags/example_python_decorator.py
[2026-06-22T09:48:44.610+0300] {logging_mixin.py:188} INFO - [2026-06-22T09:48:44.609+0300] {dag.py:3096} INFO - Sync 1 DAGs
[2026-06-22T09:48:44.619+0300] {logging_mixin.py:188} INFO - [2026-06-22T09:48:44.618+0300] {dag.py:3954} INFO - Setting next_dagrun for example_python_decorator to None, run_after=None
[2026-06-22T09:48:44.645+0300] {processor.py:183} INFO - Processing /media/data/omar/programming course/DEPI/DEPI project/anomx/venv/lib/python3.12/site-packages/airflow/example_dags/example_python_decorator.py took 0.074 seconds
[2026-06-22T09:49:37.255+0300] {processor.py:161} INFO - Started process (PID=52520) to work on /media/data/omar/programming course/DEPI/DEPI project/anomx/venv/lib/python3.12/site-packages/airflow/example_dags/example_python_decorator.py
[2026-06-22T09:49:37.256+0300] {processor.py:830} INFO - Processing file /media/data/omar/programming course/DEPI/DEPI project/anomx/venv/lib/python3.12/site-packages/airflow/example_dags/example_python_decorator.py for tasks to queue
[2026-06-22T09:49:37.258+0300] {logging_mixin.py:188} INFO - [2026-06-22T09:49:37.257+0300] {dagbag.py:540} INFO - Filling up the DagBag from /media/data/omar/programming course/DEPI/DEPI project/anomx/venv/lib/python3.12/site-packages/airflow/example_dags/example_python_decorator.py
[2026-06-22T09:49:37.280+0300] {processor.py:840} INFO - DAG(s) 'example_python_decorator' retrieved from /media/data/omar/programming course/DEPI/DEPI project/anomx/venv/lib/python3.12/site-packages/airflow/example_dags/example_python_decorator.py
[2026-06-22T09:49:37.301+0300] {logging_mixin.py:188} INFO - [2026-06-22T09:49:37.301+0300] {dag.py:3096} INFO - Sync 1 DAGs
[2026-06-22T09:49:37.313+0300] {logging_mixin.py:188} INFO - [2026-06-22T09:49:37.312+0300] {dag.py:3954} INFO - Setting next_dagrun for example_python_decorator to None, run_after=None
[2026-06-22T09:49:37.341+0300] {processor.py:183} INFO - Processing /media/data/omar/programming course/DEPI/DEPI project/anomx/venv/lib/python3.12/site-packages/airflow/example_dags/example_python_decorator.py took 0.096 seconds
[2026-06-22T09:50:30.990+0300] {processor.py:161} INFO - Started process (PID=52613) to work on /media/data/omar/programming course/DEPI/DEPI project/anomx/venv/lib/python3.12/site-packages/airflow/example_dags/example_python_decorator.py
[2026-06-22T09:50:30.991+0300] {processor.py:830} INFO - Processing file /media/data/omar/programming course/DEPI/DEPI project/anomx/venv/lib/python3.12/site-packages/airflow/example_dags/example_python_decorator.py for tasks to queue
[2026-06-22T09:50:30.993+0300] {logging_mixin.py:188} INFO - [2026-06-22T09:50:30.992+0300] {dagbag.py:540} INFO - Filling up the DagBag from /media/data/omar/programming course/DEPI/DEPI project/anomx/venv/lib/python3.12/site-packages/airflow/example_dags/example_python_decorator.py
[2026-06-22T09:50:31.010+0300] {processor.py:840} INFO - DAG(s) 'example_python_decorator' retrieved from /media/data/omar/programming course/DEPI/DEPI project/anomx/venv/lib/python3.12/site-packages/airflow/example_dags/example_python_decorator.py
[2026-06-22T09:50:31.026+0300] {logging_mixin.py:188} INFO - [2026-06-22T09:50:31.025+0300] {dag.py:3096} INFO - Sync 1 DAGs
[2026-06-22T09:50:31.035+0300] {logging_mixin.py:188} INFO - [2026-06-22T09:50:31.035+0300] {dag.py:3954} INFO - Setting next_dagrun for example_python_decorator to None, run_after=None
[2026-06-22T09:50:31.060+0300] {processor.py:183} INFO - Processing /media/data/omar/programming course/DEPI/DEPI project/anomx/venv/lib/python3.12/site-packages/airflow/example_dags/example_python_decorator.py took 0.087 seconds
[2026-06-22T09:51:26.245+0300] {processor.py:161} INFO - Started process (PID=52693) to work on /media/data/omar/programming course/DEPI/DEPI project/anomx/venv/lib/python3.12/site-packages/airflow/example_dags/example_python_decorator.py
[2026-06-22T09:51:26.247+0300] {processor.py:830} INFO - Processing file /media/data/omar/programming course/DEPI/DEPI project/anomx/venv/lib/python3.12/site-packages/airflow/example_dags/example_python_decorator.py for tasks to queue
[2026-06-22T09:51:26.250+0300] {logging_mixin.py:188} INFO - [2026-06-22T09:51:26.249+0300] {dagbag.py:540} INFO - Filling up the DagBag from /media/data/omar/programming course/DEPI/DEPI project/anomx/venv/lib/python3.12/site-packages/airflow/example_dags/example_python_decorator.py
[2026-06-22T09:51:26.269+0300] {processor.py:840} INFO - DAG(s) 'example_python_decorator' retrieved from /media/data/omar/programming course/DEPI/DEPI project/anomx/venv/lib/python3.12/site-packages/airflow/example_dags/example_python_decorator.py
[2026-06-22T09:51:26.285+0300] {logging_mixin.py:188} INFO - [2026-06-22T09:51:26.285+0300] {dag.py:3096} INFO - Sync 1 DAGs
[2026-06-22T09:51:26.293+0300] {logging_mixin.py:188} INFO - [2026-06-22T09:51:26.293+0300] {dag.py:3954} INFO - Setting next_dagrun for example_python_decorator to None, run_after=None
[2026-06-22T09:51:26.318+0300] {processor.py:183} INFO - Processing /media/data/omar/programming course/DEPI/DEPI project/anomx/venv/lib/python3.12/site-packages/airflow/example_dags/example_python_decorator.py took 0.087 seconds
[2026-06-22T09:52:18.205+0300] {processor.py:161} INFO - Started process (PID=52773) to work on /media/data/omar/programming course/DEPI/DEPI project/anomx/venv/lib/python3.12/site-packages/airflow/example_dags/example_python_decorator.py
[2026-06-22T09:52:18.208+0300] {processor.py:830} INFO - Processing file /media/data/omar/programming course/DEPI/DEPI project/anomx/venv/lib/python3.12/site-packages/airflow/example_dags/example_python_decorator.py for tasks to queue
[2026-06-22T09:52:18.211+0300] {logging_mixin.py:188} INFO - [2026-06-22T09:52:18.209+0300] {dagbag.py:540} INFO - Filling up the DagBag from /media/data/omar/programming course/DEPI/DEPI project/anomx/venv/lib/python3.12/site-packages/airflow/example_dags/example_python_decorator.py
[2026-06-22T09:52:18.232+0300] {processor.py:840} INFO - DAG(s) 'example_python_decorator' retrieved from /media/data/omar/programming course/DEPI/DEPI project/anomx/venv/lib/python3.12/site-packages/airflow/example_dags/example_python_decorator.py
[2026-06-22T09:52:18.250+0300] {logging_mixin.py:188} INFO - [2026-06-22T09:52:18.250+0300] {dag.py:3096} INFO - Sync 1 DAGs
[2026-06-22T09:52:18.259+0300] {logging_mixin.py:188} INFO - [2026-06-22T09:52:18.259+0300] {dag.py:3954} INFO - Setting next_dagrun for example_python_decorator to None, run_after=None
[2026-06-22T09:52:18.286+0300] {processor.py:183} INFO - Processing /media/data/omar/programming course/DEPI/DEPI project/anomx/venv/lib/python3.12/site-packages/airflow/example_dags/example_python_decorator.py took 0.101 seconds
[2026-06-22T09:53:07.843+0300] {processor.py:161} INFO - Started process (PID=52850) to work on /media/data/omar/programming course/DEPI/DEPI project/anomx/venv/lib/python3.12/site-packages/airflow/example_dags/example_python_decorator.py
[2026-06-22T09:53:07.844+0300] {processor.py:830} INFO - Processing file /media/data/omar/programming course/DEPI/DEPI project/anomx/venv/lib/python3.12/site-packages/airflow/example_dags/example_python_decorator.py for tasks to queue
[2026-06-22T09:53:07.846+0300] {logging_mixin.py:188} INFO - [2026-06-22T09:53:07.845+0300] {dagbag.py:540} INFO - Filling up the DagBag from /media/data/omar/programming course/DEPI/DEPI project/anomx/venv/lib/python3.12/site-packages/airflow/example_dags/example_python_decorator.py
[2026-06-22T09:53:07.867+0300] {processor.py:840} INFO - DAG(s) 'example_python_decorator' retrieved from /media/data/omar/programming course/DEPI/DEPI project/anomx/venv/lib/python3.12/site-packages/airflow/example_dags/example_python_decorator.py
[2026-06-22T09:53:07.884+0300] {logging_mixin.py:188} INFO - [2026-06-22T09:53:07.883+0300] {dag.py:3096} INFO - Sync 1 DAGs
[2026-06-22T09:53:07.893+0300] {logging_mixin.py:188} INFO - [2026-06-22T09:53:07.892+0300] {dag.py:3954} INFO - Setting next_dagrun for example_python_decorator to None, run_after=None
[2026-06-22T09:53:07.922+0300] {processor.py:183} INFO - Processing /media/data/omar/programming course/DEPI/DEPI project/anomx/venv/lib/python3.12/site-packages/airflow/example_dags/example_python_decorator.py took 0.089 seconds
[2026-06-22T09:53:58.245+0300] {processor.py:161} INFO - Started process (PID=52922) to work on /media/data/omar/programming course/DEPI/DEPI project/anomx/venv/lib/python3.12/site-packages/airflow/example_dags/example_python_decorator.py
[2026-06-22T09:53:58.247+0300] {processor.py:830} INFO - Processing file /media/data/omar/programming course/DEPI/DEPI project/anomx/venv/lib/python3.12/site-packages/airflow/example_dags/example_python_decorator.py for tasks to queue
[2026-06-22T09:53:58.249+0300] {logging_mixin.py:188} INFO - [2026-06-22T09:53:58.248+0300] {dagbag.py:540} INFO - Filling up the DagBag from /media/data/omar/programming course/DEPI/DEPI project/anomx/venv/lib/python3.12/site-packages/airflow/example_dags/example_python_decorator.py
[2026-06-22T09:53:58.265+0300] {processor.py:840} INFO - DAG(s) 'example_python_decorator' retrieved from /media/data/omar/programming course/DEPI/DEPI project/anomx/venv/lib/python3.12/site-packages/airflow/example_dags/example_python_decorator.py
[2026-06-22T09:53:58.281+0300] {logging_mixin.py:188} INFO - [2026-06-22T09:53:58.280+0300] {dag.py:3096} INFO - Sync 1 DAGs
[2026-06-22T09:53:58.289+0300] {logging_mixin.py:188} INFO - [2026-06-22T09:53:58.289+0300] {dag.py:3954} INFO - Setting next_dagrun for example_python_decorator to None, run_after=None
[2026-06-22T09:53:58.314+0300] {processor.py:183} INFO - Processing /media/data/omar/programming course/DEPI/DEPI project/anomx/venv/lib/python3.12/site-packages/airflow/example_dags/example_python_decorator.py took 0.085 seconds
[2026-06-22T09:54:52.338+0300] {processor.py:161} INFO - Started process (PID=53002) to work on /media/data/omar/programming course/DEPI/DEPI project/anomx/venv/lib/python3.12/site-packages/airflow/example_dags/example_python_decorator.py
[2026-06-22T09:54:52.341+0300] {processor.py:830} INFO - Processing file /media/data/omar/programming course/DEPI/DEPI project/anomx/venv/lib/python3.12/site-packages/airflow/example_dags/example_python_decorator.py for tasks to queue
[2026-06-22T09:54:52.343+0300] {logging_mixin.py:188} INFO - [2026-06-22T09:54:52.342+0300] {dagbag.py:540} INFO - Filling up the DagBag from /media/data/omar/programming course/DEPI/DEPI project/anomx/venv/lib/python3.12/site-packages/airflow/example_dags/example_python_decorator.py
[2026-06-22T09:54:52.363+0300] {processor.py:840} INFO - DAG(s) 'example_python_decorator' retrieved from /media/data/omar/programming course/DEPI/DEPI project/anomx/venv/lib/python3.12/site-packages/airflow/example_dags/example_python_decorator.py
[2026-06-22T09:54:52.379+0300] {logging_mixin.py:188} INFO - [2026-06-22T09:54:52.379+0300] {dag.py:3096} INFO - Sync 1 DAGs
[2026-06-22T09:54:52.388+0300] {logging_mixin.py:188} INFO - [2026-06-22T09:54:52.387+0300] {dag.py:3954} INFO - Setting next_dagrun for example_python_decorator to None, run_after=None
[2026-06-22T09:54:52.436+0300] {processor.py:183} INFO - Processing /media/data/omar/programming course/DEPI/DEPI project/anomx/venv/lib/python3.12/site-packages/airflow/example_dags/example_python_decorator.py took 0.116 seconds
[2026-06-22T09:55:44.615+0300] {processor.py:161} INFO - Started process (PID=53097) to work on /media/data/omar/programming course/DEPI/DEPI project/anomx/venv/lib/python3.12/site-packages/airflow/example_dags/example_python_decorator.py
[2026-06-22T09:55:44.616+0300] {processor.py:830} INFO - Processing file /media/data/omar/programming course/DEPI/DEPI project/anomx/venv/lib/python3.12/site-packages/airflow/example_dags/example_python_decorator.py for tasks to queue
[2026-06-22T09:55:44.617+0300] {logging_mixin.py:188} INFO - [2026-06-22T09:55:44.616+0300] {dagbag.py:540} INFO - Filling up the DagBag from /media/data/omar/programming course/DEPI/DEPI project/anomx/venv/lib/python3.12/site-packages/airflow/example_dags/example_python_decorator.py
[2026-06-22T09:55:44.630+0300] {processor.py:840} INFO - DAG(s) 'example_python_decorator' retrieved from /media/data/omar/programming course/DEPI/DEPI project/anomx/venv/lib/python3.12/site-packages/airflow/example_dags/example_python_decorator.py
[2026-06-22T09:55:44.645+0300] {logging_mixin.py:188} INFO - [2026-06-22T09:55:44.645+0300] {dag.py:3096} INFO - Sync 1 DAGs
[2026-06-22T09:55:44.655+0300] {logging_mixin.py:188} INFO - [2026-06-22T09:55:44.654+0300] {dag.py:3954} INFO - Setting next_dagrun for example_python_decorator to None, run_after=None
[2026-06-22T09:55:44.683+0300] {processor.py:183} INFO - Processing /media/data/omar/programming course/DEPI/DEPI project/anomx/venv/lib/python3.12/site-packages/airflow/example_dags/example_python_decorator.py took 0.075 seconds
[2026-06-22T09:56:35.135+0300] {processor.py:161} INFO - Started process (PID=53176) to work on /media/data/omar/programming course/DEPI/DEPI project/anomx/venv/lib/python3.12/site-packages/airflow/example_dags/example_python_decorator.py
[2026-06-22T09:56:35.137+0300] {processor.py:830} INFO - Processing file /media/data/omar/programming course/DEPI/DEPI project/anomx/venv/lib/python3.12/site-packages/airflow/example_dags/example_python_decorator.py for tasks to queue
[2026-06-22T09:56:35.139+0300] {logging_mixin.py:188} INFO - [2026-06-22T09:56:35.138+0300] {dagbag.py:540} INFO - Filling up the DagBag from /media/data/omar/programming course/DEPI/DEPI project/anomx/venv/lib/python3.12/site-packages/airflow/example_dags/example_python_decorator.py
[2026-06-22T09:56:35.163+0300] {processor.py:840} INFO - DAG(s) 'example_python_decorator' retrieved from /media/data/omar/programming course/DEPI/DEPI project/anomx/venv/lib/python3.12/site-packages/airflow/example_dags/example_python_decorator.py
[2026-06-22T09:56:35.187+0300] {logging_mixin.py:188} INFO - [2026-06-22T09:56:35.186+0300] {dag.py:3096} INFO - Sync 1 DAGs
[2026-06-22T09:56:35.198+0300] {logging_mixin.py:188} INFO - [2026-06-22T09:56:35.197+0300] {dag.py:3954} INFO - Setting next_dagrun for example_python_decorator to None, run_after=None
[2026-06-22T09:56:35.226+0300] {processor.py:183} INFO - Processing /media/data/omar/programming course/DEPI/DEPI project/anomx/venv/lib/python3.12/site-packages/airflow/example_dags/example_python_decorator.py took 0.105 seconds
[2026-06-22T09:57:25.978+0300] {processor.py:161} INFO - Started process (PID=53263) to work on /media/data/omar/programming course/DEPI/DEPI project/anomx/venv/lib/python3.12/site-packages/airflow/example_dags/example_python_decorator.py
[2026-06-22T09:57:25.981+0300] {processor.py:830} INFO - Processing file /media/data/omar/programming course/DEPI/DEPI project/anomx/venv/lib/python3.12/site-packages/airflow/example_dags/example_python_decorator.py for tasks to queue
[2026-06-22T09:57:25.983+0300] {logging_mixin.py:188} INFO - [2026-06-22T09:57:25.982+0300] {dagbag.py:540} INFO - Filling up the DagBag from /media/data/omar/programming course/DEPI/DEPI project/anomx/venv/lib/python3.12/site-packages/airflow/example_dags/example_python_decorator.py
[2026-06-22T09:57:26.014+0300] {processor.py:840} INFO - DAG(s) 'example_python_decorator' retrieved from /media/data/omar/programming course/DEPI/DEPI project/anomx/venv/lib/python3.12/site-packages/airflow/example_dags/example_python_decorator.py
[2026-06-22T09:57:26.037+0300] {logging_mixin.py:188} INFO - [2026-06-22T09:57:26.037+0300] {dag.py:3096} INFO - Sync 1 DAGs
[2026-06-22T09:57:26.046+0300] {logging_mixin.py:188} INFO - [2026-06-22T09:57:26.045+0300] {dag.py:3954} INFO - Setting next_dagrun for example_python_decorator to None, run_after=None
[2026-06-22T09:57:26.071+0300] {processor.py:183} INFO - Processing /media/data/omar/programming course/DEPI/DEPI project/anomx/venv/lib/python3.12/site-packages/airflow/example_dags/example_python_decorator.py took 0.106 seconds
[2026-06-22T09:58:17.319+0300] {processor.py:161} INFO - Started process (PID=53356) to work on /media/data/omar/programming course/DEPI/DEPI project/anomx/venv/lib/python3.12/site-packages/airflow/example_dags/example_python_decorator.py
[2026-06-22T09:58:17.323+0300] {processor.py:830} INFO - Processing file /media/data/omar/programming course/DEPI/DEPI project/anomx/venv/lib/python3.12/site-packages/airflow/example_dags/example_python_decorator.py for tasks to queue
[2026-06-22T09:58:17.326+0300] {logging_mixin.py:188} INFO - [2026-06-22T09:58:17.325+0300] {dagbag.py:540} INFO - Filling up the DagBag from /media/data/omar/programming course/DEPI/DEPI project/anomx/venv/lib/python3.12/site-packages/airflow/example_dags/example_python_decorator.py
[2026-06-22T09:58:17.346+0300] {processor.py:840} INFO - DAG(s) 'example_python_decorator' retrieved from /media/data/omar/programming course/DEPI/DEPI project/anomx/venv/lib/python3.12/site-packages/airflow/example_dags/example_python_decorator.py
[2026-06-22T09:58:17.363+0300] {logging_mixin.py:188} INFO - [2026-06-22T09:58:17.363+0300] {dag.py:3096} INFO - Sync 1 DAGs
[2026-06-22T09:58:17.372+0300] {logging_mixin.py:188} INFO - [2026-06-22T09:58:17.372+0300] {dag.py:3954} INFO - Setting next_dagrun for example_python_decorator to None, run_after=None
[2026-06-22T09:58:17.397+0300] {processor.py:183} INFO - Processing /media/data/omar/programming course/DEPI/DEPI project/anomx/venv/lib/python3.12/site-packages/airflow/example_dags/example_python_decorator.py took 0.098 seconds
[2026-06-22T09:59:05.596+0300] {processor.py:161} INFO - Started process (PID=53429) to work on /media/data/omar/programming course/DEPI/DEPI project/anomx/venv/lib/python3.12/site-packages/airflow/example_dags/example_python_decorator.py
[2026-06-22T09:59:05.598+0300] {processor.py:830} INFO - Processing file /media/data/omar/programming course/DEPI/DEPI project/anomx/venv/lib/python3.12/site-packages/airflow/example_dags/example_python_decorator.py for tasks to queue
[2026-06-22T09:59:05.601+0300] {logging_mixin.py:188} INFO - [2026-06-22T09:59:05.600+0300] {dagbag.py:540} INFO - Filling up the DagBag from /media/data/omar/programming course/DEPI/DEPI project/anomx/venv/lib/python3.12/site-packages/airflow/example_dags/example_python_decorator.py
[2026-06-22T09:59:05.628+0300] {processor.py:840} INFO - DAG(s) 'example_python_decorator' retrieved from /media/data/omar/programming course/DEPI/DEPI project/anomx/venv/lib/python3.12/site-packages/airflow/example_dags/example_python_decorator.py
[2026-06-22T09:59:05.645+0300] {logging_mixin.py:188} INFO - [2026-06-22T09:59:05.644+0300] {dag.py:3096} INFO - Sync 1 DAGs
[2026-06-22T09:59:05.653+0300] {logging_mixin.py:188} INFO - [2026-06-22T09:59:05.653+0300] {dag.py:3954} INFO - Setting next_dagrun for example_python_decorator to None, run_after=None
[2026-06-22T09:59:05.677+0300] {processor.py:183} INFO - Processing /media/data/omar/programming course/DEPI/DEPI project/anomx/venv/lib/python3.12/site-packages/airflow/example_dags/example_python_decorator.py took 0.095 seconds
[2026-06-22T09:59:57.208+0300] {processor.py:161} INFO - Started process (PID=53520) to work on /media/data/omar/programming course/DEPI/DEPI project/anomx/venv/lib/python3.12/site-packages/airflow/example_dags/example_python_decorator.py
[2026-06-22T09:59:57.208+0300] {processor.py:830} INFO - Processing file /media/data/omar/programming course/DEPI/DEPI project/anomx/venv/lib/python3.12/site-packages/airflow/example_dags/example_python_decorator.py for tasks to queue
[2026-06-22T09:59:57.209+0300] {logging_mixin.py:188} INFO - [2026-06-22T09:59:57.209+0300] {dagbag.py:540} INFO - Filling up the DagBag from /media/data/omar/programming course/DEPI/DEPI project/anomx/venv/lib/python3.12/site-packages/airflow/example_dags/example_python_decorator.py
[2026-06-22T09:59:57.223+0300] {processor.py:840} INFO - DAG(s) 'example_python_decorator' retrieved from /media/data/omar/programming course/DEPI/DEPI project/anomx/venv/lib/python3.12/site-packages/airflow/example_dags/example_python_decorator.py
[2026-06-22T09:59:57.239+0300] {logging_mixin.py:188} INFO - [2026-06-22T09:59:57.239+0300] {dag.py:3096} INFO - Sync 1 DAGs
[2026-06-22T09:59:57.248+0300] {logging_mixin.py:188} INFO - [2026-06-22T09:59:57.248+0300] {dag.py:3954} INFO - Setting next_dagrun for example_python_decorator to None, run_after=None
[2026-06-22T09:59:57.276+0300] {processor.py:183} INFO - Processing /media/data/omar/programming course/DEPI/DEPI project/anomx/venv/lib/python3.12/site-packages/airflow/example_dags/example_python_decorator.py took 0.075 seconds
[2026-06-22T10:00:49.630+0300] {processor.py:161} INFO - Started process (PID=53603) to work on /media/data/omar/programming course/DEPI/DEPI project/anomx/venv/lib/python3.12/site-packages/airflow/example_dags/example_python_decorator.py
[2026-06-22T10:00:49.630+0300] {processor.py:830} INFO - Processing file /media/data/omar/programming course/DEPI/DEPI project/anomx/venv/lib/python3.12/site-packages/airflow/example_dags/example_python_decorator.py for tasks to queue
[2026-06-22T10:00:49.632+0300] {logging_mixin.py:188} INFO - [2026-06-22T10:00:49.631+0300] {dagbag.py:540} INFO - Filling up the DagBag from /media/data/omar/programming course/DEPI/DEPI project/anomx/venv/lib/python3.12/site-packages/airflow/example_dags/example_python_decorator.py
[2026-06-22T10:00:49.645+0300] {processor.py:840} INFO - DAG(s) 'example_python_decorator' retrieved from /media/data/omar/programming course/DEPI/DEPI project/anomx/venv/lib/python3.12/site-packages/airflow/example_dags/example_python_decorator.py
[2026-06-22T10:00:49.662+0300] {logging_mixin.py:188} INFO - [2026-06-22T10:00:49.661+0300] {dag.py:3096} INFO - Sync 1 DAGs
[2026-06-22T10:00:49.671+0300] {logging_mixin.py:188} INFO - [2026-06-22T10:00:49.670+0300] {dag.py:3954} INFO - Setting next_dagrun for example_python_decorator to None, run_after=None
[2026-06-22T10:00:49.699+0300] {processor.py:183} INFO - Processing /media/data/omar/programming course/DEPI/DEPI project/anomx/venv/lib/python3.12/site-packages/airflow/example_dags/example_python_decorator.py took 0.076 seconds
[2026-06-22T10:01:41.990+0300] {processor.py:161} INFO - Started process (PID=53691) to work on /media/data/omar/programming course/DEPI/DEPI project/anomx/venv/lib/python3.12/site-packages/airflow/example_dags/example_python_decorator.py
[2026-06-22T10:01:41.992+0300] {processor.py:830} INFO - Processing file /media/data/omar/programming course/DEPI/DEPI project/anomx/venv/lib/python3.12/site-packages/airflow/example_dags/example_python_decorator.py for tasks to queue
[2026-06-22T10:01:41.994+0300] {logging_mixin.py:188} INFO - [2026-06-22T10:01:41.993+0300] {dagbag.py:540} INFO - Filling up the DagBag from /media/data/omar/programming course/DEPI/DEPI project/anomx/venv/lib/python3.12/site-packages/airflow/example_dags/example_python_decorator.py
[2026-06-22T10:01:42.011+0300] {processor.py:840} INFO - DAG(s) 'example_python_decorator' retrieved from /media/data/omar/programming course/DEPI/DEPI project/anomx/venv/lib/python3.12/site-packages/airflow/example_dags/example_python_decorator.py
[2026-06-22T10:01:42.027+0300] {logging_mixin.py:188} INFO - [2026-06-22T10:01:42.027+0300] {dag.py:3096} INFO - Sync 1 DAGs
[2026-06-22T10:01:42.035+0300] {logging_mixin.py:188} INFO - [2026-06-22T10:01:42.035+0300] {dag.py:3954} INFO - Setting next_dagrun for example_python_decorator to None, run_after=None
[2026-06-22T10:01:42.061+0300] {processor.py:183} INFO - Processing /media/data/omar/programming course/DEPI/DEPI project/anomx/venv/lib/python3.12/site-packages/airflow/example_dags/example_python_decorator.py took 0.088 seconds
[2026-06-22T10:02:35.337+0300] {processor.py:161} INFO - Started process (PID=53855) to work on /media/data/omar/programming course/DEPI/DEPI project/anomx/venv/lib/python3.12/site-packages/airflow/example_dags/example_python_decorator.py
[2026-06-22T10:02:35.339+0300] {processor.py:830} INFO - Processing file /media/data/omar/programming course/DEPI/DEPI project/anomx/venv/lib/python3.12/site-packages/airflow/example_dags/example_python_decorator.py for tasks to queue
[2026-06-22T10:02:35.341+0300] {logging_mixin.py:188} INFO - [2026-06-22T10:02:35.340+0300] {dagbag.py:540} INFO - Filling up the DagBag from /media/data/omar/programming course/DEPI/DEPI project/anomx/venv/lib/python3.12/site-packages/airflow/example_dags/example_python_decorator.py
[2026-06-22T10:02:35.358+0300] {processor.py:840} INFO - DAG(s) 'example_python_decorator' retrieved from /media/data/omar/programming course/DEPI/DEPI project/anomx/venv/lib/python3.12/site-packages/airflow/example_dags/example_python_decorator.py
[2026-06-22T10:02:35.373+0300] {logging_mixin.py:188} INFO - [2026-06-22T10:02:35.373+0300] {dag.py:3096} INFO - Sync 1 DAGs
[2026-06-22T10:02:35.382+0300] {logging_mixin.py:188} INFO - [2026-06-22T10:02:35.382+0300] {dag.py:3954} INFO - Setting next_dagrun for example_python_decorator to None, run_after=None
[2026-06-22T10:02:35.409+0300] {processor.py:183} INFO - Processing /media/data/omar/programming course/DEPI/DEPI project/anomx/venv/lib/python3.12/site-packages/airflow/example_dags/example_python_decorator.py took 0.091 seconds
[2026-06-22T10:03:28.723+0300] {processor.py:161} INFO - Started process (PID=53933) to work on /media/data/omar/programming course/DEPI/DEPI project/anomx/venv/lib/python3.12/site-packages/airflow/example_dags/example_python_decorator.py
[2026-06-22T10:03:28.725+0300] {processor.py:830} INFO - Processing file /media/data/omar/programming course/DEPI/DEPI project/anomx/venv/lib/python3.12/site-packages/airflow/example_dags/example_python_decorator.py for tasks to queue
[2026-06-22T10:03:28.727+0300] {logging_mixin.py:188} INFO - [2026-06-22T10:03:28.727+0300] {dagbag.py:540} INFO - Filling up the DagBag from /media/data/omar/programming course/DEPI/DEPI project/anomx/venv/lib/python3.12/site-packages/airflow/example_dags/example_python_decorator.py
[2026-06-22T10:03:28.746+0300] {processor.py:840} INFO - DAG(s) 'example_python_decorator' retrieved from /media/data/omar/programming course/DEPI/DEPI project/anomx/venv/lib/python3.12/site-packages/airflow/example_dags/example_python_decorator.py
[2026-06-22T10:03:28.762+0300] {logging_mixin.py:188} INFO - [2026-06-22T10:03:28.761+0300] {dag.py:3096} INFO - Sync 1 DAGs
[2026-06-22T10:03:28.770+0300] {logging_mixin.py:188} INFO - [2026-06-22T10:03:28.770+0300] {dag.py:3954} INFO - Setting next_dagrun for example_python_decorator to None, run_after=None
[2026-06-22T10:03:28.796+0300] {processor.py:183} INFO - Processing /media/data/omar/programming course/DEPI/DEPI project/anomx/venv/lib/python3.12/site-packages/airflow/example_dags/example_python_decorator.py took 0.091 seconds
[2026-06-22T10:04:20.690+0300] {processor.py:161} INFO - Started process (PID=54011) to work on /media/data/omar/programming course/DEPI/DEPI project/anomx/venv/lib/python3.12/site-packages/airflow/example_dags/example_python_decorator.py
[2026-06-22T10:04:20.691+0300] {processor.py:830} INFO - Processing file /media/data/omar/programming course/DEPI/DEPI project/anomx/venv/lib/python3.12/site-packages/airflow/example_dags/example_python_decorator.py for tasks to queue
[2026-06-22T10:04:20.693+0300] {logging_mixin.py:188} INFO - [2026-06-22T10:04:20.692+0300] {dagbag.py:540} INFO - Filling up the DagBag from /media/data/omar/programming course/DEPI/DEPI project/anomx/venv/lib/python3.12/site-packages/airflow/example_dags/example_python_decorator.py
[2026-06-22T10:04:20.714+0300] {processor.py:840} INFO - DAG(s) 'example_python_decorator' retrieved from /media/data/omar/programming course/DEPI/DEPI project/anomx/venv/lib/python3.12/site-packages/airflow/example_dags/example_python_decorator.py
[2026-06-22T10:04:20.731+0300] {logging_mixin.py:188} INFO - [2026-06-22T10:04:20.731+0300] {dag.py:3096} INFO - Sync 1 DAGs
[2026-06-22T10:04:20.740+0300] {logging_mixin.py:188} INFO - [2026-06-22T10:04:20.740+0300] {dag.py:3954} INFO - Setting next_dagrun for example_python_decorator to None, run_after=None
[2026-06-22T10:04:20.769+0300] {processor.py:183} INFO - Processing /media/data/omar/programming course/DEPI/DEPI project/anomx/venv/lib/python3.12/site-packages/airflow/example_dags/example_python_decorator.py took 0.089 seconds
[2026-06-22T10:05:13.812+0300] {processor.py:161} INFO - Started process (PID=54107) to work on /media/data/omar/programming course/DEPI/DEPI project/anomx/venv/lib/python3.12/site-packages/airflow/example_dags/example_python_decorator.py
[2026-06-22T10:05:13.813+0300] {processor.py:830} INFO - Processing file /media/data/omar/programming course/DEPI/DEPI project/anomx/venv/lib/python3.12/site-packages/airflow/example_dags/example_python_decorator.py for tasks to queue
[2026-06-22T10:05:13.815+0300] {logging_mixin.py:188} INFO - [2026-06-22T10:05:13.814+0300] {dagbag.py:540} INFO - Filling up the DagBag from /media/data/omar/programming course/DEPI/DEPI project/anomx/venv/lib/python3.12/site-packages/airflow/example_dags/example_python_decorator.py
[2026-06-22T10:05:13.836+0300] {processor.py:840} INFO - DAG(s) 'example_python_decorator' retrieved from /media/data/omar/programming course/DEPI/DEPI project/anomx/venv/lib/python3.12/site-packages/airflow/example_dags/example_python_decorator.py
[2026-06-22T10:05:13.853+0300] {logging_mixin.py:188} INFO - [2026-06-22T10:05:13.852+0300] {dag.py:3096} INFO - Sync 1 DAGs
[2026-06-22T10:05:13.861+0300] {logging_mixin.py:188} INFO - [2026-06-22T10:05:13.861+0300] {dag.py:3954} INFO - Setting next_dagrun for example_python_decorator to None, run_after=None
[2026-06-22T10:05:13.887+0300] {processor.py:183} INFO - Processing /media/data/omar/programming course/DEPI/DEPI project/anomx/venv/lib/python3.12/site-packages/airflow/example_dags/example_python_decorator.py took 0.084 seconds
[2026-06-22T10:06:04.391+0300] {processor.py:161} INFO - Started process (PID=54184) to work on /media/data/omar/programming course/DEPI/DEPI project/anomx/venv/lib/python3.12/site-packages/airflow/example_dags/example_python_decorator.py
[2026-06-22T10:06:04.393+0300] {processor.py:830} INFO - Processing file /media/data/omar/programming course/DEPI/DEPI project/anomx/venv/lib/python3.12/site-packages/airflow/example_dags/example_python_decorator.py for tasks to queue
[2026-06-22T10:06:04.395+0300] {logging_mixin.py:188} INFO - [2026-06-22T10:06:04.394+0300] {dagbag.py:540} INFO - Filling up the DagBag from /media/data/omar/programming course/DEPI/DEPI project/anomx/venv/lib/python3.12/site-packages/airflow/example_dags/example_python_decorator.py
[2026-06-22T10:06:04.413+0300] {processor.py:840} INFO - DAG(s) 'example_python_decorator' retrieved from /media/data/omar/programming course/DEPI/DEPI project/anomx/venv/lib/python3.12/site-packages/airflow/example_dags/example_python_decorator.py
[2026-06-22T10:06:04.428+0300] {logging_mixin.py:188} INFO - [2026-06-22T10:06:04.428+0300] {dag.py:3096} INFO - Sync 1 DAGs
[2026-06-22T10:06:04.437+0300] {logging_mixin.py:188} INFO - [2026-06-22T10:06:04.437+0300] {dag.py:3954} INFO - Setting next_dagrun for example_python_decorator to None, run_after=None
[2026-06-22T10:06:04.461+0300] {processor.py:183} INFO - Processing /media/data/omar/programming course/DEPI/DEPI project/anomx/venv/lib/python3.12/site-packages/airflow/example_dags/example_python_decorator.py took 0.089 seconds
[2026-06-22T10:06:53.350+0300] {processor.py:161} INFO - Started process (PID=54261) to work on /media/data/omar/programming course/DEPI/DEPI project/anomx/venv/lib/python3.12/site-packages/airflow/example_dags/example_python_decorator.py
[2026-06-22T10:06:53.352+0300] {processor.py:830} INFO - Processing file /media/data/omar/programming course/DEPI/DEPI project/anomx/venv/lib/python3.12/site-packages/airflow/example_dags/example_python_decorator.py for tasks to queue
[2026-06-22T10:06:53.355+0300] {logging_mixin.py:188} INFO - [2026-06-22T10:06:53.354+0300] {dagbag.py:540} INFO - Filling up the DagBag from /media/data/omar/programming course/DEPI/DEPI project/anomx/venv/lib/python3.12/site-packages/airflow/example_dags/example_python_decorator.py
[2026-06-22T10:06:53.374+0300] {processor.py:840} INFO - DAG(s) 'example_python_decorator' retrieved from /media/data/omar/programming course/DEPI/DEPI project/anomx/venv/lib/python3.12/site-packages/airflow/example_dags/example_python_decorator.py
[2026-06-22T10:06:53.390+0300] {logging_mixin.py:188} INFO - [2026-06-22T10:06:53.389+0300] {dag.py:3096} INFO - Sync 1 DAGs
[2026-06-22T10:06:53.399+0300] {logging_mixin.py:188} INFO - [2026-06-22T10:06:53.398+0300] {dag.py:3954} INFO - Setting next_dagrun for example_python_decorator to None, run_after=None
[2026-06-22T10:06:53.424+0300] {processor.py:183} INFO - Processing /media/data/omar/programming course/DEPI/DEPI project/anomx/venv/lib/python3.12/site-packages/airflow/example_dags/example_python_decorator.py took 0.091 seconds
[2026-06-22T10:07:47.688+0300] {processor.py:161} INFO - Started process (PID=54339) to work on /media/data/omar/programming course/DEPI/DEPI project/anomx/venv/lib/python3.12/site-packages/airflow/example_dags/example_python_decorator.py
[2026-06-22T10:07:47.689+0300] {processor.py:830} INFO - Processing file /media/data/omar/programming course/DEPI/DEPI project/anomx/venv/lib/python3.12/site-packages/airflow/example_dags/example_python_decorator.py for tasks to queue
[2026-06-22T10:07:47.690+0300] {logging_mixin.py:188} INFO - [2026-06-22T10:07:47.690+0300] {dagbag.py:540} INFO - Filling up the DagBag from /media/data/omar/programming course/DEPI/DEPI project/anomx/venv/lib/python3.12/site-packages/airflow/example_dags/example_python_decorator.py
[2026-06-22T10:07:47.709+0300] {processor.py:840} INFO - DAG(s) 'example_python_decorator' retrieved from /media/data/omar/programming course/DEPI/DEPI project/anomx/venv/lib/python3.12/site-packages/airflow/example_dags/example_python_decorator.py
[2026-06-22T10:07:47.727+0300] {logging_mixin.py:188} INFO - [2026-06-22T10:07:47.726+0300] {dag.py:3096} INFO - Sync 1 DAGs
[2026-06-22T10:07:47.735+0300] {logging_mixin.py:188} INFO - [2026-06-22T10:07:47.735+0300] {dag.py:3954} INFO - Setting next_dagrun for example_python_decorator to None, run_after=None
[2026-06-22T10:07:47.761+0300] {processor.py:183} INFO - Processing /media/data/omar/programming course/DEPI/DEPI project/anomx/venv/lib/python3.12/site-packages/airflow/example_dags/example_python_decorator.py took 0.081 seconds
[2026-06-22T10:08:40.923+0300] {processor.py:161} INFO - Started process (PID=54417) to work on /media/data/omar/programming course/DEPI/DEPI project/anomx/venv/lib/python3.12/site-packages/airflow/example_dags/example_python_decorator.py
[2026-06-22T10:08:40.924+0300] {processor.py:830} INFO - Processing file /media/data/omar/programming course/DEPI/DEPI project/anomx/venv/lib/python3.12/site-packages/airflow/example_dags/example_python_decorator.py for tasks to queue
[2026-06-22T10:08:40.926+0300] {logging_mixin.py:188} INFO - [2026-06-22T10:08:40.925+0300] {dagbag.py:540} INFO - Filling up the DagBag from /media/data/omar/programming course/DEPI/DEPI project/anomx/venv/lib/python3.12/site-packages/airflow/example_dags/example_python_decorator.py
[2026-06-22T10:08:40.941+0300] {processor.py:840} INFO - DAG(s) 'example_python_decorator' retrieved from /media/data/omar/programming course/DEPI/DEPI project/anomx/venv/lib/python3.12/site-packages/airflow/example_dags/example_python_decorator.py
[2026-06-22T10:08:40.957+0300] {logging_mixin.py:188} INFO - [2026-06-22T10:08:40.957+0300] {dag.py:3096} INFO - Sync 1 DAGs
[2026-06-22T10:08:40.966+0300] {logging_mixin.py:188} INFO - [2026-06-22T10:08:40.966+0300] {dag.py:3954} INFO - Setting next_dagrun for example_python_decorator to None, run_after=None
[2026-06-22T10:08:40.993+0300] {processor.py:183} INFO - Processing /media/data/omar/programming course/DEPI/DEPI project/anomx/venv/lib/python3.12/site-packages/airflow/example_dags/example_python_decorator.py took 0.083 seconds
[2026-06-22T10:09:31.685+0300] {processor.py:161} INFO - Started process (PID=54495) to work on /media/data/omar/programming course/DEPI/DEPI project/anomx/venv/lib/python3.12/site-packages/airflow/example_dags/example_python_decorator.py
[2026-06-22T10:09:31.686+0300] {processor.py:830} INFO - Processing file /media/data/omar/programming course/DEPI/DEPI project/anomx/venv/lib/python3.12/site-packages/airflow/example_dags/example_python_decorator.py for tasks to queue
[2026-06-22T10:09:31.687+0300] {logging_mixin.py:188} INFO - [2026-06-22T10:09:31.687+0300] {dagbag.py:540} INFO - Filling up the DagBag from /media/data/omar/programming course/DEPI/DEPI project/anomx/venv/lib/python3.12/site-packages/airflow/example_dags/example_python_decorator.py
[2026-06-22T10:09:31.703+0300] {processor.py:840} INFO - DAG(s) 'example_python_decorator' retrieved from /media/data/omar/programming course/DEPI/DEPI project/anomx/venv/lib/python3.12/site-packages/airflow/example_dags/example_python_decorator.py
[2026-06-22T10:09:31.719+0300] {logging_mixin.py:188} INFO - [2026-06-22T10:09:31.718+0300] {dag.py:3096} INFO - Sync 1 DAGs
[2026-06-22T10:09:31.727+0300] {logging_mixin.py:188} INFO - [2026-06-22T10:09:31.727+0300] {dag.py:3954} INFO - Setting next_dagrun for example_python_decorator to None, run_after=None
[2026-06-22T10:09:31.754+0300] {processor.py:183} INFO - Processing /media/data/omar/programming course/DEPI/DEPI project/anomx/venv/lib/python3.12/site-packages/airflow/example_dags/example_python_decorator.py took 0.075 seconds
[2026-06-22T10:10:22.543+0300] {processor.py:161} INFO - Started process (PID=54583) to work on /media/data/omar/programming course/DEPI/DEPI project/anomx/venv/lib/python3.12/site-packages/airflow/example_dags/example_python_decorator.py
[2026-06-22T10:10:22.544+0300] {processor.py:830} INFO - Processing file /media/data/omar/programming course/DEPI/DEPI project/anomx/venv/lib/python3.12/site-packages/airflow/example_dags/example_python_decorator.py for tasks to queue
[2026-06-22T10:10:22.546+0300] {logging_mixin.py:188} INFO - [2026-06-22T10:10:22.545+0300] {dagbag.py:540} INFO - Filling up the DagBag from /media/data/omar/programming course/DEPI/DEPI project/anomx/venv/lib/python3.12/site-packages/airflow/example_dags/example_python_decorator.py
[2026-06-22T10:10:22.564+0300] {processor.py:840} INFO - DAG(s) 'example_python_decorator' retrieved from /media/data/omar/programming course/DEPI/DEPI project/anomx/venv/lib/python3.12/site-packages/airflow/example_dags/example_python_decorator.py
[2026-06-22T10:10:22.581+0300] {logging_mixin.py:188} INFO - [2026-06-22T10:10:22.581+0300] {dag.py:3096} INFO - Sync 1 DAGs
[2026-06-22T10:10:22.591+0300] {logging_mixin.py:188} INFO - [2026-06-22T10:10:22.591+0300] {dag.py:3954} INFO - Setting next_dagrun for example_python_decorator to None, run_after=None
[2026-06-22T10:10:22.621+0300] {processor.py:183} INFO - Processing /media/data/omar/programming course/DEPI/DEPI project/anomx/venv/lib/python3.12/site-packages/airflow/example_dags/example_python_decorator.py took 0.087 seconds
[2026-06-22T10:11:12.577+0300] {processor.py:161} INFO - Started process (PID=54661) to work on /media/data/omar/programming course/DEPI/DEPI project/anomx/venv/lib/python3.12/site-packages/airflow/example_dags/example_python_decorator.py
[2026-06-22T10:11:12.580+0300] {processor.py:830} INFO - Processing file /media/data/omar/programming course/DEPI/DEPI project/anomx/venv/lib/python3.12/site-packages/airflow/example_dags/example_python_decorator.py for tasks to queue
[2026-06-22T10:11:12.584+0300] {logging_mixin.py:188} INFO - [2026-06-22T10:11:12.583+0300] {dagbag.py:540} INFO - Filling up the DagBag from /media/data/omar/programming course/DEPI/DEPI project/anomx/venv/lib/python3.12/site-packages/airflow/example_dags/example_python_decorator.py
[2026-06-22T10:11:12.610+0300] {processor.py:840} INFO - DAG(s) 'example_python_decorator' retrieved from /media/data/omar/programming course/DEPI/DEPI project/anomx/venv/lib/python3.12/site-packages/airflow/example_dags/example_python_decorator.py
[2026-06-22T10:11:12.629+0300] {logging_mixin.py:188} INFO - [2026-06-22T10:11:12.629+0300] {dag.py:3096} INFO - Sync 1 DAGs
[2026-06-22T10:11:12.639+0300] {logging_mixin.py:188} INFO - [2026-06-22T10:11:12.639+0300] {dag.py:3954} INFO - Setting next_dagrun for example_python_decorator to None, run_after=None
[2026-06-22T10:11:12.675+0300] {processor.py:183} INFO - Processing /media/data/omar/programming course/DEPI/DEPI project/anomx/venv/lib/python3.12/site-packages/airflow/example_dags/example_python_decorator.py took 0.116 seconds
[2026-06-22T10:12:05.044+0300] {processor.py:161} INFO - Started process (PID=54737) to work on /media/data/omar/programming course/DEPI/DEPI project/anomx/venv/lib/python3.12/site-packages/airflow/example_dags/example_python_decorator.py
[2026-06-22T10:12:05.045+0300] {processor.py:830} INFO - Processing file /media/data/omar/programming course/DEPI/DEPI project/anomx/venv/lib/python3.12/site-packages/airflow/example_dags/example_python_decorator.py for tasks to queue
[2026-06-22T10:12:05.046+0300] {logging_mixin.py:188} INFO - [2026-06-22T10:12:05.045+0300] {dagbag.py:540} INFO - Filling up the DagBag from /media/data/omar/programming course/DEPI/DEPI project/anomx/venv/lib/python3.12/site-packages/airflow/example_dags/example_python_decorator.py
[2026-06-22T10:12:05.062+0300] {processor.py:840} INFO - DAG(s) 'example_python_decorator' retrieved from /media/data/omar/programming course/DEPI/DEPI project/anomx/venv/lib/python3.12/site-packages/airflow/example_dags/example_python_decorator.py
[2026-06-22T10:12:05.079+0300] {logging_mixin.py:188} INFO - [2026-06-22T10:12:05.079+0300] {dag.py:3096} INFO - Sync 1 DAGs
[2026-06-22T10:12:05.088+0300] {logging_mixin.py:188} INFO - [2026-06-22T10:12:05.087+0300] {dag.py:3954} INFO - Setting next_dagrun for example_python_decorator to None, run_after=None
[2026-06-22T10:12:05.115+0300] {processor.py:183} INFO - Processing /media/data/omar/programming course/DEPI/DEPI project/anomx/venv/lib/python3.12/site-packages/airflow/example_dags/example_python_decorator.py took 0.078 seconds
[2026-06-22T10:13:02.091+0300] {processor.py:161} INFO - Started process (PID=54820) to work on /media/data/omar/programming course/DEPI/DEPI project/anomx/venv/lib/python3.12/site-packages/airflow/example_dags/example_python_decorator.py
[2026-06-22T10:13:02.092+0300] {processor.py:830} INFO - Processing file /media/data/omar/programming course/DEPI/DEPI project/anomx/venv/lib/python3.12/site-packages/airflow/example_dags/example_python_decorator.py for tasks to queue
[2026-06-22T10:13:02.093+0300] {logging_mixin.py:188} INFO - [2026-06-22T10:13:02.092+0300] {dagbag.py:540} INFO - Filling up the DagBag from /media/data/omar/programming course/DEPI/DEPI project/anomx/venv/lib/python3.12/site-packages/airflow/example_dags/example_python_decorator.py
[2026-06-22T10:13:02.109+0300] {processor.py:840} INFO - DAG(s) 'example_python_decorator' retrieved from /media/data/omar/programming course/DEPI/DEPI project/anomx/venv/lib/python3.12/site-packages/airflow/example_dags/example_python_decorator.py
[2026-06-22T10:13:02.127+0300] {logging_mixin.py:188} INFO - [2026-06-22T10:13:02.127+0300] {dag.py:3096} INFO - Sync 1 DAGs
[2026-06-22T10:13:02.135+0300] {logging_mixin.py:188} INFO - [2026-06-22T10:13:02.135+0300] {dag.py:3954} INFO - Setting next_dagrun for example_python_decorator to None, run_after=None
[2026-06-22T10:13:02.161+0300] {processor.py:183} INFO - Processing /media/data/omar/programming course/DEPI/DEPI project/anomx/venv/lib/python3.12/site-packages/airflow/example_dags/example_python_decorator.py took 0.077 seconds
[2026-06-22T10:13:55.007+0300] {processor.py:161} INFO - Started process (PID=54907) to work on /media/data/omar/programming course/DEPI/DEPI project/anomx/venv/lib/python3.12/site-packages/airflow/example_dags/example_python_decorator.py
[2026-06-22T10:13:55.010+0300] {processor.py:830} INFO - Processing file /media/data/omar/programming course/DEPI/DEPI project/anomx/venv/lib/python3.12/site-packages/airflow/example_dags/example_python_decorator.py for tasks to queue
[2026-06-22T10:13:55.013+0300] {logging_mixin.py:188} INFO - [2026-06-22T10:13:55.011+0300] {dagbag.py:540} INFO - Filling up the DagBag from /media/data/omar/programming course/DEPI/DEPI project/anomx/venv/lib/python3.12/site-packages/airflow/example_dags/example_python_decorator.py
[2026-06-22T10:13:55.044+0300] {processor.py:840} INFO - DAG(s) 'example_python_decorator' retrieved from /media/data/omar/programming course/DEPI/DEPI project/anomx/venv/lib/python3.12/site-packages/airflow/example_dags/example_python_decorator.py
[2026-06-22T10:13:55.063+0300] {logging_mixin.py:188} INFO - [2026-06-22T10:13:55.062+0300] {dag.py:3096} INFO - Sync 1 DAGs
[2026-06-22T10:13:55.072+0300] {logging_mixin.py:188} INFO - [2026-06-22T10:13:55.071+0300] {dag.py:3954} INFO - Setting next_dagrun for example_python_decorator to None, run_after=None
[2026-06-22T10:13:55.098+0300] {processor.py:183} INFO - Processing /media/data/omar/programming course/DEPI/DEPI project/anomx/venv/lib/python3.12/site-packages/airflow/example_dags/example_python_decorator.py took 0.109 seconds
[2026-06-22T10:14:50.834+0300] {processor.py:161} INFO - Started process (PID=54987) to work on /media/data/omar/programming course/DEPI/DEPI project/anomx/venv/lib/python3.12/site-packages/airflow/example_dags/example_python_decorator.py
[2026-06-22T10:14:50.835+0300] {processor.py:830} INFO - Processing file /media/data/omar/programming course/DEPI/DEPI project/anomx/venv/lib/python3.12/site-packages/airflow/example_dags/example_python_decorator.py for tasks to queue
[2026-06-22T10:14:50.836+0300] {logging_mixin.py:188} INFO - [2026-06-22T10:14:50.836+0300] {dagbag.py:540} INFO - Filling up the DagBag from /media/data/omar/programming course/DEPI/DEPI project/anomx/venv/lib/python3.12/site-packages/airflow/example_dags/example_python_decorator.py
[2026-06-22T10:14:50.850+0300] {processor.py:840} INFO - DAG(s) 'example_python_decorator' retrieved from /media/data/omar/programming course/DEPI/DEPI project/anomx/venv/lib/python3.12/site-packages/airflow/example_dags/example_python_decorator.py
[2026-06-22T10:14:50.867+0300] {logging_mixin.py:188} INFO - [2026-06-22T10:14:50.867+0300] {dag.py:3096} INFO - Sync 1 DAGs
[2026-06-22T10:14:50.876+0300] {logging_mixin.py:188} INFO - [2026-06-22T10:14:50.876+0300] {dag.py:3954} INFO - Setting next_dagrun for example_python_decorator to None, run_after=None
[2026-06-22T10:14:50.903+0300] {processor.py:183} INFO - Processing /media/data/omar/programming course/DEPI/DEPI project/anomx/venv/lib/python3.12/site-packages/airflow/example_dags/example_python_decorator.py took 0.074 seconds
[2026-06-22T10:15:45.457+0300] {processor.py:161} INFO - Started process (PID=55075) to work on /media/data/omar/programming course/DEPI/DEPI project/anomx/venv/lib/python3.12/site-packages/airflow/example_dags/example_python_decorator.py
[2026-06-22T10:15:45.459+0300] {processor.py:830} INFO - Processing file /media/data/omar/programming course/DEPI/DEPI project/anomx/venv/lib/python3.12/site-packages/airflow/example_dags/example_python_decorator.py for tasks to queue
[2026-06-22T10:15:45.461+0300] {logging_mixin.py:188} INFO - [2026-06-22T10:15:45.460+0300] {dagbag.py:540} INFO - Filling up the DagBag from /media/data/omar/programming course/DEPI/DEPI project/anomx/venv/lib/python3.12/site-packages/airflow/example_dags/example_python_decorator.py
[2026-06-22T10:15:45.485+0300] {processor.py:840} INFO - DAG(s) 'example_python_decorator' retrieved from /media/data/omar/programming course/DEPI/DEPI project/anomx/venv/lib/python3.12/site-packages/airflow/example_dags/example_python_decorator.py
[2026-06-22T10:15:45.503+0300] {logging_mixin.py:188} INFO - [2026-06-22T10:15:45.503+0300] {dag.py:3096} INFO - Sync 1 DAGs
[2026-06-22T10:15:45.512+0300] {logging_mixin.py:188} INFO - [2026-06-22T10:15:45.511+0300] {dag.py:3954} INFO - Setting next_dagrun for example_python_decorator to None, run_after=None
[2026-06-22T10:15:45.537+0300] {processor.py:183} INFO - Processing /media/data/omar/programming course/DEPI/DEPI project/anomx/venv/lib/python3.12/site-packages/airflow/example_dags/example_python_decorator.py took 0.093 seconds
[2026-06-22T10:16:41.255+0300] {processor.py:161} INFO - Started process (PID=55169) to work on /media/data/omar/programming course/DEPI/DEPI project/anomx/venv/lib/python3.12/site-packages/airflow/example_dags/example_python_decorator.py
[2026-06-22T10:16:41.256+0300] {processor.py:830} INFO - Processing file /media/data/omar/programming course/DEPI/DEPI project/anomx/venv/lib/python3.12/site-packages/airflow/example_dags/example_python_decorator.py for tasks to queue
[2026-06-22T10:16:41.258+0300] {logging_mixin.py:188} INFO - [2026-06-22T10:16:41.257+0300] {dagbag.py:540} INFO - Filling up the DagBag from /media/data/omar/programming course/DEPI/DEPI project/anomx/venv/lib/python3.12/site-packages/airflow/example_dags/example_python_decorator.py
[2026-06-22T10:16:41.280+0300] {processor.py:840} INFO - DAG(s) 'example_python_decorator' retrieved from /media/data/omar/programming course/DEPI/DEPI project/anomx/venv/lib/python3.12/site-packages/airflow/example_dags/example_python_decorator.py
[2026-06-22T10:16:41.297+0300] {logging_mixin.py:188} INFO - [2026-06-22T10:16:41.297+0300] {dag.py:3096} INFO - Sync 1 DAGs
[2026-06-22T10:16:41.306+0300] {logging_mixin.py:188} INFO - [2026-06-22T10:16:41.306+0300] {dag.py:3954} INFO - Setting next_dagrun for example_python_decorator to None, run_after=None
[2026-06-22T10:16:41.332+0300] {processor.py:183} INFO - Processing /media/data/omar/programming course/DEPI/DEPI project/anomx/venv/lib/python3.12/site-packages/airflow/example_dags/example_python_decorator.py took 0.088 seconds
[2026-06-22T10:17:32.549+0300] {processor.py:161} INFO - Started process (PID=55249) to work on /media/data/omar/programming course/DEPI/DEPI project/anomx/venv/lib/python3.12/site-packages/airflow/example_dags/example_python_decorator.py
[2026-06-22T10:17:32.550+0300] {processor.py:830} INFO - Processing file /media/data/omar/programming course/DEPI/DEPI project/anomx/venv/lib/python3.12/site-packages/airflow/example_dags/example_python_decorator.py for tasks to queue
[2026-06-22T10:17:32.551+0300] {logging_mixin.py:188} INFO - [2026-06-22T10:17:32.550+0300] {dagbag.py:540} INFO - Filling up the DagBag from /media/data/omar/programming course/DEPI/DEPI project/anomx/venv/lib/python3.12/site-packages/airflow/example_dags/example_python_decorator.py
[2026-06-22T10:17:32.563+0300] {processor.py:840} INFO - DAG(s) 'example_python_decorator' retrieved from /media/data/omar/programming course/DEPI/DEPI project/anomx/venv/lib/python3.12/site-packages/airflow/example_dags/example_python_decorator.py
[2026-06-22T10:17:32.578+0300] {logging_mixin.py:188} INFO - [2026-06-22T10:17:32.578+0300] {dag.py:3096} INFO - Sync 1 DAGs
[2026-06-22T10:17:32.587+0300] {logging_mixin.py:188} INFO - [2026-06-22T10:17:32.587+0300] {dag.py:3954} INFO - Setting next_dagrun for example_python_decorator to None, run_after=None
[2026-06-22T10:17:32.614+0300] {processor.py:183} INFO - Processing /media/data/omar/programming course/DEPI/DEPI project/anomx/venv/lib/python3.12/site-packages/airflow/example_dags/example_python_decorator.py took 0.070 seconds
[2026-06-22T10:18:23.759+0300] {processor.py:161} INFO - Started process (PID=55327) to work on /media/data/omar/programming course/DEPI/DEPI project/anomx/venv/lib/python3.12/site-packages/airflow/example_dags/example_python_decorator.py
[2026-06-22T10:18:23.760+0300] {processor.py:830} INFO - Processing file /media/data/omar/programming course/DEPI/DEPI project/anomx/venv/lib/python3.12/site-packages/airflow/example_dags/example_python_decorator.py for tasks to queue
[2026-06-22T10:18:23.761+0300] {logging_mixin.py:188} INFO - [2026-06-22T10:18:23.760+0300] {dagbag.py:540} INFO - Filling up the DagBag from /media/data/omar/programming course/DEPI/DEPI project/anomx/venv/lib/python3.12/site-packages/airflow/example_dags/example_python_decorator.py
[2026-06-22T10:18:23.775+0300] {processor.py:840} INFO - DAG(s) 'example_python_decorator' retrieved from /media/data/omar/programming course/DEPI/DEPI project/anomx/venv/lib/python3.12/site-packages/airflow/example_dags/example_python_decorator.py
[2026-06-22T10:18:23.791+0300] {logging_mixin.py:188} INFO - [2026-06-22T10:18:23.790+0300] {dag.py:3096} INFO - Sync 1 DAGs
[2026-06-22T10:18:23.799+0300] {logging_mixin.py:188} INFO - [2026-06-22T10:18:23.799+0300] {dag.py:3954} INFO - Setting next_dagrun for example_python_decorator to None, run_after=None
[2026-06-22T10:18:23.826+0300] {processor.py:183} INFO - Processing /media/data/omar/programming course/DEPI/DEPI project/anomx/venv/lib/python3.12/site-packages/airflow/example_dags/example_python_decorator.py took 0.074 seconds
[2026-06-22T10:19:15.722+0300] {processor.py:161} INFO - Started process (PID=55403) to work on /media/data/omar/programming course/DEPI/DEPI project/anomx/venv/lib/python3.12/site-packages/airflow/example_dags/example_python_decorator.py
[2026-06-22T10:19:15.723+0300] {processor.py:830} INFO - Processing file /media/data/omar/programming course/DEPI/DEPI project/anomx/venv/lib/python3.12/site-packages/airflow/example_dags/example_python_decorator.py for tasks to queue
[2026-06-22T10:19:15.725+0300] {logging_mixin.py:188} INFO - [2026-06-22T10:19:15.724+0300] {dagbag.py:540} INFO - Filling up the DagBag from /media/data/omar/programming course/DEPI/DEPI project/anomx/venv/lib/python3.12/site-packages/airflow/example_dags/example_python_decorator.py
[2026-06-22T10:19:15.743+0300] {processor.py:840} INFO - DAG(s) 'example_python_decorator' retrieved from /media/data/omar/programming course/DEPI/DEPI project/anomx/venv/lib/python3.12/site-packages/airflow/example_dags/example_python_decorator.py
[2026-06-22T10:19:15.759+0300] {logging_mixin.py:188} INFO - [2026-06-22T10:19:15.759+0300] {dag.py:3096} INFO - Sync 1 DAGs
[2026-06-22T10:19:15.768+0300] {logging_mixin.py:188} INFO - [2026-06-22T10:19:15.767+0300] {dag.py:3954} INFO - Setting next_dagrun for example_python_decorator to None, run_after=None
[2026-06-22T10:19:15.795+0300] {processor.py:183} INFO - Processing /media/data/omar/programming course/DEPI/DEPI project/anomx/venv/lib/python3.12/site-packages/airflow/example_dags/example_python_decorator.py took 0.084 seconds
[2026-06-22T10:20:06.695+0300] {processor.py:161} INFO - Started process (PID=55493) to work on /media/data/omar/programming course/DEPI/DEPI project/anomx/venv/lib/python3.12/site-packages/airflow/example_dags/example_python_decorator.py
[2026-06-22T10:20:06.696+0300] {processor.py:830} INFO - Processing file /media/data/omar/programming course/DEPI/DEPI project/anomx/venv/lib/python3.12/site-packages/airflow/example_dags/example_python_decorator.py for tasks to queue
[2026-06-22T10:20:06.697+0300] {logging_mixin.py:188} INFO - [2026-06-22T10:20:06.697+0300] {dagbag.py:540} INFO - Filling up the DagBag from /media/data/omar/programming course/DEPI/DEPI project/anomx/venv/lib/python3.12/site-packages/airflow/example_dags/example_python_decorator.py
[2026-06-22T10:20:06.709+0300] {processor.py:840} INFO - DAG(s) 'example_python_decorator' retrieved from /media/data/omar/programming course/DEPI/DEPI project/anomx/venv/lib/python3.12/site-packages/airflow/example_dags/example_python_decorator.py
[2026-06-22T10:20:06.724+0300] {logging_mixin.py:188} INFO - [2026-06-22T10:20:06.724+0300] {dag.py:3096} INFO - Sync 1 DAGs
[2026-06-22T10:20:06.733+0300] {logging_mixin.py:188} INFO - [2026-06-22T10:20:06.733+0300] {dag.py:3954} INFO - Setting next_dagrun for example_python_decorator to None, run_after=None
[2026-06-22T10:20:06.759+0300] {processor.py:183} INFO - Processing /media/data/omar/programming course/DEPI/DEPI project/anomx/venv/lib/python3.12/site-packages/airflow/example_dags/example_python_decorator.py took 0.069 seconds
[2026-06-22T10:21:00.740+0300] {processor.py:161} INFO - Started process (PID=55585) to work on /media/data/omar/programming course/DEPI/DEPI project/anomx/venv/lib/python3.12/site-packages/airflow/example_dags/example_python_decorator.py
[2026-06-22T10:21:00.744+0300] {processor.py:830} INFO - Processing file /media/data/omar/programming course/DEPI/DEPI project/anomx/venv/lib/python3.12/site-packages/airflow/example_dags/example_python_decorator.py for tasks to queue
[2026-06-22T10:21:00.748+0300] {logging_mixin.py:188} INFO - [2026-06-22T10:21:00.746+0300] {dagbag.py:540} INFO - Filling up the DagBag from /media/data/omar/programming course/DEPI/DEPI project/anomx/venv/lib/python3.12/site-packages/airflow/example_dags/example_python_decorator.py
[2026-06-22T10:21:00.781+0300] {processor.py:840} INFO - DAG(s) 'example_python_decorator' retrieved from /media/data/omar/programming course/DEPI/DEPI project/anomx/venv/lib/python3.12/site-packages/airflow/example_dags/example_python_decorator.py
[2026-06-22T10:21:00.799+0300] {logging_mixin.py:188} INFO - [2026-06-22T10:21:00.799+0300] {dag.py:3096} INFO - Sync 1 DAGs
[2026-06-22T10:21:00.808+0300] {logging_mixin.py:188} INFO - [2026-06-22T10:21:00.807+0300] {dag.py:3954} INFO - Setting next_dagrun for example_python_decorator to None, run_after=None
[2026-06-22T10:21:00.833+0300] {processor.py:183} INFO - Processing /media/data/omar/programming course/DEPI/DEPI project/anomx/venv/lib/python3.12/site-packages/airflow/example_dags/example_python_decorator.py took 0.113 seconds
[2026-06-22T10:21:55.321+0300] {processor.py:161} INFO - Started process (PID=55664) to work on /media/data/omar/programming course/DEPI/DEPI project/anomx/venv/lib/python3.12/site-packages/airflow/example_dags/example_python_decorator.py
[2026-06-22T10:21:55.322+0300] {processor.py:830} INFO - Processing file /media/data/omar/programming course/DEPI/DEPI project/anomx/venv/lib/python3.12/site-packages/airflow/example_dags/example_python_decorator.py for tasks to queue
[2026-06-22T10:21:55.323+0300] {logging_mixin.py:188} INFO - [2026-06-22T10:21:55.323+0300] {dagbag.py:540} INFO - Filling up the DagBag from /media/data/omar/programming course/DEPI/DEPI project/anomx/venv/lib/python3.12/site-packages/airflow/example_dags/example_python_decorator.py
[2026-06-22T10:21:55.337+0300] {processor.py:840} INFO - DAG(s) 'example_python_decorator' retrieved from /media/data/omar/programming course/DEPI/DEPI project/anomx/venv/lib/python3.12/site-packages/airflow/example_dags/example_python_decorator.py
[2026-06-22T10:21:55.354+0300] {logging_mixin.py:188} INFO - [2026-06-22T10:21:55.353+0300] {dag.py:3096} INFO - Sync 1 DAGs
[2026-06-22T10:21:55.362+0300] {logging_mixin.py:188} INFO - [2026-06-22T10:21:55.362+0300] {dag.py:3954} INFO - Setting next_dagrun for example_python_decorator to None, run_after=None
[2026-06-22T10:21:55.389+0300] {processor.py:183} INFO - Processing /media/data/omar/programming course/DEPI/DEPI project/anomx/venv/lib/python3.12/site-packages/airflow/example_dags/example_python_decorator.py took 0.073 seconds
[2026-06-22T10:22:49.257+0300] {processor.py:161} INFO - Started process (PID=55758) to work on /media/data/omar/programming course/DEPI/DEPI project/anomx/venv/lib/python3.12/site-packages/airflow/example_dags/example_python_decorator.py
[2026-06-22T10:22:49.258+0300] {processor.py:830} INFO - Processing file /media/data/omar/programming course/DEPI/DEPI project/anomx/venv/lib/python3.12/site-packages/airflow/example_dags/example_python_decorator.py for tasks to queue
[2026-06-22T10:22:49.259+0300] {logging_mixin.py:188} INFO - [2026-06-22T10:22:49.259+0300] {dagbag.py:540} INFO - Filling up the DagBag from /media/data/omar/programming course/DEPI/DEPI project/anomx/venv/lib/python3.12/site-packages/airflow/example_dags/example_python_decorator.py
[2026-06-22T10:22:49.276+0300] {processor.py:840} INFO - DAG(s) 'example_python_decorator' retrieved from /media/data/omar/programming course/DEPI/DEPI project/anomx/venv/lib/python3.12/site-packages/airflow/example_dags/example_python_decorator.py
[2026-06-22T10:22:49.293+0300] {logging_mixin.py:188} INFO - [2026-06-22T10:22:49.292+0300] {dag.py:3096} INFO - Sync 1 DAGs
[2026-06-22T10:22:49.301+0300] {logging_mixin.py:188} INFO - [2026-06-22T10:22:49.301+0300] {dag.py:3954} INFO - Setting next_dagrun for example_python_decorator to None, run_after=None
[2026-06-22T10:22:49.328+0300] {processor.py:183} INFO - Processing /media/data/omar/programming course/DEPI/DEPI project/anomx/venv/lib/python3.12/site-packages/airflow/example_dags/example_python_decorator.py took 0.078 seconds
[2026-06-22T10:23:42.513+0300] {processor.py:161} INFO - Started process (PID=55834) to work on /media/data/omar/programming course/DEPI/DEPI project/anomx/venv/lib/python3.12/site-packages/airflow/example_dags/example_python_decorator.py
[2026-06-22T10:23:42.514+0300] {processor.py:830} INFO - Processing file /media/data/omar/programming course/DEPI/DEPI project/anomx/venv/lib/python3.12/site-packages/airflow/example_dags/example_python_decorator.py for tasks to queue
[2026-06-22T10:23:42.515+0300] {logging_mixin.py:188} INFO - [2026-06-22T10:23:42.514+0300] {dagbag.py:540} INFO - Filling up the DagBag from /media/data/omar/programming course/DEPI/DEPI project/anomx/venv/lib/python3.12/site-packages/airflow/example_dags/example_python_decorator.py
[2026-06-22T10:23:42.526+0300] {processor.py:840} INFO - DAG(s) 'example_python_decorator' retrieved from /media/data/omar/programming course/DEPI/DEPI project/anomx/venv/lib/python3.12/site-packages/airflow/example_dags/example_python_decorator.py
[2026-06-22T10:23:42.541+0300] {logging_mixin.py:188} INFO - [2026-06-22T10:23:42.541+0300] {dag.py:3096} INFO - Sync 1 DAGs
[2026-06-22T10:23:42.550+0300] {logging_mixin.py:188} INFO - [2026-06-22T10:23:42.549+0300] {dag.py:3954} INFO - Setting next_dagrun for example_python_decorator to None, run_after=None
[2026-06-22T10:23:42.575+0300] {processor.py:183} INFO - Processing /media/data/omar/programming course/DEPI/DEPI project/anomx/venv/lib/python3.12/site-packages/airflow/example_dags/example_python_decorator.py took 0.067 seconds
[2026-06-22T10:24:35.199+0300] {processor.py:161} INFO - Started process (PID=55924) to work on /media/data/omar/programming course/DEPI/DEPI project/anomx/venv/lib/python3.12/site-packages/airflow/example_dags/example_python_decorator.py
[2026-06-22T10:24:35.200+0300] {processor.py:830} INFO - Processing file /media/data/omar/programming course/DEPI/DEPI project/anomx/venv/lib/python3.12/site-packages/airflow/example_dags/example_python_decorator.py for tasks to queue
[2026-06-22T10:24:35.201+0300] {logging_mixin.py:188} INFO - [2026-06-22T10:24:35.201+0300] {dagbag.py:540} INFO - Filling up the DagBag from /media/data/omar/programming course/DEPI/DEPI project/anomx/venv/lib/python3.12/site-packages/airflow/example_dags/example_python_decorator.py
[2026-06-22T10:24:35.214+0300] {processor.py:840} INFO - DAG(s) 'example_python_decorator' retrieved from /media/data/omar/programming course/DEPI/DEPI project/anomx/venv/lib/python3.12/site-packages/airflow/example_dags/example_python_decorator.py
[2026-06-22T10:24:35.231+0300] {logging_mixin.py:188} INFO - [2026-06-22T10:24:35.230+0300] {dag.py:3096} INFO - Sync 1 DAGs
[2026-06-22T10:24:35.239+0300] {logging_mixin.py:188} INFO - [2026-06-22T10:24:35.239+0300] {dag.py:3954} INFO - Setting next_dagrun for example_python_decorator to None, run_after=None
[2026-06-22T10:24:35.265+0300] {processor.py:183} INFO - Processing /media/data/omar/programming course/DEPI/DEPI project/anomx/venv/lib/python3.12/site-packages/airflow/example_dags/example_python_decorator.py took 0.074 seconds
[2026-06-22T10:25:32.172+0300] {processor.py:161} INFO - Started process (PID=56007) to work on /media/data/omar/programming course/DEPI/DEPI project/anomx/venv/lib/python3.12/site-packages/airflow/example_dags/example_python_decorator.py
[2026-06-22T10:25:32.174+0300] {processor.py:830} INFO - Processing file /media/data/omar/programming course/DEPI/DEPI project/anomx/venv/lib/python3.12/site-packages/airflow/example_dags/example_python_decorator.py for tasks to queue
[2026-06-22T10:25:32.176+0300] {logging_mixin.py:188} INFO - [2026-06-22T10:25:32.175+0300] {dagbag.py:540} INFO - Filling up the DagBag from /media/data/omar/programming course/DEPI/DEPI project/anomx/venv/lib/python3.12/site-packages/airflow/example_dags/example_python_decorator.py
[2026-06-22T10:25:32.196+0300] {processor.py:840} INFO - DAG(s) 'example_python_decorator' retrieved from /media/data/omar/programming course/DEPI/DEPI project/anomx/venv/lib/python3.12/site-packages/airflow/example_dags/example_python_decorator.py
[2026-06-22T10:25:32.212+0300] {logging_mixin.py:188} INFO - [2026-06-22T10:25:32.211+0300] {dag.py:3096} INFO - Sync 1 DAGs
[2026-06-22T10:25:32.220+0300] {logging_mixin.py:188} INFO - [2026-06-22T10:25:32.220+0300] {dag.py:3954} INFO - Setting next_dagrun for example_python_decorator to None, run_after=None
[2026-06-22T10:25:32.246+0300] {processor.py:183} INFO - Processing /media/data/omar/programming course/DEPI/DEPI project/anomx/venv/lib/python3.12/site-packages/airflow/example_dags/example_python_decorator.py took 0.083 seconds
[2026-06-22T10:26:26.270+0300] {processor.py:161} INFO - Started process (PID=56088) to work on /media/data/omar/programming course/DEPI/DEPI project/anomx/venv/lib/python3.12/site-packages/airflow/example_dags/example_python_decorator.py
[2026-06-22T10:26:26.273+0300] {processor.py:830} INFO - Processing file /media/data/omar/programming course/DEPI/DEPI project/anomx/venv/lib/python3.12/site-packages/airflow/example_dags/example_python_decorator.py for tasks to queue
[2026-06-22T10:26:26.275+0300] {logging_mixin.py:188} INFO - [2026-06-22T10:26:26.274+0300] {dagbag.py:540} INFO - Filling up the DagBag from /media/data/omar/programming course/DEPI/DEPI project/anomx/venv/lib/python3.12/site-packages/airflow/example_dags/example_python_decorator.py
[2026-06-22T10:26:26.296+0300] {processor.py:840} INFO - DAG(s) 'example_python_decorator' retrieved from /media/data/omar/programming course/DEPI/DEPI project/anomx/venv/lib/python3.12/site-packages/airflow/example_dags/example_python_decorator.py
[2026-06-22T10:26:26.312+0300] {logging_mixin.py:188} INFO - [2026-06-22T10:26:26.312+0300] {dag.py:3096} INFO - Sync 1 DAGs
[2026-06-22T10:26:26.321+0300] {logging_mixin.py:188} INFO - [2026-06-22T10:26:26.321+0300] {dag.py:3954} INFO - Setting next_dagrun for example_python_decorator to None, run_after=None
[2026-06-22T10:26:26.348+0300] {processor.py:183} INFO - Processing /media/data/omar/programming course/DEPI/DEPI project/anomx/venv/lib/python3.12/site-packages/airflow/example_dags/example_python_decorator.py took 0.091 seconds
[2026-06-22T10:27:15.406+0300] {processor.py:161} INFO - Started process (PID=56175) to work on /media/data/omar/programming course/DEPI/DEPI project/anomx/venv/lib/python3.12/site-packages/airflow/example_dags/example_python_decorator.py
[2026-06-22T10:27:15.408+0300] {processor.py:830} INFO - Processing file /media/data/omar/programming course/DEPI/DEPI project/anomx/venv/lib/python3.12/site-packages/airflow/example_dags/example_python_decorator.py for tasks to queue
[2026-06-22T10:27:15.409+0300] {logging_mixin.py:188} INFO - [2026-06-22T10:27:15.409+0300] {dagbag.py:540} INFO - Filling up the DagBag from /media/data/omar/programming course/DEPI/DEPI project/anomx/venv/lib/python3.12/site-packages/airflow/example_dags/example_python_decorator.py
[2026-06-22T10:27:15.425+0300] {processor.py:840} INFO - DAG(s) 'example_python_decorator' retrieved from /media/data/omar/programming course/DEPI/DEPI project/anomx/venv/lib/python3.12/site-packages/airflow/example_dags/example_python_decorator.py
[2026-06-22T10:27:15.442+0300] {logging_mixin.py:188} INFO - [2026-06-22T10:27:15.441+0300] {dag.py:3096} INFO - Sync 1 DAGs
[2026-06-22T10:27:15.450+0300] {logging_mixin.py:188} INFO - [2026-06-22T10:27:15.450+0300] {dag.py:3954} INFO - Setting next_dagrun for example_python_decorator to None, run_after=None
[2026-06-22T10:27:15.476+0300] {processor.py:183} INFO - Processing /media/data/omar/programming course/DEPI/DEPI project/anomx/venv/lib/python3.12/site-packages/airflow/example_dags/example_python_decorator.py took 0.081 seconds
[2026-06-22T10:28:05.794+0300] {processor.py:161} INFO - Started process (PID=56249) to work on /media/data/omar/programming course/DEPI/DEPI project/anomx/venv/lib/python3.12/site-packages/airflow/example_dags/example_python_decorator.py
[2026-06-22T10:28:05.796+0300] {processor.py:830} INFO - Processing file /media/data/omar/programming course/DEPI/DEPI project/anomx/venv/lib/python3.12/site-packages/airflow/example_dags/example_python_decorator.py for tasks to queue
[2026-06-22T10:28:05.799+0300] {logging_mixin.py:188} INFO - [2026-06-22T10:28:05.798+0300] {dagbag.py:540} INFO - Filling up the DagBag from /media/data/omar/programming course/DEPI/DEPI project/anomx/venv/lib/python3.12/site-packages/airflow/example_dags/example_python_decorator.py
[2026-06-22T10:28:05.829+0300] {processor.py:840} INFO - DAG(s) 'example_python_decorator' retrieved from /media/data/omar/programming course/DEPI/DEPI project/anomx/venv/lib/python3.12/site-packages/airflow/example_dags/example_python_decorator.py
[2026-06-22T10:28:05.849+0300] {logging_mixin.py:188} INFO - [2026-06-22T10:28:05.849+0300] {dag.py:3096} INFO - Sync 1 DAGs
[2026-06-22T10:28:05.857+0300] {logging_mixin.py:188} INFO - [2026-06-22T10:28:05.857+0300] {dag.py:3954} INFO - Setting next_dagrun for example_python_decorator to None, run_after=None
[2026-06-22T10:28:05.883+0300] {processor.py:183} INFO - Processing /media/data/omar/programming course/DEPI/DEPI project/anomx/venv/lib/python3.12/site-packages/airflow/example_dags/example_python_decorator.py took 0.101 seconds
[2026-06-22T10:28:58.512+0300] {processor.py:161} INFO - Started process (PID=56330) to work on /media/data/omar/programming course/DEPI/DEPI project/anomx/venv/lib/python3.12/site-packages/airflow/example_dags/example_python_decorator.py
[2026-06-22T10:28:58.513+0300] {processor.py:830} INFO - Processing file /media/data/omar/programming course/DEPI/DEPI project/anomx/venv/lib/python3.12/site-packages/airflow/example_dags/example_python_decorator.py for tasks to queue
[2026-06-22T10:28:58.514+0300] {logging_mixin.py:188} INFO - [2026-06-22T10:28:58.513+0300] {dagbag.py:540} INFO - Filling up the DagBag from /media/data/omar/programming course/DEPI/DEPI project/anomx/venv/lib/python3.12/site-packages/airflow/example_dags/example_python_decorator.py
[2026-06-22T10:28:58.528+0300] {processor.py:840} INFO - DAG(s) 'example_python_decorator' retrieved from /media/data/omar/programming course/DEPI/DEPI project/anomx/venv/lib/python3.12/site-packages/airflow/example_dags/example_python_decorator.py
[2026-06-22T10:28:58.544+0300] {logging_mixin.py:188} INFO - [2026-06-22T10:28:58.544+0300] {dag.py:3096} INFO - Sync 1 DAGs
[2026-06-22T10:28:58.553+0300] {logging_mixin.py:188} INFO - [2026-06-22T10:28:58.553+0300] {dag.py:3954} INFO - Setting next_dagrun for example_python_decorator to None, run_after=None
[2026-06-22T10:28:58.581+0300] {processor.py:183} INFO - Processing /media/data/omar/programming course/DEPI/DEPI project/anomx/venv/lib/python3.12/site-packages/airflow/example_dags/example_python_decorator.py took 0.076 seconds
[2026-06-22T10:29:49.469+0300] {processor.py:161} INFO - Started process (PID=56415) to work on /media/data/omar/programming course/DEPI/DEPI project/anomx/venv/lib/python3.12/site-packages/airflow/example_dags/example_python_decorator.py
[2026-06-22T10:29:49.470+0300] {processor.py:830} INFO - Processing file /media/data/omar/programming course/DEPI/DEPI project/anomx/venv/lib/python3.12/site-packages/airflow/example_dags/example_python_decorator.py for tasks to queue
[2026-06-22T10:29:49.471+0300] {logging_mixin.py:188} INFO - [2026-06-22T10:29:49.471+0300] {dagbag.py:540} INFO - Filling up the DagBag from /media/data/omar/programming course/DEPI/DEPI project/anomx/venv/lib/python3.12/site-packages/airflow/example_dags/example_python_decorator.py
[2026-06-22T10:29:49.490+0300] {processor.py:840} INFO - DAG(s) 'example_python_decorator' retrieved from /media/data/omar/programming course/DEPI/DEPI project/anomx/venv/lib/python3.12/site-packages/airflow/example_dags/example_python_decorator.py
[2026-06-22T10:29:49.508+0300] {logging_mixin.py:188} INFO - [2026-06-22T10:29:49.508+0300] {dag.py:3096} INFO - Sync 1 DAGs
[2026-06-22T10:29:49.516+0300] {logging_mixin.py:188} INFO - [2026-06-22T10:29:49.516+0300] {dag.py:3954} INFO - Setting next_dagrun for example_python_decorator to None, run_after=None
[2026-06-22T10:29:49.542+0300] {processor.py:183} INFO - Processing /media/data/omar/programming course/DEPI/DEPI project/anomx/venv/lib/python3.12/site-packages/airflow/example_dags/example_python_decorator.py took 0.082 seconds
[2026-06-22T10:30:46.681+0300] {processor.py:161} INFO - Started process (PID=56502) to work on /media/data/omar/programming course/DEPI/DEPI project/anomx/venv/lib/python3.12/site-packages/airflow/example_dags/example_python_decorator.py
[2026-06-22T10:30:46.682+0300] {processor.py:830} INFO - Processing file /media/data/omar/programming course/DEPI/DEPI project/anomx/venv/lib/python3.12/site-packages/airflow/example_dags/example_python_decorator.py for tasks to queue
[2026-06-22T10:30:46.683+0300] {logging_mixin.py:188} INFO - [2026-06-22T10:30:46.683+0300] {dagbag.py:540} INFO - Filling up the DagBag from /media/data/omar/programming course/DEPI/DEPI project/anomx/venv/lib/python3.12/site-packages/airflow/example_dags/example_python_decorator.py
[2026-06-22T10:30:46.698+0300] {processor.py:840} INFO - DAG(s) 'example_python_decorator' retrieved from /media/data/omar/programming course/DEPI/DEPI project/anomx/venv/lib/python3.12/site-packages/airflow/example_dags/example_python_decorator.py
[2026-06-22T10:30:46.715+0300] {logging_mixin.py:188} INFO - [2026-06-22T10:30:46.714+0300] {dag.py:3096} INFO - Sync 1 DAGs
[2026-06-22T10:30:46.723+0300] {logging_mixin.py:188} INFO - [2026-06-22T10:30:46.723+0300] {dag.py:3954} INFO - Setting next_dagrun for example_python_decorator to None, run_after=None
[2026-06-22T10:30:46.751+0300] {processor.py:183} INFO - Processing /media/data/omar/programming course/DEPI/DEPI project/anomx/venv/lib/python3.12/site-packages/airflow/example_dags/example_python_decorator.py took 0.086 seconds
[2026-06-22T10:31:40.723+0300] {processor.py:161} INFO - Started process (PID=56582) to work on /media/data/omar/programming course/DEPI/DEPI project/anomx/venv/lib/python3.12/site-packages/airflow/example_dags/example_python_decorator.py
[2026-06-22T10:31:40.724+0300] {processor.py:830} INFO - Processing file /media/data/omar/programming course/DEPI/DEPI project/anomx/venv/lib/python3.12/site-packages/airflow/example_dags/example_python_decorator.py for tasks to queue
[2026-06-22T10:31:40.726+0300] {logging_mixin.py:188} INFO - [2026-06-22T10:31:40.725+0300] {dagbag.py:540} INFO - Filling up the DagBag from /media/data/omar/programming course/DEPI/DEPI project/anomx/venv/lib/python3.12/site-packages/airflow/example_dags/example_python_decorator.py
[2026-06-22T10:31:40.744+0300] {processor.py:840} INFO - DAG(s) 'example_python_decorator' retrieved from /media/data/omar/programming course/DEPI/DEPI project/anomx/venv/lib/python3.12/site-packages/airflow/example_dags/example_python_decorator.py
[2026-06-22T10:31:40.761+0300] {logging_mixin.py:188} INFO - [2026-06-22T10:31:40.761+0300] {dag.py:3096} INFO - Sync 1 DAGs
[2026-06-22T10:31:40.770+0300] {logging_mixin.py:188} INFO - [2026-06-22T10:31:40.770+0300] {dag.py:3954} INFO - Setting next_dagrun for example_python_decorator to None, run_after=None
[2026-06-22T10:31:40.797+0300] {processor.py:183} INFO - Processing /media/data/omar/programming course/DEPI/DEPI project/anomx/venv/lib/python3.12/site-packages/airflow/example_dags/example_python_decorator.py took 0.082 seconds
[2026-06-22T10:32:32.988+0300] {processor.py:161} INFO - Started process (PID=56668) to work on /media/data/omar/programming course/DEPI/DEPI project/anomx/venv/lib/python3.12/site-packages/airflow/example_dags/example_python_decorator.py
[2026-06-22T10:32:32.989+0300] {processor.py:830} INFO - Processing file /media/data/omar/programming course/DEPI/DEPI project/anomx/venv/lib/python3.12/site-packages/airflow/example_dags/example_python_decorator.py for tasks to queue
[2026-06-22T10:32:32.991+0300] {logging_mixin.py:188} INFO - [2026-06-22T10:32:32.990+0300] {dagbag.py:540} INFO - Filling up the DagBag from /media/data/omar/programming course/DEPI/DEPI project/anomx/venv/lib/python3.12/site-packages/airflow/example_dags/example_python_decorator.py
[2026-06-22T10:32:33.009+0300] {processor.py:840} INFO - DAG(s) 'example_python_decorator' retrieved from /media/data/omar/programming course/DEPI/DEPI project/anomx/venv/lib/python3.12/site-packages/airflow/example_dags/example_python_decorator.py
[2026-06-22T10:32:33.027+0300] {logging_mixin.py:188} INFO - [2026-06-22T10:32:33.027+0300] {dag.py:3096} INFO - Sync 1 DAGs
[2026-06-22T10:32:33.036+0300] {logging_mixin.py:188} INFO - [2026-06-22T10:32:33.036+0300] {dag.py:3954} INFO - Setting next_dagrun for example_python_decorator to None, run_after=None
[2026-06-22T10:32:33.063+0300] {processor.py:183} INFO - Processing /media/data/omar/programming course/DEPI/DEPI project/anomx/venv/lib/python3.12/site-packages/airflow/example_dags/example_python_decorator.py took 0.085 seconds
[2026-06-22T10:33:24.825+0300] {processor.py:161} INFO - Started process (PID=56748) to work on /media/data/omar/programming course/DEPI/DEPI project/anomx/venv/lib/python3.12/site-packages/airflow/example_dags/example_python_decorator.py
[2026-06-22T10:33:24.827+0300] {processor.py:830} INFO - Processing file /media/data/omar/programming course/DEPI/DEPI project/anomx/venv/lib/python3.12/site-packages/airflow/example_dags/example_python_decorator.py for tasks to queue
[2026-06-22T10:33:24.830+0300] {logging_mixin.py:188} INFO - [2026-06-22T10:33:24.828+0300] {dagbag.py:540} INFO - Filling up the DagBag from /media/data/omar/programming course/DEPI/DEPI project/anomx/venv/lib/python3.12/site-packages/airflow/example_dags/example_python_decorator.py
[2026-06-22T10:33:24.848+0300] {processor.py:840} INFO - DAG(s) 'example_python_decorator' retrieved from /media/data/omar/programming course/DEPI/DEPI project/anomx/venv/lib/python3.12/site-packages/airflow/example_dags/example_python_decorator.py
[2026-06-22T10:33:24.863+0300] {logging_mixin.py:188} INFO - [2026-06-22T10:33:24.863+0300] {dag.py:3096} INFO - Sync 1 DAGs
[2026-06-22T10:33:24.872+0300] {logging_mixin.py:188} INFO - [2026-06-22T10:33:24.871+0300] {dag.py:3954} INFO - Setting next_dagrun for example_python_decorator to None, run_after=None
[2026-06-22T10:33:24.898+0300] {processor.py:183} INFO - Processing /media/data/omar/programming course/DEPI/DEPI project/anomx/venv/lib/python3.12/site-packages/airflow/example_dags/example_python_decorator.py took 0.091 seconds
[2026-06-22T10:34:19.601+0300] {processor.py:161} INFO - Started process (PID=56842) to work on /media/data/omar/programming course/DEPI/DEPI project/anomx/venv/lib/python3.12/site-packages/airflow/example_dags/example_python_decorator.py
[2026-06-22T10:34:19.602+0300] {processor.py:830} INFO - Processing file /media/data/omar/programming course/DEPI/DEPI project/anomx/venv/lib/python3.12/site-packages/airflow/example_dags/example_python_decorator.py for tasks to queue
[2026-06-22T10:34:19.604+0300] {logging_mixin.py:188} INFO - [2026-06-22T10:34:19.603+0300] {dagbag.py:540} INFO - Filling up the DagBag from /media/data/omar/programming course/DEPI/DEPI project/anomx/venv/lib/python3.12/site-packages/airflow/example_dags/example_python_decorator.py
[2026-06-22T10:34:19.623+0300] {processor.py:840} INFO - DAG(s) 'example_python_decorator' retrieved from /media/data/omar/programming course/DEPI/DEPI project/anomx/venv/lib/python3.12/site-packages/airflow/example_dags/example_python_decorator.py
[2026-06-22T10:34:19.642+0300] {logging_mixin.py:188} INFO - [2026-06-22T10:34:19.641+0300] {dag.py:3096} INFO - Sync 1 DAGs
[2026-06-22T10:34:19.652+0300] {logging_mixin.py:188} INFO - [2026-06-22T10:34:19.651+0300] {dag.py:3954} INFO - Setting next_dagrun for example_python_decorator to None, run_after=None
[2026-06-22T10:34:19.683+0300] {processor.py:183} INFO - Processing /media/data/omar/programming course/DEPI/DEPI project/anomx/venv/lib/python3.12/site-packages/airflow/example_dags/example_python_decorator.py took 0.094 seconds
[2026-06-22T10:35:13.913+0300] {processor.py:161} INFO - Started process (PID=56923) to work on /media/data/omar/programming course/DEPI/DEPI project/anomx/venv/lib/python3.12/site-packages/airflow/example_dags/example_python_decorator.py
[2026-06-22T10:35:13.914+0300] {processor.py:830} INFO - Processing file /media/data/omar/programming course/DEPI/DEPI project/anomx/venv/lib/python3.12/site-packages/airflow/example_dags/example_python_decorator.py for tasks to queue
[2026-06-22T10:35:13.916+0300] {logging_mixin.py:188} INFO - [2026-06-22T10:35:13.915+0300] {dagbag.py:540} INFO - Filling up the DagBag from /media/data/omar/programming course/DEPI/DEPI project/anomx/venv/lib/python3.12/site-packages/airflow/example_dags/example_python_decorator.py
[2026-06-22T10:35:13.937+0300] {processor.py:840} INFO - DAG(s) 'example_python_decorator' retrieved from /media/data/omar/programming course/DEPI/DEPI project/anomx/venv/lib/python3.12/site-packages/airflow/example_dags/example_python_decorator.py
[2026-06-22T10:35:13.959+0300] {logging_mixin.py:188} INFO - [2026-06-22T10:35:13.958+0300] {dag.py:3096} INFO - Sync 1 DAGs
[2026-06-22T10:35:13.968+0300] {logging_mixin.py:188} INFO - [2026-06-22T10:35:13.968+0300] {dag.py:3954} INFO - Setting next_dagrun for example_python_decorator to None, run_after=None
[2026-06-22T10:35:13.995+0300] {processor.py:183} INFO - Processing /media/data/omar/programming course/DEPI/DEPI project/anomx/venv/lib/python3.12/site-packages/airflow/example_dags/example_python_decorator.py took 0.093 seconds
[2026-06-22T10:36:09.613+0300] {processor.py:161} INFO - Started process (PID=57002) to work on /media/data/omar/programming course/DEPI/DEPI project/anomx/venv/lib/python3.12/site-packages/airflow/example_dags/example_python_decorator.py
[2026-06-22T10:36:09.615+0300] {processor.py:830} INFO - Processing file /media/data/omar/programming course/DEPI/DEPI project/anomx/venv/lib/python3.12/site-packages/airflow/example_dags/example_python_decorator.py for tasks to queue
[2026-06-22T10:36:09.618+0300] {logging_mixin.py:188} INFO - [2026-06-22T10:36:09.617+0300] {dagbag.py:540} INFO - Filling up the DagBag from /media/data/omar/programming course/DEPI/DEPI project/anomx/venv/lib/python3.12/site-packages/airflow/example_dags/example_python_decorator.py
[2026-06-22T10:36:09.634+0300] {processor.py:840} INFO - DAG(s) 'example_python_decorator' retrieved from /media/data/omar/programming course/DEPI/DEPI project/anomx/venv/lib/python3.12/site-packages/airflow/example_dags/example_python_decorator.py
[2026-06-22T10:36:09.650+0300] {logging_mixin.py:188} INFO - [2026-06-22T10:36:09.649+0300] {dag.py:3096} INFO - Sync 1 DAGs
[2026-06-22T10:36:09.658+0300] {logging_mixin.py:188} INFO - [2026-06-22T10:36:09.658+0300] {dag.py:3954} INFO - Setting next_dagrun for example_python_decorator to None, run_after=None
[2026-06-22T10:36:09.684+0300] {processor.py:183} INFO - Processing /media/data/omar/programming course/DEPI/DEPI project/anomx/venv/lib/python3.12/site-packages/airflow/example_dags/example_python_decorator.py took 0.087 seconds
[2026-06-22T10:37:03.218+0300] {processor.py:161} INFO - Started process (PID=57092) to work on /media/data/omar/programming course/DEPI/DEPI project/anomx/venv/lib/python3.12/site-packages/airflow/example_dags/example_python_decorator.py
[2026-06-22T10:37:03.220+0300] {processor.py:830} INFO - Processing file /media/data/omar/programming course/DEPI/DEPI project/anomx/venv/lib/python3.12/site-packages/airflow/example_dags/example_python_decorator.py for tasks to queue
[2026-06-22T10:37:03.222+0300] {logging_mixin.py:188} INFO - [2026-06-22T10:37:03.221+0300] {dagbag.py:540} INFO - Filling up the DagBag from /media/data/omar/programming course/DEPI/DEPI project/anomx/venv/lib/python3.12/site-packages/airflow/example_dags/example_python_decorator.py
[2026-06-22T10:37:03.244+0300] {processor.py:840} INFO - DAG(s) 'example_python_decorator' retrieved from /media/data/omar/programming course/DEPI/DEPI project/anomx/venv/lib/python3.12/site-packages/airflow/example_dags/example_python_decorator.py
[2026-06-22T10:37:03.260+0300] {logging_mixin.py:188} INFO - [2026-06-22T10:37:03.260+0300] {dag.py:3096} INFO - Sync 1 DAGs
[2026-06-22T10:37:03.269+0300] {logging_mixin.py:188} INFO - [2026-06-22T10:37:03.268+0300] {dag.py:3954} INFO - Setting next_dagrun for example_python_decorator to None, run_after=None
[2026-06-22T10:37:03.295+0300] {processor.py:183} INFO - Processing /media/data/omar/programming course/DEPI/DEPI project/anomx/venv/lib/python3.12/site-packages/airflow/example_dags/example_python_decorator.py took 0.091 seconds
[2026-06-22T10:37:55.406+0300] {processor.py:161} INFO - Started process (PID=57168) to work on /media/data/omar/programming course/DEPI/DEPI project/anomx/venv/lib/python3.12/site-packages/airflow/example_dags/example_python_decorator.py
[2026-06-22T10:37:55.407+0300] {processor.py:830} INFO - Processing file /media/data/omar/programming course/DEPI/DEPI project/anomx/venv/lib/python3.12/site-packages/airflow/example_dags/example_python_decorator.py for tasks to queue
[2026-06-22T10:37:55.408+0300] {logging_mixin.py:188} INFO - [2026-06-22T10:37:55.408+0300] {dagbag.py:540} INFO - Filling up the DagBag from /media/data/omar/programming course/DEPI/DEPI project/anomx/venv/lib/python3.12/site-packages/airflow/example_dags/example_python_decorator.py
[2026-06-22T10:37:55.423+0300] {processor.py:840} INFO - DAG(s) 'example_python_decorator' retrieved from /media/data/omar/programming course/DEPI/DEPI project/anomx/venv/lib/python3.12/site-packages/airflow/example_dags/example_python_decorator.py
[2026-06-22T10:37:55.449+0300] {logging_mixin.py:188} INFO - [2026-06-22T10:37:55.448+0300] {dag.py:3096} INFO - Sync 1 DAGs
[2026-06-22T10:37:55.464+0300] {logging_mixin.py:188} INFO - [2026-06-22T10:37:55.464+0300] {dag.py:3954} INFO - Setting next_dagrun for example_python_decorator to None, run_after=None
[2026-06-22T10:37:55.493+0300] {processor.py:183} INFO - Processing /media/data/omar/programming course/DEPI/DEPI project/anomx/venv/lib/python3.12/site-packages/airflow/example_dags/example_python_decorator.py took 0.093 seconds
[2026-06-22T10:38:47.430+0300] {processor.py:161} INFO - Started process (PID=57247) to work on /media/data/omar/programming course/DEPI/DEPI project/anomx/venv/lib/python3.12/site-packages/airflow/example_dags/example_python_decorator.py
[2026-06-22T10:38:47.432+0300] {processor.py:830} INFO - Processing file /media/data/omar/programming course/DEPI/DEPI project/anomx/venv/lib/python3.12/site-packages/airflow/example_dags/example_python_decorator.py for tasks to queue
[2026-06-22T10:38:47.435+0300] {logging_mixin.py:188} INFO - [2026-06-22T10:38:47.434+0300] {dagbag.py:540} INFO - Filling up the DagBag from /media/data/omar/programming course/DEPI/DEPI project/anomx/venv/lib/python3.12/site-packages/airflow/example_dags/example_python_decorator.py
[2026-06-22T10:38:47.464+0300] {processor.py:840} INFO - DAG(s) 'example_python_decorator' retrieved from /media/data/omar/programming course/DEPI/DEPI project/anomx/venv/lib/python3.12/site-packages/airflow/example_dags/example_python_decorator.py
[2026-06-22T10:38:47.482+0300] {logging_mixin.py:188} INFO - [2026-06-22T10:38:47.482+0300] {dag.py:3096} INFO - Sync 1 DAGs
[2026-06-22T10:38:47.490+0300] {logging_mixin.py:188} INFO - [2026-06-22T10:38:47.490+0300] {dag.py:3954} INFO - Setting next_dagrun for example_python_decorator to None, run_after=None
[2026-06-22T10:38:47.515+0300] {processor.py:183} INFO - Processing /media/data/omar/programming course/DEPI/DEPI project/anomx/venv/lib/python3.12/site-packages/airflow/example_dags/example_python_decorator.py took 0.098 seconds
[2026-06-22T10:39:42.318+0300] {processor.py:161} INFO - Started process (PID=57324) to work on /media/data/omar/programming course/DEPI/DEPI project/anomx/venv/lib/python3.12/site-packages/airflow/example_dags/example_python_decorator.py
[2026-06-22T10:39:42.318+0300] {processor.py:830} INFO - Processing file /media/data/omar/programming course/DEPI/DEPI project/anomx/venv/lib/python3.12/site-packages/airflow/example_dags/example_python_decorator.py for tasks to queue
[2026-06-22T10:39:42.319+0300] {logging_mixin.py:188} INFO - [2026-06-22T10:39:42.319+0300] {dagbag.py:540} INFO - Filling up the DagBag from /media/data/omar/programming course/DEPI/DEPI project/anomx/venv/lib/python3.12/site-packages/airflow/example_dags/example_python_decorator.py
[2026-06-22T10:39:42.331+0300] {processor.py:840} INFO - DAG(s) 'example_python_decorator' retrieved from /media/data/omar/programming course/DEPI/DEPI project/anomx/venv/lib/python3.12/site-packages/airflow/example_dags/example_python_decorator.py
[2026-06-22T10:39:42.346+0300] {logging_mixin.py:188} INFO - [2026-06-22T10:39:42.346+0300] {dag.py:3096} INFO - Sync 1 DAGs
[2026-06-22T10:39:42.355+0300] {logging_mixin.py:188} INFO - [2026-06-22T10:39:42.354+0300] {dag.py:3954} INFO - Setting next_dagrun for example_python_decorator to None, run_after=None
[2026-06-22T10:39:42.382+0300] {processor.py:183} INFO - Processing /media/data/omar/programming course/DEPI/DEPI project/anomx/venv/lib/python3.12/site-packages/airflow/example_dags/example_python_decorator.py took 0.069 seconds
[2026-06-22T10:40:36.219+0300] {processor.py:161} INFO - Started process (PID=57411) to work on /media/data/omar/programming course/DEPI/DEPI project/anomx/venv/lib/python3.12/site-packages/airflow/example_dags/example_python_decorator.py
[2026-06-22T10:40:36.220+0300] {processor.py:830} INFO - Processing file /media/data/omar/programming course/DEPI/DEPI project/anomx/venv/lib/python3.12/site-packages/airflow/example_dags/example_python_decorator.py for tasks to queue
[2026-06-22T10:40:36.222+0300] {logging_mixin.py:188} INFO - [2026-06-22T10:40:36.221+0300] {dagbag.py:540} INFO - Filling up the DagBag from /media/data/omar/programming course/DEPI/DEPI project/anomx/venv/lib/python3.12/site-packages/airflow/example_dags/example_python_decorator.py
[2026-06-22T10:40:36.241+0300] {processor.py:840} INFO - DAG(s) 'example_python_decorator' retrieved from /media/data/omar/programming course/DEPI/DEPI project/anomx/venv/lib/python3.12/site-packages/airflow/example_dags/example_python_decorator.py
[2026-06-22T10:40:36.260+0300] {logging_mixin.py:188} INFO - [2026-06-22T10:40:36.260+0300] {dag.py:3096} INFO - Sync 1 DAGs
[2026-06-22T10:40:36.270+0300] {logging_mixin.py:188} INFO - [2026-06-22T10:40:36.270+0300] {dag.py:3954} INFO - Setting next_dagrun for example_python_decorator to None, run_after=None
[2026-06-22T10:40:36.296+0300] {processor.py:183} INFO - Processing /media/data/omar/programming course/DEPI/DEPI project/anomx/venv/lib/python3.12/site-packages/airflow/example_dags/example_python_decorator.py took 0.084 seconds
[2026-06-22T10:41:30.821+0300] {processor.py:161} INFO - Started process (PID=57501) to work on /media/data/omar/programming course/DEPI/DEPI project/anomx/venv/lib/python3.12/site-packages/airflow/example_dags/example_python_decorator.py
[2026-06-22T10:41:30.823+0300] {processor.py:830} INFO - Processing file /media/data/omar/programming course/DEPI/DEPI project/anomx/venv/lib/python3.12/site-packages/airflow/example_dags/example_python_decorator.py for tasks to queue
[2026-06-22T10:41:30.827+0300] {logging_mixin.py:188} INFO - [2026-06-22T10:41:30.825+0300] {dagbag.py:540} INFO - Filling up the DagBag from /media/data/omar/programming course/DEPI/DEPI project/anomx/venv/lib/python3.12/site-packages/airflow/example_dags/example_python_decorator.py
[2026-06-22T10:41:30.853+0300] {processor.py:840} INFO - DAG(s) 'example_python_decorator' retrieved from /media/data/omar/programming course/DEPI/DEPI project/anomx/venv/lib/python3.12/site-packages/airflow/example_dags/example_python_decorator.py
[2026-06-22T10:41:30.950+0300] {logging_mixin.py:188} INFO - [2026-06-22T10:41:30.950+0300] {dag.py:3096} INFO - Sync 1 DAGs
[2026-06-22T10:41:30.957+0300] {logging_mixin.py:188} INFO - [2026-06-22T10:41:30.957+0300] {dag.py:3954} INFO - Setting next_dagrun for example_python_decorator to None, run_after=None
[2026-06-22T10:41:30.982+0300] {processor.py:183} INFO - Processing /media/data/omar/programming course/DEPI/DEPI project/anomx/venv/lib/python3.12/site-packages/airflow/example_dags/example_python_decorator.py took 0.182 seconds
[2026-06-22T10:42:25.742+0300] {processor.py:161} INFO - Started process (PID=57581) to work on /media/data/omar/programming course/DEPI/DEPI project/anomx/venv/lib/python3.12/site-packages/airflow/example_dags/example_python_decorator.py
[2026-06-22T10:42:25.744+0300] {processor.py:830} INFO - Processing file /media/data/omar/programming course/DEPI/DEPI project/anomx/venv/lib/python3.12/site-packages/airflow/example_dags/example_python_decorator.py for tasks to queue
[2026-06-22T10:42:25.746+0300] {logging_mixin.py:188} INFO - [2026-06-22T10:42:25.745+0300] {dagbag.py:540} INFO - Filling up the DagBag from /media/data/omar/programming course/DEPI/DEPI project/anomx/venv/lib/python3.12/site-packages/airflow/example_dags/example_python_decorator.py
[2026-06-22T10:42:25.764+0300] {processor.py:840} INFO - DAG(s) 'example_python_decorator' retrieved from /media/data/omar/programming course/DEPI/DEPI project/anomx/venv/lib/python3.12/site-packages/airflow/example_dags/example_python_decorator.py
[2026-06-22T10:42:25.780+0300] {logging_mixin.py:188} INFO - [2026-06-22T10:42:25.780+0300] {dag.py:3096} INFO - Sync 1 DAGs
[2026-06-22T10:42:25.789+0300] {logging_mixin.py:188} INFO - [2026-06-22T10:42:25.789+0300] {dag.py:3954} INFO - Setting next_dagrun for example_python_decorator to None, run_after=None
[2026-06-22T10:42:25.816+0300] {processor.py:183} INFO - Processing /media/data/omar/programming course/DEPI/DEPI project/anomx/venv/lib/python3.12/site-packages/airflow/example_dags/example_python_decorator.py took 0.094 seconds
[2026-06-22T10:43:16.606+0300] {processor.py:161} INFO - Started process (PID=57666) to work on /media/data/omar/programming course/DEPI/DEPI project/anomx/venv/lib/python3.12/site-packages/airflow/example_dags/example_python_decorator.py
[2026-06-22T10:43:16.607+0300] {processor.py:830} INFO - Processing file /media/data/omar/programming course/DEPI/DEPI project/anomx/venv/lib/python3.12/site-packages/airflow/example_dags/example_python_decorator.py for tasks to queue
[2026-06-22T10:43:16.608+0300] {logging_mixin.py:188} INFO - [2026-06-22T10:43:16.607+0300] {dagbag.py:540} INFO - Filling up the DagBag from /media/data/omar/programming course/DEPI/DEPI project/anomx/venv/lib/python3.12/site-packages/airflow/example_dags/example_python_decorator.py
[2026-06-22T10:43:16.620+0300] {processor.py:840} INFO - DAG(s) 'example_python_decorator' retrieved from /media/data/omar/programming course/DEPI/DEPI project/anomx/venv/lib/python3.12/site-packages/airflow/example_dags/example_python_decorator.py
[2026-06-22T10:43:16.635+0300] {logging_mixin.py:188} INFO - [2026-06-22T10:43:16.635+0300] {dag.py:3096} INFO - Sync 1 DAGs
[2026-06-22T10:43:16.644+0300] {logging_mixin.py:188} INFO - [2026-06-22T10:43:16.644+0300] {dag.py:3954} INFO - Setting next_dagrun for example_python_decorator to None, run_after=None
[2026-06-22T10:43:16.670+0300] {processor.py:183} INFO - Processing /media/data/omar/programming course/DEPI/DEPI project/anomx/venv/lib/python3.12/site-packages/airflow/example_dags/example_python_decorator.py took 0.069 seconds
[2026-06-22T10:44:06.850+0300] {processor.py:161} INFO - Started process (PID=57731) to work on /media/data/omar/programming course/DEPI/DEPI project/anomx/venv/lib/python3.12/site-packages/airflow/example_dags/example_python_decorator.py
[2026-06-22T10:44:06.852+0300] {processor.py:830} INFO - Processing file /media/data/omar/programming course/DEPI/DEPI project/anomx/venv/lib/python3.12/site-packages/airflow/example_dags/example_python_decorator.py for tasks to queue
[2026-06-22T10:44:06.855+0300] {logging_mixin.py:188} INFO - [2026-06-22T10:44:06.854+0300] {dagbag.py:540} INFO - Filling up the DagBag from /media/data/omar/programming course/DEPI/DEPI project/anomx/venv/lib/python3.12/site-packages/airflow/example_dags/example_python_decorator.py
[2026-06-22T10:44:06.879+0300] {processor.py:840} INFO - DAG(s) 'example_python_decorator' retrieved from /media/data/omar/programming course/DEPI/DEPI project/anomx/venv/lib/python3.12/site-packages/airflow/example_dags/example_python_decorator.py
[2026-06-22T10:44:06.903+0300] {logging_mixin.py:188} INFO - [2026-06-22T10:44:06.902+0300] {dag.py:3096} INFO - Sync 1 DAGs
[2026-06-22T10:44:06.911+0300] {logging_mixin.py:188} INFO - [2026-06-22T10:44:06.911+0300] {dag.py:3954} INFO - Setting next_dagrun for example_python_decorator to None, run_after=None
[2026-06-22T10:44:06.936+0300] {processor.py:183} INFO - Processing /media/data/omar/programming course/DEPI/DEPI project/anomx/venv/lib/python3.12/site-packages/airflow/example_dags/example_python_decorator.py took 0.105 seconds
[2026-06-22T10:45:01.646+0300] {processor.py:161} INFO - Started process (PID=57827) to work on /media/data/omar/programming course/DEPI/DEPI project/anomx/venv/lib/python3.12/site-packages/airflow/example_dags/example_python_decorator.py
[2026-06-22T10:45:01.648+0300] {processor.py:830} INFO - Processing file /media/data/omar/programming course/DEPI/DEPI project/anomx/venv/lib/python3.12/site-packages/airflow/example_dags/example_python_decorator.py for tasks to queue
[2026-06-22T10:45:01.649+0300] {logging_mixin.py:188} INFO - [2026-06-22T10:45:01.648+0300] {dagbag.py:540} INFO - Filling up the DagBag from /media/data/omar/programming course/DEPI/DEPI project/anomx/venv/lib/python3.12/site-packages/airflow/example_dags/example_python_decorator.py
[2026-06-22T10:45:01.667+0300] {processor.py:840} INFO - DAG(s) 'example_python_decorator' retrieved from /media/data/omar/programming course/DEPI/DEPI project/anomx/venv/lib/python3.12/site-packages/airflow/example_dags/example_python_decorator.py
[2026-06-22T10:45:01.683+0300] {logging_mixin.py:188} INFO - [2026-06-22T10:45:01.683+0300] {dag.py:3096} INFO - Sync 1 DAGs
[2026-06-22T10:45:01.692+0300] {logging_mixin.py:188} INFO - [2026-06-22T10:45:01.692+0300] {dag.py:3954} INFO - Setting next_dagrun for example_python_decorator to None, run_after=None
[2026-06-22T10:45:01.720+0300] {processor.py:183} INFO - Processing /media/data/omar/programming course/DEPI/DEPI project/anomx/venv/lib/python3.12/site-packages/airflow/example_dags/example_python_decorator.py took 0.081 seconds
[2026-06-22T10:45:54.470+0300] {processor.py:161} INFO - Started process (PID=57914) to work on /media/data/omar/programming course/DEPI/DEPI project/anomx/venv/lib/python3.12/site-packages/airflow/example_dags/example_python_decorator.py
[2026-06-22T10:45:54.471+0300] {processor.py:830} INFO - Processing file /media/data/omar/programming course/DEPI/DEPI project/anomx/venv/lib/python3.12/site-packages/airflow/example_dags/example_python_decorator.py for tasks to queue
[2026-06-22T10:45:54.473+0300] {logging_mixin.py:188} INFO - [2026-06-22T10:45:54.472+0300] {dagbag.py:540} INFO - Filling up the DagBag from /media/data/omar/programming course/DEPI/DEPI project/anomx/venv/lib/python3.12/site-packages/airflow/example_dags/example_python_decorator.py
[2026-06-22T10:45:54.487+0300] {processor.py:840} INFO - DAG(s) 'example_python_decorator' retrieved from /media/data/omar/programming course/DEPI/DEPI project/anomx/venv/lib/python3.12/site-packages/airflow/example_dags/example_python_decorator.py
[2026-06-22T10:45:54.502+0300] {logging_mixin.py:188} INFO - [2026-06-22T10:45:54.502+0300] {dag.py:3096} INFO - Sync 1 DAGs
[2026-06-22T10:45:54.511+0300] {logging_mixin.py:188} INFO - [2026-06-22T10:45:54.510+0300] {dag.py:3954} INFO - Setting next_dagrun for example_python_decorator to None, run_after=None
[2026-06-22T10:45:54.536+0300] {processor.py:183} INFO - Processing /media/data/omar/programming course/DEPI/DEPI project/anomx/venv/lib/python3.12/site-packages/airflow/example_dags/example_python_decorator.py took 0.076 seconds
[2026-06-22T10:46:50.391+0300] {processor.py:161} INFO - Started process (PID=58010) to work on /media/data/omar/programming course/DEPI/DEPI project/anomx/venv/lib/python3.12/site-packages/airflow/example_dags/example_python_decorator.py
[2026-06-22T10:46:50.393+0300] {processor.py:830} INFO - Processing file /media/data/omar/programming course/DEPI/DEPI project/anomx/venv/lib/python3.12/site-packages/airflow/example_dags/example_python_decorator.py for tasks to queue
[2026-06-22T10:46:50.395+0300] {logging_mixin.py:188} INFO - [2026-06-22T10:46:50.394+0300] {dagbag.py:540} INFO - Filling up the DagBag from /media/data/omar/programming course/DEPI/DEPI project/anomx/venv/lib/python3.12/site-packages/airflow/example_dags/example_python_decorator.py
[2026-06-22T10:46:50.420+0300] {processor.py:840} INFO - DAG(s) 'example_python_decorator' retrieved from /media/data/omar/programming course/DEPI/DEPI project/anomx/venv/lib/python3.12/site-packages/airflow/example_dags/example_python_decorator.py
[2026-06-22T10:46:50.437+0300] {logging_mixin.py:188} INFO - [2026-06-22T10:46:50.436+0300] {dag.py:3096} INFO - Sync 1 DAGs
[2026-06-22T10:46:50.445+0300] {logging_mixin.py:188} INFO - [2026-06-22T10:46:50.445+0300] {dag.py:3954} INFO - Setting next_dagrun for example_python_decorator to None, run_after=None
[2026-06-22T10:46:50.470+0300] {processor.py:183} INFO - Processing /media/data/omar/programming course/DEPI/DEPI project/anomx/venv/lib/python3.12/site-packages/airflow/example_dags/example_python_decorator.py took 0.092 seconds
[2026-06-22T10:47:44.227+0300] {processor.py:161} INFO - Started process (PID=58111) to work on /media/data/omar/programming course/DEPI/DEPI project/anomx/venv/lib/python3.12/site-packages/airflow/example_dags/example_python_decorator.py
[2026-06-22T10:47:44.228+0300] {processor.py:830} INFO - Processing file /media/data/omar/programming course/DEPI/DEPI project/anomx/venv/lib/python3.12/site-packages/airflow/example_dags/example_python_decorator.py for tasks to queue
[2026-06-22T10:47:44.229+0300] {logging_mixin.py:188} INFO - [2026-06-22T10:47:44.228+0300] {dagbag.py:540} INFO - Filling up the DagBag from /media/data/omar/programming course/DEPI/DEPI project/anomx/venv/lib/python3.12/site-packages/airflow/example_dags/example_python_decorator.py
[2026-06-22T10:47:44.245+0300] {processor.py:840} INFO - DAG(s) 'example_python_decorator' retrieved from /media/data/omar/programming course/DEPI/DEPI project/anomx/venv/lib/python3.12/site-packages/airflow/example_dags/example_python_decorator.py
[2026-06-22T10:47:44.262+0300] {logging_mixin.py:188} INFO - [2026-06-22T10:47:44.261+0300] {dag.py:3096} INFO - Sync 1 DAGs
[2026-06-22T10:47:44.270+0300] {logging_mixin.py:188} INFO - [2026-06-22T10:47:44.270+0300] {dag.py:3954} INFO - Setting next_dagrun for example_python_decorator to None, run_after=None
[2026-06-22T10:47:44.297+0300] {processor.py:183} INFO - Processing /media/data/omar/programming course/DEPI/DEPI project/anomx/venv/lib/python3.12/site-packages/airflow/example_dags/example_python_decorator.py took 0.077 seconds
[2026-06-22T10:48:34.921+0300] {processor.py:161} INFO - Started process (PID=58190) to work on /media/data/omar/programming course/DEPI/DEPI project/anomx/venv/lib/python3.12/site-packages/airflow/example_dags/example_python_decorator.py
[2026-06-22T10:48:34.922+0300] {processor.py:830} INFO - Processing file /media/data/omar/programming course/DEPI/DEPI project/anomx/venv/lib/python3.12/site-packages/airflow/example_dags/example_python_decorator.py for tasks to queue
[2026-06-22T10:48:34.923+0300] {logging_mixin.py:188} INFO - [2026-06-22T10:48:34.922+0300] {dagbag.py:540} INFO - Filling up the DagBag from /media/data/omar/programming course/DEPI/DEPI project/anomx/venv/lib/python3.12/site-packages/airflow/example_dags/example_python_decorator.py
[2026-06-22T10:48:34.936+0300] {processor.py:840} INFO - DAG(s) 'example_python_decorator' retrieved from /media/data/omar/programming course/DEPI/DEPI project/anomx/venv/lib/python3.12/site-packages/airflow/example_dags/example_python_decorator.py
[2026-06-22T10:48:34.952+0300] {logging_mixin.py:188} INFO - [2026-06-22T10:48:34.952+0300] {dag.py:3096} INFO - Sync 1 DAGs
[2026-06-22T10:48:34.961+0300] {logging_mixin.py:188} INFO - [2026-06-22T10:48:34.960+0300] {dag.py:3954} INFO - Setting next_dagrun for example_python_decorator to None, run_after=None
[2026-06-22T10:48:34.986+0300] {processor.py:183} INFO - Processing /media/data/omar/programming course/DEPI/DEPI project/anomx/venv/lib/python3.12/site-packages/airflow/example_dags/example_python_decorator.py took 0.071 seconds
[2026-06-22T10:49:23.230+0300] {processor.py:161} INFO - Started process (PID=58273) to work on /media/data/omar/programming course/DEPI/DEPI project/anomx/venv/lib/python3.12/site-packages/airflow/example_dags/example_python_decorator.py
[2026-06-22T10:49:23.233+0300] {processor.py:830} INFO - Processing file /media/data/omar/programming course/DEPI/DEPI project/anomx/venv/lib/python3.12/site-packages/airflow/example_dags/example_python_decorator.py for tasks to queue
[2026-06-22T10:49:23.235+0300] {logging_mixin.py:188} INFO - [2026-06-22T10:49:23.234+0300] {dagbag.py:540} INFO - Filling up the DagBag from /media/data/omar/programming course/DEPI/DEPI project/anomx/venv/lib/python3.12/site-packages/airflow/example_dags/example_python_decorator.py
[2026-06-22T10:49:23.255+0300] {processor.py:840} INFO - DAG(s) 'example_python_decorator' retrieved from /media/data/omar/programming course/DEPI/DEPI project/anomx/venv/lib/python3.12/site-packages/airflow/example_dags/example_python_decorator.py
[2026-06-22T10:49:23.271+0300] {logging_mixin.py:188} INFO - [2026-06-22T10:49:23.271+0300] {dag.py:3096} INFO - Sync 1 DAGs
[2026-06-22T10:49:23.279+0300] {logging_mixin.py:188} INFO - [2026-06-22T10:49:23.279+0300] {dag.py:3954} INFO - Setting next_dagrun for example_python_decorator to None, run_after=None
[2026-06-22T10:49:23.304+0300] {processor.py:183} INFO - Processing /media/data/omar/programming course/DEPI/DEPI project/anomx/venv/lib/python3.12/site-packages/airflow/example_dags/example_python_decorator.py took 0.093 seconds
[2026-06-22T10:50:17.027+0300] {processor.py:161} INFO - Started process (PID=58459) to work on /media/data/omar/programming course/DEPI/DEPI project/anomx/venv/lib/python3.12/site-packages/airflow/example_dags/example_python_decorator.py
[2026-06-22T10:50:17.028+0300] {processor.py:830} INFO - Processing file /media/data/omar/programming course/DEPI/DEPI project/anomx/venv/lib/python3.12/site-packages/airflow/example_dags/example_python_decorator.py for tasks to queue
[2026-06-22T10:50:17.029+0300] {logging_mixin.py:188} INFO - [2026-06-22T10:50:17.029+0300] {dagbag.py:540} INFO - Filling up the DagBag from /media/data/omar/programming course/DEPI/DEPI project/anomx/venv/lib/python3.12/site-packages/airflow/example_dags/example_python_decorator.py
[2026-06-22T10:50:17.051+0300] {processor.py:840} INFO - DAG(s) 'example_python_decorator' retrieved from /media/data/omar/programming course/DEPI/DEPI project/anomx/venv/lib/python3.12/site-packages/airflow/example_dags/example_python_decorator.py
[2026-06-22T10:50:17.074+0300] {logging_mixin.py:188} INFO - [2026-06-22T10:50:17.073+0300] {dag.py:3096} INFO - Sync 1 DAGs
[2026-06-22T10:50:17.084+0300] {logging_mixin.py:188} INFO - [2026-06-22T10:50:17.083+0300] {dag.py:3954} INFO - Setting next_dagrun for example_python_decorator to None, run_after=None
[2026-06-22T10:50:17.117+0300] {processor.py:183} INFO - Processing /media/data/omar/programming course/DEPI/DEPI project/anomx/venv/lib/python3.12/site-packages/airflow/example_dags/example_python_decorator.py took 0.099 seconds
[2026-06-22T10:51:14.622+0300] {processor.py:161} INFO - Started process (PID=58590) to work on /media/data/omar/programming course/DEPI/DEPI project/anomx/venv/lib/python3.12/site-packages/airflow/example_dags/example_python_decorator.py
[2026-06-22T10:51:14.623+0300] {processor.py:830} INFO - Processing file /media/data/omar/programming course/DEPI/DEPI project/anomx/venv/lib/python3.12/site-packages/airflow/example_dags/example_python_decorator.py for tasks to queue
[2026-06-22T10:51:14.625+0300] {logging_mixin.py:188} INFO - [2026-06-22T10:51:14.624+0300] {dagbag.py:540} INFO - Filling up the DagBag from /media/data/omar/programming course/DEPI/DEPI project/anomx/venv/lib/python3.12/site-packages/airflow/example_dags/example_python_decorator.py
[2026-06-22T10:51:14.643+0300] {processor.py:840} INFO - DAG(s) 'example_python_decorator' retrieved from /media/data/omar/programming course/DEPI/DEPI project/anomx/venv/lib/python3.12/site-packages/airflow/example_dags/example_python_decorator.py
[2026-06-22T10:51:14.671+0300] {logging_mixin.py:188} INFO - [2026-06-22T10:51:14.670+0300] {dag.py:3096} INFO - Sync 1 DAGs
[2026-06-22T10:51:14.684+0300] {logging_mixin.py:188} INFO - [2026-06-22T10:51:14.683+0300] {dag.py:3954} INFO - Setting next_dagrun for example_python_decorator to None, run_after=None
[2026-06-22T10:51:14.756+0300] {processor.py:183} INFO - Processing /media/data/omar/programming course/DEPI/DEPI project/anomx/venv/lib/python3.12/site-packages/airflow/example_dags/example_python_decorator.py took 0.142 seconds
[2026-06-22T10:52:13.242+0300] {processor.py:161} INFO - Started process (PID=58737) to work on /media/data/omar/programming course/DEPI/DEPI project/anomx/venv/lib/python3.12/site-packages/airflow/example_dags/example_python_decorator.py
[2026-06-22T10:52:13.243+0300] {processor.py:830} INFO - Processing file /media/data/omar/programming course/DEPI/DEPI project/anomx/venv/lib/python3.12/site-packages/airflow/example_dags/example_python_decorator.py for tasks to queue
[2026-06-22T10:52:13.244+0300] {logging_mixin.py:188} INFO - [2026-06-22T10:52:13.243+0300] {dagbag.py:540} INFO - Filling up the DagBag from /media/data/omar/programming course/DEPI/DEPI project/anomx/venv/lib/python3.12/site-packages/airflow/example_dags/example_python_decorator.py
[2026-06-22T10:52:13.259+0300] {processor.py:840} INFO - DAG(s) 'example_python_decorator' retrieved from /media/data/omar/programming course/DEPI/DEPI project/anomx/venv/lib/python3.12/site-packages/airflow/example_dags/example_python_decorator.py
[2026-06-22T10:52:13.277+0300] {logging_mixin.py:188} INFO - [2026-06-22T10:52:13.277+0300] {dag.py:3096} INFO - Sync 1 DAGs
[2026-06-22T10:52:13.287+0300] {logging_mixin.py:188} INFO - [2026-06-22T10:52:13.286+0300] {dag.py:3954} INFO - Setting next_dagrun for example_python_decorator to None, run_after=None
[2026-06-22T10:52:13.316+0300] {processor.py:183} INFO - Processing /media/data/omar/programming course/DEPI/DEPI project/anomx/venv/lib/python3.12/site-packages/airflow/example_dags/example_python_decorator.py took 0.080 seconds
[2026-06-22T10:53:09.446+0300] {processor.py:161} INFO - Started process (PID=58878) to work on /media/data/omar/programming course/DEPI/DEPI project/anomx/venv/lib/python3.12/site-packages/airflow/example_dags/example_python_decorator.py
[2026-06-22T10:53:09.447+0300] {processor.py:830} INFO - Processing file /media/data/omar/programming course/DEPI/DEPI project/anomx/venv/lib/python3.12/site-packages/airflow/example_dags/example_python_decorator.py for tasks to queue
[2026-06-22T10:53:09.448+0300] {logging_mixin.py:188} INFO - [2026-06-22T10:53:09.448+0300] {dagbag.py:540} INFO - Filling up the DagBag from /media/data/omar/programming course/DEPI/DEPI project/anomx/venv/lib/python3.12/site-packages/airflow/example_dags/example_python_decorator.py
[2026-06-22T10:53:09.467+0300] {processor.py:840} INFO - DAG(s) 'example_python_decorator' retrieved from /media/data/omar/programming course/DEPI/DEPI project/anomx/venv/lib/python3.12/site-packages/airflow/example_dags/example_python_decorator.py
[2026-06-22T10:53:09.489+0300] {logging_mixin.py:188} INFO - [2026-06-22T10:53:09.488+0300] {dag.py:3096} INFO - Sync 1 DAGs
[2026-06-22T10:53:09.501+0300] {logging_mixin.py:188} INFO - [2026-06-22T10:53:09.501+0300] {dag.py:3954} INFO - Setting next_dagrun for example_python_decorator to None, run_after=None
[2026-06-22T10:53:09.547+0300] {processor.py:183} INFO - Processing /media/data/omar/programming course/DEPI/DEPI project/anomx/venv/lib/python3.12/site-packages/airflow/example_dags/example_python_decorator.py took 0.109 seconds
[2026-06-22T10:54:07.154+0300] {processor.py:161} INFO - Started process (PID=59079) to work on /media/data/omar/programming course/DEPI/DEPI project/anomx/venv/lib/python3.12/site-packages/airflow/example_dags/example_python_decorator.py
[2026-06-22T10:54:07.163+0300] {processor.py:830} INFO - Processing file /media/data/omar/programming course/DEPI/DEPI project/anomx/venv/lib/python3.12/site-packages/airflow/example_dags/example_python_decorator.py for tasks to queue
[2026-06-22T10:54:07.172+0300] {logging_mixin.py:188} INFO - [2026-06-22T10:54:07.170+0300] {dagbag.py:540} INFO - Filling up the DagBag from /media/data/omar/programming course/DEPI/DEPI project/anomx/venv/lib/python3.12/site-packages/airflow/example_dags/example_python_decorator.py
[2026-06-22T10:54:07.204+0300] {processor.py:840} INFO - DAG(s) 'example_python_decorator' retrieved from /media/data/omar/programming course/DEPI/DEPI project/anomx/venv/lib/python3.12/site-packages/airflow/example_dags/example_python_decorator.py
[2026-06-22T10:54:07.234+0300] {logging_mixin.py:188} INFO - [2026-06-22T10:54:07.233+0300] {dag.py:3096} INFO - Sync 1 DAGs
[2026-06-22T10:54:07.248+0300] {logging_mixin.py:188} INFO - [2026-06-22T10:54:07.248+0300] {dag.py:3954} INFO - Setting next_dagrun for example_python_decorator to None, run_after=None
[2026-06-22T10:54:07.288+0300] {processor.py:183} INFO - Processing /media/data/omar/programming course/DEPI/DEPI project/anomx/venv/lib/python3.12/site-packages/airflow/example_dags/example_python_decorator.py took 0.150 seconds
[2026-06-22T10:55:01.006+0300] {processor.py:161} INFO - Started process (PID=59268) to work on /media/data/omar/programming course/DEPI/DEPI project/anomx/venv/lib/python3.12/site-packages/airflow/example_dags/example_python_decorator.py
[2026-06-22T10:55:01.006+0300] {processor.py:830} INFO - Processing file /media/data/omar/programming course/DEPI/DEPI project/anomx/venv/lib/python3.12/site-packages/airflow/example_dags/example_python_decorator.py for tasks to queue
[2026-06-22T10:55:01.012+0300] {logging_mixin.py:188} INFO - [2026-06-22T10:55:01.011+0300] {dagbag.py:540} INFO - Filling up the DagBag from /media/data/omar/programming course/DEPI/DEPI project/anomx/venv/lib/python3.12/site-packages/airflow/example_dags/example_python_decorator.py
[2026-06-22T10:55:01.047+0300] {processor.py:840} INFO - DAG(s) 'example_python_decorator' retrieved from /media/data/omar/programming course/DEPI/DEPI project/anomx/venv/lib/python3.12/site-packages/airflow/example_dags/example_python_decorator.py
[2026-06-22T10:55:01.078+0300] {logging_mixin.py:188} INFO - [2026-06-22T10:55:01.072+0300] {dag.py:3096} INFO - Sync 1 DAGs
[2026-06-22T10:55:01.101+0300] {logging_mixin.py:188} INFO - [2026-06-22T10:55:01.100+0300] {dag.py:3954} INFO - Setting next_dagrun for example_python_decorator to None, run_after=None
[2026-06-22T10:55:01.144+0300] {processor.py:183} INFO - Processing /media/data/omar/programming course/DEPI/DEPI project/anomx/venv/lib/python3.12/site-packages/airflow/example_dags/example_python_decorator.py took 0.145 seconds
[2026-06-22T10:55:54.117+0300] {processor.py:161} INFO - Started process (PID=59379) to work on /media/data/omar/programming course/DEPI/DEPI project/anomx/venv/lib/python3.12/site-packages/airflow/example_dags/example_python_decorator.py
[2026-06-22T10:55:54.118+0300] {processor.py:830} INFO - Processing file /media/data/omar/programming course/DEPI/DEPI project/anomx/venv/lib/python3.12/site-packages/airflow/example_dags/example_python_decorator.py for tasks to queue
[2026-06-22T10:55:54.120+0300] {logging_mixin.py:188} INFO - [2026-06-22T10:55:54.119+0300] {dagbag.py:540} INFO - Filling up the DagBag from /media/data/omar/programming course/DEPI/DEPI project/anomx/venv/lib/python3.12/site-packages/airflow/example_dags/example_python_decorator.py
[2026-06-22T10:55:54.139+0300] {processor.py:840} INFO - DAG(s) 'example_python_decorator' retrieved from /media/data/omar/programming course/DEPI/DEPI project/anomx/venv/lib/python3.12/site-packages/airflow/example_dags/example_python_decorator.py
[2026-06-22T10:55:54.158+0300] {logging_mixin.py:188} INFO - [2026-06-22T10:55:54.157+0300] {dag.py:3096} INFO - Sync 1 DAGs
[2026-06-22T10:55:54.168+0300] {logging_mixin.py:188} INFO - [2026-06-22T10:55:54.168+0300] {dag.py:3954} INFO - Setting next_dagrun for example_python_decorator to None, run_after=None
[2026-06-22T10:55:54.198+0300] {processor.py:183} INFO - Processing /media/data/omar/programming course/DEPI/DEPI project/anomx/venv/lib/python3.12/site-packages/airflow/example_dags/example_python_decorator.py took 0.090 seconds
[2026-06-22T10:56:52.271+0300] {processor.py:161} INFO - Started process (PID=59535) to work on /media/data/omar/programming course/DEPI/DEPI project/anomx/venv/lib/python3.12/site-packages/airflow/example_dags/example_python_decorator.py
[2026-06-22T10:56:52.273+0300] {processor.py:830} INFO - Processing file /media/data/omar/programming course/DEPI/DEPI project/anomx/venv/lib/python3.12/site-packages/airflow/example_dags/example_python_decorator.py for tasks to queue
[2026-06-22T10:56:52.274+0300] {logging_mixin.py:188} INFO - [2026-06-22T10:56:52.273+0300] {dagbag.py:540} INFO - Filling up the DagBag from /media/data/omar/programming course/DEPI/DEPI project/anomx/venv/lib/python3.12/site-packages/airflow/example_dags/example_python_decorator.py
[2026-06-22T10:56:52.288+0300] {processor.py:840} INFO - DAG(s) 'example_python_decorator' retrieved from /media/data/omar/programming course/DEPI/DEPI project/anomx/venv/lib/python3.12/site-packages/airflow/example_dags/example_python_decorator.py
[2026-06-22T10:56:52.307+0300] {logging_mixin.py:188} INFO - [2026-06-22T10:56:52.307+0300] {dag.py:3096} INFO - Sync 1 DAGs
[2026-06-22T10:56:52.318+0300] {logging_mixin.py:188} INFO - [2026-06-22T10:56:52.318+0300] {dag.py:3954} INFO - Setting next_dagrun for example_python_decorator to None, run_after=None
[2026-06-22T10:56:52.348+0300] {processor.py:183} INFO - Processing /media/data/omar/programming course/DEPI/DEPI project/anomx/venv/lib/python3.12/site-packages/airflow/example_dags/example_python_decorator.py took 0.085 seconds
[2026-06-22T10:57:47.512+0300] {processor.py:161} INFO - Started process (PID=59629) to work on /media/data/omar/programming course/DEPI/DEPI project/anomx/venv/lib/python3.12/site-packages/airflow/example_dags/example_python_decorator.py
[2026-06-22T10:57:47.514+0300] {processor.py:830} INFO - Processing file /media/data/omar/programming course/DEPI/DEPI project/anomx/venv/lib/python3.12/site-packages/airflow/example_dags/example_python_decorator.py for tasks to queue
[2026-06-22T10:57:47.515+0300] {logging_mixin.py:188} INFO - [2026-06-22T10:57:47.514+0300] {dagbag.py:540} INFO - Filling up the DagBag from /media/data/omar/programming course/DEPI/DEPI project/anomx/venv/lib/python3.12/site-packages/airflow/example_dags/example_python_decorator.py
[2026-06-22T10:57:47.531+0300] {processor.py:840} INFO - DAG(s) 'example_python_decorator' retrieved from /media/data/omar/programming course/DEPI/DEPI project/anomx/venv/lib/python3.12/site-packages/airflow/example_dags/example_python_decorator.py
[2026-06-22T10:57:47.547+0300] {logging_mixin.py:188} INFO - [2026-06-22T10:57:47.547+0300] {dag.py:3096} INFO - Sync 1 DAGs
[2026-06-22T10:57:47.555+0300] {logging_mixin.py:188} INFO - [2026-06-22T10:57:47.555+0300] {dag.py:3954} INFO - Setting next_dagrun for example_python_decorator to None, run_after=None
[2026-06-22T10:57:47.583+0300] {processor.py:183} INFO - Processing /media/data/omar/programming course/DEPI/DEPI project/anomx/venv/lib/python3.12/site-packages/airflow/example_dags/example_python_decorator.py took 0.084 seconds
[2026-06-22T10:58:47.538+0300] {processor.py:161} INFO - Started process (PID=59747) to work on /media/data/omar/programming course/DEPI/DEPI project/anomx/venv/lib/python3.12/site-packages/airflow/example_dags/example_python_decorator.py
[2026-06-22T10:58:47.540+0300] {processor.py:830} INFO - Processing file /media/data/omar/programming course/DEPI/DEPI project/anomx/venv/lib/python3.12/site-packages/airflow/example_dags/example_python_decorator.py for tasks to queue
[2026-06-22T10:58:47.542+0300] {logging_mixin.py:188} INFO - [2026-06-22T10:58:47.541+0300] {dagbag.py:540} INFO - Filling up the DagBag from /media/data/omar/programming course/DEPI/DEPI project/anomx/venv/lib/python3.12/site-packages/airflow/example_dags/example_python_decorator.py
[2026-06-22T10:58:47.559+0300] {processor.py:840} INFO - DAG(s) 'example_python_decorator' retrieved from /media/data/omar/programming course/DEPI/DEPI project/anomx/venv/lib/python3.12/site-packages/airflow/example_dags/example_python_decorator.py
[2026-06-22T10:58:47.577+0300] {logging_mixin.py:188} INFO - [2026-06-22T10:58:47.577+0300] {dag.py:3096} INFO - Sync 1 DAGs
[2026-06-22T10:58:47.587+0300] {logging_mixin.py:188} INFO - [2026-06-22T10:58:47.587+0300] {dag.py:3954} INFO - Setting next_dagrun for example_python_decorator to None, run_after=None
[2026-06-22T10:58:47.618+0300] {processor.py:183} INFO - Processing /media/data/omar/programming course/DEPI/DEPI project/anomx/venv/lib/python3.12/site-packages/airflow/example_dags/example_python_decorator.py took 0.096 seconds
[2026-06-22T10:59:42.346+0300] {processor.py:161} INFO - Started process (PID=59844) to work on /media/data/omar/programming course/DEPI/DEPI project/anomx/venv/lib/python3.12/site-packages/airflow/example_dags/example_python_decorator.py
[2026-06-22T10:59:42.347+0300] {processor.py:830} INFO - Processing file /media/data/omar/programming course/DEPI/DEPI project/anomx/venv/lib/python3.12/site-packages/airflow/example_dags/example_python_decorator.py for tasks to queue
[2026-06-22T10:59:42.349+0300] {logging_mixin.py:188} INFO - [2026-06-22T10:59:42.348+0300] {dagbag.py:540} INFO - Filling up the DagBag from /media/data/omar/programming course/DEPI/DEPI project/anomx/venv/lib/python3.12/site-packages/airflow/example_dags/example_python_decorator.py
[2026-06-22T10:59:42.364+0300] {processor.py:840} INFO - DAG(s) 'example_python_decorator' retrieved from /media/data/omar/programming course/DEPI/DEPI project/anomx/venv/lib/python3.12/site-packages/airflow/example_dags/example_python_decorator.py
[2026-06-22T10:59:42.384+0300] {logging_mixin.py:188} INFO - [2026-06-22T10:59:42.383+0300] {dag.py:3096} INFO - Sync 1 DAGs
[2026-06-22T10:59:42.394+0300] {logging_mixin.py:188} INFO - [2026-06-22T10:59:42.393+0300] {dag.py:3954} INFO - Setting next_dagrun for example_python_decorator to None, run_after=None
[2026-06-22T10:59:42.423+0300] {processor.py:183} INFO - Processing /media/data/omar/programming course/DEPI/DEPI project/anomx/venv/lib/python3.12/site-packages/airflow/example_dags/example_python_decorator.py took 0.085 seconds
[2026-06-22T11:00:34.345+0300] {processor.py:161} INFO - Started process (PID=59926) to work on /media/data/omar/programming course/DEPI/DEPI project/anomx/venv/lib/python3.12/site-packages/airflow/example_dags/example_python_decorator.py
[2026-06-22T11:00:34.346+0300] {processor.py:830} INFO - Processing file /media/data/omar/programming course/DEPI/DEPI project/anomx/venv/lib/python3.12/site-packages/airflow/example_dags/example_python_decorator.py for tasks to queue
[2026-06-22T11:00:34.347+0300] {logging_mixin.py:188} INFO - [2026-06-22T11:00:34.347+0300] {dagbag.py:540} INFO - Filling up the DagBag from /media/data/omar/programming course/DEPI/DEPI project/anomx/venv/lib/python3.12/site-packages/airflow/example_dags/example_python_decorator.py
[2026-06-22T11:00:34.363+0300] {processor.py:840} INFO - DAG(s) 'example_python_decorator' retrieved from /media/data/omar/programming course/DEPI/DEPI project/anomx/venv/lib/python3.12/site-packages/airflow/example_dags/example_python_decorator.py
[2026-06-22T11:00:34.383+0300] {logging_mixin.py:188} INFO - [2026-06-22T11:00:34.382+0300] {dag.py:3096} INFO - Sync 1 DAGs
[2026-06-22T11:00:34.394+0300] {logging_mixin.py:188} INFO - [2026-06-22T11:00:34.393+0300] {dag.py:3954} INFO - Setting next_dagrun for example_python_decorator to None, run_after=None
[2026-06-22T11:00:34.425+0300] {processor.py:183} INFO - Processing /media/data/omar/programming course/DEPI/DEPI project/anomx/venv/lib/python3.12/site-packages/airflow/example_dags/example_python_decorator.py took 0.086 seconds
[2026-06-22T11:01:30.766+0300] {processor.py:161} INFO - Started process (PID=60022) to work on /media/data/omar/programming course/DEPI/DEPI project/anomx/venv/lib/python3.12/site-packages/airflow/example_dags/example_python_decorator.py
[2026-06-22T11:01:30.768+0300] {processor.py:830} INFO - Processing file /media/data/omar/programming course/DEPI/DEPI project/anomx/venv/lib/python3.12/site-packages/airflow/example_dags/example_python_decorator.py for tasks to queue
[2026-06-22T11:01:30.769+0300] {logging_mixin.py:188} INFO - [2026-06-22T11:01:30.769+0300] {dagbag.py:540} INFO - Filling up the DagBag from /media/data/omar/programming course/DEPI/DEPI project/anomx/venv/lib/python3.12/site-packages/airflow/example_dags/example_python_decorator.py
[2026-06-22T11:01:30.788+0300] {processor.py:840} INFO - DAG(s) 'example_python_decorator' retrieved from /media/data/omar/programming course/DEPI/DEPI project/anomx/venv/lib/python3.12/site-packages/airflow/example_dags/example_python_decorator.py
[2026-06-22T11:01:30.815+0300] {logging_mixin.py:188} INFO - [2026-06-22T11:01:30.814+0300] {dag.py:3096} INFO - Sync 1 DAGs
[2026-06-22T11:01:30.825+0300] {logging_mixin.py:188} INFO - [2026-06-22T11:01:30.825+0300] {dag.py:3954} INFO - Setting next_dagrun for example_python_decorator to None, run_after=None
[2026-06-22T11:01:30.856+0300] {processor.py:183} INFO - Processing /media/data/omar/programming course/DEPI/DEPI project/anomx/venv/lib/python3.12/site-packages/airflow/example_dags/example_python_decorator.py took 0.098 seconds
[2026-06-22T11:02:29.345+0300] {processor.py:161} INFO - Started process (PID=60131) to work on /media/data/omar/programming course/DEPI/DEPI project/anomx/venv/lib/python3.12/site-packages/airflow/example_dags/example_python_decorator.py
[2026-06-22T11:02:29.346+0300] {processor.py:830} INFO - Processing file /media/data/omar/programming course/DEPI/DEPI project/anomx/venv/lib/python3.12/site-packages/airflow/example_dags/example_python_decorator.py for tasks to queue
[2026-06-22T11:02:29.347+0300] {logging_mixin.py:188} INFO - [2026-06-22T11:02:29.347+0300] {dagbag.py:540} INFO - Filling up the DagBag from /media/data/omar/programming course/DEPI/DEPI project/anomx/venv/lib/python3.12/site-packages/airflow/example_dags/example_python_decorator.py
[2026-06-22T11:02:29.361+0300] {processor.py:840} INFO - DAG(s) 'example_python_decorator' retrieved from /media/data/omar/programming course/DEPI/DEPI project/anomx/venv/lib/python3.12/site-packages/airflow/example_dags/example_python_decorator.py
[2026-06-22T11:02:29.381+0300] {logging_mixin.py:188} INFO - [2026-06-22T11:02:29.381+0300] {dag.py:3096} INFO - Sync 1 DAGs
[2026-06-22T11:02:29.392+0300] {logging_mixin.py:188} INFO - [2026-06-22T11:02:29.392+0300] {dag.py:3954} INFO - Setting next_dagrun for example_python_decorator to None, run_after=None
[2026-06-22T11:02:29.424+0300] {processor.py:183} INFO - Processing /media/data/omar/programming course/DEPI/DEPI project/anomx/venv/lib/python3.12/site-packages/airflow/example_dags/example_python_decorator.py took 0.084 seconds
[2026-06-22T11:13:41.044+0300] {processor.py:161} INFO - Started process (PID=61081) to work on /media/data/omar/programming course/DEPI/DEPI project/anomx/venv/lib/python3.12/site-packages/airflow/example_dags/example_python_decorator.py
[2026-06-22T11:13:41.046+0300] {processor.py:830} INFO - Processing file /media/data/omar/programming course/DEPI/DEPI project/anomx/venv/lib/python3.12/site-packages/airflow/example_dags/example_python_decorator.py for tasks to queue
[2026-06-22T11:13:41.048+0300] {logging_mixin.py:188} INFO - [2026-06-22T11:13:41.048+0300] {dagbag.py:540} INFO - Filling up the DagBag from /media/data/omar/programming course/DEPI/DEPI project/anomx/venv/lib/python3.12/site-packages/airflow/example_dags/example_python_decorator.py
[2026-06-22T11:13:41.066+0300] {processor.py:840} INFO - DAG(s) 'example_python_decorator' retrieved from /media/data/omar/programming course/DEPI/DEPI project/anomx/venv/lib/python3.12/site-packages/airflow/example_dags/example_python_decorator.py
[2026-06-22T11:13:41.254+0300] {logging_mixin.py:188} INFO - [2026-06-22T11:13:41.254+0300] {dag.py:3096} INFO - Sync 1 DAGs
[2026-06-22T11:13:41.263+0300] {logging_mixin.py:188} INFO - [2026-06-22T11:13:41.262+0300] {dag.py:3954} INFO - Setting next_dagrun for example_python_decorator to None, run_after=None
[2026-06-22T11:13:41.294+0300] {processor.py:183} INFO - Processing /media/data/omar/programming course/DEPI/DEPI project/anomx/venv/lib/python3.12/site-packages/airflow/example_dags/example_python_decorator.py took 0.262 seconds
[2026-06-22T11:14:39.112+0300] {processor.py:161} INFO - Started process (PID=61163) to work on /media/data/omar/programming course/DEPI/DEPI project/anomx/venv/lib/python3.12/site-packages/airflow/example_dags/example_python_decorator.py
[2026-06-22T11:14:39.113+0300] {processor.py:830} INFO - Processing file /media/data/omar/programming course/DEPI/DEPI project/anomx/venv/lib/python3.12/site-packages/airflow/example_dags/example_python_decorator.py for tasks to queue
[2026-06-22T11:14:39.115+0300] {logging_mixin.py:188} INFO - [2026-06-22T11:14:39.114+0300] {dagbag.py:540} INFO - Filling up the DagBag from /media/data/omar/programming course/DEPI/DEPI project/anomx/venv/lib/python3.12/site-packages/airflow/example_dags/example_python_decorator.py
[2026-06-22T11:14:39.129+0300] {processor.py:840} INFO - DAG(s) 'example_python_decorator' retrieved from /media/data/omar/programming course/DEPI/DEPI project/anomx/venv/lib/python3.12/site-packages/airflow/example_dags/example_python_decorator.py
[2026-06-22T11:14:39.150+0300] {logging_mixin.py:188} INFO - [2026-06-22T11:14:39.150+0300] {dag.py:3096} INFO - Sync 1 DAGs
[2026-06-22T11:14:39.162+0300] {logging_mixin.py:188} INFO - [2026-06-22T11:14:39.161+0300] {dag.py:3954} INFO - Setting next_dagrun for example_python_decorator to None, run_after=None
[2026-06-22T11:14:39.195+0300] {processor.py:183} INFO - Processing /media/data/omar/programming course/DEPI/DEPI project/anomx/venv/lib/python3.12/site-packages/airflow/example_dags/example_python_decorator.py took 0.088 seconds
[2026-06-22T11:15:34.680+0300] {processor.py:161} INFO - Started process (PID=61255) to work on /media/data/omar/programming course/DEPI/DEPI project/anomx/venv/lib/python3.12/site-packages/airflow/example_dags/example_python_decorator.py
[2026-06-22T11:15:34.681+0300] {processor.py:830} INFO - Processing file /media/data/omar/programming course/DEPI/DEPI project/anomx/venv/lib/python3.12/site-packages/airflow/example_dags/example_python_decorator.py for tasks to queue
[2026-06-22T11:15:34.684+0300] {logging_mixin.py:188} INFO - [2026-06-22T11:15:34.683+0300] {dagbag.py:540} INFO - Filling up the DagBag from /media/data/omar/programming course/DEPI/DEPI project/anomx/venv/lib/python3.12/site-packages/airflow/example_dags/example_python_decorator.py
[2026-06-22T11:15:34.703+0300] {processor.py:840} INFO - DAG(s) 'example_python_decorator' retrieved from /media/data/omar/programming course/DEPI/DEPI project/anomx/venv/lib/python3.12/site-packages/airflow/example_dags/example_python_decorator.py
[2026-06-22T11:15:34.721+0300] {logging_mixin.py:188} INFO - [2026-06-22T11:15:34.720+0300] {dag.py:3096} INFO - Sync 1 DAGs
[2026-06-22T11:15:34.730+0300] {logging_mixin.py:188} INFO - [2026-06-22T11:15:34.729+0300] {dag.py:3954} INFO - Setting next_dagrun for example_python_decorator to None, run_after=None
[2026-06-22T11:15:34.758+0300] {processor.py:183} INFO - Processing /media/data/omar/programming course/DEPI/DEPI project/anomx/venv/lib/python3.12/site-packages/airflow/example_dags/example_python_decorator.py took 0.086 seconds
[2026-06-22T11:16:32.858+0300] {processor.py:161} INFO - Started process (PID=61366) to work on /media/data/omar/programming course/DEPI/DEPI project/anomx/venv/lib/python3.12/site-packages/airflow/example_dags/example_python_decorator.py
[2026-06-22T11:16:32.860+0300] {processor.py:830} INFO - Processing file /media/data/omar/programming course/DEPI/DEPI project/anomx/venv/lib/python3.12/site-packages/airflow/example_dags/example_python_decorator.py for tasks to queue
[2026-06-22T11:16:32.862+0300] {logging_mixin.py:188} INFO - [2026-06-22T11:16:32.861+0300] {dagbag.py:540} INFO - Filling up the DagBag from /media/data/omar/programming course/DEPI/DEPI project/anomx/venv/lib/python3.12/site-packages/airflow/example_dags/example_python_decorator.py
[2026-06-22T11:16:32.878+0300] {processor.py:840} INFO - DAG(s) 'example_python_decorator' retrieved from /media/data/omar/programming course/DEPI/DEPI project/anomx/venv/lib/python3.12/site-packages/airflow/example_dags/example_python_decorator.py
[2026-06-22T11:16:32.899+0300] {logging_mixin.py:188} INFO - [2026-06-22T11:16:32.899+0300] {dag.py:3096} INFO - Sync 1 DAGs
[2026-06-22T11:16:32.911+0300] {logging_mixin.py:188} INFO - [2026-06-22T11:16:32.911+0300] {dag.py:3954} INFO - Setting next_dagrun for example_python_decorator to None, run_after=None
[2026-06-22T11:16:32.948+0300] {processor.py:183} INFO - Processing /media/data/omar/programming course/DEPI/DEPI project/anomx/venv/lib/python3.12/site-packages/airflow/example_dags/example_python_decorator.py took 0.098 seconds
[2026-06-22T11:17:30.549+0300] {processor.py:161} INFO - Started process (PID=61470) to work on /media/data/omar/programming course/DEPI/DEPI project/anomx/venv/lib/python3.12/site-packages/airflow/example_dags/example_python_decorator.py
[2026-06-22T11:17:30.550+0300] {processor.py:830} INFO - Processing file /media/data/omar/programming course/DEPI/DEPI project/anomx/venv/lib/python3.12/site-packages/airflow/example_dags/example_python_decorator.py for tasks to queue
[2026-06-22T11:17:30.552+0300] {logging_mixin.py:188} INFO - [2026-06-22T11:17:30.551+0300] {dagbag.py:540} INFO - Filling up the DagBag from /media/data/omar/programming course/DEPI/DEPI project/anomx/venv/lib/python3.12/site-packages/airflow/example_dags/example_python_decorator.py
[2026-06-22T11:17:30.564+0300] {processor.py:840} INFO - DAG(s) 'example_python_decorator' retrieved from /media/data/omar/programming course/DEPI/DEPI project/anomx/venv/lib/python3.12/site-packages/airflow/example_dags/example_python_decorator.py
[2026-06-22T11:17:30.582+0300] {logging_mixin.py:188} INFO - [2026-06-22T11:17:30.581+0300] {dag.py:3096} INFO - Sync 1 DAGs
[2026-06-22T11:17:30.592+0300] {logging_mixin.py:188} INFO - [2026-06-22T11:17:30.591+0300] {dag.py:3954} INFO - Setting next_dagrun for example_python_decorator to None, run_after=None
[2026-06-22T11:17:30.621+0300] {processor.py:183} INFO - Processing /media/data/omar/programming course/DEPI/DEPI project/anomx/venv/lib/python3.12/site-packages/airflow/example_dags/example_python_decorator.py took 0.077 seconds
[2026-06-22T11:18:26.873+0300] {processor.py:161} INFO - Started process (PID=61557) to work on /media/data/omar/programming course/DEPI/DEPI project/anomx/venv/lib/python3.12/site-packages/airflow/example_dags/example_python_decorator.py
[2026-06-22T11:18:26.874+0300] {processor.py:830} INFO - Processing file /media/data/omar/programming course/DEPI/DEPI project/anomx/venv/lib/python3.12/site-packages/airflow/example_dags/example_python_decorator.py for tasks to queue
[2026-06-22T11:18:26.877+0300] {logging_mixin.py:188} INFO - [2026-06-22T11:18:26.876+0300] {dagbag.py:540} INFO - Filling up the DagBag from /media/data/omar/programming course/DEPI/DEPI project/anomx/venv/lib/python3.12/site-packages/airflow/example_dags/example_python_decorator.py
[2026-06-22T11:18:26.896+0300] {processor.py:840} INFO - DAG(s) 'example_python_decorator' retrieved from /media/data/omar/programming course/DEPI/DEPI project/anomx/venv/lib/python3.12/site-packages/airflow/example_dags/example_python_decorator.py
[2026-06-22T11:18:26.921+0300] {logging_mixin.py:188} INFO - [2026-06-22T11:18:26.921+0300] {dag.py:3096} INFO - Sync 1 DAGs
[2026-06-22T11:18:26.933+0300] {logging_mixin.py:188} INFO - [2026-06-22T11:18:26.932+0300] {dag.py:3954} INFO - Setting next_dagrun for example_python_decorator to None, run_after=None
[2026-06-22T11:18:26.985+0300] {processor.py:183} INFO - Processing /media/data/omar/programming course/DEPI/DEPI project/anomx/venv/lib/python3.12/site-packages/airflow/example_dags/example_python_decorator.py took 0.120 seconds
[2026-06-22T11:19:24.437+0300] {processor.py:161} INFO - Started process (PID=61652) to work on /media/data/omar/programming course/DEPI/DEPI project/anomx/venv/lib/python3.12/site-packages/airflow/example_dags/example_python_decorator.py
[2026-06-22T11:19:24.437+0300] {processor.py:830} INFO - Processing file /media/data/omar/programming course/DEPI/DEPI project/anomx/venv/lib/python3.12/site-packages/airflow/example_dags/example_python_decorator.py for tasks to queue
[2026-06-22T11:19:24.439+0300] {logging_mixin.py:188} INFO - [2026-06-22T11:19:24.439+0300] {dagbag.py:540} INFO - Filling up the DagBag from /media/data/omar/programming course/DEPI/DEPI project/anomx/venv/lib/python3.12/site-packages/airflow/example_dags/example_python_decorator.py
[2026-06-22T11:19:24.451+0300] {processor.py:840} INFO - DAG(s) 'example_python_decorator' retrieved from /media/data/omar/programming course/DEPI/DEPI project/anomx/venv/lib/python3.12/site-packages/airflow/example_dags/example_python_decorator.py
[2026-06-22T11:19:24.468+0300] {logging_mixin.py:188} INFO - [2026-06-22T11:19:24.468+0300] {dag.py:3096} INFO - Sync 1 DAGs
[2026-06-22T11:19:24.477+0300] {logging_mixin.py:188} INFO - [2026-06-22T11:19:24.477+0300] {dag.py:3954} INFO - Setting next_dagrun for example_python_decorator to None, run_after=None
[2026-06-22T11:19:24.506+0300] {processor.py:183} INFO - Processing /media/data/omar/programming course/DEPI/DEPI project/anomx/venv/lib/python3.12/site-packages/airflow/example_dags/example_python_decorator.py took 0.075 seconds
[2026-06-22T11:20:20.208+0300] {processor.py:161} INFO - Started process (PID=61757) to work on /media/data/omar/programming course/DEPI/DEPI project/anomx/venv/lib/python3.12/site-packages/airflow/example_dags/example_python_decorator.py
[2026-06-22T11:20:20.209+0300] {processor.py:830} INFO - Processing file /media/data/omar/programming course/DEPI/DEPI project/anomx/venv/lib/python3.12/site-packages/airflow/example_dags/example_python_decorator.py for tasks to queue
[2026-06-22T11:20:20.211+0300] {logging_mixin.py:188} INFO - [2026-06-22T11:20:20.211+0300] {dagbag.py:540} INFO - Filling up the DagBag from /media/data/omar/programming course/DEPI/DEPI project/anomx/venv/lib/python3.12/site-packages/airflow/example_dags/example_python_decorator.py
[2026-06-22T11:20:20.227+0300] {processor.py:840} INFO - DAG(s) 'example_python_decorator' retrieved from /media/data/omar/programming course/DEPI/DEPI project/anomx/venv/lib/python3.12/site-packages/airflow/example_dags/example_python_decorator.py
[2026-06-22T11:20:20.248+0300] {logging_mixin.py:188} INFO - [2026-06-22T11:20:20.247+0300] {dag.py:3096} INFO - Sync 1 DAGs
[2026-06-22T11:20:20.259+0300] {logging_mixin.py:188} INFO - [2026-06-22T11:20:20.258+0300] {dag.py:3954} INFO - Setting next_dagrun for example_python_decorator to None, run_after=None
[2026-06-22T11:20:20.291+0300] {processor.py:183} INFO - Processing /media/data/omar/programming course/DEPI/DEPI project/anomx/venv/lib/python3.12/site-packages/airflow/example_dags/example_python_decorator.py took 0.095 seconds
[2026-06-22T11:21:17.066+0300] {processor.py:161} INFO - Started process (PID=61844) to work on /media/data/omar/programming course/DEPI/DEPI project/anomx/venv/lib/python3.12/site-packages/airflow/example_dags/example_python_decorator.py
[2026-06-22T11:21:17.067+0300] {processor.py:830} INFO - Processing file /media/data/omar/programming course/DEPI/DEPI project/anomx/venv/lib/python3.12/site-packages/airflow/example_dags/example_python_decorator.py for tasks to queue
[2026-06-22T11:21:17.069+0300] {logging_mixin.py:188} INFO - [2026-06-22T11:21:17.068+0300] {dagbag.py:540} INFO - Filling up the DagBag from /media/data/omar/programming course/DEPI/DEPI project/anomx/venv/lib/python3.12/site-packages/airflow/example_dags/example_python_decorator.py
[2026-06-22T11:21:17.082+0300] {processor.py:840} INFO - DAG(s) 'example_python_decorator' retrieved from /media/data/omar/programming course/DEPI/DEPI project/anomx/venv/lib/python3.12/site-packages/airflow/example_dags/example_python_decorator.py
[2026-06-22T11:21:17.100+0300] {logging_mixin.py:188} INFO - [2026-06-22T11:21:17.099+0300] {dag.py:3096} INFO - Sync 1 DAGs
[2026-06-22T11:21:17.110+0300] {logging_mixin.py:188} INFO - [2026-06-22T11:21:17.110+0300] {dag.py:3954} INFO - Setting next_dagrun for example_python_decorator to None, run_after=None
[2026-06-22T11:21:17.143+0300] {processor.py:183} INFO - Processing /media/data/omar/programming course/DEPI/DEPI project/anomx/venv/lib/python3.12/site-packages/airflow/example_dags/example_python_decorator.py took 0.082 seconds
[2026-06-22T11:22:12.411+0300] {processor.py:161} INFO - Started process (PID=61930) to work on /media/data/omar/programming course/DEPI/DEPI project/anomx/venv/lib/python3.12/site-packages/airflow/example_dags/example_python_decorator.py
[2026-06-22T11:22:12.412+0300] {processor.py:830} INFO - Processing file /media/data/omar/programming course/DEPI/DEPI project/anomx/venv/lib/python3.12/site-packages/airflow/example_dags/example_python_decorator.py for tasks to queue
[2026-06-22T11:22:12.415+0300] {logging_mixin.py:188} INFO - [2026-06-22T11:22:12.414+0300] {dagbag.py:540} INFO - Filling up the DagBag from /media/data/omar/programming course/DEPI/DEPI project/anomx/venv/lib/python3.12/site-packages/airflow/example_dags/example_python_decorator.py
[2026-06-22T11:22:12.432+0300] {processor.py:840} INFO - DAG(s) 'example_python_decorator' retrieved from /media/data/omar/programming course/DEPI/DEPI project/anomx/venv/lib/python3.12/site-packages/airflow/example_dags/example_python_decorator.py
[2026-06-22T11:22:12.449+0300] {logging_mixin.py:188} INFO - [2026-06-22T11:22:12.449+0300] {dag.py:3096} INFO - Sync 1 DAGs
[2026-06-22T11:22:12.459+0300] {logging_mixin.py:188} INFO - [2026-06-22T11:22:12.459+0300] {dag.py:3954} INFO - Setting next_dagrun for example_python_decorator to None, run_after=None
[2026-06-22T11:22:12.488+0300] {processor.py:183} INFO - Processing /media/data/omar/programming course/DEPI/DEPI project/anomx/venv/lib/python3.12/site-packages/airflow/example_dags/example_python_decorator.py took 0.086 seconds
[2026-06-22T11:40:15.518+0300] {processor.py:161} INFO - Started process (PID=63464) to work on /media/data/omar/programming course/DEPI/DEPI project/anomx/venv/lib/python3.12/site-packages/airflow/example_dags/example_python_decorator.py
[2026-06-22T11:40:15.520+0300] {processor.py:830} INFO - Processing file /media/data/omar/programming course/DEPI/DEPI project/anomx/venv/lib/python3.12/site-packages/airflow/example_dags/example_python_decorator.py for tasks to queue
[2026-06-22T11:40:15.522+0300] {logging_mixin.py:188} INFO - [2026-06-22T11:40:15.521+0300] {dagbag.py:540} INFO - Filling up the DagBag from /media/data/omar/programming course/DEPI/DEPI project/anomx/venv/lib/python3.12/site-packages/airflow/example_dags/example_python_decorator.py
[2026-06-22T11:40:15.539+0300] {processor.py:840} INFO - DAG(s) 'example_python_decorator' retrieved from /media/data/omar/programming course/DEPI/DEPI project/anomx/venv/lib/python3.12/site-packages/airflow/example_dags/example_python_decorator.py
[2026-06-22T11:40:15.732+0300] {logging_mixin.py:188} INFO - [2026-06-22T11:40:15.731+0300] {dag.py:3096} INFO - Sync 1 DAGs
[2026-06-22T11:40:15.741+0300] {logging_mixin.py:188} INFO - [2026-06-22T11:40:15.741+0300] {dag.py:3118} INFO - Creating ORM DAG for example_python_decorator
[2026-06-22T11:40:15.742+0300] {logging_mixin.py:188} INFO - [2026-06-22T11:40:15.742+0300] {dag.py:3954} INFO - Setting next_dagrun for example_python_decorator to None, run_after=None
[2026-06-22T11:40:15.777+0300] {processor.py:183} INFO - Processing /media/data/omar/programming course/DEPI/DEPI project/anomx/venv/lib/python3.12/site-packages/airflow/example_dags/example_python_decorator.py took 0.269 seconds
