[2026-06-24T11:52:56.990+0300] {processor.py:161} INFO - Started process (PID=10856) to work on /media/data/omar/programming course/DEPI/DEPI project/anomx/venv/lib/python3.12/site-packages/airflow/example_dags/example_python_decorator.py
[2026-06-24T11:52:56.991+0300] {processor.py:830} INFO - Processing file /media/data/omar/programming course/DEPI/DEPI project/anomx/venv/lib/python3.12/site-packages/airflow/example_dags/example_python_decorator.py for tasks to queue
[2026-06-24T11:52:56.993+0300] {logging_mixin.py:188} INFO - [2026-06-24T11:52:56.993+0300] {dagbag.py:540} INFO - Filling up the DagBag from /media/data/omar/programming course/DEPI/DEPI project/anomx/venv/lib/python3.12/site-packages/airflow/example_dags/example_python_decorator.py
[2026-06-24T11:52:57.012+0300] {processor.py:840} INFO - DAG(s) 'example_python_decorator' retrieved from /media/data/omar/programming course/DEPI/DEPI project/anomx/venv/lib/python3.12/site-packages/airflow/example_dags/example_python_decorator.py
[2026-06-24T11:52:57.202+0300] {logging_mixin.py:188} INFO - [2026-06-24T11:52:57.202+0300] {dag.py:3096} INFO - Sync 1 DAGs
[2026-06-24T11:52:57.212+0300] {logging_mixin.py:188} INFO - [2026-06-24T11:52:57.212+0300] {dag.py:3118} INFO - Creating ORM DAG for example_python_decorator
[2026-06-24T11:52:57.213+0300] {logging_mixin.py:188} INFO - [2026-06-24T11:52:57.213+0300] {dag.py:3954} INFO - Setting next_dagrun for example_python_decorator to None, run_after=None
[2026-06-24T11:52:57.247+0300] {processor.py:183} INFO - Processing /media/data/omar/programming course/DEPI/DEPI project/anomx/venv/lib/python3.12/site-packages/airflow/example_dags/example_python_decorator.py took 0.265 seconds
[2026-06-24T11:54:31.898+0300] {processor.py:161} INFO - Started process (PID=12070) to work on /media/data/omar/programming course/DEPI/DEPI project/anomx/venv/lib/python3.12/site-packages/airflow/example_dags/example_python_decorator.py
[2026-06-24T11:54:31.899+0300] {processor.py:830} INFO - Processing file /media/data/omar/programming course/DEPI/DEPI project/anomx/venv/lib/python3.12/site-packages/airflow/example_dags/example_python_decorator.py for tasks to queue
[2026-06-24T11:54:31.901+0300] {logging_mixin.py:188} INFO - [2026-06-24T11:54:31.901+0300] {dagbag.py:540} INFO - Filling up the DagBag from /media/data/omar/programming course/DEPI/DEPI project/anomx/venv/lib/python3.12/site-packages/airflow/example_dags/example_python_decorator.py
[2026-06-24T11:54:31.925+0300] {processor.py:840} INFO - DAG(s) 'example_python_decorator' retrieved from /media/data/omar/programming course/DEPI/DEPI project/anomx/venv/lib/python3.12/site-packages/airflow/example_dags/example_python_decorator.py
[2026-06-24T11:54:31.960+0300] {logging_mixin.py:188} INFO - [2026-06-24T11:54:31.959+0300] {dag.py:3096} INFO - Sync 1 DAGs
[2026-06-24T11:54:31.977+0300] {logging_mixin.py:188} INFO - [2026-06-24T11:54:31.976+0300] {dag.py:3954} INFO - Setting next_dagrun for example_python_decorator to None, run_after=None
[2026-06-24T11:54:32.044+0300] {processor.py:183} INFO - Processing /media/data/omar/programming course/DEPI/DEPI project/anomx/venv/lib/python3.12/site-packages/airflow/example_dags/example_python_decorator.py took 0.153 seconds
[2026-06-24T11:55:52.867+0300] {processor.py:161} INFO - Started process (PID=12919) to work on /media/data/omar/programming course/DEPI/DEPI project/anomx/venv/lib/python3.12/site-packages/airflow/example_dags/example_python_decorator.py
[2026-06-24T11:55:52.868+0300] {processor.py:830} INFO - Processing file /media/data/omar/programming course/DEPI/DEPI project/anomx/venv/lib/python3.12/site-packages/airflow/example_dags/example_python_decorator.py for tasks to queue
[2026-06-24T11:55:52.870+0300] {logging_mixin.py:188} INFO - [2026-06-24T11:55:52.869+0300] {dagbag.py:540} INFO - Filling up the DagBag from /media/data/omar/programming course/DEPI/DEPI project/anomx/venv/lib/python3.12/site-packages/airflow/example_dags/example_python_decorator.py
[2026-06-24T11:55:52.884+0300] {processor.py:840} INFO - DAG(s) 'example_python_decorator' retrieved from /media/data/omar/programming course/DEPI/DEPI project/anomx/venv/lib/python3.12/site-packages/airflow/example_dags/example_python_decorator.py
[2026-06-24T11:55:52.901+0300] {logging_mixin.py:188} INFO - [2026-06-24T11:55:52.900+0300] {dag.py:3096} INFO - Sync 1 DAGs
[2026-06-24T11:55:52.913+0300] {logging_mixin.py:188} INFO - [2026-06-24T11:55:52.913+0300] {dag.py:3954} INFO - Setting next_dagrun for example_python_decorator to None, run_after=None
[2026-06-24T11:55:52.944+0300] {processor.py:183} INFO - Processing /media/data/omar/programming course/DEPI/DEPI project/anomx/venv/lib/python3.12/site-packages/airflow/example_dags/example_python_decorator.py took 0.083 seconds
[2026-06-24T11:56:45.516+0300] {processor.py:161} INFO - Started process (PID=13259) to work on /media/data/omar/programming course/DEPI/DEPI project/anomx/venv/lib/python3.12/site-packages/airflow/example_dags/example_python_decorator.py
[2026-06-24T11:56:45.517+0300] {processor.py:830} INFO - Processing file /media/data/omar/programming course/DEPI/DEPI project/anomx/venv/lib/python3.12/site-packages/airflow/example_dags/example_python_decorator.py for tasks to queue
[2026-06-24T11:56:45.519+0300] {logging_mixin.py:188} INFO - [2026-06-24T11:56:45.519+0300] {dagbag.py:540} INFO - Filling up the DagBag from /media/data/omar/programming course/DEPI/DEPI project/anomx/venv/lib/python3.12/site-packages/airflow/example_dags/example_python_decorator.py
[2026-06-24T11:56:45.535+0300] {processor.py:840} INFO - DAG(s) 'example_python_decorator' retrieved from /media/data/omar/programming course/DEPI/DEPI project/anomx/venv/lib/python3.12/site-packages/airflow/example_dags/example_python_decorator.py
[2026-06-24T11:56:45.553+0300] {logging_mixin.py:188} INFO - [2026-06-24T11:56:45.552+0300] {dag.py:3096} INFO - Sync 1 DAGs
[2026-06-24T11:56:45.562+0300] {logging_mixin.py:188} INFO - [2026-06-24T11:56:45.562+0300] {dag.py:3954} INFO - Setting next_dagrun for example_python_decorator to None, run_after=None
[2026-06-24T11:56:45.593+0300] {processor.py:183} INFO - Processing /media/data/omar/programming course/DEPI/DEPI project/anomx/venv/lib/python3.12/site-packages/airflow/example_dags/example_python_decorator.py took 0.084 seconds
[2026-06-24T11:57:38.968+0300] {processor.py:161} INFO - Started process (PID=13810) to work on /media/data/omar/programming course/DEPI/DEPI project/anomx/venv/lib/python3.12/site-packages/airflow/example_dags/example_python_decorator.py
[2026-06-24T11:57:38.969+0300] {processor.py:830} INFO - Processing file /media/data/omar/programming course/DEPI/DEPI project/anomx/venv/lib/python3.12/site-packages/airflow/example_dags/example_python_decorator.py for tasks to queue
[2026-06-24T11:57:38.972+0300] {logging_mixin.py:188} INFO - [2026-06-24T11:57:38.971+0300] {dagbag.py:540} INFO - Filling up the DagBag from /media/data/omar/programming course/DEPI/DEPI project/anomx/venv/lib/python3.12/site-packages/airflow/example_dags/example_python_decorator.py
[2026-06-24T11:57:38.993+0300] {processor.py:840} INFO - DAG(s) 'example_python_decorator' retrieved from /media/data/omar/programming course/DEPI/DEPI project/anomx/venv/lib/python3.12/site-packages/airflow/example_dags/example_python_decorator.py
[2026-06-24T11:57:39.014+0300] {logging_mixin.py:188} INFO - [2026-06-24T11:57:39.013+0300] {dag.py:3096} INFO - Sync 1 DAGs
[2026-06-24T11:57:39.027+0300] {logging_mixin.py:188} INFO - [2026-06-24T11:57:39.026+0300] {dag.py:3954} INFO - Setting next_dagrun for example_python_decorator to None, run_after=None
[2026-06-24T11:57:39.071+0300] {processor.py:183} INFO - Processing /media/data/omar/programming course/DEPI/DEPI project/anomx/venv/lib/python3.12/site-packages/airflow/example_dags/example_python_decorator.py took 0.112 seconds
[2026-06-24T12:36:41.013+0300] {processor.py:161} INFO - Started process (PID=28616) to work on /media/data/omar/programming course/DEPI/DEPI project/anomx/venv/lib/python3.12/site-packages/airflow/example_dags/example_python_decorator.py
[2026-06-24T12:36:41.014+0300] {processor.py:830} INFO - Processing file /media/data/omar/programming course/DEPI/DEPI project/anomx/venv/lib/python3.12/site-packages/airflow/example_dags/example_python_decorator.py for tasks to queue
[2026-06-24T12:36:41.015+0300] {logging_mixin.py:188} INFO - [2026-06-24T12:36:41.015+0300] {dagbag.py:540} INFO - Filling up the DagBag from /media/data/omar/programming course/DEPI/DEPI project/anomx/venv/lib/python3.12/site-packages/airflow/example_dags/example_python_decorator.py
[2026-06-24T12:36:41.033+0300] {processor.py:840} INFO - DAG(s) 'example_python_decorator' retrieved from /media/data/omar/programming course/DEPI/DEPI project/anomx/venv/lib/python3.12/site-packages/airflow/example_dags/example_python_decorator.py
[2026-06-24T12:36:41.055+0300] {logging_mixin.py:188} INFO - [2026-06-24T12:36:41.055+0300] {dag.py:3096} INFO - Sync 1 DAGs
[2026-06-24T12:36:41.064+0300] {logging_mixin.py:188} INFO - [2026-06-24T12:36:41.063+0300] {dag.py:3954} INFO - Setting next_dagrun for example_python_decorator to None, run_after=None
[2026-06-24T12:36:41.091+0300] {processor.py:183} INFO - Processing /media/data/omar/programming course/DEPI/DEPI project/anomx/venv/lib/python3.12/site-packages/airflow/example_dags/example_python_decorator.py took 0.085 seconds
[2026-06-24T12:37:34.240+0300] {processor.py:161} INFO - Started process (PID=29258) to work on /media/data/omar/programming course/DEPI/DEPI project/anomx/venv/lib/python3.12/site-packages/airflow/example_dags/example_python_decorator.py
[2026-06-24T12:37:34.240+0300] {processor.py:830} INFO - Processing file /media/data/omar/programming course/DEPI/DEPI project/anomx/venv/lib/python3.12/site-packages/airflow/example_dags/example_python_decorator.py for tasks to queue
[2026-06-24T12:37:34.241+0300] {logging_mixin.py:188} INFO - [2026-06-24T12:37:34.241+0300] {dagbag.py:540} INFO - Filling up the DagBag from /media/data/omar/programming course/DEPI/DEPI project/anomx/venv/lib/python3.12/site-packages/airflow/example_dags/example_python_decorator.py
[2026-06-24T12:37:34.255+0300] {processor.py:840} INFO - DAG(s) 'example_python_decorator' retrieved from /media/data/omar/programming course/DEPI/DEPI project/anomx/venv/lib/python3.12/site-packages/airflow/example_dags/example_python_decorator.py
[2026-06-24T12:37:34.271+0300] {logging_mixin.py:188} INFO - [2026-06-24T12:37:34.270+0300] {dag.py:3096} INFO - Sync 1 DAGs
[2026-06-24T12:37:34.281+0300] {logging_mixin.py:188} INFO - [2026-06-24T12:37:34.280+0300] {dag.py:3954} INFO - Setting next_dagrun for example_python_decorator to None, run_after=None
[2026-06-24T12:37:34.308+0300] {processor.py:183} INFO - Processing /media/data/omar/programming course/DEPI/DEPI project/anomx/venv/lib/python3.12/site-packages/airflow/example_dags/example_python_decorator.py took 0.073 seconds
[2026-06-24T12:38:26.364+0300] {processor.py:161} INFO - Started process (PID=29685) to work on /media/data/omar/programming course/DEPI/DEPI project/anomx/venv/lib/python3.12/site-packages/airflow/example_dags/example_python_decorator.py
[2026-06-24T12:38:26.365+0300] {processor.py:830} INFO - Processing file /media/data/omar/programming course/DEPI/DEPI project/anomx/venv/lib/python3.12/site-packages/airflow/example_dags/example_python_decorator.py for tasks to queue
[2026-06-24T12:38:26.366+0300] {logging_mixin.py:188} INFO - [2026-06-24T12:38:26.365+0300] {dagbag.py:540} INFO - Filling up the DagBag from /media/data/omar/programming course/DEPI/DEPI project/anomx/venv/lib/python3.12/site-packages/airflow/example_dags/example_python_decorator.py
[2026-06-24T12:38:26.378+0300] {processor.py:840} INFO - DAG(s) 'example_python_decorator' retrieved from /media/data/omar/programming course/DEPI/DEPI project/anomx/venv/lib/python3.12/site-packages/airflow/example_dags/example_python_decorator.py
[2026-06-24T12:38:26.394+0300] {logging_mixin.py:188} INFO - [2026-06-24T12:38:26.394+0300] {dag.py:3096} INFO - Sync 1 DAGs
[2026-06-24T12:38:26.402+0300] {logging_mixin.py:188} INFO - [2026-06-24T12:38:26.402+0300] {dag.py:3954} INFO - Setting next_dagrun for example_python_decorator to None, run_after=None
[2026-06-24T12:38:26.431+0300] {processor.py:183} INFO - Processing /media/data/omar/programming course/DEPI/DEPI project/anomx/venv/lib/python3.12/site-packages/airflow/example_dags/example_python_decorator.py took 0.072 seconds
[2026-06-24T12:39:14.042+0300] {processor.py:161} INFO - Started process (PID=30287) to work on /media/data/omar/programming course/DEPI/DEPI project/anomx/venv/lib/python3.12/site-packages/airflow/example_dags/example_python_decorator.py
[2026-06-24T12:39:14.044+0300] {processor.py:830} INFO - Processing file /media/data/omar/programming course/DEPI/DEPI project/anomx/venv/lib/python3.12/site-packages/airflow/example_dags/example_python_decorator.py for tasks to queue
[2026-06-24T12:39:14.046+0300] {logging_mixin.py:188} INFO - [2026-06-24T12:39:14.045+0300] {dagbag.py:540} INFO - Filling up the DagBag from /media/data/omar/programming course/DEPI/DEPI project/anomx/venv/lib/python3.12/site-packages/airflow/example_dags/example_python_decorator.py
[2026-06-24T12:39:14.071+0300] {processor.py:840} INFO - DAG(s) 'example_python_decorator' retrieved from /media/data/omar/programming course/DEPI/DEPI project/anomx/venv/lib/python3.12/site-packages/airflow/example_dags/example_python_decorator.py
[2026-06-24T12:39:14.088+0300] {logging_mixin.py:188} INFO - [2026-06-24T12:39:14.088+0300] {dag.py:3096} INFO - Sync 1 DAGs
[2026-06-24T12:39:14.096+0300] {logging_mixin.py:188} INFO - [2026-06-24T12:39:14.096+0300] {dag.py:3954} INFO - Setting next_dagrun for example_python_decorator to None, run_after=None
[2026-06-24T12:39:14.122+0300] {processor.py:183} INFO - Processing /media/data/omar/programming course/DEPI/DEPI project/anomx/venv/lib/python3.12/site-packages/airflow/example_dags/example_python_decorator.py took 0.092 seconds
[2026-06-24T12:39:59.359+0300] {processor.py:161} INFO - Started process (PID=30565) to work on /media/data/omar/programming course/DEPI/DEPI project/anomx/venv/lib/python3.12/site-packages/airflow/example_dags/example_python_decorator.py
[2026-06-24T12:39:59.360+0300] {processor.py:830} INFO - Processing file /media/data/omar/programming course/DEPI/DEPI project/anomx/venv/lib/python3.12/site-packages/airflow/example_dags/example_python_decorator.py for tasks to queue
[2026-06-24T12:39:59.361+0300] {logging_mixin.py:188} INFO - [2026-06-24T12:39:59.361+0300] {dagbag.py:540} INFO - Filling up the DagBag from /media/data/omar/programming course/DEPI/DEPI project/anomx/venv/lib/python3.12/site-packages/airflow/example_dags/example_python_decorator.py
[2026-06-24T12:39:59.375+0300] {processor.py:840} INFO - DAG(s) 'example_python_decorator' retrieved from /media/data/omar/programming course/DEPI/DEPI project/anomx/venv/lib/python3.12/site-packages/airflow/example_dags/example_python_decorator.py
[2026-06-24T12:39:59.390+0300] {logging_mixin.py:188} INFO - [2026-06-24T12:39:59.390+0300] {dag.py:3096} INFO - Sync 1 DAGs
[2026-06-24T12:39:59.398+0300] {logging_mixin.py:188} INFO - [2026-06-24T12:39:59.398+0300] {dag.py:3954} INFO - Setting next_dagrun for example_python_decorator to None, run_after=None
[2026-06-24T12:39:59.425+0300] {processor.py:183} INFO - Processing /media/data/omar/programming course/DEPI/DEPI project/anomx/venv/lib/python3.12/site-packages/airflow/example_dags/example_python_decorator.py took 0.074 seconds
[2026-06-24T12:40:46.910+0300] {processor.py:161} INFO - Started process (PID=31173) to work on /media/data/omar/programming course/DEPI/DEPI project/anomx/venv/lib/python3.12/site-packages/airflow/example_dags/example_python_decorator.py
[2026-06-24T12:40:46.911+0300] {processor.py:830} INFO - Processing file /media/data/omar/programming course/DEPI/DEPI project/anomx/venv/lib/python3.12/site-packages/airflow/example_dags/example_python_decorator.py for tasks to queue
[2026-06-24T12:40:46.912+0300] {logging_mixin.py:188} INFO - [2026-06-24T12:40:46.911+0300] {dagbag.py:540} INFO - Filling up the DagBag from /media/data/omar/programming course/DEPI/DEPI project/anomx/venv/lib/python3.12/site-packages/airflow/example_dags/example_python_decorator.py
[2026-06-24T12:40:46.925+0300] {processor.py:840} INFO - DAG(s) 'example_python_decorator' retrieved from /media/data/omar/programming course/DEPI/DEPI project/anomx/venv/lib/python3.12/site-packages/airflow/example_dags/example_python_decorator.py
[2026-06-24T12:40:46.942+0300] {logging_mixin.py:188} INFO - [2026-06-24T12:40:46.942+0300] {dag.py:3096} INFO - Sync 1 DAGs
[2026-06-24T12:40:46.951+0300] {logging_mixin.py:188} INFO - [2026-06-24T12:40:46.951+0300] {dag.py:3954} INFO - Setting next_dagrun for example_python_decorator to None, run_after=None
[2026-06-24T12:40:46.978+0300] {processor.py:183} INFO - Processing /media/data/omar/programming course/DEPI/DEPI project/anomx/venv/lib/python3.12/site-packages/airflow/example_dags/example_python_decorator.py took 0.073 seconds
[2026-06-24T12:42:00.776+0300] {processor.py:161} INFO - Started process (PID=31934) to work on /media/data/omar/programming course/DEPI/DEPI project/anomx/venv/lib/python3.12/site-packages/airflow/example_dags/example_python_decorator.py
[2026-06-24T12:42:00.777+0300] {processor.py:830} INFO - Processing file /media/data/omar/programming course/DEPI/DEPI project/anomx/venv/lib/python3.12/site-packages/airflow/example_dags/example_python_decorator.py for tasks to queue
[2026-06-24T12:42:00.778+0300] {logging_mixin.py:188} INFO - [2026-06-24T12:42:00.777+0300] {dagbag.py:540} INFO - Filling up the DagBag from /media/data/omar/programming course/DEPI/DEPI project/anomx/venv/lib/python3.12/site-packages/airflow/example_dags/example_python_decorator.py
[2026-06-24T12:42:00.792+0300] {processor.py:840} INFO - DAG(s) 'example_python_decorator' retrieved from /media/data/omar/programming course/DEPI/DEPI project/anomx/venv/lib/python3.12/site-packages/airflow/example_dags/example_python_decorator.py
[2026-06-24T12:42:00.821+0300] {logging_mixin.py:188} INFO - [2026-06-24T12:42:00.820+0300] {dag.py:3096} INFO - Sync 1 DAGs
[2026-06-24T12:42:00.835+0300] {logging_mixin.py:188} INFO - [2026-06-24T12:42:00.834+0300] {dag.py:3954} INFO - Setting next_dagrun for example_python_decorator to None, run_after=None
[2026-06-24T12:42:00.869+0300] {processor.py:183} INFO - Processing /media/data/omar/programming course/DEPI/DEPI project/anomx/venv/lib/python3.12/site-packages/airflow/example_dags/example_python_decorator.py took 0.099 seconds
[2026-06-24T12:42:55.912+0300] {processor.py:161} INFO - Started process (PID=32306) to work on /media/data/omar/programming course/DEPI/DEPI project/anomx/venv/lib/python3.12/site-packages/airflow/example_dags/example_python_decorator.py
[2026-06-24T12:42:55.913+0300] {processor.py:830} INFO - Processing file /media/data/omar/programming course/DEPI/DEPI project/anomx/venv/lib/python3.12/site-packages/airflow/example_dags/example_python_decorator.py for tasks to queue
[2026-06-24T12:42:55.914+0300] {logging_mixin.py:188} INFO - [2026-06-24T12:42:55.913+0300] {dagbag.py:540} INFO - Filling up the DagBag from /media/data/omar/programming course/DEPI/DEPI project/anomx/venv/lib/python3.12/site-packages/airflow/example_dags/example_python_decorator.py
[2026-06-24T12:42:55.929+0300] {processor.py:840} INFO - DAG(s) 'example_python_decorator' retrieved from /media/data/omar/programming course/DEPI/DEPI project/anomx/venv/lib/python3.12/site-packages/airflow/example_dags/example_python_decorator.py
[2026-06-24T12:42:55.951+0300] {logging_mixin.py:188} INFO - [2026-06-24T12:42:55.950+0300] {dag.py:3096} INFO - Sync 1 DAGs
[2026-06-24T12:42:55.960+0300] {logging_mixin.py:188} INFO - [2026-06-24T12:42:55.960+0300] {dag.py:3954} INFO - Setting next_dagrun for example_python_decorator to None, run_after=None
[2026-06-24T12:42:55.988+0300] {processor.py:183} INFO - Processing /media/data/omar/programming course/DEPI/DEPI project/anomx/venv/lib/python3.12/site-packages/airflow/example_dags/example_python_decorator.py took 0.082 seconds
[2026-06-24T12:43:47.433+0300] {processor.py:161} INFO - Started process (PID=32887) to work on /media/data/omar/programming course/DEPI/DEPI project/anomx/venv/lib/python3.12/site-packages/airflow/example_dags/example_python_decorator.py
[2026-06-24T12:43:47.434+0300] {processor.py:830} INFO - Processing file /media/data/omar/programming course/DEPI/DEPI project/anomx/venv/lib/python3.12/site-packages/airflow/example_dags/example_python_decorator.py for tasks to queue
[2026-06-24T12:43:47.435+0300] {logging_mixin.py:188} INFO - [2026-06-24T12:43:47.435+0300] {dagbag.py:540} INFO - Filling up the DagBag from /media/data/omar/programming course/DEPI/DEPI project/anomx/venv/lib/python3.12/site-packages/airflow/example_dags/example_python_decorator.py
[2026-06-24T12:43:47.447+0300] {processor.py:840} INFO - DAG(s) 'example_python_decorator' retrieved from /media/data/omar/programming course/DEPI/DEPI project/anomx/venv/lib/python3.12/site-packages/airflow/example_dags/example_python_decorator.py
[2026-06-24T12:43:47.461+0300] {logging_mixin.py:188} INFO - [2026-06-24T12:43:47.461+0300] {dag.py:3096} INFO - Sync 1 DAGs
[2026-06-24T12:43:47.470+0300] {logging_mixin.py:188} INFO - [2026-06-24T12:43:47.470+0300] {dag.py:3954} INFO - Setting next_dagrun for example_python_decorator to None, run_after=None
[2026-06-24T12:43:47.504+0300] {processor.py:183} INFO - Processing /media/data/omar/programming course/DEPI/DEPI project/anomx/venv/lib/python3.12/site-packages/airflow/example_dags/example_python_decorator.py took 0.076 seconds
[2026-06-24T12:44:49.698+0300] {processor.py:161} INFO - Started process (PID=33322) to work on /media/data/omar/programming course/DEPI/DEPI project/anomx/venv/lib/python3.12/site-packages/airflow/example_dags/example_python_decorator.py
[2026-06-24T12:44:49.698+0300] {processor.py:830} INFO - Processing file /media/data/omar/programming course/DEPI/DEPI project/anomx/venv/lib/python3.12/site-packages/airflow/example_dags/example_python_decorator.py for tasks to queue
[2026-06-24T12:44:49.699+0300] {logging_mixin.py:188} INFO - [2026-06-24T12:44:49.699+0300] {dagbag.py:540} INFO - Filling up the DagBag from /media/data/omar/programming course/DEPI/DEPI project/anomx/venv/lib/python3.12/site-packages/airflow/example_dags/example_python_decorator.py
[2026-06-24T12:44:49.711+0300] {processor.py:840} INFO - DAG(s) 'example_python_decorator' retrieved from /media/data/omar/programming course/DEPI/DEPI project/anomx/venv/lib/python3.12/site-packages/airflow/example_dags/example_python_decorator.py
[2026-06-24T12:44:49.727+0300] {logging_mixin.py:188} INFO - [2026-06-24T12:44:49.727+0300] {dag.py:3096} INFO - Sync 1 DAGs
[2026-06-24T12:44:49.736+0300] {logging_mixin.py:188} INFO - [2026-06-24T12:44:49.736+0300] {dag.py:3954} INFO - Setting next_dagrun for example_python_decorator to None, run_after=None
[2026-06-24T12:44:49.764+0300] {processor.py:183} INFO - Processing /media/data/omar/programming course/DEPI/DEPI project/anomx/venv/lib/python3.12/site-packages/airflow/example_dags/example_python_decorator.py took 0.071 seconds
[2026-06-24T12:45:40.223+0300] {processor.py:161} INFO - Started process (PID=33944) to work on /media/data/omar/programming course/DEPI/DEPI project/anomx/venv/lib/python3.12/site-packages/airflow/example_dags/example_python_decorator.py
[2026-06-24T12:45:40.223+0300] {processor.py:830} INFO - Processing file /media/data/omar/programming course/DEPI/DEPI project/anomx/venv/lib/python3.12/site-packages/airflow/example_dags/example_python_decorator.py for tasks to queue
[2026-06-24T12:45:40.224+0300] {logging_mixin.py:188} INFO - [2026-06-24T12:45:40.224+0300] {dagbag.py:540} INFO - Filling up the DagBag from /media/data/omar/programming course/DEPI/DEPI project/anomx/venv/lib/python3.12/site-packages/airflow/example_dags/example_python_decorator.py
[2026-06-24T12:45:40.237+0300] {processor.py:840} INFO - DAG(s) 'example_python_decorator' retrieved from /media/data/omar/programming course/DEPI/DEPI project/anomx/venv/lib/python3.12/site-packages/airflow/example_dags/example_python_decorator.py
[2026-06-24T12:45:40.253+0300] {logging_mixin.py:188} INFO - [2026-06-24T12:45:40.253+0300] {dag.py:3096} INFO - Sync 1 DAGs
[2026-06-24T12:45:40.262+0300] {logging_mixin.py:188} INFO - [2026-06-24T12:45:40.262+0300] {dag.py:3954} INFO - Setting next_dagrun for example_python_decorator to None, run_after=None
[2026-06-24T12:45:40.288+0300] {processor.py:183} INFO - Processing /media/data/omar/programming course/DEPI/DEPI project/anomx/venv/lib/python3.12/site-packages/airflow/example_dags/example_python_decorator.py took 0.070 seconds
[2026-06-24T12:46:30.350+0300] {processor.py:161} INFO - Started process (PID=34264) to work on /media/data/omar/programming course/DEPI/DEPI project/anomx/venv/lib/python3.12/site-packages/airflow/example_dags/example_python_decorator.py
[2026-06-24T12:46:30.351+0300] {processor.py:830} INFO - Processing file /media/data/omar/programming course/DEPI/DEPI project/anomx/venv/lib/python3.12/site-packages/airflow/example_dags/example_python_decorator.py for tasks to queue
[2026-06-24T12:46:30.353+0300] {logging_mixin.py:188} INFO - [2026-06-24T12:46:30.352+0300] {dagbag.py:540} INFO - Filling up the DagBag from /media/data/omar/programming course/DEPI/DEPI project/anomx/venv/lib/python3.12/site-packages/airflow/example_dags/example_python_decorator.py
[2026-06-24T12:46:30.371+0300] {processor.py:840} INFO - DAG(s) 'example_python_decorator' retrieved from /media/data/omar/programming course/DEPI/DEPI project/anomx/venv/lib/python3.12/site-packages/airflow/example_dags/example_python_decorator.py
[2026-06-24T12:46:30.389+0300] {logging_mixin.py:188} INFO - [2026-06-24T12:46:30.389+0300] {dag.py:3096} INFO - Sync 1 DAGs
[2026-06-24T12:46:30.398+0300] {logging_mixin.py:188} INFO - [2026-06-24T12:46:30.398+0300] {dag.py:3954} INFO - Setting next_dagrun for example_python_decorator to None, run_after=None
[2026-06-24T12:46:30.426+0300] {processor.py:183} INFO - Processing /media/data/omar/programming course/DEPI/DEPI project/anomx/venv/lib/python3.12/site-packages/airflow/example_dags/example_python_decorator.py took 0.086 seconds
[2026-06-24T12:47:19.154+0300] {processor.py:161} INFO - Started process (PID=34871) to work on /media/data/omar/programming course/DEPI/DEPI project/anomx/venv/lib/python3.12/site-packages/airflow/example_dags/example_python_decorator.py
[2026-06-24T12:47:19.155+0300] {processor.py:830} INFO - Processing file /media/data/omar/programming course/DEPI/DEPI project/anomx/venv/lib/python3.12/site-packages/airflow/example_dags/example_python_decorator.py for tasks to queue
[2026-06-24T12:47:19.156+0300] {logging_mixin.py:188} INFO - [2026-06-24T12:47:19.155+0300] {dagbag.py:540} INFO - Filling up the DagBag from /media/data/omar/programming course/DEPI/DEPI project/anomx/venv/lib/python3.12/site-packages/airflow/example_dags/example_python_decorator.py
[2026-06-24T12:47:19.178+0300] {processor.py:840} INFO - DAG(s) 'example_python_decorator' retrieved from /media/data/omar/programming course/DEPI/DEPI project/anomx/venv/lib/python3.12/site-packages/airflow/example_dags/example_python_decorator.py
[2026-06-24T12:47:19.226+0300] {logging_mixin.py:188} INFO - [2026-06-24T12:47:19.225+0300] {dag.py:3096} INFO - Sync 1 DAGs
[2026-06-24T12:47:19.259+0300] {logging_mixin.py:188} INFO - [2026-06-24T12:47:19.256+0300] {dag.py:3954} INFO - Setting next_dagrun for example_python_decorator to None, run_after=None
[2026-06-24T12:47:19.322+0300] {processor.py:183} INFO - Processing /media/data/omar/programming course/DEPI/DEPI project/anomx/venv/lib/python3.12/site-packages/airflow/example_dags/example_python_decorator.py took 0.182 seconds
[2026-06-24T12:48:16.845+0300] {processor.py:161} INFO - Started process (PID=35215) to work on /media/data/omar/programming course/DEPI/DEPI project/anomx/venv/lib/python3.12/site-packages/airflow/example_dags/example_python_decorator.py
[2026-06-24T12:48:16.846+0300] {processor.py:830} INFO - Processing file /media/data/omar/programming course/DEPI/DEPI project/anomx/venv/lib/python3.12/site-packages/airflow/example_dags/example_python_decorator.py for tasks to queue
[2026-06-24T12:48:16.847+0300] {logging_mixin.py:188} INFO - [2026-06-24T12:48:16.847+0300] {dagbag.py:540} INFO - Filling up the DagBag from /media/data/omar/programming course/DEPI/DEPI project/anomx/venv/lib/python3.12/site-packages/airflow/example_dags/example_python_decorator.py
[2026-06-24T12:48:16.862+0300] {processor.py:840} INFO - DAG(s) 'example_python_decorator' retrieved from /media/data/omar/programming course/DEPI/DEPI project/anomx/venv/lib/python3.12/site-packages/airflow/example_dags/example_python_decorator.py
[2026-06-24T12:48:16.880+0300] {logging_mixin.py:188} INFO - [2026-06-24T12:48:16.880+0300] {dag.py:3096} INFO - Sync 1 DAGs
[2026-06-24T12:48:16.891+0300] {logging_mixin.py:188} INFO - [2026-06-24T12:48:16.891+0300] {dag.py:3954} INFO - Setting next_dagrun for example_python_decorator to None, run_after=None
[2026-06-24T12:48:16.922+0300] {processor.py:183} INFO - Processing /media/data/omar/programming course/DEPI/DEPI project/anomx/venv/lib/python3.12/site-packages/airflow/example_dags/example_python_decorator.py took 0.082 seconds
[2026-06-24T12:49:08.991+0300] {processor.py:161} INFO - Started process (PID=35827) to work on /media/data/omar/programming course/DEPI/DEPI project/anomx/venv/lib/python3.12/site-packages/airflow/example_dags/example_python_decorator.py
[2026-06-24T12:49:08.992+0300] {processor.py:830} INFO - Processing file /media/data/omar/programming course/DEPI/DEPI project/anomx/venv/lib/python3.12/site-packages/airflow/example_dags/example_python_decorator.py for tasks to queue
[2026-06-24T12:49:08.994+0300] {logging_mixin.py:188} INFO - [2026-06-24T12:49:08.993+0300] {dagbag.py:540} INFO - Filling up the DagBag from /media/data/omar/programming course/DEPI/DEPI project/anomx/venv/lib/python3.12/site-packages/airflow/example_dags/example_python_decorator.py
[2026-06-24T12:49:09.014+0300] {processor.py:840} INFO - DAG(s) 'example_python_decorator' retrieved from /media/data/omar/programming course/DEPI/DEPI project/anomx/venv/lib/python3.12/site-packages/airflow/example_dags/example_python_decorator.py
[2026-06-24T12:49:09.033+0300] {logging_mixin.py:188} INFO - [2026-06-24T12:49:09.033+0300] {dag.py:3096} INFO - Sync 1 DAGs
[2026-06-24T12:49:09.044+0300] {logging_mixin.py:188} INFO - [2026-06-24T12:49:09.044+0300] {dag.py:3954} INFO - Setting next_dagrun for example_python_decorator to None, run_after=None
[2026-06-24T12:49:09.075+0300] {processor.py:183} INFO - Processing /media/data/omar/programming course/DEPI/DEPI project/anomx/venv/lib/python3.12/site-packages/airflow/example_dags/example_python_decorator.py took 0.093 seconds
[2026-06-24T12:50:03.124+0300] {processor.py:161} INFO - Started process (PID=36158) to work on /media/data/omar/programming course/DEPI/DEPI project/anomx/venv/lib/python3.12/site-packages/airflow/example_dags/example_python_decorator.py
[2026-06-24T12:50:03.125+0300] {processor.py:830} INFO - Processing file /media/data/omar/programming course/DEPI/DEPI project/anomx/venv/lib/python3.12/site-packages/airflow/example_dags/example_python_decorator.py for tasks to queue
[2026-06-24T12:50:03.126+0300] {logging_mixin.py:188} INFO - [2026-06-24T12:50:03.126+0300] {dagbag.py:540} INFO - Filling up the DagBag from /media/data/omar/programming course/DEPI/DEPI project/anomx/venv/lib/python3.12/site-packages/airflow/example_dags/example_python_decorator.py
[2026-06-24T12:50:03.141+0300] {processor.py:840} INFO - DAG(s) 'example_python_decorator' retrieved from /media/data/omar/programming course/DEPI/DEPI project/anomx/venv/lib/python3.12/site-packages/airflow/example_dags/example_python_decorator.py
[2026-06-24T12:50:03.165+0300] {logging_mixin.py:188} INFO - [2026-06-24T12:50:03.164+0300] {dag.py:3096} INFO - Sync 1 DAGs
[2026-06-24T12:50:03.175+0300] {logging_mixin.py:188} INFO - [2026-06-24T12:50:03.175+0300] {dag.py:3954} INFO - Setting next_dagrun for example_python_decorator to None, run_after=None
[2026-06-24T12:50:03.212+0300] {processor.py:183} INFO - Processing /media/data/omar/programming course/DEPI/DEPI project/anomx/venv/lib/python3.12/site-packages/airflow/example_dags/example_python_decorator.py took 0.094 seconds
[2026-06-24T12:50:56.818+0300] {processor.py:161} INFO - Started process (PID=36845) to work on /media/data/omar/programming course/DEPI/DEPI project/anomx/venv/lib/python3.12/site-packages/airflow/example_dags/example_python_decorator.py
[2026-06-24T12:50:56.819+0300] {processor.py:830} INFO - Processing file /media/data/omar/programming course/DEPI/DEPI project/anomx/venv/lib/python3.12/site-packages/airflow/example_dags/example_python_decorator.py for tasks to queue
[2026-06-24T12:50:56.820+0300] {logging_mixin.py:188} INFO - [2026-06-24T12:50:56.820+0300] {dagbag.py:540} INFO - Filling up the DagBag from /media/data/omar/programming course/DEPI/DEPI project/anomx/venv/lib/python3.12/site-packages/airflow/example_dags/example_python_decorator.py
[2026-06-24T12:50:56.834+0300] {processor.py:840} INFO - DAG(s) 'example_python_decorator' retrieved from /media/data/omar/programming course/DEPI/DEPI project/anomx/venv/lib/python3.12/site-packages/airflow/example_dags/example_python_decorator.py
[2026-06-24T12:50:56.852+0300] {logging_mixin.py:188} INFO - [2026-06-24T12:50:56.852+0300] {dag.py:3096} INFO - Sync 1 DAGs
[2026-06-24T12:50:56.862+0300] {logging_mixin.py:188} INFO - [2026-06-24T12:50:56.862+0300] {dag.py:3954} INFO - Setting next_dagrun for example_python_decorator to None, run_after=None
[2026-06-24T12:50:56.894+0300] {processor.py:183} INFO - Processing /media/data/omar/programming course/DEPI/DEPI project/anomx/venv/lib/python3.12/site-packages/airflow/example_dags/example_python_decorator.py took 0.081 seconds
[2026-06-24T12:51:49.404+0300] {processor.py:161} INFO - Started process (PID=37159) to work on /media/data/omar/programming course/DEPI/DEPI project/anomx/venv/lib/python3.12/site-packages/airflow/example_dags/example_python_decorator.py
[2026-06-24T12:51:49.405+0300] {processor.py:830} INFO - Processing file /media/data/omar/programming course/DEPI/DEPI project/anomx/venv/lib/python3.12/site-packages/airflow/example_dags/example_python_decorator.py for tasks to queue
[2026-06-24T12:51:49.407+0300] {logging_mixin.py:188} INFO - [2026-06-24T12:51:49.406+0300] {dagbag.py:540} INFO - Filling up the DagBag from /media/data/omar/programming course/DEPI/DEPI project/anomx/venv/lib/python3.12/site-packages/airflow/example_dags/example_python_decorator.py
[2026-06-24T12:51:49.427+0300] {processor.py:840} INFO - DAG(s) 'example_python_decorator' retrieved from /media/data/omar/programming course/DEPI/DEPI project/anomx/venv/lib/python3.12/site-packages/airflow/example_dags/example_python_decorator.py
[2026-06-24T12:51:49.445+0300] {logging_mixin.py:188} INFO - [2026-06-24T12:51:49.445+0300] {dag.py:3096} INFO - Sync 1 DAGs
[2026-06-24T12:51:49.461+0300] {logging_mixin.py:188} INFO - [2026-06-24T12:51:49.460+0300] {dag.py:3954} INFO - Setting next_dagrun for example_python_decorator to None, run_after=None
[2026-06-24T12:51:49.498+0300] {processor.py:183} INFO - Processing /media/data/omar/programming course/DEPI/DEPI project/anomx/venv/lib/python3.12/site-packages/airflow/example_dags/example_python_decorator.py took 0.100 seconds
[2026-06-24T12:52:40.193+0300] {processor.py:161} INFO - Started process (PID=37759) to work on /media/data/omar/programming course/DEPI/DEPI project/anomx/venv/lib/python3.12/site-packages/airflow/example_dags/example_python_decorator.py
[2026-06-24T12:52:40.194+0300] {processor.py:830} INFO - Processing file /media/data/omar/programming course/DEPI/DEPI project/anomx/venv/lib/python3.12/site-packages/airflow/example_dags/example_python_decorator.py for tasks to queue
[2026-06-24T12:52:40.195+0300] {logging_mixin.py:188} INFO - [2026-06-24T12:52:40.195+0300] {dagbag.py:540} INFO - Filling up the DagBag from /media/data/omar/programming course/DEPI/DEPI project/anomx/venv/lib/python3.12/site-packages/airflow/example_dags/example_python_decorator.py
[2026-06-24T12:52:40.212+0300] {processor.py:840} INFO - DAG(s) 'example_python_decorator' retrieved from /media/data/omar/programming course/DEPI/DEPI project/anomx/venv/lib/python3.12/site-packages/airflow/example_dags/example_python_decorator.py
[2026-06-24T12:52:40.233+0300] {logging_mixin.py:188} INFO - [2026-06-24T12:52:40.233+0300] {dag.py:3096} INFO - Sync 1 DAGs
[2026-06-24T12:52:40.245+0300] {logging_mixin.py:188} INFO - [2026-06-24T12:52:40.245+0300] {dag.py:3954} INFO - Setting next_dagrun for example_python_decorator to None, run_after=None
[2026-06-24T12:52:40.280+0300] {processor.py:183} INFO - Processing /media/data/omar/programming course/DEPI/DEPI project/anomx/venv/lib/python3.12/site-packages/airflow/example_dags/example_python_decorator.py took 0.093 seconds
[2026-06-24T12:53:32.193+0300] {processor.py:161} INFO - Started process (PID=38092) to work on /media/data/omar/programming course/DEPI/DEPI project/anomx/venv/lib/python3.12/site-packages/airflow/example_dags/example_python_decorator.py
[2026-06-24T12:53:32.194+0300] {processor.py:830} INFO - Processing file /media/data/omar/programming course/DEPI/DEPI project/anomx/venv/lib/python3.12/site-packages/airflow/example_dags/example_python_decorator.py for tasks to queue
[2026-06-24T12:53:32.196+0300] {logging_mixin.py:188} INFO - [2026-06-24T12:53:32.195+0300] {dagbag.py:540} INFO - Filling up the DagBag from /media/data/omar/programming course/DEPI/DEPI project/anomx/venv/lib/python3.12/site-packages/airflow/example_dags/example_python_decorator.py
[2026-06-24T12:53:32.221+0300] {processor.py:840} INFO - DAG(s) 'example_python_decorator' retrieved from /media/data/omar/programming course/DEPI/DEPI project/anomx/venv/lib/python3.12/site-packages/airflow/example_dags/example_python_decorator.py
[2026-06-24T12:53:32.245+0300] {logging_mixin.py:188} INFO - [2026-06-24T12:53:32.245+0300] {dag.py:3096} INFO - Sync 1 DAGs
[2026-06-24T12:53:32.267+0300] {logging_mixin.py:188} INFO - [2026-06-24T12:53:32.266+0300] {dag.py:3954} INFO - Setting next_dagrun for example_python_decorator to None, run_after=None
[2026-06-24T12:53:32.319+0300] {processor.py:183} INFO - Processing /media/data/omar/programming course/DEPI/DEPI project/anomx/venv/lib/python3.12/site-packages/airflow/example_dags/example_python_decorator.py took 0.139 seconds
[2026-06-24T12:54:25.429+0300] {processor.py:161} INFO - Started process (PID=38741) to work on /media/data/omar/programming course/DEPI/DEPI project/anomx/venv/lib/python3.12/site-packages/airflow/example_dags/example_python_decorator.py
[2026-06-24T12:54:25.430+0300] {processor.py:830} INFO - Processing file /media/data/omar/programming course/DEPI/DEPI project/anomx/venv/lib/python3.12/site-packages/airflow/example_dags/example_python_decorator.py for tasks to queue
[2026-06-24T12:54:25.432+0300] {logging_mixin.py:188} INFO - [2026-06-24T12:54:25.431+0300] {dagbag.py:540} INFO - Filling up the DagBag from /media/data/omar/programming course/DEPI/DEPI project/anomx/venv/lib/python3.12/site-packages/airflow/example_dags/example_python_decorator.py
[2026-06-24T12:54:25.448+0300] {processor.py:840} INFO - DAG(s) 'example_python_decorator' retrieved from /media/data/omar/programming course/DEPI/DEPI project/anomx/venv/lib/python3.12/site-packages/airflow/example_dags/example_python_decorator.py
[2026-06-24T12:54:25.467+0300] {logging_mixin.py:188} INFO - [2026-06-24T12:54:25.466+0300] {dag.py:3096} INFO - Sync 1 DAGs
[2026-06-24T12:54:25.477+0300] {logging_mixin.py:188} INFO - [2026-06-24T12:54:25.476+0300] {dag.py:3954} INFO - Setting next_dagrun for example_python_decorator to None, run_after=None
[2026-06-24T12:54:25.511+0300] {processor.py:183} INFO - Processing /media/data/omar/programming course/DEPI/DEPI project/anomx/venv/lib/python3.12/site-packages/airflow/example_dags/example_python_decorator.py took 0.090 seconds
[2026-06-24T12:55:23.167+0300] {processor.py:161} INFO - Started process (PID=39088) to work on /media/data/omar/programming course/DEPI/DEPI project/anomx/venv/lib/python3.12/site-packages/airflow/example_dags/example_python_decorator.py
[2026-06-24T12:55:23.168+0300] {processor.py:830} INFO - Processing file /media/data/omar/programming course/DEPI/DEPI project/anomx/venv/lib/python3.12/site-packages/airflow/example_dags/example_python_decorator.py for tasks to queue
[2026-06-24T12:55:23.169+0300] {logging_mixin.py:188} INFO - [2026-06-24T12:55:23.169+0300] {dagbag.py:540} INFO - Filling up the DagBag from /media/data/omar/programming course/DEPI/DEPI project/anomx/venv/lib/python3.12/site-packages/airflow/example_dags/example_python_decorator.py
[2026-06-24T12:55:23.184+0300] {processor.py:840} INFO - DAG(s) 'example_python_decorator' retrieved from /media/data/omar/programming course/DEPI/DEPI project/anomx/venv/lib/python3.12/site-packages/airflow/example_dags/example_python_decorator.py
[2026-06-24T12:55:23.201+0300] {logging_mixin.py:188} INFO - [2026-06-24T12:55:23.201+0300] {dag.py:3096} INFO - Sync 1 DAGs
[2026-06-24T12:55:23.210+0300] {logging_mixin.py:188} INFO - [2026-06-24T12:55:23.209+0300] {dag.py:3954} INFO - Setting next_dagrun for example_python_decorator to None, run_after=None
[2026-06-24T12:55:23.235+0300] {processor.py:183} INFO - Processing /media/data/omar/programming course/DEPI/DEPI project/anomx/venv/lib/python3.12/site-packages/airflow/example_dags/example_python_decorator.py took 0.073 seconds
[2026-06-24T12:56:35.654+0300] {processor.py:161} INFO - Started process (PID=39784) to work on /media/data/omar/programming course/DEPI/DEPI project/anomx/venv/lib/python3.12/site-packages/airflow/example_dags/example_python_decorator.py
[2026-06-24T12:56:35.655+0300] {processor.py:830} INFO - Processing file /media/data/omar/programming course/DEPI/DEPI project/anomx/venv/lib/python3.12/site-packages/airflow/example_dags/example_python_decorator.py for tasks to queue
[2026-06-24T12:56:35.656+0300] {logging_mixin.py:188} INFO - [2026-06-24T12:56:35.656+0300] {dagbag.py:540} INFO - Filling up the DagBag from /media/data/omar/programming course/DEPI/DEPI project/anomx/venv/lib/python3.12/site-packages/airflow/example_dags/example_python_decorator.py
[2026-06-24T12:56:35.669+0300] {processor.py:840} INFO - DAG(s) 'example_python_decorator' retrieved from /media/data/omar/programming course/DEPI/DEPI project/anomx/venv/lib/python3.12/site-packages/airflow/example_dags/example_python_decorator.py
[2026-06-24T12:56:35.686+0300] {logging_mixin.py:188} INFO - [2026-06-24T12:56:35.685+0300] {dag.py:3096} INFO - Sync 1 DAGs
[2026-06-24T12:56:35.695+0300] {logging_mixin.py:188} INFO - [2026-06-24T12:56:35.694+0300] {dag.py:3954} INFO - Setting next_dagrun for example_python_decorator to None, run_after=None
[2026-06-24T12:56:35.725+0300] {processor.py:183} INFO - Processing /media/data/omar/programming course/DEPI/DEPI project/anomx/venv/lib/python3.12/site-packages/airflow/example_dags/example_python_decorator.py took 0.077 seconds
[2026-06-24T12:57:32.235+0300] {processor.py:161} INFO - Started process (PID=40154) to work on /media/data/omar/programming course/DEPI/DEPI project/anomx/venv/lib/python3.12/site-packages/airflow/example_dags/example_python_decorator.py
[2026-06-24T12:57:32.237+0300] {processor.py:830} INFO - Processing file /media/data/omar/programming course/DEPI/DEPI project/anomx/venv/lib/python3.12/site-packages/airflow/example_dags/example_python_decorator.py for tasks to queue
[2026-06-24T12:57:32.239+0300] {logging_mixin.py:188} INFO - [2026-06-24T12:57:32.238+0300] {dagbag.py:540} INFO - Filling up the DagBag from /media/data/omar/programming course/DEPI/DEPI project/anomx/venv/lib/python3.12/site-packages/airflow/example_dags/example_python_decorator.py
[2026-06-24T12:57:32.260+0300] {processor.py:840} INFO - DAG(s) 'example_python_decorator' retrieved from /media/data/omar/programming course/DEPI/DEPI project/anomx/venv/lib/python3.12/site-packages/airflow/example_dags/example_python_decorator.py
[2026-06-24T12:57:32.281+0300] {logging_mixin.py:188} INFO - [2026-06-24T12:57:32.281+0300] {dag.py:3096} INFO - Sync 1 DAGs
[2026-06-24T12:57:32.295+0300] {logging_mixin.py:188} INFO - [2026-06-24T12:57:32.295+0300] {dag.py:3954} INFO - Setting next_dagrun for example_python_decorator to None, run_after=None
[2026-06-24T12:57:32.332+0300] {processor.py:183} INFO - Processing /media/data/omar/programming course/DEPI/DEPI project/anomx/venv/lib/python3.12/site-packages/airflow/example_dags/example_python_decorator.py took 0.104 seconds
[2026-06-24T12:58:24.606+0300] {processor.py:161} INFO - Started process (PID=40766) to work on /media/data/omar/programming course/DEPI/DEPI project/anomx/venv/lib/python3.12/site-packages/airflow/example_dags/example_python_decorator.py
[2026-06-24T12:58:24.606+0300] {processor.py:830} INFO - Processing file /media/data/omar/programming course/DEPI/DEPI project/anomx/venv/lib/python3.12/site-packages/airflow/example_dags/example_python_decorator.py for tasks to queue
[2026-06-24T12:58:24.607+0300] {logging_mixin.py:188} INFO - [2026-06-24T12:58:24.607+0300] {dagbag.py:540} INFO - Filling up the DagBag from /media/data/omar/programming course/DEPI/DEPI project/anomx/venv/lib/python3.12/site-packages/airflow/example_dags/example_python_decorator.py
[2026-06-24T12:58:24.620+0300] {processor.py:840} INFO - DAG(s) 'example_python_decorator' retrieved from /media/data/omar/programming course/DEPI/DEPI project/anomx/venv/lib/python3.12/site-packages/airflow/example_dags/example_python_decorator.py
[2026-06-24T12:58:24.638+0300] {logging_mixin.py:188} INFO - [2026-06-24T12:58:24.638+0300] {dag.py:3096} INFO - Sync 1 DAGs
[2026-06-24T12:58:24.649+0300] {logging_mixin.py:188} INFO - [2026-06-24T12:58:24.649+0300] {dag.py:3954} INFO - Setting next_dagrun for example_python_decorator to None, run_after=None
[2026-06-24T12:58:24.678+0300] {processor.py:183} INFO - Processing /media/data/omar/programming course/DEPI/DEPI project/anomx/venv/lib/python3.12/site-packages/airflow/example_dags/example_python_decorator.py took 0.079 seconds
[2026-06-24T12:59:15.960+0300] {processor.py:161} INFO - Started process (PID=41058) to work on /media/data/omar/programming course/DEPI/DEPI project/anomx/venv/lib/python3.12/site-packages/airflow/example_dags/example_python_decorator.py
[2026-06-24T12:59:15.961+0300] {processor.py:830} INFO - Processing file /media/data/omar/programming course/DEPI/DEPI project/anomx/venv/lib/python3.12/site-packages/airflow/example_dags/example_python_decorator.py for tasks to queue
[2026-06-24T12:59:15.963+0300] {logging_mixin.py:188} INFO - [2026-06-24T12:59:15.962+0300] {dagbag.py:540} INFO - Filling up the DagBag from /media/data/omar/programming course/DEPI/DEPI project/anomx/venv/lib/python3.12/site-packages/airflow/example_dags/example_python_decorator.py
[2026-06-24T12:59:15.980+0300] {processor.py:840} INFO - DAG(s) 'example_python_decorator' retrieved from /media/data/omar/programming course/DEPI/DEPI project/anomx/venv/lib/python3.12/site-packages/airflow/example_dags/example_python_decorator.py
[2026-06-24T12:59:15.999+0300] {logging_mixin.py:188} INFO - [2026-06-24T12:59:15.999+0300] {dag.py:3096} INFO - Sync 1 DAGs
[2026-06-24T12:59:16.008+0300] {logging_mixin.py:188} INFO - [2026-06-24T12:59:16.008+0300] {dag.py:3954} INFO - Setting next_dagrun for example_python_decorator to None, run_after=None
[2026-06-24T12:59:16.040+0300] {processor.py:183} INFO - Processing /media/data/omar/programming course/DEPI/DEPI project/anomx/venv/lib/python3.12/site-packages/airflow/example_dags/example_python_decorator.py took 0.094 seconds
[2026-06-24T13:00:07.109+0300] {processor.py:161} INFO - Started process (PID=41660) to work on /media/data/omar/programming course/DEPI/DEPI project/anomx/venv/lib/python3.12/site-packages/airflow/example_dags/example_python_decorator.py
[2026-06-24T13:00:07.110+0300] {processor.py:830} INFO - Processing file /media/data/omar/programming course/DEPI/DEPI project/anomx/venv/lib/python3.12/site-packages/airflow/example_dags/example_python_decorator.py for tasks to queue
[2026-06-24T13:00:07.112+0300] {logging_mixin.py:188} INFO - [2026-06-24T13:00:07.111+0300] {dagbag.py:540} INFO - Filling up the DagBag from /media/data/omar/programming course/DEPI/DEPI project/anomx/venv/lib/python3.12/site-packages/airflow/example_dags/example_python_decorator.py
[2026-06-24T13:00:07.133+0300] {processor.py:840} INFO - DAG(s) 'example_python_decorator' retrieved from /media/data/omar/programming course/DEPI/DEPI project/anomx/venv/lib/python3.12/site-packages/airflow/example_dags/example_python_decorator.py
[2026-06-24T13:00:07.160+0300] {logging_mixin.py:188} INFO - [2026-06-24T13:00:07.160+0300] {dag.py:3096} INFO - Sync 1 DAGs
[2026-06-24T13:00:07.177+0300] {logging_mixin.py:188} INFO - [2026-06-24T13:00:07.176+0300] {dag.py:3954} INFO - Setting next_dagrun for example_python_decorator to None, run_after=None
[2026-06-24T13:00:07.213+0300] {processor.py:183} INFO - Processing /media/data/omar/programming course/DEPI/DEPI project/anomx/venv/lib/python3.12/site-packages/airflow/example_dags/example_python_decorator.py took 0.111 seconds
[2026-06-24T13:00:55.937+0300] {processor.py:161} INFO - Started process (PID=41974) to work on /media/data/omar/programming course/DEPI/DEPI project/anomx/venv/lib/python3.12/site-packages/airflow/example_dags/example_python_decorator.py
[2026-06-24T13:00:55.938+0300] {processor.py:830} INFO - Processing file /media/data/omar/programming course/DEPI/DEPI project/anomx/venv/lib/python3.12/site-packages/airflow/example_dags/example_python_decorator.py for tasks to queue
[2026-06-24T13:00:55.939+0300] {logging_mixin.py:188} INFO - [2026-06-24T13:00:55.938+0300] {dagbag.py:540} INFO - Filling up the DagBag from /media/data/omar/programming course/DEPI/DEPI project/anomx/venv/lib/python3.12/site-packages/airflow/example_dags/example_python_decorator.py
[2026-06-24T13:00:55.953+0300] {processor.py:840} INFO - DAG(s) 'example_python_decorator' retrieved from /media/data/omar/programming course/DEPI/DEPI project/anomx/venv/lib/python3.12/site-packages/airflow/example_dags/example_python_decorator.py
[2026-06-24T13:00:55.973+0300] {logging_mixin.py:188} INFO - [2026-06-24T13:00:55.973+0300] {dag.py:3096} INFO - Sync 1 DAGs
[2026-06-24T13:00:55.984+0300] {logging_mixin.py:188} INFO - [2026-06-24T13:00:55.984+0300] {dag.py:3954} INFO - Setting next_dagrun for example_python_decorator to None, run_after=None
[2026-06-24T13:00:56.016+0300] {processor.py:183} INFO - Processing /media/data/omar/programming course/DEPI/DEPI project/anomx/venv/lib/python3.12/site-packages/airflow/example_dags/example_python_decorator.py took 0.086 seconds
[2026-06-24T13:01:46.468+0300] {processor.py:161} INFO - Started process (PID=42551) to work on /media/data/omar/programming course/DEPI/DEPI project/anomx/venv/lib/python3.12/site-packages/airflow/example_dags/example_python_decorator.py
[2026-06-24T13:01:46.469+0300] {processor.py:830} INFO - Processing file /media/data/omar/programming course/DEPI/DEPI project/anomx/venv/lib/python3.12/site-packages/airflow/example_dags/example_python_decorator.py for tasks to queue
[2026-06-24T13:01:46.470+0300] {logging_mixin.py:188} INFO - [2026-06-24T13:01:46.470+0300] {dagbag.py:540} INFO - Filling up the DagBag from /media/data/omar/programming course/DEPI/DEPI project/anomx/venv/lib/python3.12/site-packages/airflow/example_dags/example_python_decorator.py
[2026-06-24T13:01:46.484+0300] {processor.py:840} INFO - DAG(s) 'example_python_decorator' retrieved from /media/data/omar/programming course/DEPI/DEPI project/anomx/venv/lib/python3.12/site-packages/airflow/example_dags/example_python_decorator.py
[2026-06-24T13:01:46.502+0300] {logging_mixin.py:188} INFO - [2026-06-24T13:01:46.502+0300] {dag.py:3096} INFO - Sync 1 DAGs
[2026-06-24T13:01:46.516+0300] {logging_mixin.py:188} INFO - [2026-06-24T13:01:46.515+0300] {dag.py:3954} INFO - Setting next_dagrun for example_python_decorator to None, run_after=None
[2026-06-24T13:01:46.549+0300] {processor.py:183} INFO - Processing /media/data/omar/programming course/DEPI/DEPI project/anomx/venv/lib/python3.12/site-packages/airflow/example_dags/example_python_decorator.py took 0.086 seconds
[2026-06-24T13:02:37.268+0300] {processor.py:161} INFO - Started process (PID=42908) to work on /media/data/omar/programming course/DEPI/DEPI project/anomx/venv/lib/python3.12/site-packages/airflow/example_dags/example_python_decorator.py
[2026-06-24T13:02:37.269+0300] {processor.py:830} INFO - Processing file /media/data/omar/programming course/DEPI/DEPI project/anomx/venv/lib/python3.12/site-packages/airflow/example_dags/example_python_decorator.py for tasks to queue
[2026-06-24T13:02:37.271+0300] {logging_mixin.py:188} INFO - [2026-06-24T13:02:37.270+0300] {dagbag.py:540} INFO - Filling up the DagBag from /media/data/omar/programming course/DEPI/DEPI project/anomx/venv/lib/python3.12/site-packages/airflow/example_dags/example_python_decorator.py
[2026-06-24T13:02:37.289+0300] {processor.py:840} INFO - DAG(s) 'example_python_decorator' retrieved from /media/data/omar/programming course/DEPI/DEPI project/anomx/venv/lib/python3.12/site-packages/airflow/example_dags/example_python_decorator.py
[2026-06-24T13:02:37.313+0300] {logging_mixin.py:188} INFO - [2026-06-24T13:02:37.312+0300] {dag.py:3096} INFO - Sync 1 DAGs
[2026-06-24T13:02:37.323+0300] {logging_mixin.py:188} INFO - [2026-06-24T13:02:37.323+0300] {dag.py:3954} INFO - Setting next_dagrun for example_python_decorator to None, run_after=None
[2026-06-24T13:02:37.357+0300] {processor.py:183} INFO - Processing /media/data/omar/programming course/DEPI/DEPI project/anomx/venv/lib/python3.12/site-packages/airflow/example_dags/example_python_decorator.py took 0.100 seconds
[2026-06-24T13:03:28.364+0300] {processor.py:161} INFO - Started process (PID=43508) to work on /media/data/omar/programming course/DEPI/DEPI project/anomx/venv/lib/python3.12/site-packages/airflow/example_dags/example_python_decorator.py
[2026-06-24T13:03:28.365+0300] {processor.py:830} INFO - Processing file /media/data/omar/programming course/DEPI/DEPI project/anomx/venv/lib/python3.12/site-packages/airflow/example_dags/example_python_decorator.py for tasks to queue
[2026-06-24T13:03:28.367+0300] {logging_mixin.py:188} INFO - [2026-06-24T13:03:28.366+0300] {dagbag.py:540} INFO - Filling up the DagBag from /media/data/omar/programming course/DEPI/DEPI project/anomx/venv/lib/python3.12/site-packages/airflow/example_dags/example_python_decorator.py
[2026-06-24T13:03:28.382+0300] {processor.py:840} INFO - DAG(s) 'example_python_decorator' retrieved from /media/data/omar/programming course/DEPI/DEPI project/anomx/venv/lib/python3.12/site-packages/airflow/example_dags/example_python_decorator.py
[2026-06-24T13:03:28.400+0300] {logging_mixin.py:188} INFO - [2026-06-24T13:03:28.399+0300] {dag.py:3096} INFO - Sync 1 DAGs
[2026-06-24T13:03:28.409+0300] {logging_mixin.py:188} INFO - [2026-06-24T13:03:28.409+0300] {dag.py:3954} INFO - Setting next_dagrun for example_python_decorator to None, run_after=None
[2026-06-24T13:03:28.443+0300] {processor.py:183} INFO - Processing /media/data/omar/programming course/DEPI/DEPI project/anomx/venv/lib/python3.12/site-packages/airflow/example_dags/example_python_decorator.py took 0.086 seconds
[2026-06-24T13:04:16.722+0300] {processor.py:161} INFO - Started process (PID=43823) to work on /media/data/omar/programming course/DEPI/DEPI project/anomx/venv/lib/python3.12/site-packages/airflow/example_dags/example_python_decorator.py
[2026-06-24T13:04:16.723+0300] {processor.py:830} INFO - Processing file /media/data/omar/programming course/DEPI/DEPI project/anomx/venv/lib/python3.12/site-packages/airflow/example_dags/example_python_decorator.py for tasks to queue
[2026-06-24T13:04:16.724+0300] {logging_mixin.py:188} INFO - [2026-06-24T13:04:16.723+0300] {dagbag.py:540} INFO - Filling up the DagBag from /media/data/omar/programming course/DEPI/DEPI project/anomx/venv/lib/python3.12/site-packages/airflow/example_dags/example_python_decorator.py
[2026-06-24T13:04:16.737+0300] {processor.py:840} INFO - DAG(s) 'example_python_decorator' retrieved from /media/data/omar/programming course/DEPI/DEPI project/anomx/venv/lib/python3.12/site-packages/airflow/example_dags/example_python_decorator.py
[2026-06-24T13:04:16.754+0300] {logging_mixin.py:188} INFO - [2026-06-24T13:04:16.754+0300] {dag.py:3096} INFO - Sync 1 DAGs
[2026-06-24T13:04:16.763+0300] {logging_mixin.py:188} INFO - [2026-06-24T13:04:16.763+0300] {dag.py:3954} INFO - Setting next_dagrun for example_python_decorator to None, run_after=None
[2026-06-24T13:04:16.793+0300] {processor.py:183} INFO - Processing /media/data/omar/programming course/DEPI/DEPI project/anomx/venv/lib/python3.12/site-packages/airflow/example_dags/example_python_decorator.py took 0.077 seconds
[2026-06-24T13:05:07.321+0300] {processor.py:161} INFO - Started process (PID=44396) to work on /media/data/omar/programming course/DEPI/DEPI project/anomx/venv/lib/python3.12/site-packages/airflow/example_dags/example_python_decorator.py
[2026-06-24T13:05:07.322+0300] {processor.py:830} INFO - Processing file /media/data/omar/programming course/DEPI/DEPI project/anomx/venv/lib/python3.12/site-packages/airflow/example_dags/example_python_decorator.py for tasks to queue
[2026-06-24T13:05:07.324+0300] {logging_mixin.py:188} INFO - [2026-06-24T13:05:07.323+0300] {dagbag.py:540} INFO - Filling up the DagBag from /media/data/omar/programming course/DEPI/DEPI project/anomx/venv/lib/python3.12/site-packages/airflow/example_dags/example_python_decorator.py
[2026-06-24T13:05:07.338+0300] {processor.py:840} INFO - DAG(s) 'example_python_decorator' retrieved from /media/data/omar/programming course/DEPI/DEPI project/anomx/venv/lib/python3.12/site-packages/airflow/example_dags/example_python_decorator.py
[2026-06-24T13:05:07.355+0300] {logging_mixin.py:188} INFO - [2026-06-24T13:05:07.354+0300] {dag.py:3096} INFO - Sync 1 DAGs
[2026-06-24T13:05:07.364+0300] {logging_mixin.py:188} INFO - [2026-06-24T13:05:07.364+0300] {dag.py:3954} INFO - Setting next_dagrun for example_python_decorator to None, run_after=None
[2026-06-24T13:05:07.394+0300] {processor.py:183} INFO - Processing /media/data/omar/programming course/DEPI/DEPI project/anomx/venv/lib/python3.12/site-packages/airflow/example_dags/example_python_decorator.py took 0.079 seconds
[2026-06-24T13:05:59.304+0300] {processor.py:161} INFO - Started process (PID=44742) to work on /media/data/omar/programming course/DEPI/DEPI project/anomx/venv/lib/python3.12/site-packages/airflow/example_dags/example_python_decorator.py
[2026-06-24T13:05:59.305+0300] {processor.py:830} INFO - Processing file /media/data/omar/programming course/DEPI/DEPI project/anomx/venv/lib/python3.12/site-packages/airflow/example_dags/example_python_decorator.py for tasks to queue
[2026-06-24T13:05:59.307+0300] {logging_mixin.py:188} INFO - [2026-06-24T13:05:59.306+0300] {dagbag.py:540} INFO - Filling up the DagBag from /media/data/omar/programming course/DEPI/DEPI project/anomx/venv/lib/python3.12/site-packages/airflow/example_dags/example_python_decorator.py
[2026-06-24T13:05:59.328+0300] {processor.py:840} INFO - DAG(s) 'example_python_decorator' retrieved from /media/data/omar/programming course/DEPI/DEPI project/anomx/venv/lib/python3.12/site-packages/airflow/example_dags/example_python_decorator.py
[2026-06-24T13:05:59.356+0300] {logging_mixin.py:188} INFO - [2026-06-24T13:05:59.356+0300] {dag.py:3096} INFO - Sync 1 DAGs
[2026-06-24T13:05:59.370+0300] {logging_mixin.py:188} INFO - [2026-06-24T13:05:59.370+0300] {dag.py:3954} INFO - Setting next_dagrun for example_python_decorator to None, run_after=None
[2026-06-24T13:05:59.412+0300] {processor.py:183} INFO - Processing /media/data/omar/programming course/DEPI/DEPI project/anomx/venv/lib/python3.12/site-packages/airflow/example_dags/example_python_decorator.py took 0.117 seconds
[2026-06-24T13:06:56.952+0300] {processor.py:161} INFO - Started process (PID=45349) to work on /media/data/omar/programming course/DEPI/DEPI project/anomx/venv/lib/python3.12/site-packages/airflow/example_dags/example_python_decorator.py
[2026-06-24T13:06:56.953+0300] {processor.py:830} INFO - Processing file /media/data/omar/programming course/DEPI/DEPI project/anomx/venv/lib/python3.12/site-packages/airflow/example_dags/example_python_decorator.py for tasks to queue
[2026-06-24T13:06:56.956+0300] {logging_mixin.py:188} INFO - [2026-06-24T13:06:56.955+0300] {dagbag.py:540} INFO - Filling up the DagBag from /media/data/omar/programming course/DEPI/DEPI project/anomx/venv/lib/python3.12/site-packages/airflow/example_dags/example_python_decorator.py
[2026-06-24T13:06:56.977+0300] {processor.py:840} INFO - DAG(s) 'example_python_decorator' retrieved from /media/data/omar/programming course/DEPI/DEPI project/anomx/venv/lib/python3.12/site-packages/airflow/example_dags/example_python_decorator.py
[2026-06-24T13:06:56.996+0300] {logging_mixin.py:188} INFO - [2026-06-24T13:06:56.996+0300] {dag.py:3096} INFO - Sync 1 DAGs
[2026-06-24T13:06:57.007+0300] {logging_mixin.py:188} INFO - [2026-06-24T13:06:57.007+0300] {dag.py:3954} INFO - Setting next_dagrun for example_python_decorator to None, run_after=None
[2026-06-24T13:06:57.039+0300] {processor.py:183} INFO - Processing /media/data/omar/programming course/DEPI/DEPI project/anomx/venv/lib/python3.12/site-packages/airflow/example_dags/example_python_decorator.py took 0.097 seconds
[2026-06-24T13:08:37.883+0300] {processor.py:161} INFO - Started process (PID=46470) to work on /media/data/omar/programming course/DEPI/DEPI project/anomx/venv/lib/python3.12/site-packages/airflow/example_dags/example_python_decorator.py
[2026-06-24T13:08:37.884+0300] {processor.py:830} INFO - Processing file /media/data/omar/programming course/DEPI/DEPI project/anomx/venv/lib/python3.12/site-packages/airflow/example_dags/example_python_decorator.py for tasks to queue
[2026-06-24T13:08:37.885+0300] {logging_mixin.py:188} INFO - [2026-06-24T13:08:37.885+0300] {dagbag.py:540} INFO - Filling up the DagBag from /media/data/omar/programming course/DEPI/DEPI project/anomx/venv/lib/python3.12/site-packages/airflow/example_dags/example_python_decorator.py
[2026-06-24T13:08:37.901+0300] {processor.py:840} INFO - DAG(s) 'example_python_decorator' retrieved from /media/data/omar/programming course/DEPI/DEPI project/anomx/venv/lib/python3.12/site-packages/airflow/example_dags/example_python_decorator.py
[2026-06-24T13:08:37.921+0300] {logging_mixin.py:188} INFO - [2026-06-24T13:08:37.921+0300] {dag.py:3096} INFO - Sync 1 DAGs
[2026-06-24T13:08:37.937+0300] {logging_mixin.py:188} INFO - [2026-06-24T13:08:37.937+0300] {dag.py:3954} INFO - Setting next_dagrun for example_python_decorator to None, run_after=None
[2026-06-24T13:08:37.974+0300] {processor.py:183} INFO - Processing /media/data/omar/programming course/DEPI/DEPI project/anomx/venv/lib/python3.12/site-packages/airflow/example_dags/example_python_decorator.py took 0.097 seconds
[2026-06-24T13:12:24.134+0300] {processor.py:161} INFO - Started process (PID=48788) to work on /media/data/omar/programming course/DEPI/DEPI project/anomx/venv/lib/python3.12/site-packages/airflow/example_dags/example_python_decorator.py
[2026-06-24T13:12:24.135+0300] {processor.py:830} INFO - Processing file /media/data/omar/programming course/DEPI/DEPI project/anomx/venv/lib/python3.12/site-packages/airflow/example_dags/example_python_decorator.py for tasks to queue
[2026-06-24T13:12:24.137+0300] {logging_mixin.py:188} INFO - [2026-06-24T13:12:24.136+0300] {dagbag.py:540} INFO - Filling up the DagBag from /media/data/omar/programming course/DEPI/DEPI project/anomx/venv/lib/python3.12/site-packages/airflow/example_dags/example_python_decorator.py
[2026-06-24T13:12:24.163+0300] {processor.py:840} INFO - DAG(s) 'example_python_decorator' retrieved from /media/data/omar/programming course/DEPI/DEPI project/anomx/venv/lib/python3.12/site-packages/airflow/example_dags/example_python_decorator.py
[2026-06-24T13:12:24.208+0300] {logging_mixin.py:188} INFO - [2026-06-24T13:12:24.207+0300] {dag.py:3096} INFO - Sync 1 DAGs
[2026-06-24T13:12:24.232+0300] {logging_mixin.py:188} INFO - [2026-06-24T13:12:24.230+0300] {dag.py:3954} INFO - Setting next_dagrun for example_python_decorator to None, run_after=None
[2026-06-24T13:12:24.332+0300] {processor.py:183} INFO - Processing /media/data/omar/programming course/DEPI/DEPI project/anomx/venv/lib/python3.12/site-packages/airflow/example_dags/example_python_decorator.py took 0.205 seconds
[2026-06-24T13:13:19.662+0300] {processor.py:161} INFO - Started process (PID=49491) to work on /media/data/omar/programming course/DEPI/DEPI project/anomx/venv/lib/python3.12/site-packages/airflow/example_dags/example_python_decorator.py
[2026-06-24T13:13:19.663+0300] {processor.py:830} INFO - Processing file /media/data/omar/programming course/DEPI/DEPI project/anomx/venv/lib/python3.12/site-packages/airflow/example_dags/example_python_decorator.py for tasks to queue
[2026-06-24T13:13:19.664+0300] {logging_mixin.py:188} INFO - [2026-06-24T13:13:19.664+0300] {dagbag.py:540} INFO - Filling up the DagBag from /media/data/omar/programming course/DEPI/DEPI project/anomx/venv/lib/python3.12/site-packages/airflow/example_dags/example_python_decorator.py
[2026-06-24T13:13:19.681+0300] {processor.py:840} INFO - DAG(s) 'example_python_decorator' retrieved from /media/data/omar/programming course/DEPI/DEPI project/anomx/venv/lib/python3.12/site-packages/airflow/example_dags/example_python_decorator.py
[2026-06-24T13:13:19.697+0300] {logging_mixin.py:188} INFO - [2026-06-24T13:13:19.697+0300] {dag.py:3096} INFO - Sync 1 DAGs
[2026-06-24T13:13:19.705+0300] {logging_mixin.py:188} INFO - [2026-06-24T13:13:19.705+0300] {dag.py:3954} INFO - Setting next_dagrun for example_python_decorator to None, run_after=None
[2026-06-24T13:13:19.733+0300] {processor.py:183} INFO - Processing /media/data/omar/programming course/DEPI/DEPI project/anomx/venv/lib/python3.12/site-packages/airflow/example_dags/example_python_decorator.py took 0.075 seconds
[2026-06-24T13:14:15.800+0300] {processor.py:161} INFO - Started process (PID=49829) to work on /media/data/omar/programming course/DEPI/DEPI project/anomx/venv/lib/python3.12/site-packages/airflow/example_dags/example_python_decorator.py
[2026-06-24T13:14:15.801+0300] {processor.py:830} INFO - Processing file /media/data/omar/programming course/DEPI/DEPI project/anomx/venv/lib/python3.12/site-packages/airflow/example_dags/example_python_decorator.py for tasks to queue
[2026-06-24T13:14:15.802+0300] {logging_mixin.py:188} INFO - [2026-06-24T13:14:15.802+0300] {dagbag.py:540} INFO - Filling up the DagBag from /media/data/omar/programming course/DEPI/DEPI project/anomx/venv/lib/python3.12/site-packages/airflow/example_dags/example_python_decorator.py
[2026-06-24T13:14:15.816+0300] {processor.py:840} INFO - DAG(s) 'example_python_decorator' retrieved from /media/data/omar/programming course/DEPI/DEPI project/anomx/venv/lib/python3.12/site-packages/airflow/example_dags/example_python_decorator.py
[2026-06-24T13:14:15.834+0300] {logging_mixin.py:188} INFO - [2026-06-24T13:14:15.833+0300] {dag.py:3096} INFO - Sync 1 DAGs
[2026-06-24T13:14:15.843+0300] {logging_mixin.py:188} INFO - [2026-06-24T13:14:15.843+0300] {dag.py:3954} INFO - Setting next_dagrun for example_python_decorator to None, run_after=None
[2026-06-24T13:14:15.873+0300] {processor.py:183} INFO - Processing /media/data/omar/programming course/DEPI/DEPI project/anomx/venv/lib/python3.12/site-packages/airflow/example_dags/example_python_decorator.py took 0.080 seconds
[2026-06-24T13:15:08.735+0300] {processor.py:161} INFO - Started process (PID=50495) to work on /media/data/omar/programming course/DEPI/DEPI project/anomx/venv/lib/python3.12/site-packages/airflow/example_dags/example_python_decorator.py
[2026-06-24T13:15:08.736+0300] {processor.py:830} INFO - Processing file /media/data/omar/programming course/DEPI/DEPI project/anomx/venv/lib/python3.12/site-packages/airflow/example_dags/example_python_decorator.py for tasks to queue
[2026-06-24T13:15:08.737+0300] {logging_mixin.py:188} INFO - [2026-06-24T13:15:08.737+0300] {dagbag.py:540} INFO - Filling up the DagBag from /media/data/omar/programming course/DEPI/DEPI project/anomx/venv/lib/python3.12/site-packages/airflow/example_dags/example_python_decorator.py
[2026-06-24T13:15:08.751+0300] {processor.py:840} INFO - DAG(s) 'example_python_decorator' retrieved from /media/data/omar/programming course/DEPI/DEPI project/anomx/venv/lib/python3.12/site-packages/airflow/example_dags/example_python_decorator.py
[2026-06-24T13:15:08.769+0300] {logging_mixin.py:188} INFO - [2026-06-24T13:15:08.769+0300] {dag.py:3096} INFO - Sync 1 DAGs
[2026-06-24T13:15:08.782+0300] {logging_mixin.py:188} INFO - [2026-06-24T13:15:08.781+0300] {dag.py:3954} INFO - Setting next_dagrun for example_python_decorator to None, run_after=None
[2026-06-24T13:15:08.817+0300] {processor.py:183} INFO - Processing /media/data/omar/programming course/DEPI/DEPI project/anomx/venv/lib/python3.12/site-packages/airflow/example_dags/example_python_decorator.py took 0.088 seconds
[2026-06-24T13:15:57.036+0300] {processor.py:161} INFO - Started process (PID=50784) to work on /media/data/omar/programming course/DEPI/DEPI project/anomx/venv/lib/python3.12/site-packages/airflow/example_dags/example_python_decorator.py
[2026-06-24T13:15:57.038+0300] {processor.py:830} INFO - Processing file /media/data/omar/programming course/DEPI/DEPI project/anomx/venv/lib/python3.12/site-packages/airflow/example_dags/example_python_decorator.py for tasks to queue
[2026-06-24T13:15:57.040+0300] {logging_mixin.py:188} INFO - [2026-06-24T13:15:57.039+0300] {dagbag.py:540} INFO - Filling up the DagBag from /media/data/omar/programming course/DEPI/DEPI project/anomx/venv/lib/python3.12/site-packages/airflow/example_dags/example_python_decorator.py
[2026-06-24T13:15:57.063+0300] {processor.py:840} INFO - DAG(s) 'example_python_decorator' retrieved from /media/data/omar/programming course/DEPI/DEPI project/anomx/venv/lib/python3.12/site-packages/airflow/example_dags/example_python_decorator.py
[2026-06-24T13:15:57.091+0300] {logging_mixin.py:188} INFO - [2026-06-24T13:15:57.091+0300] {dag.py:3096} INFO - Sync 1 DAGs
[2026-06-24T13:15:57.106+0300] {logging_mixin.py:188} INFO - [2026-06-24T13:15:57.106+0300] {dag.py:3954} INFO - Setting next_dagrun for example_python_decorator to None, run_after=None
[2026-06-24T13:15:57.143+0300] {processor.py:183} INFO - Processing /media/data/omar/programming course/DEPI/DEPI project/anomx/venv/lib/python3.12/site-packages/airflow/example_dags/example_python_decorator.py took 0.117 seconds
[2026-06-24T13:16:49.296+0300] {processor.py:161} INFO - Started process (PID=51419) to work on /media/data/omar/programming course/DEPI/DEPI project/anomx/venv/lib/python3.12/site-packages/airflow/example_dags/example_python_decorator.py
[2026-06-24T13:16:49.297+0300] {processor.py:830} INFO - Processing file /media/data/omar/programming course/DEPI/DEPI project/anomx/venv/lib/python3.12/site-packages/airflow/example_dags/example_python_decorator.py for tasks to queue
[2026-06-24T13:16:49.298+0300] {logging_mixin.py:188} INFO - [2026-06-24T13:16:49.298+0300] {dagbag.py:540} INFO - Filling up the DagBag from /media/data/omar/programming course/DEPI/DEPI project/anomx/venv/lib/python3.12/site-packages/airflow/example_dags/example_python_decorator.py
[2026-06-24T13:16:49.312+0300] {processor.py:840} INFO - DAG(s) 'example_python_decorator' retrieved from /media/data/omar/programming course/DEPI/DEPI project/anomx/venv/lib/python3.12/site-packages/airflow/example_dags/example_python_decorator.py
[2026-06-24T13:16:49.331+0300] {logging_mixin.py:188} INFO - [2026-06-24T13:16:49.330+0300] {dag.py:3096} INFO - Sync 1 DAGs
[2026-06-24T13:16:49.344+0300] {logging_mixin.py:188} INFO - [2026-06-24T13:16:49.343+0300] {dag.py:3954} INFO - Setting next_dagrun for example_python_decorator to None, run_after=None
[2026-06-24T13:16:49.373+0300] {processor.py:183} INFO - Processing /media/data/omar/programming course/DEPI/DEPI project/anomx/venv/lib/python3.12/site-packages/airflow/example_dags/example_python_decorator.py took 0.084 seconds
[2026-06-24T13:17:41.691+0300] {processor.py:161} INFO - Started process (PID=51757) to work on /media/data/omar/programming course/DEPI/DEPI project/anomx/venv/lib/python3.12/site-packages/airflow/example_dags/example_python_decorator.py
[2026-06-24T13:17:41.692+0300] {processor.py:830} INFO - Processing file /media/data/omar/programming course/DEPI/DEPI project/anomx/venv/lib/python3.12/site-packages/airflow/example_dags/example_python_decorator.py for tasks to queue
[2026-06-24T13:17:41.693+0300] {logging_mixin.py:188} INFO - [2026-06-24T13:17:41.693+0300] {dagbag.py:540} INFO - Filling up the DagBag from /media/data/omar/programming course/DEPI/DEPI project/anomx/venv/lib/python3.12/site-packages/airflow/example_dags/example_python_decorator.py
[2026-06-24T13:17:41.708+0300] {processor.py:840} INFO - DAG(s) 'example_python_decorator' retrieved from /media/data/omar/programming course/DEPI/DEPI project/anomx/venv/lib/python3.12/site-packages/airflow/example_dags/example_python_decorator.py
[2026-06-24T13:17:41.727+0300] {logging_mixin.py:188} INFO - [2026-06-24T13:17:41.726+0300] {dag.py:3096} INFO - Sync 1 DAGs
[2026-06-24T13:17:41.738+0300] {logging_mixin.py:188} INFO - [2026-06-24T13:17:41.738+0300] {dag.py:3954} INFO - Setting next_dagrun for example_python_decorator to None, run_after=None
[2026-06-24T13:17:41.769+0300] {processor.py:183} INFO - Processing /media/data/omar/programming course/DEPI/DEPI project/anomx/venv/lib/python3.12/site-packages/airflow/example_dags/example_python_decorator.py took 0.084 seconds
[2026-06-24T13:18:31.055+0300] {processor.py:161} INFO - Started process (PID=52364) to work on /media/data/omar/programming course/DEPI/DEPI project/anomx/venv/lib/python3.12/site-packages/airflow/example_dags/example_python_decorator.py
[2026-06-24T13:18:31.056+0300] {processor.py:830} INFO - Processing file /media/data/omar/programming course/DEPI/DEPI project/anomx/venv/lib/python3.12/site-packages/airflow/example_dags/example_python_decorator.py for tasks to queue
[2026-06-24T13:18:31.057+0300] {logging_mixin.py:188} INFO - [2026-06-24T13:18:31.056+0300] {dagbag.py:540} INFO - Filling up the DagBag from /media/data/omar/programming course/DEPI/DEPI project/anomx/venv/lib/python3.12/site-packages/airflow/example_dags/example_python_decorator.py
[2026-06-24T13:18:31.071+0300] {processor.py:840} INFO - DAG(s) 'example_python_decorator' retrieved from /media/data/omar/programming course/DEPI/DEPI project/anomx/venv/lib/python3.12/site-packages/airflow/example_dags/example_python_decorator.py
[2026-06-24T13:18:31.090+0300] {logging_mixin.py:188} INFO - [2026-06-24T13:18:31.089+0300] {dag.py:3096} INFO - Sync 1 DAGs
[2026-06-24T13:18:31.099+0300] {logging_mixin.py:188} INFO - [2026-06-24T13:18:31.098+0300] {dag.py:3954} INFO - Setting next_dagrun for example_python_decorator to None, run_after=None
[2026-06-24T13:18:31.128+0300] {processor.py:183} INFO - Processing /media/data/omar/programming course/DEPI/DEPI project/anomx/venv/lib/python3.12/site-packages/airflow/example_dags/example_python_decorator.py took 0.080 seconds
[2026-06-24T13:19:22.184+0300] {processor.py:161} INFO - Started process (PID=52637) to work on /media/data/omar/programming course/DEPI/DEPI project/anomx/venv/lib/python3.12/site-packages/airflow/example_dags/example_python_decorator.py
[2026-06-24T13:19:22.185+0300] {processor.py:830} INFO - Processing file /media/data/omar/programming course/DEPI/DEPI project/anomx/venv/lib/python3.12/site-packages/airflow/example_dags/example_python_decorator.py for tasks to queue
[2026-06-24T13:19:22.186+0300] {logging_mixin.py:188} INFO - [2026-06-24T13:19:22.185+0300] {dagbag.py:540} INFO - Filling up the DagBag from /media/data/omar/programming course/DEPI/DEPI project/anomx/venv/lib/python3.12/site-packages/airflow/example_dags/example_python_decorator.py
[2026-06-24T13:19:22.198+0300] {processor.py:840} INFO - DAG(s) 'example_python_decorator' retrieved from /media/data/omar/programming course/DEPI/DEPI project/anomx/venv/lib/python3.12/site-packages/airflow/example_dags/example_python_decorator.py
[2026-06-24T13:19:22.214+0300] {logging_mixin.py:188} INFO - [2026-06-24T13:19:22.214+0300] {dag.py:3096} INFO - Sync 1 DAGs
[2026-06-24T13:19:22.223+0300] {logging_mixin.py:188} INFO - [2026-06-24T13:19:22.222+0300] {dag.py:3954} INFO - Setting next_dagrun for example_python_decorator to None, run_after=None
[2026-06-24T13:19:22.249+0300] {processor.py:183} INFO - Processing /media/data/omar/programming course/DEPI/DEPI project/anomx/venv/lib/python3.12/site-packages/airflow/example_dags/example_python_decorator.py took 0.070 seconds
[2026-06-24T13:20:11.666+0300] {processor.py:161} INFO - Started process (PID=52933) to work on /media/data/omar/programming course/DEPI/DEPI project/anomx/venv/lib/python3.12/site-packages/airflow/example_dags/example_python_decorator.py
[2026-06-24T13:20:11.667+0300] {processor.py:830} INFO - Processing file /media/data/omar/programming course/DEPI/DEPI project/anomx/venv/lib/python3.12/site-packages/airflow/example_dags/example_python_decorator.py for tasks to queue
[2026-06-24T13:20:11.668+0300] {logging_mixin.py:188} INFO - [2026-06-24T13:20:11.668+0300] {dagbag.py:540} INFO - Filling up the DagBag from /media/data/omar/programming course/DEPI/DEPI project/anomx/venv/lib/python3.12/site-packages/airflow/example_dags/example_python_decorator.py
[2026-06-24T13:20:11.683+0300] {processor.py:840} INFO - DAG(s) 'example_python_decorator' retrieved from /media/data/omar/programming course/DEPI/DEPI project/anomx/venv/lib/python3.12/site-packages/airflow/example_dags/example_python_decorator.py
[2026-06-24T13:20:11.703+0300] {logging_mixin.py:188} INFO - [2026-06-24T13:20:11.702+0300] {dag.py:3096} INFO - Sync 1 DAGs
[2026-06-24T13:20:11.714+0300] {logging_mixin.py:188} INFO - [2026-06-24T13:20:11.713+0300] {dag.py:3954} INFO - Setting next_dagrun for example_python_decorator to None, run_after=None
[2026-06-24T13:20:11.754+0300] {processor.py:183} INFO - Processing /media/data/omar/programming course/DEPI/DEPI project/anomx/venv/lib/python3.12/site-packages/airflow/example_dags/example_python_decorator.py took 0.094 seconds
[2026-06-24T13:21:07.194+0300] {processor.py:161} INFO - Started process (PID=53603) to work on /media/data/omar/programming course/DEPI/DEPI project/anomx/venv/lib/python3.12/site-packages/airflow/example_dags/example_python_decorator.py
[2026-06-24T13:21:07.200+0300] {processor.py:830} INFO - Processing file /media/data/omar/programming course/DEPI/DEPI project/anomx/venv/lib/python3.12/site-packages/airflow/example_dags/example_python_decorator.py for tasks to queue
[2026-06-24T13:21:07.204+0300] {logging_mixin.py:188} INFO - [2026-06-24T13:21:07.202+0300] {dagbag.py:540} INFO - Filling up the DagBag from /media/data/omar/programming course/DEPI/DEPI project/anomx/venv/lib/python3.12/site-packages/airflow/example_dags/example_python_decorator.py
[2026-06-24T13:21:07.267+0300] {processor.py:840} INFO - DAG(s) 'example_python_decorator' retrieved from /media/data/omar/programming course/DEPI/DEPI project/anomx/venv/lib/python3.12/site-packages/airflow/example_dags/example_python_decorator.py
[2026-06-24T13:21:07.319+0300] {logging_mixin.py:188} INFO - [2026-06-24T13:21:07.318+0300] {dag.py:3096} INFO - Sync 1 DAGs
[2026-06-24T13:21:07.358+0300] {logging_mixin.py:188} INFO - [2026-06-24T13:21:07.356+0300] {dag.py:3954} INFO - Setting next_dagrun for example_python_decorator to None, run_after=None
[2026-06-24T13:21:07.459+0300] {processor.py:183} INFO - Processing /media/data/omar/programming course/DEPI/DEPI project/anomx/venv/lib/python3.12/site-packages/airflow/example_dags/example_python_decorator.py took 0.285 seconds
[2026-06-24T13:22:28.097+0300] {processor.py:161} INFO - Started process (PID=54014) to work on /media/data/omar/programming course/DEPI/DEPI project/anomx/venv/lib/python3.12/site-packages/airflow/example_dags/example_python_decorator.py
[2026-06-24T13:22:28.099+0300] {processor.py:830} INFO - Processing file /media/data/omar/programming course/DEPI/DEPI project/anomx/venv/lib/python3.12/site-packages/airflow/example_dags/example_python_decorator.py for tasks to queue
[2026-06-24T13:22:28.102+0300] {logging_mixin.py:188} INFO - [2026-06-24T13:22:28.101+0300] {dagbag.py:540} INFO - Filling up the DagBag from /media/data/omar/programming course/DEPI/DEPI project/anomx/venv/lib/python3.12/site-packages/airflow/example_dags/example_python_decorator.py
[2026-06-24T13:22:28.151+0300] {processor.py:840} INFO - DAG(s) 'example_python_decorator' retrieved from /media/data/omar/programming course/DEPI/DEPI project/anomx/venv/lib/python3.12/site-packages/airflow/example_dags/example_python_decorator.py
[2026-06-24T13:22:28.207+0300] {logging_mixin.py:188} INFO - [2026-06-24T13:22:28.205+0300] {dag.py:3096} INFO - Sync 1 DAGs
[2026-06-24T13:22:28.241+0300] {logging_mixin.py:188} INFO - [2026-06-24T13:22:28.239+0300] {dag.py:3954} INFO - Setting next_dagrun for example_python_decorator to None, run_after=None
[2026-06-24T13:22:28.320+0300] {processor.py:183} INFO - Processing /media/data/omar/programming course/DEPI/DEPI project/anomx/venv/lib/python3.12/site-packages/airflow/example_dags/example_python_decorator.py took 0.244 seconds
[2026-06-24T13:23:48.253+0300] {processor.py:161} INFO - Started process (PID=54726) to work on /media/data/omar/programming course/DEPI/DEPI project/anomx/venv/lib/python3.12/site-packages/airflow/example_dags/example_python_decorator.py
[2026-06-24T13:23:48.256+0300] {processor.py:830} INFO - Processing file /media/data/omar/programming course/DEPI/DEPI project/anomx/venv/lib/python3.12/site-packages/airflow/example_dags/example_python_decorator.py for tasks to queue
[2026-06-24T13:23:48.259+0300] {logging_mixin.py:188} INFO - [2026-06-24T13:23:48.257+0300] {dagbag.py:540} INFO - Filling up the DagBag from /media/data/omar/programming course/DEPI/DEPI project/anomx/venv/lib/python3.12/site-packages/airflow/example_dags/example_python_decorator.py
[2026-06-24T13:23:48.304+0300] {processor.py:840} INFO - DAG(s) 'example_python_decorator' retrieved from /media/data/omar/programming course/DEPI/DEPI project/anomx/venv/lib/python3.12/site-packages/airflow/example_dags/example_python_decorator.py
[2026-06-24T13:23:48.357+0300] {logging_mixin.py:188} INFO - [2026-06-24T13:23:48.355+0300] {dag.py:3096} INFO - Sync 1 DAGs
[2026-06-24T13:23:48.379+0300] {logging_mixin.py:188} INFO - [2026-06-24T13:23:48.378+0300] {dag.py:3954} INFO - Setting next_dagrun for example_python_decorator to None, run_after=None
[2026-06-24T13:23:48.470+0300] {processor.py:183} INFO - Processing /media/data/omar/programming course/DEPI/DEPI project/anomx/venv/lib/python3.12/site-packages/airflow/example_dags/example_python_decorator.py took 0.231 seconds
[2026-06-24T13:25:10.040+0300] {processor.py:161} INFO - Started process (PID=55194) to work on /media/data/omar/programming course/DEPI/DEPI project/anomx/venv/lib/python3.12/site-packages/airflow/example_dags/example_python_decorator.py
[2026-06-24T13:25:10.043+0300] {processor.py:830} INFO - Processing file /media/data/omar/programming course/DEPI/DEPI project/anomx/venv/lib/python3.12/site-packages/airflow/example_dags/example_python_decorator.py for tasks to queue
[2026-06-24T13:25:10.045+0300] {logging_mixin.py:188} INFO - [2026-06-24T13:25:10.044+0300] {dagbag.py:540} INFO - Filling up the DagBag from /media/data/omar/programming course/DEPI/DEPI project/anomx/venv/lib/python3.12/site-packages/airflow/example_dags/example_python_decorator.py
[2026-06-24T13:25:10.078+0300] {processor.py:840} INFO - DAG(s) 'example_python_decorator' retrieved from /media/data/omar/programming course/DEPI/DEPI project/anomx/venv/lib/python3.12/site-packages/airflow/example_dags/example_python_decorator.py
[2026-06-24T13:25:10.119+0300] {logging_mixin.py:188} INFO - [2026-06-24T13:25:10.119+0300] {dag.py:3096} INFO - Sync 1 DAGs
[2026-06-24T13:25:10.141+0300] {logging_mixin.py:188} INFO - [2026-06-24T13:25:10.139+0300] {dag.py:3954} INFO - Setting next_dagrun for example_python_decorator to None, run_after=None
[2026-06-24T13:25:10.211+0300] {processor.py:183} INFO - Processing /media/data/omar/programming course/DEPI/DEPI project/anomx/venv/lib/python3.12/site-packages/airflow/example_dags/example_python_decorator.py took 0.190 seconds
[2026-06-24T13:26:10.000+0300] {processor.py:161} INFO - Started process (PID=55841) to work on /media/data/omar/programming course/DEPI/DEPI project/anomx/venv/lib/python3.12/site-packages/airflow/example_dags/example_python_decorator.py
[2026-06-24T13:26:10.001+0300] {processor.py:830} INFO - Processing file /media/data/omar/programming course/DEPI/DEPI project/anomx/venv/lib/python3.12/site-packages/airflow/example_dags/example_python_decorator.py for tasks to queue
[2026-06-24T13:26:10.002+0300] {logging_mixin.py:188} INFO - [2026-06-24T13:26:10.001+0300] {dagbag.py:540} INFO - Filling up the DagBag from /media/data/omar/programming course/DEPI/DEPI project/anomx/venv/lib/python3.12/site-packages/airflow/example_dags/example_python_decorator.py
[2026-06-24T13:26:10.019+0300] {processor.py:840} INFO - DAG(s) 'example_python_decorator' retrieved from /media/data/omar/programming course/DEPI/DEPI project/anomx/venv/lib/python3.12/site-packages/airflow/example_dags/example_python_decorator.py
[2026-06-24T13:26:10.041+0300] {logging_mixin.py:188} INFO - [2026-06-24T13:26:10.041+0300] {dag.py:3096} INFO - Sync 1 DAGs
[2026-06-24T13:26:10.052+0300] {logging_mixin.py:188} INFO - [2026-06-24T13:26:10.052+0300] {dag.py:3954} INFO - Setting next_dagrun for example_python_decorator to None, run_after=None
[2026-06-24T13:26:10.085+0300] {processor.py:183} INFO - Processing /media/data/omar/programming course/DEPI/DEPI project/anomx/venv/lib/python3.12/site-packages/airflow/example_dags/example_python_decorator.py took 0.092 seconds
[2026-06-24T13:27:05.795+0300] {processor.py:161} INFO - Started process (PID=56181) to work on /media/data/omar/programming course/DEPI/DEPI project/anomx/venv/lib/python3.12/site-packages/airflow/example_dags/example_python_decorator.py
[2026-06-24T13:27:05.797+0300] {processor.py:830} INFO - Processing file /media/data/omar/programming course/DEPI/DEPI project/anomx/venv/lib/python3.12/site-packages/airflow/example_dags/example_python_decorator.py for tasks to queue
[2026-06-24T13:27:05.799+0300] {logging_mixin.py:188} INFO - [2026-06-24T13:27:05.798+0300] {dagbag.py:540} INFO - Filling up the DagBag from /media/data/omar/programming course/DEPI/DEPI project/anomx/venv/lib/python3.12/site-packages/airflow/example_dags/example_python_decorator.py
[2026-06-24T13:27:05.819+0300] {processor.py:840} INFO - DAG(s) 'example_python_decorator' retrieved from /media/data/omar/programming course/DEPI/DEPI project/anomx/venv/lib/python3.12/site-packages/airflow/example_dags/example_python_decorator.py
[2026-06-24T13:27:05.837+0300] {logging_mixin.py:188} INFO - [2026-06-24T13:27:05.837+0300] {dag.py:3096} INFO - Sync 1 DAGs
[2026-06-24T13:27:05.847+0300] {logging_mixin.py:188} INFO - [2026-06-24T13:27:05.846+0300] {dag.py:3954} INFO - Setting next_dagrun for example_python_decorator to None, run_after=None
[2026-06-24T13:27:05.874+0300] {processor.py:183} INFO - Processing /media/data/omar/programming course/DEPI/DEPI project/anomx/venv/lib/python3.12/site-packages/airflow/example_dags/example_python_decorator.py took 0.090 seconds
[2026-06-24T13:27:55.332+0300] {processor.py:161} INFO - Started process (PID=56840) to work on /media/data/omar/programming course/DEPI/DEPI project/anomx/venv/lib/python3.12/site-packages/airflow/example_dags/example_python_decorator.py
[2026-06-24T13:27:55.334+0300] {processor.py:830} INFO - Processing file /media/data/omar/programming course/DEPI/DEPI project/anomx/venv/lib/python3.12/site-packages/airflow/example_dags/example_python_decorator.py for tasks to queue
[2026-06-24T13:27:55.336+0300] {logging_mixin.py:188} INFO - [2026-06-24T13:27:55.335+0300] {dagbag.py:540} INFO - Filling up the DagBag from /media/data/omar/programming course/DEPI/DEPI project/anomx/venv/lib/python3.12/site-packages/airflow/example_dags/example_python_decorator.py
[2026-06-24T13:27:55.356+0300] {processor.py:840} INFO - DAG(s) 'example_python_decorator' retrieved from /media/data/omar/programming course/DEPI/DEPI project/anomx/venv/lib/python3.12/site-packages/airflow/example_dags/example_python_decorator.py
[2026-06-24T13:27:55.375+0300] {logging_mixin.py:188} INFO - [2026-06-24T13:27:55.375+0300] {dag.py:3096} INFO - Sync 1 DAGs
[2026-06-24T13:27:55.384+0300] {logging_mixin.py:188} INFO - [2026-06-24T13:27:55.384+0300] {dag.py:3954} INFO - Setting next_dagrun for example_python_decorator to None, run_after=None
[2026-06-24T13:27:55.413+0300] {processor.py:183} INFO - Processing /media/data/omar/programming course/DEPI/DEPI project/anomx/venv/lib/python3.12/site-packages/airflow/example_dags/example_python_decorator.py took 0.096 seconds
[2026-06-24T13:28:43.555+0300] {processor.py:161} INFO - Started process (PID=57148) to work on /media/data/omar/programming course/DEPI/DEPI project/anomx/venv/lib/python3.12/site-packages/airflow/example_dags/example_python_decorator.py
[2026-06-24T13:28:43.557+0300] {processor.py:830} INFO - Processing file /media/data/omar/programming course/DEPI/DEPI project/anomx/venv/lib/python3.12/site-packages/airflow/example_dags/example_python_decorator.py for tasks to queue
[2026-06-24T13:28:43.559+0300] {logging_mixin.py:188} INFO - [2026-06-24T13:28:43.558+0300] {dagbag.py:540} INFO - Filling up the DagBag from /media/data/omar/programming course/DEPI/DEPI project/anomx/venv/lib/python3.12/site-packages/airflow/example_dags/example_python_decorator.py
[2026-06-24T13:28:43.583+0300] {processor.py:840} INFO - DAG(s) 'example_python_decorator' retrieved from /media/data/omar/programming course/DEPI/DEPI project/anomx/venv/lib/python3.12/site-packages/airflow/example_dags/example_python_decorator.py
[2026-06-24T13:28:43.600+0300] {logging_mixin.py:188} INFO - [2026-06-24T13:28:43.600+0300] {dag.py:3096} INFO - Sync 1 DAGs
[2026-06-24T13:28:43.608+0300] {logging_mixin.py:188} INFO - [2026-06-24T13:28:43.608+0300] {dag.py:3954} INFO - Setting next_dagrun for example_python_decorator to None, run_after=None
[2026-06-24T13:28:43.637+0300] {processor.py:183} INFO - Processing /media/data/omar/programming course/DEPI/DEPI project/anomx/venv/lib/python3.12/site-packages/airflow/example_dags/example_python_decorator.py took 0.094 seconds
[2026-06-24T13:29:35.594+0300] {processor.py:161} INFO - Started process (PID=57787) to work on /media/data/omar/programming course/DEPI/DEPI project/anomx/venv/lib/python3.12/site-packages/airflow/example_dags/example_python_decorator.py
[2026-06-24T13:29:35.595+0300] {processor.py:830} INFO - Processing file /media/data/omar/programming course/DEPI/DEPI project/anomx/venv/lib/python3.12/site-packages/airflow/example_dags/example_python_decorator.py for tasks to queue
[2026-06-24T13:29:35.596+0300] {logging_mixin.py:188} INFO - [2026-06-24T13:29:35.596+0300] {dagbag.py:540} INFO - Filling up the DagBag from /media/data/omar/programming course/DEPI/DEPI project/anomx/venv/lib/python3.12/site-packages/airflow/example_dags/example_python_decorator.py
[2026-06-24T13:29:35.609+0300] {processor.py:840} INFO - DAG(s) 'example_python_decorator' retrieved from /media/data/omar/programming course/DEPI/DEPI project/anomx/venv/lib/python3.12/site-packages/airflow/example_dags/example_python_decorator.py
[2026-06-24T13:29:35.627+0300] {logging_mixin.py:188} INFO - [2026-06-24T13:29:35.627+0300] {dag.py:3096} INFO - Sync 1 DAGs
[2026-06-24T13:29:35.638+0300] {logging_mixin.py:188} INFO - [2026-06-24T13:29:35.637+0300] {dag.py:3954} INFO - Setting next_dagrun for example_python_decorator to None, run_after=None
[2026-06-24T13:29:35.669+0300] {processor.py:183} INFO - Processing /media/data/omar/programming course/DEPI/DEPI project/anomx/venv/lib/python3.12/site-packages/airflow/example_dags/example_python_decorator.py took 0.080 seconds
[2026-06-24T13:30:27.896+0300] {processor.py:161} INFO - Started process (PID=58106) to work on /media/data/omar/programming course/DEPI/DEPI project/anomx/venv/lib/python3.12/site-packages/airflow/example_dags/example_python_decorator.py
[2026-06-24T13:30:27.897+0300] {processor.py:830} INFO - Processing file /media/data/omar/programming course/DEPI/DEPI project/anomx/venv/lib/python3.12/site-packages/airflow/example_dags/example_python_decorator.py for tasks to queue
[2026-06-24T13:30:27.899+0300] {logging_mixin.py:188} INFO - [2026-06-24T13:30:27.898+0300] {dagbag.py:540} INFO - Filling up the DagBag from /media/data/omar/programming course/DEPI/DEPI project/anomx/venv/lib/python3.12/site-packages/airflow/example_dags/example_python_decorator.py
[2026-06-24T13:30:27.919+0300] {processor.py:840} INFO - DAG(s) 'example_python_decorator' retrieved from /media/data/omar/programming course/DEPI/DEPI project/anomx/venv/lib/python3.12/site-packages/airflow/example_dags/example_python_decorator.py
[2026-06-24T13:30:27.941+0300] {logging_mixin.py:188} INFO - [2026-06-24T13:30:27.941+0300] {dag.py:3096} INFO - Sync 1 DAGs
[2026-06-24T13:30:27.952+0300] {logging_mixin.py:188} INFO - [2026-06-24T13:30:27.952+0300] {dag.py:3954} INFO - Setting next_dagrun for example_python_decorator to None, run_after=None
[2026-06-24T13:30:27.989+0300] {processor.py:183} INFO - Processing /media/data/omar/programming course/DEPI/DEPI project/anomx/venv/lib/python3.12/site-packages/airflow/example_dags/example_python_decorator.py took 0.098 seconds
[2026-06-24T13:31:22.664+0300] {processor.py:161} INFO - Started process (PID=58735) to work on /media/data/omar/programming course/DEPI/DEPI project/anomx/venv/lib/python3.12/site-packages/airflow/example_dags/example_python_decorator.py
[2026-06-24T13:31:22.665+0300] {processor.py:830} INFO - Processing file /media/data/omar/programming course/DEPI/DEPI project/anomx/venv/lib/python3.12/site-packages/airflow/example_dags/example_python_decorator.py for tasks to queue
[2026-06-24T13:31:22.666+0300] {logging_mixin.py:188} INFO - [2026-06-24T13:31:22.666+0300] {dagbag.py:540} INFO - Filling up the DagBag from /media/data/omar/programming course/DEPI/DEPI project/anomx/venv/lib/python3.12/site-packages/airflow/example_dags/example_python_decorator.py
[2026-06-24T13:31:22.683+0300] {processor.py:840} INFO - DAG(s) 'example_python_decorator' retrieved from /media/data/omar/programming course/DEPI/DEPI project/anomx/venv/lib/python3.12/site-packages/airflow/example_dags/example_python_decorator.py
[2026-06-24T13:31:22.701+0300] {logging_mixin.py:188} INFO - [2026-06-24T13:31:22.701+0300] {dag.py:3096} INFO - Sync 1 DAGs
[2026-06-24T13:31:22.709+0300] {logging_mixin.py:188} INFO - [2026-06-24T13:31:22.709+0300] {dag.py:3954} INFO - Setting next_dagrun for example_python_decorator to None, run_after=None
[2026-06-24T13:31:22.747+0300] {processor.py:183} INFO - Processing /media/data/omar/programming course/DEPI/DEPI project/anomx/venv/lib/python3.12/site-packages/airflow/example_dags/example_python_decorator.py took 0.091 seconds
[2026-06-24T13:32:12.978+0300] {processor.py:161} INFO - Started process (PID=59067) to work on /media/data/omar/programming course/DEPI/DEPI project/anomx/venv/lib/python3.12/site-packages/airflow/example_dags/example_python_decorator.py
[2026-06-24T13:32:12.979+0300] {processor.py:830} INFO - Processing file /media/data/omar/programming course/DEPI/DEPI project/anomx/venv/lib/python3.12/site-packages/airflow/example_dags/example_python_decorator.py for tasks to queue
[2026-06-24T13:32:12.980+0300] {logging_mixin.py:188} INFO - [2026-06-24T13:32:12.979+0300] {dagbag.py:540} INFO - Filling up the DagBag from /media/data/omar/programming course/DEPI/DEPI project/anomx/venv/lib/python3.12/site-packages/airflow/example_dags/example_python_decorator.py
[2026-06-24T13:32:12.992+0300] {processor.py:840} INFO - DAG(s) 'example_python_decorator' retrieved from /media/data/omar/programming course/DEPI/DEPI project/anomx/venv/lib/python3.12/site-packages/airflow/example_dags/example_python_decorator.py
[2026-06-24T13:32:13.009+0300] {logging_mixin.py:188} INFO - [2026-06-24T13:32:13.009+0300] {dag.py:3096} INFO - Sync 1 DAGs
[2026-06-24T13:32:13.018+0300] {logging_mixin.py:188} INFO - [2026-06-24T13:32:13.018+0300] {dag.py:3954} INFO - Setting next_dagrun for example_python_decorator to None, run_after=None
[2026-06-24T13:32:13.047+0300] {processor.py:183} INFO - Processing /media/data/omar/programming course/DEPI/DEPI project/anomx/venv/lib/python3.12/site-packages/airflow/example_dags/example_python_decorator.py took 0.074 seconds
[2026-06-24T13:33:00.983+0300] {processor.py:161} INFO - Started process (PID=59683) to work on /media/data/omar/programming course/DEPI/DEPI project/anomx/venv/lib/python3.12/site-packages/airflow/example_dags/example_python_decorator.py
[2026-06-24T13:33:00.984+0300] {processor.py:830} INFO - Processing file /media/data/omar/programming course/DEPI/DEPI project/anomx/venv/lib/python3.12/site-packages/airflow/example_dags/example_python_decorator.py for tasks to queue
[2026-06-24T13:33:00.986+0300] {logging_mixin.py:188} INFO - [2026-06-24T13:33:00.985+0300] {dagbag.py:540} INFO - Filling up the DagBag from /media/data/omar/programming course/DEPI/DEPI project/anomx/venv/lib/python3.12/site-packages/airflow/example_dags/example_python_decorator.py
[2026-06-24T13:33:01.000+0300] {processor.py:840} INFO - DAG(s) 'example_python_decorator' retrieved from /media/data/omar/programming course/DEPI/DEPI project/anomx/venv/lib/python3.12/site-packages/airflow/example_dags/example_python_decorator.py
[2026-06-24T13:33:01.016+0300] {logging_mixin.py:188} INFO - [2026-06-24T13:33:01.015+0300] {dag.py:3096} INFO - Sync 1 DAGs
[2026-06-24T13:33:01.024+0300] {logging_mixin.py:188} INFO - [2026-06-24T13:33:01.024+0300] {dag.py:3954} INFO - Setting next_dagrun for example_python_decorator to None, run_after=None
[2026-06-24T13:33:01.053+0300] {processor.py:183} INFO - Processing /media/data/omar/programming course/DEPI/DEPI project/anomx/venv/lib/python3.12/site-packages/airflow/example_dags/example_python_decorator.py took 0.078 seconds
[2026-06-24T13:33:53.161+0300] {processor.py:161} INFO - Started process (PID=59998) to work on /media/data/omar/programming course/DEPI/DEPI project/anomx/venv/lib/python3.12/site-packages/airflow/example_dags/example_python_decorator.py
[2026-06-24T13:33:53.162+0300] {processor.py:830} INFO - Processing file /media/data/omar/programming course/DEPI/DEPI project/anomx/venv/lib/python3.12/site-packages/airflow/example_dags/example_python_decorator.py for tasks to queue
[2026-06-24T13:33:53.163+0300] {logging_mixin.py:188} INFO - [2026-06-24T13:33:53.163+0300] {dagbag.py:540} INFO - Filling up the DagBag from /media/data/omar/programming course/DEPI/DEPI project/anomx/venv/lib/python3.12/site-packages/airflow/example_dags/example_python_decorator.py
[2026-06-24T13:33:53.179+0300] {processor.py:840} INFO - DAG(s) 'example_python_decorator' retrieved from /media/data/omar/programming course/DEPI/DEPI project/anomx/venv/lib/python3.12/site-packages/airflow/example_dags/example_python_decorator.py
[2026-06-24T13:33:53.198+0300] {logging_mixin.py:188} INFO - [2026-06-24T13:33:53.198+0300] {dag.py:3096} INFO - Sync 1 DAGs
[2026-06-24T13:33:53.208+0300] {logging_mixin.py:188} INFO - [2026-06-24T13:33:53.208+0300] {dag.py:3954} INFO - Setting next_dagrun for example_python_decorator to None, run_after=None
[2026-06-24T13:33:53.235+0300] {processor.py:183} INFO - Processing /media/data/omar/programming course/DEPI/DEPI project/anomx/venv/lib/python3.12/site-packages/airflow/example_dags/example_python_decorator.py took 0.082 seconds
[2026-06-24T13:34:42.663+0300] {processor.py:161} INFO - Started process (PID=60613) to work on /media/data/omar/programming course/DEPI/DEPI project/anomx/venv/lib/python3.12/site-packages/airflow/example_dags/example_python_decorator.py
[2026-06-24T13:34:42.664+0300] {processor.py:830} INFO - Processing file /media/data/omar/programming course/DEPI/DEPI project/anomx/venv/lib/python3.12/site-packages/airflow/example_dags/example_python_decorator.py for tasks to queue
[2026-06-24T13:34:42.666+0300] {logging_mixin.py:188} INFO - [2026-06-24T13:34:42.665+0300] {dagbag.py:540} INFO - Filling up the DagBag from /media/data/omar/programming course/DEPI/DEPI project/anomx/venv/lib/python3.12/site-packages/airflow/example_dags/example_python_decorator.py
[2026-06-24T13:34:42.684+0300] {processor.py:840} INFO - DAG(s) 'example_python_decorator' retrieved from /media/data/omar/programming course/DEPI/DEPI project/anomx/venv/lib/python3.12/site-packages/airflow/example_dags/example_python_decorator.py
[2026-06-24T13:34:42.701+0300] {logging_mixin.py:188} INFO - [2026-06-24T13:34:42.701+0300] {dag.py:3096} INFO - Sync 1 DAGs
[2026-06-24T13:34:42.710+0300] {logging_mixin.py:188} INFO - [2026-06-24T13:34:42.709+0300] {dag.py:3954} INFO - Setting next_dagrun for example_python_decorator to None, run_after=None
[2026-06-24T13:34:42.736+0300] {processor.py:183} INFO - Processing /media/data/omar/programming course/DEPI/DEPI project/anomx/venv/lib/python3.12/site-packages/airflow/example_dags/example_python_decorator.py took 0.081 seconds
[2026-06-24T13:35:31.020+0300] {processor.py:161} INFO - Started process (PID=60924) to work on /media/data/omar/programming course/DEPI/DEPI project/anomx/venv/lib/python3.12/site-packages/airflow/example_dags/example_python_decorator.py
[2026-06-24T13:35:31.021+0300] {processor.py:830} INFO - Processing file /media/data/omar/programming course/DEPI/DEPI project/anomx/venv/lib/python3.12/site-packages/airflow/example_dags/example_python_decorator.py for tasks to queue
[2026-06-24T13:35:31.022+0300] {logging_mixin.py:188} INFO - [2026-06-24T13:35:31.022+0300] {dagbag.py:540} INFO - Filling up the DagBag from /media/data/omar/programming course/DEPI/DEPI project/anomx/venv/lib/python3.12/site-packages/airflow/example_dags/example_python_decorator.py
[2026-06-24T13:35:31.035+0300] {processor.py:840} INFO - DAG(s) 'example_python_decorator' retrieved from /media/data/omar/programming course/DEPI/DEPI project/anomx/venv/lib/python3.12/site-packages/airflow/example_dags/example_python_decorator.py
[2026-06-24T13:35:31.052+0300] {logging_mixin.py:188} INFO - [2026-06-24T13:35:31.052+0300] {dag.py:3096} INFO - Sync 1 DAGs
[2026-06-24T13:35:31.062+0300] {logging_mixin.py:188} INFO - [2026-06-24T13:35:31.062+0300] {dag.py:3954} INFO - Setting next_dagrun for example_python_decorator to None, run_after=None
[2026-06-24T13:35:31.098+0300] {processor.py:183} INFO - Processing /media/data/omar/programming course/DEPI/DEPI project/anomx/venv/lib/python3.12/site-packages/airflow/example_dags/example_python_decorator.py took 0.083 seconds
[2026-06-24T13:36:19.159+0300] {processor.py:161} INFO - Started process (PID=61539) to work on /media/data/omar/programming course/DEPI/DEPI project/anomx/venv/lib/python3.12/site-packages/airflow/example_dags/example_python_decorator.py
[2026-06-24T13:36:19.160+0300] {processor.py:830} INFO - Processing file /media/data/omar/programming course/DEPI/DEPI project/anomx/venv/lib/python3.12/site-packages/airflow/example_dags/example_python_decorator.py for tasks to queue
[2026-06-24T13:36:19.161+0300] {logging_mixin.py:188} INFO - [2026-06-24T13:36:19.161+0300] {dagbag.py:540} INFO - Filling up the DagBag from /media/data/omar/programming course/DEPI/DEPI project/anomx/venv/lib/python3.12/site-packages/airflow/example_dags/example_python_decorator.py
[2026-06-24T13:36:19.177+0300] {processor.py:840} INFO - DAG(s) 'example_python_decorator' retrieved from /media/data/omar/programming course/DEPI/DEPI project/anomx/venv/lib/python3.12/site-packages/airflow/example_dags/example_python_decorator.py
[2026-06-24T13:36:19.194+0300] {logging_mixin.py:188} INFO - [2026-06-24T13:36:19.193+0300] {dag.py:3096} INFO - Sync 1 DAGs
[2026-06-24T13:36:19.203+0300] {logging_mixin.py:188} INFO - [2026-06-24T13:36:19.203+0300] {dag.py:3954} INFO - Setting next_dagrun for example_python_decorator to None, run_after=None
[2026-06-24T13:36:19.234+0300] {processor.py:183} INFO - Processing /media/data/omar/programming course/DEPI/DEPI project/anomx/venv/lib/python3.12/site-packages/airflow/example_dags/example_python_decorator.py took 0.080 seconds
[2026-06-24T13:37:04.068+0300] {processor.py:161} INFO - Started process (PID=61826) to work on /media/data/omar/programming course/DEPI/DEPI project/anomx/venv/lib/python3.12/site-packages/airflow/example_dags/example_python_decorator.py
[2026-06-24T13:37:04.069+0300] {processor.py:830} INFO - Processing file /media/data/omar/programming course/DEPI/DEPI project/anomx/venv/lib/python3.12/site-packages/airflow/example_dags/example_python_decorator.py for tasks to queue
[2026-06-24T13:37:04.070+0300] {logging_mixin.py:188} INFO - [2026-06-24T13:37:04.069+0300] {dagbag.py:540} INFO - Filling up the DagBag from /media/data/omar/programming course/DEPI/DEPI project/anomx/venv/lib/python3.12/site-packages/airflow/example_dags/example_python_decorator.py
[2026-06-24T13:37:04.083+0300] {processor.py:840} INFO - DAG(s) 'example_python_decorator' retrieved from /media/data/omar/programming course/DEPI/DEPI project/anomx/venv/lib/python3.12/site-packages/airflow/example_dags/example_python_decorator.py
[2026-06-24T13:37:04.100+0300] {logging_mixin.py:188} INFO - [2026-06-24T13:37:04.100+0300] {dag.py:3096} INFO - Sync 1 DAGs
[2026-06-24T13:37:04.108+0300] {logging_mixin.py:188} INFO - [2026-06-24T13:37:04.108+0300] {dag.py:3954} INFO - Setting next_dagrun for example_python_decorator to None, run_after=None
[2026-06-24T13:37:04.138+0300] {processor.py:183} INFO - Processing /media/data/omar/programming course/DEPI/DEPI project/anomx/venv/lib/python3.12/site-packages/airflow/example_dags/example_python_decorator.py took 0.076 seconds
[2026-06-24T13:37:53.044+0300] {processor.py:161} INFO - Started process (PID=62420) to work on /media/data/omar/programming course/DEPI/DEPI project/anomx/venv/lib/python3.12/site-packages/airflow/example_dags/example_python_decorator.py
[2026-06-24T13:37:53.045+0300] {processor.py:830} INFO - Processing file /media/data/omar/programming course/DEPI/DEPI project/anomx/venv/lib/python3.12/site-packages/airflow/example_dags/example_python_decorator.py for tasks to queue
[2026-06-24T13:37:53.046+0300] {logging_mixin.py:188} INFO - [2026-06-24T13:37:53.046+0300] {dagbag.py:540} INFO - Filling up the DagBag from /media/data/omar/programming course/DEPI/DEPI project/anomx/venv/lib/python3.12/site-packages/airflow/example_dags/example_python_decorator.py
[2026-06-24T13:37:53.059+0300] {processor.py:840} INFO - DAG(s) 'example_python_decorator' retrieved from /media/data/omar/programming course/DEPI/DEPI project/anomx/venv/lib/python3.12/site-packages/airflow/example_dags/example_python_decorator.py
[2026-06-24T13:37:53.076+0300] {logging_mixin.py:188} INFO - [2026-06-24T13:37:53.075+0300] {dag.py:3096} INFO - Sync 1 DAGs
[2026-06-24T13:37:53.085+0300] {logging_mixin.py:188} INFO - [2026-06-24T13:37:53.084+0300] {dag.py:3954} INFO - Setting next_dagrun for example_python_decorator to None, run_after=None
[2026-06-24T13:37:53.114+0300] {processor.py:183} INFO - Processing /media/data/omar/programming course/DEPI/DEPI project/anomx/venv/lib/python3.12/site-packages/airflow/example_dags/example_python_decorator.py took 0.075 seconds
[2026-06-24T13:38:42.970+0300] {processor.py:161} INFO - Started process (PID=62745) to work on /media/data/omar/programming course/DEPI/DEPI project/anomx/venv/lib/python3.12/site-packages/airflow/example_dags/example_python_decorator.py
[2026-06-24T13:38:42.972+0300] {processor.py:830} INFO - Processing file /media/data/omar/programming course/DEPI/DEPI project/anomx/venv/lib/python3.12/site-packages/airflow/example_dags/example_python_decorator.py for tasks to queue
[2026-06-24T13:38:42.974+0300] {logging_mixin.py:188} INFO - [2026-06-24T13:38:42.973+0300] {dagbag.py:540} INFO - Filling up the DagBag from /media/data/omar/programming course/DEPI/DEPI project/anomx/venv/lib/python3.12/site-packages/airflow/example_dags/example_python_decorator.py
[2026-06-24T13:38:42.992+0300] {processor.py:840} INFO - DAG(s) 'example_python_decorator' retrieved from /media/data/omar/programming course/DEPI/DEPI project/anomx/venv/lib/python3.12/site-packages/airflow/example_dags/example_python_decorator.py
[2026-06-24T13:38:43.009+0300] {logging_mixin.py:188} INFO - [2026-06-24T13:38:43.008+0300] {dag.py:3096} INFO - Sync 1 DAGs
[2026-06-24T13:38:43.017+0300] {logging_mixin.py:188} INFO - [2026-06-24T13:38:43.017+0300] {dag.py:3954} INFO - Setting next_dagrun for example_python_decorator to None, run_after=None
[2026-06-24T13:38:43.047+0300] {processor.py:183} INFO - Processing /media/data/omar/programming course/DEPI/DEPI project/anomx/venv/lib/python3.12/site-packages/airflow/example_dags/example_python_decorator.py took 0.088 seconds
[2026-06-24T13:39:32.992+0300] {processor.py:161} INFO - Started process (PID=63355) to work on /media/data/omar/programming course/DEPI/DEPI project/anomx/venv/lib/python3.12/site-packages/airflow/example_dags/example_python_decorator.py
[2026-06-24T13:39:32.993+0300] {processor.py:830} INFO - Processing file /media/data/omar/programming course/DEPI/DEPI project/anomx/venv/lib/python3.12/site-packages/airflow/example_dags/example_python_decorator.py for tasks to queue
[2026-06-24T13:39:32.994+0300] {logging_mixin.py:188} INFO - [2026-06-24T13:39:32.993+0300] {dagbag.py:540} INFO - Filling up the DagBag from /media/data/omar/programming course/DEPI/DEPI project/anomx/venv/lib/python3.12/site-packages/airflow/example_dags/example_python_decorator.py
[2026-06-24T13:39:33.007+0300] {processor.py:840} INFO - DAG(s) 'example_python_decorator' retrieved from /media/data/omar/programming course/DEPI/DEPI project/anomx/venv/lib/python3.12/site-packages/airflow/example_dags/example_python_decorator.py
[2026-06-24T13:39:33.023+0300] {logging_mixin.py:188} INFO - [2026-06-24T13:39:33.023+0300] {dag.py:3096} INFO - Sync 1 DAGs
[2026-06-24T13:39:33.034+0300] {logging_mixin.py:188} INFO - [2026-06-24T13:39:33.033+0300] {dag.py:3954} INFO - Setting next_dagrun for example_python_decorator to None, run_after=None
[2026-06-24T13:39:33.064+0300] {processor.py:183} INFO - Processing /media/data/omar/programming course/DEPI/DEPI project/anomx/venv/lib/python3.12/site-packages/airflow/example_dags/example_python_decorator.py took 0.077 seconds
[2026-06-24T13:40:23.120+0300] {processor.py:161} INFO - Started process (PID=63682) to work on /media/data/omar/programming course/DEPI/DEPI project/anomx/venv/lib/python3.12/site-packages/airflow/example_dags/example_python_decorator.py
[2026-06-24T13:40:23.120+0300] {processor.py:830} INFO - Processing file /media/data/omar/programming course/DEPI/DEPI project/anomx/venv/lib/python3.12/site-packages/airflow/example_dags/example_python_decorator.py for tasks to queue
[2026-06-24T13:40:23.121+0300] {logging_mixin.py:188} INFO - [2026-06-24T13:40:23.121+0300] {dagbag.py:540} INFO - Filling up the DagBag from /media/data/omar/programming course/DEPI/DEPI project/anomx/venv/lib/python3.12/site-packages/airflow/example_dags/example_python_decorator.py
[2026-06-24T13:40:23.133+0300] {processor.py:840} INFO - DAG(s) 'example_python_decorator' retrieved from /media/data/omar/programming course/DEPI/DEPI project/anomx/venv/lib/python3.12/site-packages/airflow/example_dags/example_python_decorator.py
[2026-06-24T13:40:23.150+0300] {logging_mixin.py:188} INFO - [2026-06-24T13:40:23.150+0300] {dag.py:3096} INFO - Sync 1 DAGs
[2026-06-24T13:40:23.160+0300] {logging_mixin.py:188} INFO - [2026-06-24T13:40:23.159+0300] {dag.py:3954} INFO - Setting next_dagrun for example_python_decorator to None, run_after=None
[2026-06-24T13:40:23.188+0300] {processor.py:183} INFO - Processing /media/data/omar/programming course/DEPI/DEPI project/anomx/venv/lib/python3.12/site-packages/airflow/example_dags/example_python_decorator.py took 0.073 seconds
[2026-06-24T13:41:13.217+0300] {processor.py:161} INFO - Started process (PID=64288) to work on /media/data/omar/programming course/DEPI/DEPI project/anomx/venv/lib/python3.12/site-packages/airflow/example_dags/example_python_decorator.py
[2026-06-24T13:41:13.217+0300] {processor.py:830} INFO - Processing file /media/data/omar/programming course/DEPI/DEPI project/anomx/venv/lib/python3.12/site-packages/airflow/example_dags/example_python_decorator.py for tasks to queue
[2026-06-24T13:41:13.219+0300] {logging_mixin.py:188} INFO - [2026-06-24T13:41:13.218+0300] {dagbag.py:540} INFO - Filling up the DagBag from /media/data/omar/programming course/DEPI/DEPI project/anomx/venv/lib/python3.12/site-packages/airflow/example_dags/example_python_decorator.py
[2026-06-24T13:41:13.237+0300] {processor.py:840} INFO - DAG(s) 'example_python_decorator' retrieved from /media/data/omar/programming course/DEPI/DEPI project/anomx/venv/lib/python3.12/site-packages/airflow/example_dags/example_python_decorator.py
[2026-06-24T13:41:13.259+0300] {logging_mixin.py:188} INFO - [2026-06-24T13:41:13.258+0300] {dag.py:3096} INFO - Sync 1 DAGs
[2026-06-24T13:41:13.268+0300] {logging_mixin.py:188} INFO - [2026-06-24T13:41:13.267+0300] {dag.py:3954} INFO - Setting next_dagrun for example_python_decorator to None, run_after=None
[2026-06-24T13:41:13.303+0300] {processor.py:183} INFO - Processing /media/data/omar/programming course/DEPI/DEPI project/anomx/venv/lib/python3.12/site-packages/airflow/example_dags/example_python_decorator.py took 0.091 seconds
[2026-06-24T13:42:08.708+0300] {processor.py:161} INFO - Started process (PID=64646) to work on /media/data/omar/programming course/DEPI/DEPI project/anomx/venv/lib/python3.12/site-packages/airflow/example_dags/example_python_decorator.py
[2026-06-24T13:42:08.709+0300] {processor.py:830} INFO - Processing file /media/data/omar/programming course/DEPI/DEPI project/anomx/venv/lib/python3.12/site-packages/airflow/example_dags/example_python_decorator.py for tasks to queue
[2026-06-24T13:42:08.710+0300] {logging_mixin.py:188} INFO - [2026-06-24T13:42:08.709+0300] {dagbag.py:540} INFO - Filling up the DagBag from /media/data/omar/programming course/DEPI/DEPI project/anomx/venv/lib/python3.12/site-packages/airflow/example_dags/example_python_decorator.py
[2026-06-24T13:42:08.724+0300] {processor.py:840} INFO - DAG(s) 'example_python_decorator' retrieved from /media/data/omar/programming course/DEPI/DEPI project/anomx/venv/lib/python3.12/site-packages/airflow/example_dags/example_python_decorator.py
[2026-06-24T13:42:08.741+0300] {logging_mixin.py:188} INFO - [2026-06-24T13:42:08.741+0300] {dag.py:3096} INFO - Sync 1 DAGs
[2026-06-24T13:42:08.749+0300] {logging_mixin.py:188} INFO - [2026-06-24T13:42:08.749+0300] {dag.py:3954} INFO - Setting next_dagrun for example_python_decorator to None, run_after=None
[2026-06-24T13:42:08.776+0300] {processor.py:183} INFO - Processing /media/data/omar/programming course/DEPI/DEPI project/anomx/venv/lib/python3.12/site-packages/airflow/example_dags/example_python_decorator.py took 0.075 seconds
[2026-06-24T13:42:59.506+0300] {processor.py:161} INFO - Started process (PID=65262) to work on /media/data/omar/programming course/DEPI/DEPI project/anomx/venv/lib/python3.12/site-packages/airflow/example_dags/example_python_decorator.py
[2026-06-24T13:42:59.507+0300] {processor.py:830} INFO - Processing file /media/data/omar/programming course/DEPI/DEPI project/anomx/venv/lib/python3.12/site-packages/airflow/example_dags/example_python_decorator.py for tasks to queue
[2026-06-24T13:42:59.508+0300] {logging_mixin.py:188} INFO - [2026-06-24T13:42:59.507+0300] {dagbag.py:540} INFO - Filling up the DagBag from /media/data/omar/programming course/DEPI/DEPI project/anomx/venv/lib/python3.12/site-packages/airflow/example_dags/example_python_decorator.py
[2026-06-24T13:42:59.522+0300] {processor.py:840} INFO - DAG(s) 'example_python_decorator' retrieved from /media/data/omar/programming course/DEPI/DEPI project/anomx/venv/lib/python3.12/site-packages/airflow/example_dags/example_python_decorator.py
[2026-06-24T13:42:59.538+0300] {logging_mixin.py:188} INFO - [2026-06-24T13:42:59.538+0300] {dag.py:3096} INFO - Sync 1 DAGs
[2026-06-24T13:42:59.547+0300] {logging_mixin.py:188} INFO - [2026-06-24T13:42:59.546+0300] {dag.py:3954} INFO - Setting next_dagrun for example_python_decorator to None, run_after=None
[2026-06-24T13:42:59.577+0300] {processor.py:183} INFO - Processing /media/data/omar/programming course/DEPI/DEPI project/anomx/venv/lib/python3.12/site-packages/airflow/example_dags/example_python_decorator.py took 0.077 seconds
[2026-06-24T13:43:50.238+0300] {processor.py:161} INFO - Started process (PID=65577) to work on /media/data/omar/programming course/DEPI/DEPI project/anomx/venv/lib/python3.12/site-packages/airflow/example_dags/example_python_decorator.py
[2026-06-24T13:43:50.238+0300] {processor.py:830} INFO - Processing file /media/data/omar/programming course/DEPI/DEPI project/anomx/venv/lib/python3.12/site-packages/airflow/example_dags/example_python_decorator.py for tasks to queue
[2026-06-24T13:43:50.239+0300] {logging_mixin.py:188} INFO - [2026-06-24T13:43:50.239+0300] {dagbag.py:540} INFO - Filling up the DagBag from /media/data/omar/programming course/DEPI/DEPI project/anomx/venv/lib/python3.12/site-packages/airflow/example_dags/example_python_decorator.py
[2026-06-24T13:43:50.252+0300] {processor.py:840} INFO - DAG(s) 'example_python_decorator' retrieved from /media/data/omar/programming course/DEPI/DEPI project/anomx/venv/lib/python3.12/site-packages/airflow/example_dags/example_python_decorator.py
[2026-06-24T13:43:50.269+0300] {logging_mixin.py:188} INFO - [2026-06-24T13:43:50.269+0300] {dag.py:3096} INFO - Sync 1 DAGs
[2026-06-24T13:43:50.277+0300] {logging_mixin.py:188} INFO - [2026-06-24T13:43:50.277+0300] {dag.py:3954} INFO - Setting next_dagrun for example_python_decorator to None, run_after=None
[2026-06-24T13:43:50.307+0300] {processor.py:183} INFO - Processing /media/data/omar/programming course/DEPI/DEPI project/anomx/venv/lib/python3.12/site-packages/airflow/example_dags/example_python_decorator.py took 0.075 seconds
[2026-06-24T13:44:39.356+0300] {processor.py:161} INFO - Started process (PID=66178) to work on /media/data/omar/programming course/DEPI/DEPI project/anomx/venv/lib/python3.12/site-packages/airflow/example_dags/example_python_decorator.py
[2026-06-24T13:44:39.357+0300] {processor.py:830} INFO - Processing file /media/data/omar/programming course/DEPI/DEPI project/anomx/venv/lib/python3.12/site-packages/airflow/example_dags/example_python_decorator.py for tasks to queue
[2026-06-24T13:44:39.358+0300] {logging_mixin.py:188} INFO - [2026-06-24T13:44:39.358+0300] {dagbag.py:540} INFO - Filling up the DagBag from /media/data/omar/programming course/DEPI/DEPI project/anomx/venv/lib/python3.12/site-packages/airflow/example_dags/example_python_decorator.py
[2026-06-24T13:44:39.372+0300] {processor.py:840} INFO - DAG(s) 'example_python_decorator' retrieved from /media/data/omar/programming course/DEPI/DEPI project/anomx/venv/lib/python3.12/site-packages/airflow/example_dags/example_python_decorator.py
[2026-06-24T13:44:39.389+0300] {logging_mixin.py:188} INFO - [2026-06-24T13:44:39.389+0300] {dag.py:3096} INFO - Sync 1 DAGs
[2026-06-24T13:44:39.399+0300] {logging_mixin.py:188} INFO - [2026-06-24T13:44:39.398+0300] {dag.py:3954} INFO - Setting next_dagrun for example_python_decorator to None, run_after=None
[2026-06-24T13:44:39.429+0300] {processor.py:183} INFO - Processing /media/data/omar/programming course/DEPI/DEPI project/anomx/venv/lib/python3.12/site-packages/airflow/example_dags/example_python_decorator.py took 0.079 seconds
[2026-06-24T13:45:25.158+0300] {processor.py:161} INFO - Started process (PID=66477) to work on /media/data/omar/programming course/DEPI/DEPI project/anomx/venv/lib/python3.12/site-packages/airflow/example_dags/example_python_decorator.py
[2026-06-24T13:45:25.160+0300] {processor.py:830} INFO - Processing file /media/data/omar/programming course/DEPI/DEPI project/anomx/venv/lib/python3.12/site-packages/airflow/example_dags/example_python_decorator.py for tasks to queue
[2026-06-24T13:45:25.161+0300] {logging_mixin.py:188} INFO - [2026-06-24T13:45:25.160+0300] {dagbag.py:540} INFO - Filling up the DagBag from /media/data/omar/programming course/DEPI/DEPI project/anomx/venv/lib/python3.12/site-packages/airflow/example_dags/example_python_decorator.py
[2026-06-24T13:45:25.175+0300] {processor.py:840} INFO - DAG(s) 'example_python_decorator' retrieved from /media/data/omar/programming course/DEPI/DEPI project/anomx/venv/lib/python3.12/site-packages/airflow/example_dags/example_python_decorator.py
[2026-06-24T13:45:25.191+0300] {logging_mixin.py:188} INFO - [2026-06-24T13:45:25.191+0300] {dag.py:3096} INFO - Sync 1 DAGs
[2026-06-24T13:45:25.201+0300] {logging_mixin.py:188} INFO - [2026-06-24T13:45:25.200+0300] {dag.py:3954} INFO - Setting next_dagrun for example_python_decorator to None, run_after=None
[2026-06-24T13:45:25.233+0300] {processor.py:183} INFO - Processing /media/data/omar/programming course/DEPI/DEPI project/anomx/venv/lib/python3.12/site-packages/airflow/example_dags/example_python_decorator.py took 0.081 seconds
[2026-06-24T13:46:12.211+0300] {processor.py:161} INFO - Started process (PID=67042) to work on /media/data/omar/programming course/DEPI/DEPI project/anomx/venv/lib/python3.12/site-packages/airflow/example_dags/example_python_decorator.py
[2026-06-24T13:46:12.212+0300] {processor.py:830} INFO - Processing file /media/data/omar/programming course/DEPI/DEPI project/anomx/venv/lib/python3.12/site-packages/airflow/example_dags/example_python_decorator.py for tasks to queue
[2026-06-24T13:46:12.213+0300] {logging_mixin.py:188} INFO - [2026-06-24T13:46:12.213+0300] {dagbag.py:540} INFO - Filling up the DagBag from /media/data/omar/programming course/DEPI/DEPI project/anomx/venv/lib/python3.12/site-packages/airflow/example_dags/example_python_decorator.py
[2026-06-24T13:46:12.227+0300] {processor.py:840} INFO - DAG(s) 'example_python_decorator' retrieved from /media/data/omar/programming course/DEPI/DEPI project/anomx/venv/lib/python3.12/site-packages/airflow/example_dags/example_python_decorator.py
[2026-06-24T13:46:12.244+0300] {logging_mixin.py:188} INFO - [2026-06-24T13:46:12.244+0300] {dag.py:3096} INFO - Sync 1 DAGs
[2026-06-24T13:46:12.253+0300] {logging_mixin.py:188} INFO - [2026-06-24T13:46:12.253+0300] {dag.py:3954} INFO - Setting next_dagrun for example_python_decorator to None, run_after=None
[2026-06-24T13:46:12.284+0300] {processor.py:183} INFO - Processing /media/data/omar/programming course/DEPI/DEPI project/anomx/venv/lib/python3.12/site-packages/airflow/example_dags/example_python_decorator.py took 0.079 seconds
[2026-06-24T13:46:58.163+0300] {processor.py:161} INFO - Started process (PID=67379) to work on /media/data/omar/programming course/DEPI/DEPI project/anomx/venv/lib/python3.12/site-packages/airflow/example_dags/example_python_decorator.py
[2026-06-24T13:46:58.165+0300] {processor.py:830} INFO - Processing file /media/data/omar/programming course/DEPI/DEPI project/anomx/venv/lib/python3.12/site-packages/airflow/example_dags/example_python_decorator.py for tasks to queue
[2026-06-24T13:46:58.168+0300] {logging_mixin.py:188} INFO - [2026-06-24T13:46:58.167+0300] {dagbag.py:540} INFO - Filling up the DagBag from /media/data/omar/programming course/DEPI/DEPI project/anomx/venv/lib/python3.12/site-packages/airflow/example_dags/example_python_decorator.py
[2026-06-24T13:46:58.196+0300] {processor.py:840} INFO - DAG(s) 'example_python_decorator' retrieved from /media/data/omar/programming course/DEPI/DEPI project/anomx/venv/lib/python3.12/site-packages/airflow/example_dags/example_python_decorator.py
[2026-06-24T13:46:58.217+0300] {logging_mixin.py:188} INFO - [2026-06-24T13:46:58.217+0300] {dag.py:3096} INFO - Sync 1 DAGs
[2026-06-24T13:46:58.226+0300] {logging_mixin.py:188} INFO - [2026-06-24T13:46:58.226+0300] {dag.py:3954} INFO - Setting next_dagrun for example_python_decorator to None, run_after=None
[2026-06-24T13:46:58.252+0300] {processor.py:183} INFO - Processing /media/data/omar/programming course/DEPI/DEPI project/anomx/venv/lib/python3.12/site-packages/airflow/example_dags/example_python_decorator.py took 0.102 seconds
[2026-06-24T13:47:45.025+0300] {processor.py:161} INFO - Started process (PID=67925) to work on /media/data/omar/programming course/DEPI/DEPI project/anomx/venv/lib/python3.12/site-packages/airflow/example_dags/example_python_decorator.py
[2026-06-24T13:47:45.026+0300] {processor.py:830} INFO - Processing file /media/data/omar/programming course/DEPI/DEPI project/anomx/venv/lib/python3.12/site-packages/airflow/example_dags/example_python_decorator.py for tasks to queue
[2026-06-24T13:47:45.027+0300] {logging_mixin.py:188} INFO - [2026-06-24T13:47:45.027+0300] {dagbag.py:540} INFO - Filling up the DagBag from /media/data/omar/programming course/DEPI/DEPI project/anomx/venv/lib/python3.12/site-packages/airflow/example_dags/example_python_decorator.py
[2026-06-24T13:47:45.041+0300] {processor.py:840} INFO - DAG(s) 'example_python_decorator' retrieved from /media/data/omar/programming course/DEPI/DEPI project/anomx/venv/lib/python3.12/site-packages/airflow/example_dags/example_python_decorator.py
[2026-06-24T13:47:45.059+0300] {logging_mixin.py:188} INFO - [2026-06-24T13:47:45.058+0300] {dag.py:3096} INFO - Sync 1 DAGs
[2026-06-24T13:47:45.067+0300] {logging_mixin.py:188} INFO - [2026-06-24T13:47:45.066+0300] {dag.py:3954} INFO - Setting next_dagrun for example_python_decorator to None, run_after=None
[2026-06-24T13:47:45.096+0300] {processor.py:183} INFO - Processing /media/data/omar/programming course/DEPI/DEPI project/anomx/venv/lib/python3.12/site-packages/airflow/example_dags/example_python_decorator.py took 0.080 seconds
[2026-06-24T13:48:35.750+0300] {processor.py:161} INFO - Started process (PID=68296) to work on /media/data/omar/programming course/DEPI/DEPI project/anomx/venv/lib/python3.12/site-packages/airflow/example_dags/example_python_decorator.py
[2026-06-24T13:48:35.752+0300] {processor.py:830} INFO - Processing file /media/data/omar/programming course/DEPI/DEPI project/anomx/venv/lib/python3.12/site-packages/airflow/example_dags/example_python_decorator.py for tasks to queue
[2026-06-24T13:48:35.753+0300] {logging_mixin.py:188} INFO - [2026-06-24T13:48:35.753+0300] {dagbag.py:540} INFO - Filling up the DagBag from /media/data/omar/programming course/DEPI/DEPI project/anomx/venv/lib/python3.12/site-packages/airflow/example_dags/example_python_decorator.py
[2026-06-24T13:48:35.768+0300] {processor.py:840} INFO - DAG(s) 'example_python_decorator' retrieved from /media/data/omar/programming course/DEPI/DEPI project/anomx/venv/lib/python3.12/site-packages/airflow/example_dags/example_python_decorator.py
[2026-06-24T13:48:35.785+0300] {logging_mixin.py:188} INFO - [2026-06-24T13:48:35.784+0300] {dag.py:3096} INFO - Sync 1 DAGs
[2026-06-24T13:48:35.793+0300] {logging_mixin.py:188} INFO - [2026-06-24T13:48:35.793+0300] {dag.py:3954} INFO - Setting next_dagrun for example_python_decorator to None, run_after=None
[2026-06-24T13:48:35.820+0300] {processor.py:183} INFO - Processing /media/data/omar/programming course/DEPI/DEPI project/anomx/venv/lib/python3.12/site-packages/airflow/example_dags/example_python_decorator.py took 0.085 seconds
[2026-06-24T13:49:26.675+0300] {processor.py:161} INFO - Started process (PID=68884) to work on /media/data/omar/programming course/DEPI/DEPI project/anomx/venv/lib/python3.12/site-packages/airflow/example_dags/example_python_decorator.py
[2026-06-24T13:49:26.676+0300] {processor.py:830} INFO - Processing file /media/data/omar/programming course/DEPI/DEPI project/anomx/venv/lib/python3.12/site-packages/airflow/example_dags/example_python_decorator.py for tasks to queue
[2026-06-24T13:49:26.677+0300] {logging_mixin.py:188} INFO - [2026-06-24T13:49:26.676+0300] {dagbag.py:540} INFO - Filling up the DagBag from /media/data/omar/programming course/DEPI/DEPI project/anomx/venv/lib/python3.12/site-packages/airflow/example_dags/example_python_decorator.py
[2026-06-24T13:49:26.691+0300] {processor.py:840} INFO - DAG(s) 'example_python_decorator' retrieved from /media/data/omar/programming course/DEPI/DEPI project/anomx/venv/lib/python3.12/site-packages/airflow/example_dags/example_python_decorator.py
[2026-06-24T13:49:26.709+0300] {logging_mixin.py:188} INFO - [2026-06-24T13:49:26.709+0300] {dag.py:3096} INFO - Sync 1 DAGs
[2026-06-24T13:49:26.719+0300] {logging_mixin.py:188} INFO - [2026-06-24T13:49:26.719+0300] {dag.py:3954} INFO - Setting next_dagrun for example_python_decorator to None, run_after=None
[2026-06-24T13:49:26.748+0300] {processor.py:183} INFO - Processing /media/data/omar/programming course/DEPI/DEPI project/anomx/venv/lib/python3.12/site-packages/airflow/example_dags/example_python_decorator.py took 0.080 seconds
[2026-06-24T13:50:16.405+0300] {processor.py:161} INFO - Started process (PID=69238) to work on /media/data/omar/programming course/DEPI/DEPI project/anomx/venv/lib/python3.12/site-packages/airflow/example_dags/example_python_decorator.py
[2026-06-24T13:50:16.406+0300] {processor.py:830} INFO - Processing file /media/data/omar/programming course/DEPI/DEPI project/anomx/venv/lib/python3.12/site-packages/airflow/example_dags/example_python_decorator.py for tasks to queue
[2026-06-24T13:50:16.408+0300] {logging_mixin.py:188} INFO - [2026-06-24T13:50:16.407+0300] {dagbag.py:540} INFO - Filling up the DagBag from /media/data/omar/programming course/DEPI/DEPI project/anomx/venv/lib/python3.12/site-packages/airflow/example_dags/example_python_decorator.py
[2026-06-24T13:50:16.422+0300] {processor.py:840} INFO - DAG(s) 'example_python_decorator' retrieved from /media/data/omar/programming course/DEPI/DEPI project/anomx/venv/lib/python3.12/site-packages/airflow/example_dags/example_python_decorator.py
[2026-06-24T13:50:16.438+0300] {logging_mixin.py:188} INFO - [2026-06-24T13:50:16.438+0300] {dag.py:3096} INFO - Sync 1 DAGs
[2026-06-24T13:50:16.446+0300] {logging_mixin.py:188} INFO - [2026-06-24T13:50:16.446+0300] {dag.py:3954} INFO - Setting next_dagrun for example_python_decorator to None, run_after=None
[2026-06-24T13:50:16.471+0300] {processor.py:183} INFO - Processing /media/data/omar/programming course/DEPI/DEPI project/anomx/venv/lib/python3.12/site-packages/airflow/example_dags/example_python_decorator.py took 0.073 seconds
[2026-06-24T13:51:09.143+0300] {processor.py:161} INFO - Started process (PID=69834) to work on /media/data/omar/programming course/DEPI/DEPI project/anomx/venv/lib/python3.12/site-packages/airflow/example_dags/example_python_decorator.py
[2026-06-24T13:51:09.145+0300] {processor.py:830} INFO - Processing file /media/data/omar/programming course/DEPI/DEPI project/anomx/venv/lib/python3.12/site-packages/airflow/example_dags/example_python_decorator.py for tasks to queue
[2026-06-24T13:51:09.146+0300] {logging_mixin.py:188} INFO - [2026-06-24T13:51:09.146+0300] {dagbag.py:540} INFO - Filling up the DagBag from /media/data/omar/programming course/DEPI/DEPI project/anomx/venv/lib/python3.12/site-packages/airflow/example_dags/example_python_decorator.py
[2026-06-24T13:51:09.159+0300] {processor.py:840} INFO - DAG(s) 'example_python_decorator' retrieved from /media/data/omar/programming course/DEPI/DEPI project/anomx/venv/lib/python3.12/site-packages/airflow/example_dags/example_python_decorator.py
[2026-06-24T13:51:09.176+0300] {logging_mixin.py:188} INFO - [2026-06-24T13:51:09.176+0300] {dag.py:3096} INFO - Sync 1 DAGs
[2026-06-24T13:51:09.185+0300] {logging_mixin.py:188} INFO - [2026-06-24T13:51:09.185+0300] {dag.py:3954} INFO - Setting next_dagrun for example_python_decorator to None, run_after=None
[2026-06-24T13:51:09.213+0300] {processor.py:183} INFO - Processing /media/data/omar/programming course/DEPI/DEPI project/anomx/venv/lib/python3.12/site-packages/airflow/example_dags/example_python_decorator.py took 0.076 seconds
[2026-06-24T13:52:01.322+0300] {processor.py:161} INFO - Started process (PID=70185) to work on /media/data/omar/programming course/DEPI/DEPI project/anomx/venv/lib/python3.12/site-packages/airflow/example_dags/example_python_decorator.py
[2026-06-24T13:52:01.323+0300] {processor.py:830} INFO - Processing file /media/data/omar/programming course/DEPI/DEPI project/anomx/venv/lib/python3.12/site-packages/airflow/example_dags/example_python_decorator.py for tasks to queue
[2026-06-24T13:52:01.324+0300] {logging_mixin.py:188} INFO - [2026-06-24T13:52:01.323+0300] {dagbag.py:540} INFO - Filling up the DagBag from /media/data/omar/programming course/DEPI/DEPI project/anomx/venv/lib/python3.12/site-packages/airflow/example_dags/example_python_decorator.py
[2026-06-24T13:52:01.337+0300] {processor.py:840} INFO - DAG(s) 'example_python_decorator' retrieved from /media/data/omar/programming course/DEPI/DEPI project/anomx/venv/lib/python3.12/site-packages/airflow/example_dags/example_python_decorator.py
[2026-06-24T13:52:01.353+0300] {logging_mixin.py:188} INFO - [2026-06-24T13:52:01.353+0300] {dag.py:3096} INFO - Sync 1 DAGs
[2026-06-24T13:52:01.362+0300] {logging_mixin.py:188} INFO - [2026-06-24T13:52:01.361+0300] {dag.py:3954} INFO - Setting next_dagrun for example_python_decorator to None, run_after=None
[2026-06-24T13:52:01.388+0300] {processor.py:183} INFO - Processing /media/data/omar/programming course/DEPI/DEPI project/anomx/venv/lib/python3.12/site-packages/airflow/example_dags/example_python_decorator.py took 0.074 seconds
[2026-06-24T13:52:53.577+0300] {processor.py:161} INFO - Started process (PID=70797) to work on /media/data/omar/programming course/DEPI/DEPI project/anomx/venv/lib/python3.12/site-packages/airflow/example_dags/example_python_decorator.py
[2026-06-24T13:52:53.578+0300] {processor.py:830} INFO - Processing file /media/data/omar/programming course/DEPI/DEPI project/anomx/venv/lib/python3.12/site-packages/airflow/example_dags/example_python_decorator.py for tasks to queue
[2026-06-24T13:52:53.579+0300] {logging_mixin.py:188} INFO - [2026-06-24T13:52:53.579+0300] {dagbag.py:540} INFO - Filling up the DagBag from /media/data/omar/programming course/DEPI/DEPI project/anomx/venv/lib/python3.12/site-packages/airflow/example_dags/example_python_decorator.py
[2026-06-24T13:52:53.592+0300] {processor.py:840} INFO - DAG(s) 'example_python_decorator' retrieved from /media/data/omar/programming course/DEPI/DEPI project/anomx/venv/lib/python3.12/site-packages/airflow/example_dags/example_python_decorator.py
[2026-06-24T13:52:53.608+0300] {logging_mixin.py:188} INFO - [2026-06-24T13:52:53.608+0300] {dag.py:3096} INFO - Sync 1 DAGs
[2026-06-24T13:52:53.617+0300] {logging_mixin.py:188} INFO - [2026-06-24T13:52:53.617+0300] {dag.py:3954} INFO - Setting next_dagrun for example_python_decorator to None, run_after=None
[2026-06-24T13:52:53.646+0300] {processor.py:183} INFO - Processing /media/data/omar/programming course/DEPI/DEPI project/anomx/venv/lib/python3.12/site-packages/airflow/example_dags/example_python_decorator.py took 0.075 seconds
[2026-06-24T13:53:46.572+0300] {processor.py:161} INFO - Started process (PID=71161) to work on /media/data/omar/programming course/DEPI/DEPI project/anomx/venv/lib/python3.12/site-packages/airflow/example_dags/example_python_decorator.py
[2026-06-24T13:53:46.573+0300] {processor.py:830} INFO - Processing file /media/data/omar/programming course/DEPI/DEPI project/anomx/venv/lib/python3.12/site-packages/airflow/example_dags/example_python_decorator.py for tasks to queue
[2026-06-24T13:53:46.574+0300] {logging_mixin.py:188} INFO - [2026-06-24T13:53:46.574+0300] {dagbag.py:540} INFO - Filling up the DagBag from /media/data/omar/programming course/DEPI/DEPI project/anomx/venv/lib/python3.12/site-packages/airflow/example_dags/example_python_decorator.py
[2026-06-24T13:53:46.593+0300] {processor.py:840} INFO - DAG(s) 'example_python_decorator' retrieved from /media/data/omar/programming course/DEPI/DEPI project/anomx/venv/lib/python3.12/site-packages/airflow/example_dags/example_python_decorator.py
[2026-06-24T13:53:46.615+0300] {logging_mixin.py:188} INFO - [2026-06-24T13:53:46.614+0300] {dag.py:3096} INFO - Sync 1 DAGs
[2026-06-24T13:53:46.623+0300] {logging_mixin.py:188} INFO - [2026-06-24T13:53:46.623+0300] {dag.py:3954} INFO - Setting next_dagrun for example_python_decorator to None, run_after=None
[2026-06-24T13:53:46.651+0300] {processor.py:183} INFO - Processing /media/data/omar/programming course/DEPI/DEPI project/anomx/venv/lib/python3.12/site-packages/airflow/example_dags/example_python_decorator.py took 0.084 seconds
[2026-06-24T13:54:37.527+0300] {processor.py:161} INFO - Started process (PID=71753) to work on /media/data/omar/programming course/DEPI/DEPI project/anomx/venv/lib/python3.12/site-packages/airflow/example_dags/example_python_decorator.py
[2026-06-24T13:54:37.528+0300] {processor.py:830} INFO - Processing file /media/data/omar/programming course/DEPI/DEPI project/anomx/venv/lib/python3.12/site-packages/airflow/example_dags/example_python_decorator.py for tasks to queue
[2026-06-24T13:54:37.529+0300] {logging_mixin.py:188} INFO - [2026-06-24T13:54:37.528+0300] {dagbag.py:540} INFO - Filling up the DagBag from /media/data/omar/programming course/DEPI/DEPI project/anomx/venv/lib/python3.12/site-packages/airflow/example_dags/example_python_decorator.py
[2026-06-24T13:54:37.541+0300] {processor.py:840} INFO - DAG(s) 'example_python_decorator' retrieved from /media/data/omar/programming course/DEPI/DEPI project/anomx/venv/lib/python3.12/site-packages/airflow/example_dags/example_python_decorator.py
[2026-06-24T13:54:37.557+0300] {logging_mixin.py:188} INFO - [2026-06-24T13:54:37.557+0300] {dag.py:3096} INFO - Sync 1 DAGs
[2026-06-24T13:54:37.565+0300] {logging_mixin.py:188} INFO - [2026-06-24T13:54:37.565+0300] {dag.py:3954} INFO - Setting next_dagrun for example_python_decorator to None, run_after=None
[2026-06-24T13:54:37.593+0300] {processor.py:183} INFO - Processing /media/data/omar/programming course/DEPI/DEPI project/anomx/venv/lib/python3.12/site-packages/airflow/example_dags/example_python_decorator.py took 0.072 seconds
[2026-06-24T13:55:29.460+0300] {processor.py:161} INFO - Started process (PID=72113) to work on /media/data/omar/programming course/DEPI/DEPI project/anomx/venv/lib/python3.12/site-packages/airflow/example_dags/example_python_decorator.py
[2026-06-24T13:55:29.461+0300] {processor.py:830} INFO - Processing file /media/data/omar/programming course/DEPI/DEPI project/anomx/venv/lib/python3.12/site-packages/airflow/example_dags/example_python_decorator.py for tasks to queue
[2026-06-24T13:55:29.463+0300] {logging_mixin.py:188} INFO - [2026-06-24T13:55:29.462+0300] {dagbag.py:540} INFO - Filling up the DagBag from /media/data/omar/programming course/DEPI/DEPI project/anomx/venv/lib/python3.12/site-packages/airflow/example_dags/example_python_decorator.py
[2026-06-24T13:55:29.481+0300] {processor.py:840} INFO - DAG(s) 'example_python_decorator' retrieved from /media/data/omar/programming course/DEPI/DEPI project/anomx/venv/lib/python3.12/site-packages/airflow/example_dags/example_python_decorator.py
[2026-06-24T13:55:29.496+0300] {logging_mixin.py:188} INFO - [2026-06-24T13:55:29.496+0300] {dag.py:3096} INFO - Sync 1 DAGs
[2026-06-24T13:55:29.504+0300] {logging_mixin.py:188} INFO - [2026-06-24T13:55:29.504+0300] {dag.py:3954} INFO - Setting next_dagrun for example_python_decorator to None, run_after=None
[2026-06-24T13:55:29.532+0300] {processor.py:183} INFO - Processing /media/data/omar/programming course/DEPI/DEPI project/anomx/venv/lib/python3.12/site-packages/airflow/example_dags/example_python_decorator.py took 0.083 seconds
[2026-06-24T13:56:21.114+0300] {processor.py:161} INFO - Started process (PID=72717) to work on /media/data/omar/programming course/DEPI/DEPI project/anomx/venv/lib/python3.12/site-packages/airflow/example_dags/example_python_decorator.py
[2026-06-24T13:56:21.115+0300] {processor.py:830} INFO - Processing file /media/data/omar/programming course/DEPI/DEPI project/anomx/venv/lib/python3.12/site-packages/airflow/example_dags/example_python_decorator.py for tasks to queue
[2026-06-24T13:56:21.116+0300] {logging_mixin.py:188} INFO - [2026-06-24T13:56:21.115+0300] {dagbag.py:540} INFO - Filling up the DagBag from /media/data/omar/programming course/DEPI/DEPI project/anomx/venv/lib/python3.12/site-packages/airflow/example_dags/example_python_decorator.py
[2026-06-24T13:56:21.131+0300] {processor.py:840} INFO - DAG(s) 'example_python_decorator' retrieved from /media/data/omar/programming course/DEPI/DEPI project/anomx/venv/lib/python3.12/site-packages/airflow/example_dags/example_python_decorator.py
[2026-06-24T13:56:21.150+0300] {logging_mixin.py:188} INFO - [2026-06-24T13:56:21.150+0300] {dag.py:3096} INFO - Sync 1 DAGs
[2026-06-24T13:56:21.161+0300] {logging_mixin.py:188} INFO - [2026-06-24T13:56:21.160+0300] {dag.py:3954} INFO - Setting next_dagrun for example_python_decorator to None, run_after=None
[2026-06-24T13:56:21.193+0300] {processor.py:183} INFO - Processing /media/data/omar/programming course/DEPI/DEPI project/anomx/venv/lib/python3.12/site-packages/airflow/example_dags/example_python_decorator.py took 0.085 seconds
[2026-06-24T13:57:11.726+0300] {processor.py:161} INFO - Started process (PID=73051) to work on /media/data/omar/programming course/DEPI/DEPI project/anomx/venv/lib/python3.12/site-packages/airflow/example_dags/example_python_decorator.py
[2026-06-24T13:57:11.727+0300] {processor.py:830} INFO - Processing file /media/data/omar/programming course/DEPI/DEPI project/anomx/venv/lib/python3.12/site-packages/airflow/example_dags/example_python_decorator.py for tasks to queue
[2026-06-24T13:57:11.728+0300] {logging_mixin.py:188} INFO - [2026-06-24T13:57:11.727+0300] {dagbag.py:540} INFO - Filling up the DagBag from /media/data/omar/programming course/DEPI/DEPI project/anomx/venv/lib/python3.12/site-packages/airflow/example_dags/example_python_decorator.py
[2026-06-24T13:57:11.740+0300] {processor.py:840} INFO - DAG(s) 'example_python_decorator' retrieved from /media/data/omar/programming course/DEPI/DEPI project/anomx/venv/lib/python3.12/site-packages/airflow/example_dags/example_python_decorator.py
[2026-06-24T13:57:11.756+0300] {logging_mixin.py:188} INFO - [2026-06-24T13:57:11.756+0300] {dag.py:3096} INFO - Sync 1 DAGs
[2026-06-24T13:57:11.767+0300] {logging_mixin.py:188} INFO - [2026-06-24T13:57:11.766+0300] {dag.py:3954} INFO - Setting next_dagrun for example_python_decorator to None, run_after=None
[2026-06-24T13:57:11.802+0300] {processor.py:183} INFO - Processing /media/data/omar/programming course/DEPI/DEPI project/anomx/venv/lib/python3.12/site-packages/airflow/example_dags/example_python_decorator.py took 0.081 seconds
[2026-06-24T13:58:03.584+0300] {processor.py:161} INFO - Started process (PID=73661) to work on /media/data/omar/programming course/DEPI/DEPI project/anomx/venv/lib/python3.12/site-packages/airflow/example_dags/example_python_decorator.py
[2026-06-24T13:58:03.587+0300] {processor.py:830} INFO - Processing file /media/data/omar/programming course/DEPI/DEPI project/anomx/venv/lib/python3.12/site-packages/airflow/example_dags/example_python_decorator.py for tasks to queue
[2026-06-24T13:58:03.590+0300] {logging_mixin.py:188} INFO - [2026-06-24T13:58:03.589+0300] {dagbag.py:540} INFO - Filling up the DagBag from /media/data/omar/programming course/DEPI/DEPI project/anomx/venv/lib/python3.12/site-packages/airflow/example_dags/example_python_decorator.py
[2026-06-24T13:58:03.623+0300] {processor.py:840} INFO - DAG(s) 'example_python_decorator' retrieved from /media/data/omar/programming course/DEPI/DEPI project/anomx/venv/lib/python3.12/site-packages/airflow/example_dags/example_python_decorator.py
[2026-06-24T13:58:03.651+0300] {logging_mixin.py:188} INFO - [2026-06-24T13:58:03.651+0300] {dag.py:3096} INFO - Sync 1 DAGs
[2026-06-24T13:58:03.663+0300] {logging_mixin.py:188} INFO - [2026-06-24T13:58:03.663+0300] {dag.py:3954} INFO - Setting next_dagrun for example_python_decorator to None, run_after=None
[2026-06-24T13:58:03.690+0300] {processor.py:183} INFO - Processing /media/data/omar/programming course/DEPI/DEPI project/anomx/venv/lib/python3.12/site-packages/airflow/example_dags/example_python_decorator.py took 0.118 seconds
[2026-06-24T13:58:55.388+0300] {processor.py:161} INFO - Started process (PID=74003) to work on /media/data/omar/programming course/DEPI/DEPI project/anomx/venv/lib/python3.12/site-packages/airflow/example_dags/example_python_decorator.py
[2026-06-24T13:58:55.389+0300] {processor.py:830} INFO - Processing file /media/data/omar/programming course/DEPI/DEPI project/anomx/venv/lib/python3.12/site-packages/airflow/example_dags/example_python_decorator.py for tasks to queue
[2026-06-24T13:58:55.390+0300] {logging_mixin.py:188} INFO - [2026-06-24T13:58:55.390+0300] {dagbag.py:540} INFO - Filling up the DagBag from /media/data/omar/programming course/DEPI/DEPI project/anomx/venv/lib/python3.12/site-packages/airflow/example_dags/example_python_decorator.py
[2026-06-24T13:58:55.405+0300] {processor.py:840} INFO - DAG(s) 'example_python_decorator' retrieved from /media/data/omar/programming course/DEPI/DEPI project/anomx/venv/lib/python3.12/site-packages/airflow/example_dags/example_python_decorator.py
[2026-06-24T13:58:55.424+0300] {logging_mixin.py:188} INFO - [2026-06-24T13:58:55.423+0300] {dag.py:3096} INFO - Sync 1 DAGs
[2026-06-24T13:58:55.433+0300] {logging_mixin.py:188} INFO - [2026-06-24T13:58:55.433+0300] {dag.py:3954} INFO - Setting next_dagrun for example_python_decorator to None, run_after=None
[2026-06-24T13:58:55.460+0300] {processor.py:183} INFO - Processing /media/data/omar/programming course/DEPI/DEPI project/anomx/venv/lib/python3.12/site-packages/airflow/example_dags/example_python_decorator.py took 0.077 seconds
[2026-06-24T13:59:47.176+0300] {processor.py:161} INFO - Started process (PID=74642) to work on /media/data/omar/programming course/DEPI/DEPI project/anomx/venv/lib/python3.12/site-packages/airflow/example_dags/example_python_decorator.py
[2026-06-24T13:59:47.177+0300] {processor.py:830} INFO - Processing file /media/data/omar/programming course/DEPI/DEPI project/anomx/venv/lib/python3.12/site-packages/airflow/example_dags/example_python_decorator.py for tasks to queue
[2026-06-24T13:59:47.179+0300] {logging_mixin.py:188} INFO - [2026-06-24T13:59:47.178+0300] {dagbag.py:540} INFO - Filling up the DagBag from /media/data/omar/programming course/DEPI/DEPI project/anomx/venv/lib/python3.12/site-packages/airflow/example_dags/example_python_decorator.py
[2026-06-24T13:59:47.199+0300] {processor.py:840} INFO - DAG(s) 'example_python_decorator' retrieved from /media/data/omar/programming course/DEPI/DEPI project/anomx/venv/lib/python3.12/site-packages/airflow/example_dags/example_python_decorator.py
[2026-06-24T13:59:47.221+0300] {logging_mixin.py:188} INFO - [2026-06-24T13:59:47.220+0300] {dag.py:3096} INFO - Sync 1 DAGs
[2026-06-24T13:59:47.230+0300] {logging_mixin.py:188} INFO - [2026-06-24T13:59:47.230+0300] {dag.py:3954} INFO - Setting next_dagrun for example_python_decorator to None, run_after=None
[2026-06-24T13:59:47.258+0300] {processor.py:183} INFO - Processing /media/data/omar/programming course/DEPI/DEPI project/anomx/venv/lib/python3.12/site-packages/airflow/example_dags/example_python_decorator.py took 0.090 seconds
[2026-06-24T14:00:36.799+0300] {processor.py:161} INFO - Started process (PID=74951) to work on /media/data/omar/programming course/DEPI/DEPI project/anomx/venv/lib/python3.12/site-packages/airflow/example_dags/example_python_decorator.py
[2026-06-24T14:00:36.800+0300] {processor.py:830} INFO - Processing file /media/data/omar/programming course/DEPI/DEPI project/anomx/venv/lib/python3.12/site-packages/airflow/example_dags/example_python_decorator.py for tasks to queue
[2026-06-24T14:00:36.801+0300] {logging_mixin.py:188} INFO - [2026-06-24T14:00:36.801+0300] {dagbag.py:540} INFO - Filling up the DagBag from /media/data/omar/programming course/DEPI/DEPI project/anomx/venv/lib/python3.12/site-packages/airflow/example_dags/example_python_decorator.py
[2026-06-24T14:00:36.814+0300] {processor.py:840} INFO - DAG(s) 'example_python_decorator' retrieved from /media/data/omar/programming course/DEPI/DEPI project/anomx/venv/lib/python3.12/site-packages/airflow/example_dags/example_python_decorator.py
[2026-06-24T14:00:36.830+0300] {logging_mixin.py:188} INFO - [2026-06-24T14:00:36.830+0300] {dag.py:3096} INFO - Sync 1 DAGs
[2026-06-24T14:00:36.838+0300] {logging_mixin.py:188} INFO - [2026-06-24T14:00:36.838+0300] {dag.py:3954} INFO - Setting next_dagrun for example_python_decorator to None, run_after=None
[2026-06-24T14:00:36.866+0300] {processor.py:183} INFO - Processing /media/data/omar/programming course/DEPI/DEPI project/anomx/venv/lib/python3.12/site-packages/airflow/example_dags/example_python_decorator.py took 0.074 seconds
[2026-06-24T14:01:26.045+0300] {processor.py:161} INFO - Started process (PID=75528) to work on /media/data/omar/programming course/DEPI/DEPI project/anomx/venv/lib/python3.12/site-packages/airflow/example_dags/example_python_decorator.py
[2026-06-24T14:01:26.046+0300] {processor.py:830} INFO - Processing file /media/data/omar/programming course/DEPI/DEPI project/anomx/venv/lib/python3.12/site-packages/airflow/example_dags/example_python_decorator.py for tasks to queue
[2026-06-24T14:01:26.048+0300] {logging_mixin.py:188} INFO - [2026-06-24T14:01:26.047+0300] {dagbag.py:540} INFO - Filling up the DagBag from /media/data/omar/programming course/DEPI/DEPI project/anomx/venv/lib/python3.12/site-packages/airflow/example_dags/example_python_decorator.py
[2026-06-24T14:01:26.067+0300] {processor.py:840} INFO - DAG(s) 'example_python_decorator' retrieved from /media/data/omar/programming course/DEPI/DEPI project/anomx/venv/lib/python3.12/site-packages/airflow/example_dags/example_python_decorator.py
[2026-06-24T14:01:26.089+0300] {logging_mixin.py:188} INFO - [2026-06-24T14:01:26.089+0300] {dag.py:3096} INFO - Sync 1 DAGs
[2026-06-24T14:01:26.100+0300] {logging_mixin.py:188} INFO - [2026-06-24T14:01:26.100+0300] {dag.py:3954} INFO - Setting next_dagrun for example_python_decorator to None, run_after=None
[2026-06-24T14:01:26.128+0300] {processor.py:183} INFO - Processing /media/data/omar/programming course/DEPI/DEPI project/anomx/venv/lib/python3.12/site-packages/airflow/example_dags/example_python_decorator.py took 0.098 seconds
[2026-06-24T14:02:19.438+0300] {processor.py:161} INFO - Started process (PID=75881) to work on /media/data/omar/programming course/DEPI/DEPI project/anomx/venv/lib/python3.12/site-packages/airflow/example_dags/example_python_decorator.py
[2026-06-24T14:02:19.439+0300] {processor.py:830} INFO - Processing file /media/data/omar/programming course/DEPI/DEPI project/anomx/venv/lib/python3.12/site-packages/airflow/example_dags/example_python_decorator.py for tasks to queue
[2026-06-24T14:02:19.440+0300] {logging_mixin.py:188} INFO - [2026-06-24T14:02:19.440+0300] {dagbag.py:540} INFO - Filling up the DagBag from /media/data/omar/programming course/DEPI/DEPI project/anomx/venv/lib/python3.12/site-packages/airflow/example_dags/example_python_decorator.py
[2026-06-24T14:02:19.453+0300] {processor.py:840} INFO - DAG(s) 'example_python_decorator' retrieved from /media/data/omar/programming course/DEPI/DEPI project/anomx/venv/lib/python3.12/site-packages/airflow/example_dags/example_python_decorator.py
[2026-06-24T14:02:19.468+0300] {logging_mixin.py:188} INFO - [2026-06-24T14:02:19.468+0300] {dag.py:3096} INFO - Sync 1 DAGs
[2026-06-24T14:02:19.477+0300] {logging_mixin.py:188} INFO - [2026-06-24T14:02:19.477+0300] {dag.py:3954} INFO - Setting next_dagrun for example_python_decorator to None, run_after=None
[2026-06-24T14:02:19.505+0300] {processor.py:183} INFO - Processing /media/data/omar/programming course/DEPI/DEPI project/anomx/venv/lib/python3.12/site-packages/airflow/example_dags/example_python_decorator.py took 0.072 seconds
[2026-06-24T14:03:11.391+0300] {processor.py:161} INFO - Started process (PID=76502) to work on /media/data/omar/programming course/DEPI/DEPI project/anomx/venv/lib/python3.12/site-packages/airflow/example_dags/example_python_decorator.py
[2026-06-24T14:03:11.393+0300] {processor.py:830} INFO - Processing file /media/data/omar/programming course/DEPI/DEPI project/anomx/venv/lib/python3.12/site-packages/airflow/example_dags/example_python_decorator.py for tasks to queue
[2026-06-24T14:03:11.395+0300] {logging_mixin.py:188} INFO - [2026-06-24T14:03:11.394+0300] {dagbag.py:540} INFO - Filling up the DagBag from /media/data/omar/programming course/DEPI/DEPI project/anomx/venv/lib/python3.12/site-packages/airflow/example_dags/example_python_decorator.py
[2026-06-24T14:03:11.419+0300] {processor.py:840} INFO - DAG(s) 'example_python_decorator' retrieved from /media/data/omar/programming course/DEPI/DEPI project/anomx/venv/lib/python3.12/site-packages/airflow/example_dags/example_python_decorator.py
[2026-06-24T14:03:11.437+0300] {logging_mixin.py:188} INFO - [2026-06-24T14:03:11.437+0300] {dag.py:3096} INFO - Sync 1 DAGs
[2026-06-24T14:03:11.445+0300] {logging_mixin.py:188} INFO - [2026-06-24T14:03:11.445+0300] {dag.py:3954} INFO - Setting next_dagrun for example_python_decorator to None, run_after=None
[2026-06-24T14:03:11.470+0300] {processor.py:183} INFO - Processing /media/data/omar/programming course/DEPI/DEPI project/anomx/venv/lib/python3.12/site-packages/airflow/example_dags/example_python_decorator.py took 0.092 seconds
[2026-06-24T14:04:04.905+0300] {processor.py:161} INFO - Started process (PID=76843) to work on /media/data/omar/programming course/DEPI/DEPI project/anomx/venv/lib/python3.12/site-packages/airflow/example_dags/example_python_decorator.py
[2026-06-24T14:04:04.905+0300] {processor.py:830} INFO - Processing file /media/data/omar/programming course/DEPI/DEPI project/anomx/venv/lib/python3.12/site-packages/airflow/example_dags/example_python_decorator.py for tasks to queue
[2026-06-24T14:04:04.906+0300] {logging_mixin.py:188} INFO - [2026-06-24T14:04:04.906+0300] {dagbag.py:540} INFO - Filling up the DagBag from /media/data/omar/programming course/DEPI/DEPI project/anomx/venv/lib/python3.12/site-packages/airflow/example_dags/example_python_decorator.py
[2026-06-24T14:04:04.919+0300] {processor.py:840} INFO - DAG(s) 'example_python_decorator' retrieved from /media/data/omar/programming course/DEPI/DEPI project/anomx/venv/lib/python3.12/site-packages/airflow/example_dags/example_python_decorator.py
[2026-06-24T14:04:04.937+0300] {logging_mixin.py:188} INFO - [2026-06-24T14:04:04.936+0300] {dag.py:3096} INFO - Sync 1 DAGs
[2026-06-24T14:04:04.945+0300] {logging_mixin.py:188} INFO - [2026-06-24T14:04:04.944+0300] {dag.py:3954} INFO - Setting next_dagrun for example_python_decorator to None, run_after=None
[2026-06-24T14:04:04.974+0300] {processor.py:183} INFO - Processing /media/data/omar/programming course/DEPI/DEPI project/anomx/venv/lib/python3.12/site-packages/airflow/example_dags/example_python_decorator.py took 0.076 seconds
[2026-06-24T14:04:57.917+0300] {processor.py:161} INFO - Started process (PID=77493) to work on /media/data/omar/programming course/DEPI/DEPI project/anomx/venv/lib/python3.12/site-packages/airflow/example_dags/example_python_decorator.py
[2026-06-24T14:04:57.918+0300] {processor.py:830} INFO - Processing file /media/data/omar/programming course/DEPI/DEPI project/anomx/venv/lib/python3.12/site-packages/airflow/example_dags/example_python_decorator.py for tasks to queue
[2026-06-24T14:04:57.919+0300] {logging_mixin.py:188} INFO - [2026-06-24T14:04:57.919+0300] {dagbag.py:540} INFO - Filling up the DagBag from /media/data/omar/programming course/DEPI/DEPI project/anomx/venv/lib/python3.12/site-packages/airflow/example_dags/example_python_decorator.py
[2026-06-24T14:04:57.938+0300] {processor.py:840} INFO - DAG(s) 'example_python_decorator' retrieved from /media/data/omar/programming course/DEPI/DEPI project/anomx/venv/lib/python3.12/site-packages/airflow/example_dags/example_python_decorator.py
[2026-06-24T14:04:57.956+0300] {logging_mixin.py:188} INFO - [2026-06-24T14:04:57.955+0300] {dag.py:3096} INFO - Sync 1 DAGs
[2026-06-24T14:04:57.965+0300] {logging_mixin.py:188} INFO - [2026-06-24T14:04:57.965+0300] {dag.py:3954} INFO - Setting next_dagrun for example_python_decorator to None, run_after=None
[2026-06-24T14:04:57.994+0300] {processor.py:183} INFO - Processing /media/data/omar/programming course/DEPI/DEPI project/anomx/venv/lib/python3.12/site-packages/airflow/example_dags/example_python_decorator.py took 0.084 seconds
[2026-06-24T14:05:46.771+0300] {processor.py:161} INFO - Started process (PID=77772) to work on /media/data/omar/programming course/DEPI/DEPI project/anomx/venv/lib/python3.12/site-packages/airflow/example_dags/example_python_decorator.py
[2026-06-24T14:05:46.773+0300] {processor.py:830} INFO - Processing file /media/data/omar/programming course/DEPI/DEPI project/anomx/venv/lib/python3.12/site-packages/airflow/example_dags/example_python_decorator.py for tasks to queue
[2026-06-24T14:05:46.776+0300] {logging_mixin.py:188} INFO - [2026-06-24T14:05:46.775+0300] {dagbag.py:540} INFO - Filling up the DagBag from /media/data/omar/programming course/DEPI/DEPI project/anomx/venv/lib/python3.12/site-packages/airflow/example_dags/example_python_decorator.py
[2026-06-24T14:05:46.801+0300] {processor.py:840} INFO - DAG(s) 'example_python_decorator' retrieved from /media/data/omar/programming course/DEPI/DEPI project/anomx/venv/lib/python3.12/site-packages/airflow/example_dags/example_python_decorator.py
[2026-06-24T14:05:46.819+0300] {logging_mixin.py:188} INFO - [2026-06-24T14:05:46.818+0300] {dag.py:3096} INFO - Sync 1 DAGs
[2026-06-24T14:05:46.828+0300] {logging_mixin.py:188} INFO - [2026-06-24T14:05:46.827+0300] {dag.py:3954} INFO - Setting next_dagrun for example_python_decorator to None, run_after=None
[2026-06-24T14:05:46.855+0300] {processor.py:183} INFO - Processing /media/data/omar/programming course/DEPI/DEPI project/anomx/venv/lib/python3.12/site-packages/airflow/example_dags/example_python_decorator.py took 0.102 seconds
[2026-06-24T14:06:33.115+0300] {processor.py:161} INFO - Started process (PID=78379) to work on /media/data/omar/programming course/DEPI/DEPI project/anomx/venv/lib/python3.12/site-packages/airflow/example_dags/example_python_decorator.py
[2026-06-24T14:06:33.116+0300] {processor.py:830} INFO - Processing file /media/data/omar/programming course/DEPI/DEPI project/anomx/venv/lib/python3.12/site-packages/airflow/example_dags/example_python_decorator.py for tasks to queue
[2026-06-24T14:06:33.118+0300] {logging_mixin.py:188} INFO - [2026-06-24T14:06:33.117+0300] {dagbag.py:540} INFO - Filling up the DagBag from /media/data/omar/programming course/DEPI/DEPI project/anomx/venv/lib/python3.12/site-packages/airflow/example_dags/example_python_decorator.py
[2026-06-24T14:06:33.136+0300] {processor.py:840} INFO - DAG(s) 'example_python_decorator' retrieved from /media/data/omar/programming course/DEPI/DEPI project/anomx/venv/lib/python3.12/site-packages/airflow/example_dags/example_python_decorator.py
[2026-06-24T14:06:33.153+0300] {logging_mixin.py:188} INFO - [2026-06-24T14:06:33.153+0300] {dag.py:3096} INFO - Sync 1 DAGs
[2026-06-24T14:06:33.162+0300] {logging_mixin.py:188} INFO - [2026-06-24T14:06:33.162+0300] {dag.py:3954} INFO - Setting next_dagrun for example_python_decorator to None, run_after=None
[2026-06-24T14:06:33.188+0300] {processor.py:183} INFO - Processing /media/data/omar/programming course/DEPI/DEPI project/anomx/venv/lib/python3.12/site-packages/airflow/example_dags/example_python_decorator.py took 0.082 seconds
[2026-06-24T14:07:21.183+0300] {processor.py:161} INFO - Started process (PID=78672) to work on /media/data/omar/programming course/DEPI/DEPI project/anomx/venv/lib/python3.12/site-packages/airflow/example_dags/example_python_decorator.py
[2026-06-24T14:07:21.184+0300] {processor.py:830} INFO - Processing file /media/data/omar/programming course/DEPI/DEPI project/anomx/venv/lib/python3.12/site-packages/airflow/example_dags/example_python_decorator.py for tasks to queue
[2026-06-24T14:07:21.186+0300] {logging_mixin.py:188} INFO - [2026-06-24T14:07:21.185+0300] {dagbag.py:540} INFO - Filling up the DagBag from /media/data/omar/programming course/DEPI/DEPI project/anomx/venv/lib/python3.12/site-packages/airflow/example_dags/example_python_decorator.py
[2026-06-24T14:07:21.202+0300] {processor.py:840} INFO - DAG(s) 'example_python_decorator' retrieved from /media/data/omar/programming course/DEPI/DEPI project/anomx/venv/lib/python3.12/site-packages/airflow/example_dags/example_python_decorator.py
[2026-06-24T14:07:21.219+0300] {logging_mixin.py:188} INFO - [2026-06-24T14:07:21.219+0300] {dag.py:3096} INFO - Sync 1 DAGs
[2026-06-24T14:07:21.228+0300] {logging_mixin.py:188} INFO - [2026-06-24T14:07:21.227+0300] {dag.py:3954} INFO - Setting next_dagrun for example_python_decorator to None, run_after=None
[2026-06-24T14:07:21.256+0300] {processor.py:183} INFO - Processing /media/data/omar/programming course/DEPI/DEPI project/anomx/venv/lib/python3.12/site-packages/airflow/example_dags/example_python_decorator.py took 0.081 seconds
[2026-06-24T14:08:10.914+0300] {processor.py:161} INFO - Started process (PID=79301) to work on /media/data/omar/programming course/DEPI/DEPI project/anomx/venv/lib/python3.12/site-packages/airflow/example_dags/example_python_decorator.py
[2026-06-24T14:08:10.916+0300] {processor.py:830} INFO - Processing file /media/data/omar/programming course/DEPI/DEPI project/anomx/venv/lib/python3.12/site-packages/airflow/example_dags/example_python_decorator.py for tasks to queue
[2026-06-24T14:08:10.919+0300] {logging_mixin.py:188} INFO - [2026-06-24T14:08:10.918+0300] {dagbag.py:540} INFO - Filling up the DagBag from /media/data/omar/programming course/DEPI/DEPI project/anomx/venv/lib/python3.12/site-packages/airflow/example_dags/example_python_decorator.py
[2026-06-24T14:08:10.941+0300] {processor.py:840} INFO - DAG(s) 'example_python_decorator' retrieved from /media/data/omar/programming course/DEPI/DEPI project/anomx/venv/lib/python3.12/site-packages/airflow/example_dags/example_python_decorator.py
[2026-06-24T14:08:10.958+0300] {logging_mixin.py:188} INFO - [2026-06-24T14:08:10.958+0300] {dag.py:3096} INFO - Sync 1 DAGs
[2026-06-24T14:08:10.966+0300] {logging_mixin.py:188} INFO - [2026-06-24T14:08:10.966+0300] {dag.py:3954} INFO - Setting next_dagrun for example_python_decorator to None, run_after=None
[2026-06-24T14:08:10.993+0300] {processor.py:183} INFO - Processing /media/data/omar/programming course/DEPI/DEPI project/anomx/venv/lib/python3.12/site-packages/airflow/example_dags/example_python_decorator.py took 0.095 seconds
[2026-06-24T14:09:00.099+0300] {processor.py:161} INFO - Started process (PID=79615) to work on /media/data/omar/programming course/DEPI/DEPI project/anomx/venv/lib/python3.12/site-packages/airflow/example_dags/example_python_decorator.py
[2026-06-24T14:09:00.100+0300] {processor.py:830} INFO - Processing file /media/data/omar/programming course/DEPI/DEPI project/anomx/venv/lib/python3.12/site-packages/airflow/example_dags/example_python_decorator.py for tasks to queue
[2026-06-24T14:09:00.101+0300] {logging_mixin.py:188} INFO - [2026-06-24T14:09:00.101+0300] {dagbag.py:540} INFO - Filling up the DagBag from /media/data/omar/programming course/DEPI/DEPI project/anomx/venv/lib/python3.12/site-packages/airflow/example_dags/example_python_decorator.py
[2026-06-24T14:09:00.114+0300] {processor.py:840} INFO - DAG(s) 'example_python_decorator' retrieved from /media/data/omar/programming course/DEPI/DEPI project/anomx/venv/lib/python3.12/site-packages/airflow/example_dags/example_python_decorator.py
[2026-06-24T14:09:00.131+0300] {logging_mixin.py:188} INFO - [2026-06-24T14:09:00.131+0300] {dag.py:3096} INFO - Sync 1 DAGs
[2026-06-24T14:09:00.142+0300] {logging_mixin.py:188} INFO - [2026-06-24T14:09:00.141+0300] {dag.py:3954} INFO - Setting next_dagrun for example_python_decorator to None, run_after=None
[2026-06-24T14:09:00.172+0300] {processor.py:183} INFO - Processing /media/data/omar/programming course/DEPI/DEPI project/anomx/venv/lib/python3.12/site-packages/airflow/example_dags/example_python_decorator.py took 0.082 seconds
[2026-06-24T14:09:52.270+0300] {processor.py:161} INFO - Started process (PID=80233) to work on /media/data/omar/programming course/DEPI/DEPI project/anomx/venv/lib/python3.12/site-packages/airflow/example_dags/example_python_decorator.py
[2026-06-24T14:09:52.271+0300] {processor.py:830} INFO - Processing file /media/data/omar/programming course/DEPI/DEPI project/anomx/venv/lib/python3.12/site-packages/airflow/example_dags/example_python_decorator.py for tasks to queue
[2026-06-24T14:09:52.272+0300] {logging_mixin.py:188} INFO - [2026-06-24T14:09:52.272+0300] {dagbag.py:540} INFO - Filling up the DagBag from /media/data/omar/programming course/DEPI/DEPI project/anomx/venv/lib/python3.12/site-packages/airflow/example_dags/example_python_decorator.py
[2026-06-24T14:09:52.290+0300] {processor.py:840} INFO - DAG(s) 'example_python_decorator' retrieved from /media/data/omar/programming course/DEPI/DEPI project/anomx/venv/lib/python3.12/site-packages/airflow/example_dags/example_python_decorator.py
[2026-06-24T14:09:52.309+0300] {logging_mixin.py:188} INFO - [2026-06-24T14:09:52.308+0300] {dag.py:3096} INFO - Sync 1 DAGs
[2026-06-24T14:09:52.319+0300] {logging_mixin.py:188} INFO - [2026-06-24T14:09:52.318+0300] {dag.py:3954} INFO - Setting next_dagrun for example_python_decorator to None, run_after=None
[2026-06-24T14:09:52.352+0300] {processor.py:183} INFO - Processing /media/data/omar/programming course/DEPI/DEPI project/anomx/venv/lib/python3.12/site-packages/airflow/example_dags/example_python_decorator.py took 0.089 seconds
[2026-06-24T14:10:44.275+0300] {processor.py:161} INFO - Started process (PID=80567) to work on /media/data/omar/programming course/DEPI/DEPI project/anomx/venv/lib/python3.12/site-packages/airflow/example_dags/example_python_decorator.py
[2026-06-24T14:10:44.276+0300] {processor.py:830} INFO - Processing file /media/data/omar/programming course/DEPI/DEPI project/anomx/venv/lib/python3.12/site-packages/airflow/example_dags/example_python_decorator.py for tasks to queue
[2026-06-24T14:10:44.278+0300] {logging_mixin.py:188} INFO - [2026-06-24T14:10:44.277+0300] {dagbag.py:540} INFO - Filling up the DagBag from /media/data/omar/programming course/DEPI/DEPI project/anomx/venv/lib/python3.12/site-packages/airflow/example_dags/example_python_decorator.py
[2026-06-24T14:10:44.295+0300] {processor.py:840} INFO - DAG(s) 'example_python_decorator' retrieved from /media/data/omar/programming course/DEPI/DEPI project/anomx/venv/lib/python3.12/site-packages/airflow/example_dags/example_python_decorator.py
[2026-06-24T14:10:44.318+0300] {logging_mixin.py:188} INFO - [2026-06-24T14:10:44.318+0300] {dag.py:3096} INFO - Sync 1 DAGs
[2026-06-24T14:10:44.330+0300] {logging_mixin.py:188} INFO - [2026-06-24T14:10:44.329+0300] {dag.py:3954} INFO - Setting next_dagrun for example_python_decorator to None, run_after=None
[2026-06-24T14:10:44.360+0300] {processor.py:183} INFO - Processing /media/data/omar/programming course/DEPI/DEPI project/anomx/venv/lib/python3.12/site-packages/airflow/example_dags/example_python_decorator.py took 0.091 seconds
[2026-06-24T14:11:34.671+0300] {processor.py:161} INFO - Started process (PID=81196) to work on /media/data/omar/programming course/DEPI/DEPI project/anomx/venv/lib/python3.12/site-packages/airflow/example_dags/example_python_decorator.py
[2026-06-24T14:11:34.672+0300] {processor.py:830} INFO - Processing file /media/data/omar/programming course/DEPI/DEPI project/anomx/venv/lib/python3.12/site-packages/airflow/example_dags/example_python_decorator.py for tasks to queue
[2026-06-24T14:11:34.673+0300] {logging_mixin.py:188} INFO - [2026-06-24T14:11:34.673+0300] {dagbag.py:540} INFO - Filling up the DagBag from /media/data/omar/programming course/DEPI/DEPI project/anomx/venv/lib/python3.12/site-packages/airflow/example_dags/example_python_decorator.py
[2026-06-24T14:11:34.691+0300] {processor.py:840} INFO - DAG(s) 'example_python_decorator' retrieved from /media/data/omar/programming course/DEPI/DEPI project/anomx/venv/lib/python3.12/site-packages/airflow/example_dags/example_python_decorator.py
[2026-06-24T14:11:34.710+0300] {logging_mixin.py:188} INFO - [2026-06-24T14:11:34.709+0300] {dag.py:3096} INFO - Sync 1 DAGs
[2026-06-24T14:11:34.720+0300] {logging_mixin.py:188} INFO - [2026-06-24T14:11:34.719+0300] {dag.py:3954} INFO - Setting next_dagrun for example_python_decorator to None, run_after=None
[2026-06-24T14:11:34.748+0300] {processor.py:183} INFO - Processing /media/data/omar/programming course/DEPI/DEPI project/anomx/venv/lib/python3.12/site-packages/airflow/example_dags/example_python_decorator.py took 0.083 seconds
[2026-06-24T14:12:24.433+0300] {processor.py:161} INFO - Started process (PID=81495) to work on /media/data/omar/programming course/DEPI/DEPI project/anomx/venv/lib/python3.12/site-packages/airflow/example_dags/example_python_decorator.py
[2026-06-24T14:12:24.434+0300] {processor.py:830} INFO - Processing file /media/data/omar/programming course/DEPI/DEPI project/anomx/venv/lib/python3.12/site-packages/airflow/example_dags/example_python_decorator.py for tasks to queue
[2026-06-24T14:12:24.435+0300] {logging_mixin.py:188} INFO - [2026-06-24T14:12:24.435+0300] {dagbag.py:540} INFO - Filling up the DagBag from /media/data/omar/programming course/DEPI/DEPI project/anomx/venv/lib/python3.12/site-packages/airflow/example_dags/example_python_decorator.py
[2026-06-24T14:12:24.449+0300] {processor.py:840} INFO - DAG(s) 'example_python_decorator' retrieved from /media/data/omar/programming course/DEPI/DEPI project/anomx/venv/lib/python3.12/site-packages/airflow/example_dags/example_python_decorator.py
[2026-06-24T14:12:24.466+0300] {logging_mixin.py:188} INFO - [2026-06-24T14:12:24.466+0300] {dag.py:3096} INFO - Sync 1 DAGs
[2026-06-24T14:12:24.475+0300] {logging_mixin.py:188} INFO - [2026-06-24T14:12:24.475+0300] {dag.py:3954} INFO - Setting next_dagrun for example_python_decorator to None, run_after=None
[2026-06-24T14:12:24.506+0300] {processor.py:183} INFO - Processing /media/data/omar/programming course/DEPI/DEPI project/anomx/venv/lib/python3.12/site-packages/airflow/example_dags/example_python_decorator.py took 0.079 seconds
[2026-06-24T14:13:16.082+0300] {processor.py:161} INFO - Started process (PID=82125) to work on /media/data/omar/programming course/DEPI/DEPI project/anomx/venv/lib/python3.12/site-packages/airflow/example_dags/example_python_decorator.py
[2026-06-24T14:13:16.085+0300] {processor.py:830} INFO - Processing file /media/data/omar/programming course/DEPI/DEPI project/anomx/venv/lib/python3.12/site-packages/airflow/example_dags/example_python_decorator.py for tasks to queue
[2026-06-24T14:13:16.089+0300] {logging_mixin.py:188} INFO - [2026-06-24T14:13:16.087+0300] {dagbag.py:540} INFO - Filling up the DagBag from /media/data/omar/programming course/DEPI/DEPI project/anomx/venv/lib/python3.12/site-packages/airflow/example_dags/example_python_decorator.py
[2026-06-24T14:13:16.113+0300] {processor.py:840} INFO - DAG(s) 'example_python_decorator' retrieved from /media/data/omar/programming course/DEPI/DEPI project/anomx/venv/lib/python3.12/site-packages/airflow/example_dags/example_python_decorator.py
[2026-06-24T14:13:16.131+0300] {logging_mixin.py:188} INFO - [2026-06-24T14:13:16.130+0300] {dag.py:3096} INFO - Sync 1 DAGs
[2026-06-24T14:13:16.139+0300] {logging_mixin.py:188} INFO - [2026-06-24T14:13:16.138+0300] {dag.py:3954} INFO - Setting next_dagrun for example_python_decorator to None, run_after=None
[2026-06-24T14:13:16.177+0300] {processor.py:183} INFO - Processing /media/data/omar/programming course/DEPI/DEPI project/anomx/venv/lib/python3.12/site-packages/airflow/example_dags/example_python_decorator.py took 0.113 seconds
[2026-06-24T14:14:04.113+0300] {processor.py:161} INFO - Started process (PID=82425) to work on /media/data/omar/programming course/DEPI/DEPI project/anomx/venv/lib/python3.12/site-packages/airflow/example_dags/example_python_decorator.py
[2026-06-24T14:14:04.114+0300] {processor.py:830} INFO - Processing file /media/data/omar/programming course/DEPI/DEPI project/anomx/venv/lib/python3.12/site-packages/airflow/example_dags/example_python_decorator.py for tasks to queue
[2026-06-24T14:14:04.115+0300] {logging_mixin.py:188} INFO - [2026-06-24T14:14:04.114+0300] {dagbag.py:540} INFO - Filling up the DagBag from /media/data/omar/programming course/DEPI/DEPI project/anomx/venv/lib/python3.12/site-packages/airflow/example_dags/example_python_decorator.py
[2026-06-24T14:14:04.142+0300] {processor.py:840} INFO - DAG(s) 'example_python_decorator' retrieved from /media/data/omar/programming course/DEPI/DEPI project/anomx/venv/lib/python3.12/site-packages/airflow/example_dags/example_python_decorator.py
[2026-06-24T14:14:04.166+0300] {logging_mixin.py:188} INFO - [2026-06-24T14:14:04.165+0300] {dag.py:3096} INFO - Sync 1 DAGs
[2026-06-24T14:14:04.179+0300] {logging_mixin.py:188} INFO - [2026-06-24T14:14:04.178+0300] {dag.py:3954} INFO - Setting next_dagrun for example_python_decorator to None, run_after=None
[2026-06-24T14:14:04.210+0300] {processor.py:183} INFO - Processing /media/data/omar/programming course/DEPI/DEPI project/anomx/venv/lib/python3.12/site-packages/airflow/example_dags/example_python_decorator.py took 0.105 seconds
[2026-06-24T14:14:52.837+0300] {processor.py:161} INFO - Started process (PID=83034) to work on /media/data/omar/programming course/DEPI/DEPI project/anomx/venv/lib/python3.12/site-packages/airflow/example_dags/example_python_decorator.py
[2026-06-24T14:14:52.838+0300] {processor.py:830} INFO - Processing file /media/data/omar/programming course/DEPI/DEPI project/anomx/venv/lib/python3.12/site-packages/airflow/example_dags/example_python_decorator.py for tasks to queue
[2026-06-24T14:14:52.840+0300] {logging_mixin.py:188} INFO - [2026-06-24T14:14:52.839+0300] {dagbag.py:540} INFO - Filling up the DagBag from /media/data/omar/programming course/DEPI/DEPI project/anomx/venv/lib/python3.12/site-packages/airflow/example_dags/example_python_decorator.py
[2026-06-24T14:14:52.858+0300] {processor.py:840} INFO - DAG(s) 'example_python_decorator' retrieved from /media/data/omar/programming course/DEPI/DEPI project/anomx/venv/lib/python3.12/site-packages/airflow/example_dags/example_python_decorator.py
[2026-06-24T14:14:52.882+0300] {logging_mixin.py:188} INFO - [2026-06-24T14:14:52.882+0300] {dag.py:3096} INFO - Sync 1 DAGs
[2026-06-24T14:14:52.891+0300] {logging_mixin.py:188} INFO - [2026-06-24T14:14:52.891+0300] {dag.py:3954} INFO - Setting next_dagrun for example_python_decorator to None, run_after=None
[2026-06-24T14:14:52.925+0300] {processor.py:183} INFO - Processing /media/data/omar/programming course/DEPI/DEPI project/anomx/venv/lib/python3.12/site-packages/airflow/example_dags/example_python_decorator.py took 0.095 seconds
[2026-06-24T14:15:42.477+0300] {processor.py:161} INFO - Started process (PID=83361) to work on /media/data/omar/programming course/DEPI/DEPI project/anomx/venv/lib/python3.12/site-packages/airflow/example_dags/example_python_decorator.py
[2026-06-24T14:15:42.478+0300] {processor.py:830} INFO - Processing file /media/data/omar/programming course/DEPI/DEPI project/anomx/venv/lib/python3.12/site-packages/airflow/example_dags/example_python_decorator.py for tasks to queue
[2026-06-24T14:15:42.479+0300] {logging_mixin.py:188} INFO - [2026-06-24T14:15:42.478+0300] {dagbag.py:540} INFO - Filling up the DagBag from /media/data/omar/programming course/DEPI/DEPI project/anomx/venv/lib/python3.12/site-packages/airflow/example_dags/example_python_decorator.py
[2026-06-24T14:15:42.491+0300] {processor.py:840} INFO - DAG(s) 'example_python_decorator' retrieved from /media/data/omar/programming course/DEPI/DEPI project/anomx/venv/lib/python3.12/site-packages/airflow/example_dags/example_python_decorator.py
[2026-06-24T14:15:42.506+0300] {logging_mixin.py:188} INFO - [2026-06-24T14:15:42.506+0300] {dag.py:3096} INFO - Sync 1 DAGs
[2026-06-24T14:15:42.515+0300] {logging_mixin.py:188} INFO - [2026-06-24T14:15:42.515+0300] {dag.py:3954} INFO - Setting next_dagrun for example_python_decorator to None, run_after=None
[2026-06-24T14:15:42.543+0300] {processor.py:183} INFO - Processing /media/data/omar/programming course/DEPI/DEPI project/anomx/venv/lib/python3.12/site-packages/airflow/example_dags/example_python_decorator.py took 0.070 seconds
[2026-06-24T14:16:35.909+0300] {processor.py:161} INFO - Started process (PID=83987) to work on /media/data/omar/programming course/DEPI/DEPI project/anomx/venv/lib/python3.12/site-packages/airflow/example_dags/example_python_decorator.py
[2026-06-24T14:16:35.910+0300] {processor.py:830} INFO - Processing file /media/data/omar/programming course/DEPI/DEPI project/anomx/venv/lib/python3.12/site-packages/airflow/example_dags/example_python_decorator.py for tasks to queue
[2026-06-24T14:16:35.911+0300] {logging_mixin.py:188} INFO - [2026-06-24T14:16:35.911+0300] {dagbag.py:540} INFO - Filling up the DagBag from /media/data/omar/programming course/DEPI/DEPI project/anomx/venv/lib/python3.12/site-packages/airflow/example_dags/example_python_decorator.py
[2026-06-24T14:16:35.927+0300] {processor.py:840} INFO - DAG(s) 'example_python_decorator' retrieved from /media/data/omar/programming course/DEPI/DEPI project/anomx/venv/lib/python3.12/site-packages/airflow/example_dags/example_python_decorator.py
[2026-06-24T14:16:35.943+0300] {logging_mixin.py:188} INFO - [2026-06-24T14:16:35.943+0300] {dag.py:3096} INFO - Sync 1 DAGs
[2026-06-24T14:16:35.953+0300] {logging_mixin.py:188} INFO - [2026-06-24T14:16:35.952+0300] {dag.py:3954} INFO - Setting next_dagrun for example_python_decorator to None, run_after=None
[2026-06-24T14:16:35.980+0300] {processor.py:183} INFO - Processing /media/data/omar/programming course/DEPI/DEPI project/anomx/venv/lib/python3.12/site-packages/airflow/example_dags/example_python_decorator.py took 0.077 seconds
[2026-06-24T14:17:27.478+0300] {processor.py:161} INFO - Started process (PID=84304) to work on /media/data/omar/programming course/DEPI/DEPI project/anomx/venv/lib/python3.12/site-packages/airflow/example_dags/example_python_decorator.py
[2026-06-24T14:17:27.479+0300] {processor.py:830} INFO - Processing file /media/data/omar/programming course/DEPI/DEPI project/anomx/venv/lib/python3.12/site-packages/airflow/example_dags/example_python_decorator.py for tasks to queue
[2026-06-24T14:17:27.480+0300] {logging_mixin.py:188} INFO - [2026-06-24T14:17:27.480+0300] {dagbag.py:540} INFO - Filling up the DagBag from /media/data/omar/programming course/DEPI/DEPI project/anomx/venv/lib/python3.12/site-packages/airflow/example_dags/example_python_decorator.py
[2026-06-24T14:17:27.496+0300] {processor.py:840} INFO - DAG(s) 'example_python_decorator' retrieved from /media/data/omar/programming course/DEPI/DEPI project/anomx/venv/lib/python3.12/site-packages/airflow/example_dags/example_python_decorator.py
[2026-06-24T14:17:27.512+0300] {logging_mixin.py:188} INFO - [2026-06-24T14:17:27.511+0300] {dag.py:3096} INFO - Sync 1 DAGs
[2026-06-24T14:17:27.520+0300] {logging_mixin.py:188} INFO - [2026-06-24T14:17:27.520+0300] {dag.py:3954} INFO - Setting next_dagrun for example_python_decorator to None, run_after=None
[2026-06-24T14:17:27.547+0300] {processor.py:183} INFO - Processing /media/data/omar/programming course/DEPI/DEPI project/anomx/venv/lib/python3.12/site-packages/airflow/example_dags/example_python_decorator.py took 0.078 seconds
[2026-06-24T14:18:16.462+0300] {processor.py:161} INFO - Started process (PID=84935) to work on /media/data/omar/programming course/DEPI/DEPI project/anomx/venv/lib/python3.12/site-packages/airflow/example_dags/example_python_decorator.py
[2026-06-24T14:18:16.463+0300] {processor.py:830} INFO - Processing file /media/data/omar/programming course/DEPI/DEPI project/anomx/venv/lib/python3.12/site-packages/airflow/example_dags/example_python_decorator.py for tasks to queue
[2026-06-24T14:18:16.464+0300] {logging_mixin.py:188} INFO - [2026-06-24T14:18:16.463+0300] {dagbag.py:540} INFO - Filling up the DagBag from /media/data/omar/programming course/DEPI/DEPI project/anomx/venv/lib/python3.12/site-packages/airflow/example_dags/example_python_decorator.py
[2026-06-24T14:18:16.476+0300] {processor.py:840} INFO - DAG(s) 'example_python_decorator' retrieved from /media/data/omar/programming course/DEPI/DEPI project/anomx/venv/lib/python3.12/site-packages/airflow/example_dags/example_python_decorator.py
[2026-06-24T14:18:16.491+0300] {logging_mixin.py:188} INFO - [2026-06-24T14:18:16.491+0300] {dag.py:3096} INFO - Sync 1 DAGs
[2026-06-24T14:18:16.499+0300] {logging_mixin.py:188} INFO - [2026-06-24T14:18:16.499+0300] {dag.py:3954} INFO - Setting next_dagrun for example_python_decorator to None, run_after=None
[2026-06-24T14:18:16.528+0300] {processor.py:183} INFO - Processing /media/data/omar/programming course/DEPI/DEPI project/anomx/venv/lib/python3.12/site-packages/airflow/example_dags/example_python_decorator.py took 0.071 seconds
[2026-06-24T14:19:05.841+0300] {processor.py:161} INFO - Started process (PID=85234) to work on /media/data/omar/programming course/DEPI/DEPI project/anomx/venv/lib/python3.12/site-packages/airflow/example_dags/example_python_decorator.py
[2026-06-24T14:19:05.842+0300] {processor.py:830} INFO - Processing file /media/data/omar/programming course/DEPI/DEPI project/anomx/venv/lib/python3.12/site-packages/airflow/example_dags/example_python_decorator.py for tasks to queue
[2026-06-24T14:19:05.843+0300] {logging_mixin.py:188} INFO - [2026-06-24T14:19:05.842+0300] {dagbag.py:540} INFO - Filling up the DagBag from /media/data/omar/programming course/DEPI/DEPI project/anomx/venv/lib/python3.12/site-packages/airflow/example_dags/example_python_decorator.py
[2026-06-24T14:19:05.856+0300] {processor.py:840} INFO - DAG(s) 'example_python_decorator' retrieved from /media/data/omar/programming course/DEPI/DEPI project/anomx/venv/lib/python3.12/site-packages/airflow/example_dags/example_python_decorator.py
[2026-06-24T14:19:05.872+0300] {logging_mixin.py:188} INFO - [2026-06-24T14:19:05.872+0300] {dag.py:3096} INFO - Sync 1 DAGs
[2026-06-24T14:19:05.881+0300] {logging_mixin.py:188} INFO - [2026-06-24T14:19:05.881+0300] {dag.py:3954} INFO - Setting next_dagrun for example_python_decorator to None, run_after=None
[2026-06-24T14:19:05.909+0300] {processor.py:183} INFO - Processing /media/data/omar/programming course/DEPI/DEPI project/anomx/venv/lib/python3.12/site-packages/airflow/example_dags/example_python_decorator.py took 0.073 seconds
[2026-06-24T14:19:57.901+0300] {processor.py:161} INFO - Started process (PID=85865) to work on /media/data/omar/programming course/DEPI/DEPI project/anomx/venv/lib/python3.12/site-packages/airflow/example_dags/example_python_decorator.py
[2026-06-24T14:19:57.903+0300] {processor.py:830} INFO - Processing file /media/data/omar/programming course/DEPI/DEPI project/anomx/venv/lib/python3.12/site-packages/airflow/example_dags/example_python_decorator.py for tasks to queue
[2026-06-24T14:19:57.904+0300] {logging_mixin.py:188} INFO - [2026-06-24T14:19:57.903+0300] {dagbag.py:540} INFO - Filling up the DagBag from /media/data/omar/programming course/DEPI/DEPI project/anomx/venv/lib/python3.12/site-packages/airflow/example_dags/example_python_decorator.py
[2026-06-24T14:19:57.918+0300] {processor.py:840} INFO - DAG(s) 'example_python_decorator' retrieved from /media/data/omar/programming course/DEPI/DEPI project/anomx/venv/lib/python3.12/site-packages/airflow/example_dags/example_python_decorator.py
[2026-06-24T14:19:57.935+0300] {logging_mixin.py:188} INFO - [2026-06-24T14:19:57.934+0300] {dag.py:3096} INFO - Sync 1 DAGs
[2026-06-24T14:19:57.944+0300] {logging_mixin.py:188} INFO - [2026-06-24T14:19:57.943+0300] {dag.py:3954} INFO - Setting next_dagrun for example_python_decorator to None, run_after=None
[2026-06-24T14:19:57.973+0300] {processor.py:183} INFO - Processing /media/data/omar/programming course/DEPI/DEPI project/anomx/venv/lib/python3.12/site-packages/airflow/example_dags/example_python_decorator.py took 0.080 seconds
[2026-06-24T14:20:48.594+0300] {processor.py:161} INFO - Started process (PID=86204) to work on /media/data/omar/programming course/DEPI/DEPI project/anomx/venv/lib/python3.12/site-packages/airflow/example_dags/example_python_decorator.py
[2026-06-24T14:20:48.597+0300] {processor.py:830} INFO - Processing file /media/data/omar/programming course/DEPI/DEPI project/anomx/venv/lib/python3.12/site-packages/airflow/example_dags/example_python_decorator.py for tasks to queue
[2026-06-24T14:20:48.600+0300] {logging_mixin.py:188} INFO - [2026-06-24T14:20:48.599+0300] {dagbag.py:540} INFO - Filling up the DagBag from /media/data/omar/programming course/DEPI/DEPI project/anomx/venv/lib/python3.12/site-packages/airflow/example_dags/example_python_decorator.py
[2026-06-24T14:20:48.621+0300] {processor.py:840} INFO - DAG(s) 'example_python_decorator' retrieved from /media/data/omar/programming course/DEPI/DEPI project/anomx/venv/lib/python3.12/site-packages/airflow/example_dags/example_python_decorator.py
[2026-06-24T14:20:48.638+0300] {logging_mixin.py:188} INFO - [2026-06-24T14:20:48.637+0300] {dag.py:3096} INFO - Sync 1 DAGs
[2026-06-24T14:20:48.647+0300] {logging_mixin.py:188} INFO - [2026-06-24T14:20:48.646+0300] {dag.py:3954} INFO - Setting next_dagrun for example_python_decorator to None, run_after=None
[2026-06-24T14:20:48.673+0300] {processor.py:183} INFO - Processing /media/data/omar/programming course/DEPI/DEPI project/anomx/venv/lib/python3.12/site-packages/airflow/example_dags/example_python_decorator.py took 0.097 seconds
[2026-06-24T14:21:47.332+0300] {processor.py:161} INFO - Started process (PID=86816) to work on /media/data/omar/programming course/DEPI/DEPI project/anomx/venv/lib/python3.12/site-packages/airflow/example_dags/example_python_decorator.py
[2026-06-24T14:21:47.333+0300] {processor.py:830} INFO - Processing file /media/data/omar/programming course/DEPI/DEPI project/anomx/venv/lib/python3.12/site-packages/airflow/example_dags/example_python_decorator.py for tasks to queue
[2026-06-24T14:21:47.334+0300] {logging_mixin.py:188} INFO - [2026-06-24T14:21:47.333+0300] {dagbag.py:540} INFO - Filling up the DagBag from /media/data/omar/programming course/DEPI/DEPI project/anomx/venv/lib/python3.12/site-packages/airflow/example_dags/example_python_decorator.py
[2026-06-24T14:21:47.346+0300] {processor.py:840} INFO - DAG(s) 'example_python_decorator' retrieved from /media/data/omar/programming course/DEPI/DEPI project/anomx/venv/lib/python3.12/site-packages/airflow/example_dags/example_python_decorator.py
[2026-06-24T14:21:47.363+0300] {logging_mixin.py:188} INFO - [2026-06-24T14:21:47.362+0300] {dag.py:3096} INFO - Sync 1 DAGs
[2026-06-24T14:21:47.371+0300] {logging_mixin.py:188} INFO - [2026-06-24T14:21:47.371+0300] {dag.py:3954} INFO - Setting next_dagrun for example_python_decorator to None, run_after=None
[2026-06-24T14:21:47.399+0300] {processor.py:183} INFO - Processing /media/data/omar/programming course/DEPI/DEPI project/anomx/venv/lib/python3.12/site-packages/airflow/example_dags/example_python_decorator.py took 0.072 seconds
[2026-06-24T14:22:36.383+0300] {processor.py:161} INFO - Started process (PID=87146) to work on /media/data/omar/programming course/DEPI/DEPI project/anomx/venv/lib/python3.12/site-packages/airflow/example_dags/example_python_decorator.py
[2026-06-24T14:22:36.384+0300] {processor.py:830} INFO - Processing file /media/data/omar/programming course/DEPI/DEPI project/anomx/venv/lib/python3.12/site-packages/airflow/example_dags/example_python_decorator.py for tasks to queue
[2026-06-24T14:22:36.385+0300] {logging_mixin.py:188} INFO - [2026-06-24T14:22:36.384+0300] {dagbag.py:540} INFO - Filling up the DagBag from /media/data/omar/programming course/DEPI/DEPI project/anomx/venv/lib/python3.12/site-packages/airflow/example_dags/example_python_decorator.py
[2026-06-24T14:22:36.397+0300] {processor.py:840} INFO - DAG(s) 'example_python_decorator' retrieved from /media/data/omar/programming course/DEPI/DEPI project/anomx/venv/lib/python3.12/site-packages/airflow/example_dags/example_python_decorator.py
[2026-06-24T14:22:36.413+0300] {logging_mixin.py:188} INFO - [2026-06-24T14:22:36.413+0300] {dag.py:3096} INFO - Sync 1 DAGs
[2026-06-24T14:22:36.421+0300] {logging_mixin.py:188} INFO - [2026-06-24T14:22:36.421+0300] {dag.py:3954} INFO - Setting next_dagrun for example_python_decorator to None, run_after=None
[2026-06-24T14:22:36.450+0300] {processor.py:183} INFO - Processing /media/data/omar/programming course/DEPI/DEPI project/anomx/venv/lib/python3.12/site-packages/airflow/example_dags/example_python_decorator.py took 0.071 seconds
[2026-06-24T14:23:26.403+0300] {processor.py:161} INFO - Started process (PID=87742) to work on /media/data/omar/programming course/DEPI/DEPI project/anomx/venv/lib/python3.12/site-packages/airflow/example_dags/example_python_decorator.py
[2026-06-24T14:23:26.404+0300] {processor.py:830} INFO - Processing file /media/data/omar/programming course/DEPI/DEPI project/anomx/venv/lib/python3.12/site-packages/airflow/example_dags/example_python_decorator.py for tasks to queue
[2026-06-24T14:23:26.405+0300] {logging_mixin.py:188} INFO - [2026-06-24T14:23:26.404+0300] {dagbag.py:540} INFO - Filling up the DagBag from /media/data/omar/programming course/DEPI/DEPI project/anomx/venv/lib/python3.12/site-packages/airflow/example_dags/example_python_decorator.py
[2026-06-24T14:23:26.416+0300] {processor.py:840} INFO - DAG(s) 'example_python_decorator' retrieved from /media/data/omar/programming course/DEPI/DEPI project/anomx/venv/lib/python3.12/site-packages/airflow/example_dags/example_python_decorator.py
[2026-06-24T14:23:26.434+0300] {logging_mixin.py:188} INFO - [2026-06-24T14:23:26.434+0300] {dag.py:3096} INFO - Sync 1 DAGs
[2026-06-24T14:23:26.443+0300] {logging_mixin.py:188} INFO - [2026-06-24T14:23:26.442+0300] {dag.py:3954} INFO - Setting next_dagrun for example_python_decorator to None, run_after=None
[2026-06-24T14:23:26.469+0300] {processor.py:183} INFO - Processing /media/data/omar/programming course/DEPI/DEPI project/anomx/venv/lib/python3.12/site-packages/airflow/example_dags/example_python_decorator.py took 0.072 seconds
[2026-06-24T14:24:16.141+0300] {processor.py:161} INFO - Started process (PID=88059) to work on /media/data/omar/programming course/DEPI/DEPI project/anomx/venv/lib/python3.12/site-packages/airflow/example_dags/example_python_decorator.py
[2026-06-24T14:24:16.141+0300] {processor.py:830} INFO - Processing file /media/data/omar/programming course/DEPI/DEPI project/anomx/venv/lib/python3.12/site-packages/airflow/example_dags/example_python_decorator.py for tasks to queue
[2026-06-24T14:24:16.143+0300] {logging_mixin.py:188} INFO - [2026-06-24T14:24:16.142+0300] {dagbag.py:540} INFO - Filling up the DagBag from /media/data/omar/programming course/DEPI/DEPI project/anomx/venv/lib/python3.12/site-packages/airflow/example_dags/example_python_decorator.py
[2026-06-24T14:24:16.155+0300] {processor.py:840} INFO - DAG(s) 'example_python_decorator' retrieved from /media/data/omar/programming course/DEPI/DEPI project/anomx/venv/lib/python3.12/site-packages/airflow/example_dags/example_python_decorator.py
[2026-06-24T14:24:16.172+0300] {logging_mixin.py:188} INFO - [2026-06-24T14:24:16.171+0300] {dag.py:3096} INFO - Sync 1 DAGs
[2026-06-24T14:24:16.262+0300] {logging_mixin.py:188} INFO - [2026-06-24T14:24:16.261+0300] {dag.py:3954} INFO - Setting next_dagrun for example_python_decorator to None, run_after=None
[2026-06-24T14:24:16.288+0300] {processor.py:183} INFO - Processing /media/data/omar/programming course/DEPI/DEPI project/anomx/venv/lib/python3.12/site-packages/airflow/example_dags/example_python_decorator.py took 0.152 seconds
[2026-06-24T14:25:06.132+0300] {processor.py:161} INFO - Started process (PID=88683) to work on /media/data/omar/programming course/DEPI/DEPI project/anomx/venv/lib/python3.12/site-packages/airflow/example_dags/example_python_decorator.py
[2026-06-24T14:25:06.132+0300] {processor.py:830} INFO - Processing file /media/data/omar/programming course/DEPI/DEPI project/anomx/venv/lib/python3.12/site-packages/airflow/example_dags/example_python_decorator.py for tasks to queue
[2026-06-24T14:25:06.134+0300] {logging_mixin.py:188} INFO - [2026-06-24T14:25:06.133+0300] {dagbag.py:540} INFO - Filling up the DagBag from /media/data/omar/programming course/DEPI/DEPI project/anomx/venv/lib/python3.12/site-packages/airflow/example_dags/example_python_decorator.py
[2026-06-24T14:25:06.150+0300] {processor.py:840} INFO - DAG(s) 'example_python_decorator' retrieved from /media/data/omar/programming course/DEPI/DEPI project/anomx/venv/lib/python3.12/site-packages/airflow/example_dags/example_python_decorator.py
[2026-06-24T14:25:06.175+0300] {logging_mixin.py:188} INFO - [2026-06-24T14:25:06.174+0300] {dag.py:3096} INFO - Sync 1 DAGs
[2026-06-24T14:25:06.186+0300] {logging_mixin.py:188} INFO - [2026-06-24T14:25:06.185+0300] {dag.py:3954} INFO - Setting next_dagrun for example_python_decorator to None, run_after=None
[2026-06-24T14:25:06.223+0300] {processor.py:183} INFO - Processing /media/data/omar/programming course/DEPI/DEPI project/anomx/venv/lib/python3.12/site-packages/airflow/example_dags/example_python_decorator.py took 0.097 seconds
[2026-06-24T14:25:53.697+0300] {processor.py:161} INFO - Started process (PID=88978) to work on /media/data/omar/programming course/DEPI/DEPI project/anomx/venv/lib/python3.12/site-packages/airflow/example_dags/example_python_decorator.py
[2026-06-24T14:25:53.698+0300] {processor.py:830} INFO - Processing file /media/data/omar/programming course/DEPI/DEPI project/anomx/venv/lib/python3.12/site-packages/airflow/example_dags/example_python_decorator.py for tasks to queue
[2026-06-24T14:25:53.699+0300] {logging_mixin.py:188} INFO - [2026-06-24T14:25:53.699+0300] {dagbag.py:540} INFO - Filling up the DagBag from /media/data/omar/programming course/DEPI/DEPI project/anomx/venv/lib/python3.12/site-packages/airflow/example_dags/example_python_decorator.py
[2026-06-24T14:25:53.712+0300] {processor.py:840} INFO - DAG(s) 'example_python_decorator' retrieved from /media/data/omar/programming course/DEPI/DEPI project/anomx/venv/lib/python3.12/site-packages/airflow/example_dags/example_python_decorator.py
[2026-06-24T14:25:53.815+0300] {logging_mixin.py:188} INFO - [2026-06-24T14:25:53.814+0300] {dag.py:3096} INFO - Sync 1 DAGs
[2026-06-24T14:25:53.822+0300] {logging_mixin.py:188} INFO - [2026-06-24T14:25:53.822+0300] {dag.py:3954} INFO - Setting next_dagrun for example_python_decorator to None, run_after=None
[2026-06-24T14:25:53.851+0300] {processor.py:183} INFO - Processing /media/data/omar/programming course/DEPI/DEPI project/anomx/venv/lib/python3.12/site-packages/airflow/example_dags/example_python_decorator.py took 0.159 seconds
[2026-06-24T14:26:44.513+0300] {processor.py:161} INFO - Started process (PID=89571) to work on /media/data/omar/programming course/DEPI/DEPI project/anomx/venv/lib/python3.12/site-packages/airflow/example_dags/example_python_decorator.py
[2026-06-24T14:26:44.516+0300] {processor.py:830} INFO - Processing file /media/data/omar/programming course/DEPI/DEPI project/anomx/venv/lib/python3.12/site-packages/airflow/example_dags/example_python_decorator.py for tasks to queue
[2026-06-24T14:26:44.520+0300] {logging_mixin.py:188} INFO - [2026-06-24T14:26:44.518+0300] {dagbag.py:540} INFO - Filling up the DagBag from /media/data/omar/programming course/DEPI/DEPI project/anomx/venv/lib/python3.12/site-packages/airflow/example_dags/example_python_decorator.py
[2026-06-24T14:26:44.542+0300] {processor.py:840} INFO - DAG(s) 'example_python_decorator' retrieved from /media/data/omar/programming course/DEPI/DEPI project/anomx/venv/lib/python3.12/site-packages/airflow/example_dags/example_python_decorator.py
[2026-06-24T14:26:44.558+0300] {logging_mixin.py:188} INFO - [2026-06-24T14:26:44.557+0300] {dag.py:3096} INFO - Sync 1 DAGs
[2026-06-24T14:26:44.566+0300] {logging_mixin.py:188} INFO - [2026-06-24T14:26:44.565+0300] {dag.py:3954} INFO - Setting next_dagrun for example_python_decorator to None, run_after=None
[2026-06-24T14:26:44.592+0300] {processor.py:183} INFO - Processing /media/data/omar/programming course/DEPI/DEPI project/anomx/venv/lib/python3.12/site-packages/airflow/example_dags/example_python_decorator.py took 0.097 seconds
[2026-06-24T14:27:31.759+0300] {processor.py:161} INFO - Started process (PID=89866) to work on /media/data/omar/programming course/DEPI/DEPI project/anomx/venv/lib/python3.12/site-packages/airflow/example_dags/example_python_decorator.py
[2026-06-24T14:27:31.759+0300] {processor.py:830} INFO - Processing file /media/data/omar/programming course/DEPI/DEPI project/anomx/venv/lib/python3.12/site-packages/airflow/example_dags/example_python_decorator.py for tasks to queue
[2026-06-24T14:27:31.760+0300] {logging_mixin.py:188} INFO - [2026-06-24T14:27:31.760+0300] {dagbag.py:540} INFO - Filling up the DagBag from /media/data/omar/programming course/DEPI/DEPI project/anomx/venv/lib/python3.12/site-packages/airflow/example_dags/example_python_decorator.py
[2026-06-24T14:27:31.772+0300] {processor.py:840} INFO - DAG(s) 'example_python_decorator' retrieved from /media/data/omar/programming course/DEPI/DEPI project/anomx/venv/lib/python3.12/site-packages/airflow/example_dags/example_python_decorator.py
[2026-06-24T14:27:31.788+0300] {logging_mixin.py:188} INFO - [2026-06-24T14:27:31.788+0300] {dag.py:3096} INFO - Sync 1 DAGs
[2026-06-24T14:27:31.797+0300] {logging_mixin.py:188} INFO - [2026-06-24T14:27:31.797+0300] {dag.py:3954} INFO - Setting next_dagrun for example_python_decorator to None, run_after=None
[2026-06-24T14:27:31.825+0300] {processor.py:183} INFO - Processing /media/data/omar/programming course/DEPI/DEPI project/anomx/venv/lib/python3.12/site-packages/airflow/example_dags/example_python_decorator.py took 0.071 seconds
[2026-06-24T14:28:19.694+0300] {processor.py:161} INFO - Started process (PID=90488) to work on /media/data/omar/programming course/DEPI/DEPI project/anomx/venv/lib/python3.12/site-packages/airflow/example_dags/example_python_decorator.py
[2026-06-24T14:28:19.695+0300] {processor.py:830} INFO - Processing file /media/data/omar/programming course/DEPI/DEPI project/anomx/venv/lib/python3.12/site-packages/airflow/example_dags/example_python_decorator.py for tasks to queue
[2026-06-24T14:28:19.696+0300] {logging_mixin.py:188} INFO - [2026-06-24T14:28:19.695+0300] {dagbag.py:540} INFO - Filling up the DagBag from /media/data/omar/programming course/DEPI/DEPI project/anomx/venv/lib/python3.12/site-packages/airflow/example_dags/example_python_decorator.py
[2026-06-24T14:28:19.709+0300] {processor.py:840} INFO - DAG(s) 'example_python_decorator' retrieved from /media/data/omar/programming course/DEPI/DEPI project/anomx/venv/lib/python3.12/site-packages/airflow/example_dags/example_python_decorator.py
[2026-06-24T14:28:19.725+0300] {logging_mixin.py:188} INFO - [2026-06-24T14:28:19.725+0300] {dag.py:3096} INFO - Sync 1 DAGs
[2026-06-24T14:28:19.735+0300] {logging_mixin.py:188} INFO - [2026-06-24T14:28:19.734+0300] {dag.py:3954} INFO - Setting next_dagrun for example_python_decorator to None, run_after=None
[2026-06-24T14:28:19.763+0300] {processor.py:183} INFO - Processing /media/data/omar/programming course/DEPI/DEPI project/anomx/venv/lib/python3.12/site-packages/airflow/example_dags/example_python_decorator.py took 0.076 seconds
[2026-06-24T14:29:10.487+0300] {processor.py:161} INFO - Started process (PID=90811) to work on /media/data/omar/programming course/DEPI/DEPI project/anomx/venv/lib/python3.12/site-packages/airflow/example_dags/example_python_decorator.py
[2026-06-24T14:29:10.488+0300] {processor.py:830} INFO - Processing file /media/data/omar/programming course/DEPI/DEPI project/anomx/venv/lib/python3.12/site-packages/airflow/example_dags/example_python_decorator.py for tasks to queue
[2026-06-24T14:29:10.489+0300] {logging_mixin.py:188} INFO - [2026-06-24T14:29:10.489+0300] {dagbag.py:540} INFO - Filling up the DagBag from /media/data/omar/programming course/DEPI/DEPI project/anomx/venv/lib/python3.12/site-packages/airflow/example_dags/example_python_decorator.py
[2026-06-24T14:29:10.506+0300] {processor.py:840} INFO - DAG(s) 'example_python_decorator' retrieved from /media/data/omar/programming course/DEPI/DEPI project/anomx/venv/lib/python3.12/site-packages/airflow/example_dags/example_python_decorator.py
[2026-06-24T14:29:10.529+0300] {logging_mixin.py:188} INFO - [2026-06-24T14:29:10.529+0300] {dag.py:3096} INFO - Sync 1 DAGs
[2026-06-24T14:29:10.540+0300] {logging_mixin.py:188} INFO - [2026-06-24T14:29:10.539+0300] {dag.py:3954} INFO - Setting next_dagrun for example_python_decorator to None, run_after=None
[2026-06-24T14:29:10.569+0300] {processor.py:183} INFO - Processing /media/data/omar/programming course/DEPI/DEPI project/anomx/venv/lib/python3.12/site-packages/airflow/example_dags/example_python_decorator.py took 0.087 seconds
[2026-06-24T14:29:57.919+0300] {processor.py:161} INFO - Started process (PID=91406) to work on /media/data/omar/programming course/DEPI/DEPI project/anomx/venv/lib/python3.12/site-packages/airflow/example_dags/example_python_decorator.py
[2026-06-24T14:29:57.920+0300] {processor.py:830} INFO - Processing file /media/data/omar/programming course/DEPI/DEPI project/anomx/venv/lib/python3.12/site-packages/airflow/example_dags/example_python_decorator.py for tasks to queue
[2026-06-24T14:29:57.921+0300] {logging_mixin.py:188} INFO - [2026-06-24T14:29:57.920+0300] {dagbag.py:540} INFO - Filling up the DagBag from /media/data/omar/programming course/DEPI/DEPI project/anomx/venv/lib/python3.12/site-packages/airflow/example_dags/example_python_decorator.py
[2026-06-24T14:29:57.934+0300] {processor.py:840} INFO - DAG(s) 'example_python_decorator' retrieved from /media/data/omar/programming course/DEPI/DEPI project/anomx/venv/lib/python3.12/site-packages/airflow/example_dags/example_python_decorator.py
[2026-06-24T14:29:57.950+0300] {logging_mixin.py:188} INFO - [2026-06-24T14:29:57.950+0300] {dag.py:3096} INFO - Sync 1 DAGs
[2026-06-24T14:29:57.960+0300] {logging_mixin.py:188} INFO - [2026-06-24T14:29:57.960+0300] {dag.py:3954} INFO - Setting next_dagrun for example_python_decorator to None, run_after=None
[2026-06-24T14:29:57.989+0300] {processor.py:183} INFO - Processing /media/data/omar/programming course/DEPI/DEPI project/anomx/venv/lib/python3.12/site-packages/airflow/example_dags/example_python_decorator.py took 0.075 seconds
[2026-06-24T14:30:46.285+0300] {processor.py:161} INFO - Started process (PID=91717) to work on /media/data/omar/programming course/DEPI/DEPI project/anomx/venv/lib/python3.12/site-packages/airflow/example_dags/example_python_decorator.py
[2026-06-24T14:30:46.285+0300] {processor.py:830} INFO - Processing file /media/data/omar/programming course/DEPI/DEPI project/anomx/venv/lib/python3.12/site-packages/airflow/example_dags/example_python_decorator.py for tasks to queue
[2026-06-24T14:30:46.286+0300] {logging_mixin.py:188} INFO - [2026-06-24T14:30:46.286+0300] {dagbag.py:540} INFO - Filling up the DagBag from /media/data/omar/programming course/DEPI/DEPI project/anomx/venv/lib/python3.12/site-packages/airflow/example_dags/example_python_decorator.py
[2026-06-24T14:30:46.302+0300] {processor.py:840} INFO - DAG(s) 'example_python_decorator' retrieved from /media/data/omar/programming course/DEPI/DEPI project/anomx/venv/lib/python3.12/site-packages/airflow/example_dags/example_python_decorator.py
[2026-06-24T14:30:46.319+0300] {logging_mixin.py:188} INFO - [2026-06-24T14:30:46.318+0300] {dag.py:3096} INFO - Sync 1 DAGs
[2026-06-24T14:30:46.328+0300] {logging_mixin.py:188} INFO - [2026-06-24T14:30:46.328+0300] {dag.py:3954} INFO - Setting next_dagrun for example_python_decorator to None, run_after=None
[2026-06-24T14:30:46.356+0300] {processor.py:183} INFO - Processing /media/data/omar/programming course/DEPI/DEPI project/anomx/venv/lib/python3.12/site-packages/airflow/example_dags/example_python_decorator.py took 0.077 seconds
[2026-06-24T14:31:36.505+0300] {processor.py:161} INFO - Started process (PID=92337) to work on /media/data/omar/programming course/DEPI/DEPI project/anomx/venv/lib/python3.12/site-packages/airflow/example_dags/example_python_decorator.py
[2026-06-24T14:31:36.506+0300] {processor.py:830} INFO - Processing file /media/data/omar/programming course/DEPI/DEPI project/anomx/venv/lib/python3.12/site-packages/airflow/example_dags/example_python_decorator.py for tasks to queue
[2026-06-24T14:31:36.507+0300] {logging_mixin.py:188} INFO - [2026-06-24T14:31:36.506+0300] {dagbag.py:540} INFO - Filling up the DagBag from /media/data/omar/programming course/DEPI/DEPI project/anomx/venv/lib/python3.12/site-packages/airflow/example_dags/example_python_decorator.py
[2026-06-24T14:31:36.520+0300] {processor.py:840} INFO - DAG(s) 'example_python_decorator' retrieved from /media/data/omar/programming course/DEPI/DEPI project/anomx/venv/lib/python3.12/site-packages/airflow/example_dags/example_python_decorator.py
[2026-06-24T14:31:36.535+0300] {logging_mixin.py:188} INFO - [2026-06-24T14:31:36.535+0300] {dag.py:3096} INFO - Sync 1 DAGs
[2026-06-24T14:31:36.543+0300] {logging_mixin.py:188} INFO - [2026-06-24T14:31:36.543+0300] {dag.py:3954} INFO - Setting next_dagrun for example_python_decorator to None, run_after=None
[2026-06-24T14:31:36.570+0300] {processor.py:183} INFO - Processing /media/data/omar/programming course/DEPI/DEPI project/anomx/venv/lib/python3.12/site-packages/airflow/example_dags/example_python_decorator.py took 0.071 seconds
[2026-06-24T14:32:24.832+0300] {processor.py:161} INFO - Started process (PID=92650) to work on /media/data/omar/programming course/DEPI/DEPI project/anomx/venv/lib/python3.12/site-packages/airflow/example_dags/example_python_decorator.py
[2026-06-24T14:32:24.833+0300] {processor.py:830} INFO - Processing file /media/data/omar/programming course/DEPI/DEPI project/anomx/venv/lib/python3.12/site-packages/airflow/example_dags/example_python_decorator.py for tasks to queue
[2026-06-24T14:32:24.834+0300] {logging_mixin.py:188} INFO - [2026-06-24T14:32:24.833+0300] {dagbag.py:540} INFO - Filling up the DagBag from /media/data/omar/programming course/DEPI/DEPI project/anomx/venv/lib/python3.12/site-packages/airflow/example_dags/example_python_decorator.py
[2026-06-24T14:32:24.846+0300] {processor.py:840} INFO - DAG(s) 'example_python_decorator' retrieved from /media/data/omar/programming course/DEPI/DEPI project/anomx/venv/lib/python3.12/site-packages/airflow/example_dags/example_python_decorator.py
[2026-06-24T14:32:24.863+0300] {logging_mixin.py:188} INFO - [2026-06-24T14:32:24.862+0300] {dag.py:3096} INFO - Sync 1 DAGs
[2026-06-24T14:32:24.871+0300] {logging_mixin.py:188} INFO - [2026-06-24T14:32:24.871+0300] {dag.py:3954} INFO - Setting next_dagrun for example_python_decorator to None, run_after=None
[2026-06-24T14:32:24.896+0300] {processor.py:183} INFO - Processing /media/data/omar/programming course/DEPI/DEPI project/anomx/venv/lib/python3.12/site-packages/airflow/example_dags/example_python_decorator.py took 0.070 seconds
[2026-06-24T14:33:14.274+0300] {processor.py:161} INFO - Started process (PID=93280) to work on /media/data/omar/programming course/DEPI/DEPI project/anomx/venv/lib/python3.12/site-packages/airflow/example_dags/example_python_decorator.py
[2026-06-24T14:33:14.275+0300] {processor.py:830} INFO - Processing file /media/data/omar/programming course/DEPI/DEPI project/anomx/venv/lib/python3.12/site-packages/airflow/example_dags/example_python_decorator.py for tasks to queue
[2026-06-24T14:33:14.276+0300] {logging_mixin.py:188} INFO - [2026-06-24T14:33:14.276+0300] {dagbag.py:540} INFO - Filling up the DagBag from /media/data/omar/programming course/DEPI/DEPI project/anomx/venv/lib/python3.12/site-packages/airflow/example_dags/example_python_decorator.py
[2026-06-24T14:33:14.289+0300] {processor.py:840} INFO - DAG(s) 'example_python_decorator' retrieved from /media/data/omar/programming course/DEPI/DEPI project/anomx/venv/lib/python3.12/site-packages/airflow/example_dags/example_python_decorator.py
[2026-06-24T14:33:14.305+0300] {logging_mixin.py:188} INFO - [2026-06-24T14:33:14.305+0300] {dag.py:3096} INFO - Sync 1 DAGs
[2026-06-24T14:33:14.315+0300] {logging_mixin.py:188} INFO - [2026-06-24T14:33:14.314+0300] {dag.py:3954} INFO - Setting next_dagrun for example_python_decorator to None, run_after=None
[2026-06-24T14:33:14.341+0300] {processor.py:183} INFO - Processing /media/data/omar/programming course/DEPI/DEPI project/anomx/venv/lib/python3.12/site-packages/airflow/example_dags/example_python_decorator.py took 0.071 seconds
[2026-06-24T14:34:01.789+0300] {processor.py:161} INFO - Started process (PID=93578) to work on /media/data/omar/programming course/DEPI/DEPI project/anomx/venv/lib/python3.12/site-packages/airflow/example_dags/example_python_decorator.py
[2026-06-24T14:34:01.790+0300] {processor.py:830} INFO - Processing file /media/data/omar/programming course/DEPI/DEPI project/anomx/venv/lib/python3.12/site-packages/airflow/example_dags/example_python_decorator.py for tasks to queue
[2026-06-24T14:34:01.791+0300] {logging_mixin.py:188} INFO - [2026-06-24T14:34:01.790+0300] {dagbag.py:540} INFO - Filling up the DagBag from /media/data/omar/programming course/DEPI/DEPI project/anomx/venv/lib/python3.12/site-packages/airflow/example_dags/example_python_decorator.py
[2026-06-24T14:34:01.803+0300] {processor.py:840} INFO - DAG(s) 'example_python_decorator' retrieved from /media/data/omar/programming course/DEPI/DEPI project/anomx/venv/lib/python3.12/site-packages/airflow/example_dags/example_python_decorator.py
[2026-06-24T14:34:01.820+0300] {logging_mixin.py:188} INFO - [2026-06-24T14:34:01.820+0300] {dag.py:3096} INFO - Sync 1 DAGs
[2026-06-24T14:34:01.830+0300] {logging_mixin.py:188} INFO - [2026-06-24T14:34:01.829+0300] {dag.py:3954} INFO - Setting next_dagrun for example_python_decorator to None, run_after=None
[2026-06-24T14:34:01.858+0300] {processor.py:183} INFO - Processing /media/data/omar/programming course/DEPI/DEPI project/anomx/venv/lib/python3.12/site-packages/airflow/example_dags/example_python_decorator.py took 0.074 seconds
[2026-06-24T14:34:47.044+0300] {processor.py:161} INFO - Started process (PID=94126) to work on /media/data/omar/programming course/DEPI/DEPI project/anomx/venv/lib/python3.12/site-packages/airflow/example_dags/example_python_decorator.py
[2026-06-24T14:34:47.045+0300] {processor.py:830} INFO - Processing file /media/data/omar/programming course/DEPI/DEPI project/anomx/venv/lib/python3.12/site-packages/airflow/example_dags/example_python_decorator.py for tasks to queue
[2026-06-24T14:34:47.046+0300] {logging_mixin.py:188} INFO - [2026-06-24T14:34:47.046+0300] {dagbag.py:540} INFO - Filling up the DagBag from /media/data/omar/programming course/DEPI/DEPI project/anomx/venv/lib/python3.12/site-packages/airflow/example_dags/example_python_decorator.py
[2026-06-24T14:34:47.058+0300] {processor.py:840} INFO - DAG(s) 'example_python_decorator' retrieved from /media/data/omar/programming course/DEPI/DEPI project/anomx/venv/lib/python3.12/site-packages/airflow/example_dags/example_python_decorator.py
[2026-06-24T14:34:47.075+0300] {logging_mixin.py:188} INFO - [2026-06-24T14:34:47.075+0300] {dag.py:3096} INFO - Sync 1 DAGs
[2026-06-24T14:34:47.083+0300] {logging_mixin.py:188} INFO - [2026-06-24T14:34:47.083+0300] {dag.py:3954} INFO - Setting next_dagrun for example_python_decorator to None, run_after=None
[2026-06-24T14:34:47.112+0300] {processor.py:183} INFO - Processing /media/data/omar/programming course/DEPI/DEPI project/anomx/venv/lib/python3.12/site-packages/airflow/example_dags/example_python_decorator.py took 0.073 seconds
[2026-06-24T14:35:35.195+0300] {processor.py:161} INFO - Started process (PID=94462) to work on /media/data/omar/programming course/DEPI/DEPI project/anomx/venv/lib/python3.12/site-packages/airflow/example_dags/example_python_decorator.py
[2026-06-24T14:35:35.195+0300] {processor.py:830} INFO - Processing file /media/data/omar/programming course/DEPI/DEPI project/anomx/venv/lib/python3.12/site-packages/airflow/example_dags/example_python_decorator.py for tasks to queue
[2026-06-24T14:35:35.196+0300] {logging_mixin.py:188} INFO - [2026-06-24T14:35:35.196+0300] {dagbag.py:540} INFO - Filling up the DagBag from /media/data/omar/programming course/DEPI/DEPI project/anomx/venv/lib/python3.12/site-packages/airflow/example_dags/example_python_decorator.py
[2026-06-24T14:35:35.209+0300] {processor.py:840} INFO - DAG(s) 'example_python_decorator' retrieved from /media/data/omar/programming course/DEPI/DEPI project/anomx/venv/lib/python3.12/site-packages/airflow/example_dags/example_python_decorator.py
[2026-06-24T14:35:35.225+0300] {logging_mixin.py:188} INFO - [2026-06-24T14:35:35.224+0300] {dag.py:3096} INFO - Sync 1 DAGs
[2026-06-24T14:35:35.233+0300] {logging_mixin.py:188} INFO - [2026-06-24T14:35:35.232+0300] {dag.py:3954} INFO - Setting next_dagrun for example_python_decorator to None, run_after=None
[2026-06-24T14:35:35.260+0300] {processor.py:183} INFO - Processing /media/data/omar/programming course/DEPI/DEPI project/anomx/venv/lib/python3.12/site-packages/airflow/example_dags/example_python_decorator.py took 0.071 seconds
[2026-06-24T14:36:27.958+0300] {processor.py:161} INFO - Started process (PID=95057) to work on /media/data/omar/programming course/DEPI/DEPI project/anomx/venv/lib/python3.12/site-packages/airflow/example_dags/example_python_decorator.py
[2026-06-24T14:36:27.959+0300] {processor.py:830} INFO - Processing file /media/data/omar/programming course/DEPI/DEPI project/anomx/venv/lib/python3.12/site-packages/airflow/example_dags/example_python_decorator.py for tasks to queue
[2026-06-24T14:36:27.960+0300] {logging_mixin.py:188} INFO - [2026-06-24T14:36:27.959+0300] {dagbag.py:540} INFO - Filling up the DagBag from /media/data/omar/programming course/DEPI/DEPI project/anomx/venv/lib/python3.12/site-packages/airflow/example_dags/example_python_decorator.py
[2026-06-24T14:36:27.972+0300] {processor.py:840} INFO - DAG(s) 'example_python_decorator' retrieved from /media/data/omar/programming course/DEPI/DEPI project/anomx/venv/lib/python3.12/site-packages/airflow/example_dags/example_python_decorator.py
[2026-06-24T14:36:27.990+0300] {logging_mixin.py:188} INFO - [2026-06-24T14:36:27.990+0300] {dag.py:3096} INFO - Sync 1 DAGs
[2026-06-24T14:36:27.999+0300] {logging_mixin.py:188} INFO - [2026-06-24T14:36:27.998+0300] {dag.py:3954} INFO - Setting next_dagrun for example_python_decorator to None, run_after=None
[2026-06-24T14:36:28.028+0300] {processor.py:183} INFO - Processing /media/data/omar/programming course/DEPI/DEPI project/anomx/venv/lib/python3.12/site-packages/airflow/example_dags/example_python_decorator.py took 0.075 seconds
[2026-06-24T14:37:15.003+0300] {processor.py:161} INFO - Started process (PID=95386) to work on /media/data/omar/programming course/DEPI/DEPI project/anomx/venv/lib/python3.12/site-packages/airflow/example_dags/example_python_decorator.py
[2026-06-24T14:37:15.004+0300] {processor.py:830} INFO - Processing file /media/data/omar/programming course/DEPI/DEPI project/anomx/venv/lib/python3.12/site-packages/airflow/example_dags/example_python_decorator.py for tasks to queue
[2026-06-24T14:37:15.006+0300] {logging_mixin.py:188} INFO - [2026-06-24T14:37:15.005+0300] {dagbag.py:540} INFO - Filling up the DagBag from /media/data/omar/programming course/DEPI/DEPI project/anomx/venv/lib/python3.12/site-packages/airflow/example_dags/example_python_decorator.py
[2026-06-24T14:37:15.021+0300] {processor.py:840} INFO - DAG(s) 'example_python_decorator' retrieved from /media/data/omar/programming course/DEPI/DEPI project/anomx/venv/lib/python3.12/site-packages/airflow/example_dags/example_python_decorator.py
[2026-06-24T14:37:15.039+0300] {logging_mixin.py:188} INFO - [2026-06-24T14:37:15.038+0300] {dag.py:3096} INFO - Sync 1 DAGs
[2026-06-24T14:37:15.047+0300] {logging_mixin.py:188} INFO - [2026-06-24T14:37:15.047+0300] {dag.py:3954} INFO - Setting next_dagrun for example_python_decorator to None, run_after=None
[2026-06-24T14:37:15.075+0300] {processor.py:183} INFO - Processing /media/data/omar/programming course/DEPI/DEPI project/anomx/venv/lib/python3.12/site-packages/airflow/example_dags/example_python_decorator.py took 0.082 seconds
[2026-06-24T14:38:08.940+0300] {processor.py:161} INFO - Started process (PID=95982) to work on /media/data/omar/programming course/DEPI/DEPI project/anomx/venv/lib/python3.12/site-packages/airflow/example_dags/example_python_decorator.py
[2026-06-24T14:38:08.941+0300] {processor.py:830} INFO - Processing file /media/data/omar/programming course/DEPI/DEPI project/anomx/venv/lib/python3.12/site-packages/airflow/example_dags/example_python_decorator.py for tasks to queue
[2026-06-24T14:38:08.942+0300] {logging_mixin.py:188} INFO - [2026-06-24T14:38:08.941+0300] {dagbag.py:540} INFO - Filling up the DagBag from /media/data/omar/programming course/DEPI/DEPI project/anomx/venv/lib/python3.12/site-packages/airflow/example_dags/example_python_decorator.py
[2026-06-24T14:38:08.955+0300] {processor.py:840} INFO - DAG(s) 'example_python_decorator' retrieved from /media/data/omar/programming course/DEPI/DEPI project/anomx/venv/lib/python3.12/site-packages/airflow/example_dags/example_python_decorator.py
[2026-06-24T14:38:08.972+0300] {logging_mixin.py:188} INFO - [2026-06-24T14:38:08.971+0300] {dag.py:3096} INFO - Sync 1 DAGs
[2026-06-24T14:38:08.980+0300] {logging_mixin.py:188} INFO - [2026-06-24T14:38:08.980+0300] {dag.py:3954} INFO - Setting next_dagrun for example_python_decorator to None, run_after=None
[2026-06-24T14:38:09.009+0300] {processor.py:183} INFO - Processing /media/data/omar/programming course/DEPI/DEPI project/anomx/venv/lib/python3.12/site-packages/airflow/example_dags/example_python_decorator.py took 0.074 seconds
[2026-06-24T14:39:02.675+0300] {processor.py:161} INFO - Started process (PID=96352) to work on /media/data/omar/programming course/DEPI/DEPI project/anomx/venv/lib/python3.12/site-packages/airflow/example_dags/example_python_decorator.py
[2026-06-24T14:39:02.676+0300] {processor.py:830} INFO - Processing file /media/data/omar/programming course/DEPI/DEPI project/anomx/venv/lib/python3.12/site-packages/airflow/example_dags/example_python_decorator.py for tasks to queue
[2026-06-24T14:39:02.678+0300] {logging_mixin.py:188} INFO - [2026-06-24T14:39:02.677+0300] {dagbag.py:540} INFO - Filling up the DagBag from /media/data/omar/programming course/DEPI/DEPI project/anomx/venv/lib/python3.12/site-packages/airflow/example_dags/example_python_decorator.py
[2026-06-24T14:39:02.694+0300] {processor.py:840} INFO - DAG(s) 'example_python_decorator' retrieved from /media/data/omar/programming course/DEPI/DEPI project/anomx/venv/lib/python3.12/site-packages/airflow/example_dags/example_python_decorator.py
[2026-06-24T14:39:02.711+0300] {logging_mixin.py:188} INFO - [2026-06-24T14:39:02.711+0300] {dag.py:3096} INFO - Sync 1 DAGs
[2026-06-24T14:39:02.720+0300] {logging_mixin.py:188} INFO - [2026-06-24T14:39:02.719+0300] {dag.py:3954} INFO - Setting next_dagrun for example_python_decorator to None, run_after=None
[2026-06-24T14:39:02.746+0300] {processor.py:183} INFO - Processing /media/data/omar/programming course/DEPI/DEPI project/anomx/venv/lib/python3.12/site-packages/airflow/example_dags/example_python_decorator.py took 0.085 seconds
[2026-06-24T14:39:53.833+0300] {processor.py:161} INFO - Started process (PID=96956) to work on /media/data/omar/programming course/DEPI/DEPI project/anomx/venv/lib/python3.12/site-packages/airflow/example_dags/example_python_decorator.py
[2026-06-24T14:39:53.834+0300] {processor.py:830} INFO - Processing file /media/data/omar/programming course/DEPI/DEPI project/anomx/venv/lib/python3.12/site-packages/airflow/example_dags/example_python_decorator.py for tasks to queue
[2026-06-24T14:39:53.835+0300] {logging_mixin.py:188} INFO - [2026-06-24T14:39:53.834+0300] {dagbag.py:540} INFO - Filling up the DagBag from /media/data/omar/programming course/DEPI/DEPI project/anomx/venv/lib/python3.12/site-packages/airflow/example_dags/example_python_decorator.py
[2026-06-24T14:39:53.847+0300] {processor.py:840} INFO - DAG(s) 'example_python_decorator' retrieved from /media/data/omar/programming course/DEPI/DEPI project/anomx/venv/lib/python3.12/site-packages/airflow/example_dags/example_python_decorator.py
[2026-06-24T14:39:53.865+0300] {logging_mixin.py:188} INFO - [2026-06-24T14:39:53.864+0300] {dag.py:3096} INFO - Sync 1 DAGs
[2026-06-24T14:39:53.874+0300] {logging_mixin.py:188} INFO - [2026-06-24T14:39:53.874+0300] {dag.py:3954} INFO - Setting next_dagrun for example_python_decorator to None, run_after=None
[2026-06-24T14:39:53.905+0300] {processor.py:183} INFO - Processing /media/data/omar/programming course/DEPI/DEPI project/anomx/venv/lib/python3.12/site-packages/airflow/example_dags/example_python_decorator.py took 0.078 seconds
[2026-06-24T14:40:42.532+0300] {processor.py:161} INFO - Started process (PID=97281) to work on /media/data/omar/programming course/DEPI/DEPI project/anomx/venv/lib/python3.12/site-packages/airflow/example_dags/example_python_decorator.py
[2026-06-24T14:40:42.534+0300] {processor.py:830} INFO - Processing file /media/data/omar/programming course/DEPI/DEPI project/anomx/venv/lib/python3.12/site-packages/airflow/example_dags/example_python_decorator.py for tasks to queue
[2026-06-24T14:40:42.537+0300] {logging_mixin.py:188} INFO - [2026-06-24T14:40:42.536+0300] {dagbag.py:540} INFO - Filling up the DagBag from /media/data/omar/programming course/DEPI/DEPI project/anomx/venv/lib/python3.12/site-packages/airflow/example_dags/example_python_decorator.py
[2026-06-24T14:40:42.561+0300] {processor.py:840} INFO - DAG(s) 'example_python_decorator' retrieved from /media/data/omar/programming course/DEPI/DEPI project/anomx/venv/lib/python3.12/site-packages/airflow/example_dags/example_python_decorator.py
[2026-06-24T14:40:42.579+0300] {logging_mixin.py:188} INFO - [2026-06-24T14:40:42.578+0300] {dag.py:3096} INFO - Sync 1 DAGs
[2026-06-24T14:40:42.587+0300] {logging_mixin.py:188} INFO - [2026-06-24T14:40:42.586+0300] {dag.py:3954} INFO - Setting next_dagrun for example_python_decorator to None, run_after=None
[2026-06-24T14:40:42.612+0300] {processor.py:183} INFO - Processing /media/data/omar/programming course/DEPI/DEPI project/anomx/venv/lib/python3.12/site-packages/airflow/example_dags/example_python_decorator.py took 0.093 seconds
[2026-06-24T14:41:30.233+0300] {processor.py:161} INFO - Started process (PID=97870) to work on /media/data/omar/programming course/DEPI/DEPI project/anomx/venv/lib/python3.12/site-packages/airflow/example_dags/example_python_decorator.py
[2026-06-24T14:41:30.234+0300] {processor.py:830} INFO - Processing file /media/data/omar/programming course/DEPI/DEPI project/anomx/venv/lib/python3.12/site-packages/airflow/example_dags/example_python_decorator.py for tasks to queue
[2026-06-24T14:41:30.235+0300] {logging_mixin.py:188} INFO - [2026-06-24T14:41:30.234+0300] {dagbag.py:540} INFO - Filling up the DagBag from /media/data/omar/programming course/DEPI/DEPI project/anomx/venv/lib/python3.12/site-packages/airflow/example_dags/example_python_decorator.py
[2026-06-24T14:41:30.248+0300] {processor.py:840} INFO - DAG(s) 'example_python_decorator' retrieved from /media/data/omar/programming course/DEPI/DEPI project/anomx/venv/lib/python3.12/site-packages/airflow/example_dags/example_python_decorator.py
[2026-06-24T14:41:30.265+0300] {logging_mixin.py:188} INFO - [2026-06-24T14:41:30.265+0300] {dag.py:3096} INFO - Sync 1 DAGs
[2026-06-24T14:41:30.274+0300] {logging_mixin.py:188} INFO - [2026-06-24T14:41:30.273+0300] {dag.py:3954} INFO - Setting next_dagrun for example_python_decorator to None, run_after=None
[2026-06-24T14:41:30.303+0300] {processor.py:183} INFO - Processing /media/data/omar/programming course/DEPI/DEPI project/anomx/venv/lib/python3.12/site-packages/airflow/example_dags/example_python_decorator.py took 0.076 seconds
[2026-06-24T14:42:17.668+0300] {processor.py:161} INFO - Started process (PID=98202) to work on /media/data/omar/programming course/DEPI/DEPI project/anomx/venv/lib/python3.12/site-packages/airflow/example_dags/example_python_decorator.py
[2026-06-24T14:42:17.669+0300] {processor.py:830} INFO - Processing file /media/data/omar/programming course/DEPI/DEPI project/anomx/venv/lib/python3.12/site-packages/airflow/example_dags/example_python_decorator.py for tasks to queue
[2026-06-24T14:42:17.670+0300] {logging_mixin.py:188} INFO - [2026-06-24T14:42:17.670+0300] {dagbag.py:540} INFO - Filling up the DagBag from /media/data/omar/programming course/DEPI/DEPI project/anomx/venv/lib/python3.12/site-packages/airflow/example_dags/example_python_decorator.py
[2026-06-24T14:42:17.686+0300] {processor.py:840} INFO - DAG(s) 'example_python_decorator' retrieved from /media/data/omar/programming course/DEPI/DEPI project/anomx/venv/lib/python3.12/site-packages/airflow/example_dags/example_python_decorator.py
[2026-06-24T14:42:17.707+0300] {logging_mixin.py:188} INFO - [2026-06-24T14:42:17.707+0300] {dag.py:3096} INFO - Sync 1 DAGs
[2026-06-24T14:42:17.717+0300] {logging_mixin.py:188} INFO - [2026-06-24T14:42:17.716+0300] {dag.py:3954} INFO - Setting next_dagrun for example_python_decorator to None, run_after=None
[2026-06-24T14:42:17.747+0300] {processor.py:183} INFO - Processing /media/data/omar/programming course/DEPI/DEPI project/anomx/venv/lib/python3.12/site-packages/airflow/example_dags/example_python_decorator.py took 0.086 seconds
[2026-06-24T14:43:05.768+0300] {processor.py:161} INFO - Started process (PID=98467) to work on /media/data/omar/programming course/DEPI/DEPI project/anomx/venv/lib/python3.12/site-packages/airflow/example_dags/example_python_decorator.py
[2026-06-24T14:43:05.769+0300] {processor.py:830} INFO - Processing file /media/data/omar/programming course/DEPI/DEPI project/anomx/venv/lib/python3.12/site-packages/airflow/example_dags/example_python_decorator.py for tasks to queue
[2026-06-24T14:43:05.770+0300] {logging_mixin.py:188} INFO - [2026-06-24T14:43:05.769+0300] {dagbag.py:540} INFO - Filling up the DagBag from /media/data/omar/programming course/DEPI/DEPI project/anomx/venv/lib/python3.12/site-packages/airflow/example_dags/example_python_decorator.py
[2026-06-24T14:43:05.783+0300] {processor.py:840} INFO - DAG(s) 'example_python_decorator' retrieved from /media/data/omar/programming course/DEPI/DEPI project/anomx/venv/lib/python3.12/site-packages/airflow/example_dags/example_python_decorator.py
[2026-06-24T14:43:05.806+0300] {logging_mixin.py:188} INFO - [2026-06-24T14:43:05.806+0300] {dag.py:3096} INFO - Sync 1 DAGs
[2026-06-24T14:43:05.816+0300] {logging_mixin.py:188} INFO - [2026-06-24T14:43:05.816+0300] {dag.py:3954} INFO - Setting next_dagrun for example_python_decorator to None, run_after=None
[2026-06-24T14:43:05.845+0300] {processor.py:183} INFO - Processing /media/data/omar/programming course/DEPI/DEPI project/anomx/venv/lib/python3.12/site-packages/airflow/example_dags/example_python_decorator.py took 0.082 seconds
[2026-06-24T14:43:54.536+0300] {processor.py:161} INFO - Started process (PID=99072) to work on /media/data/omar/programming course/DEPI/DEPI project/anomx/venv/lib/python3.12/site-packages/airflow/example_dags/example_python_decorator.py
[2026-06-24T14:43:54.537+0300] {processor.py:830} INFO - Processing file /media/data/omar/programming course/DEPI/DEPI project/anomx/venv/lib/python3.12/site-packages/airflow/example_dags/example_python_decorator.py for tasks to queue
[2026-06-24T14:43:54.538+0300] {logging_mixin.py:188} INFO - [2026-06-24T14:43:54.537+0300] {dagbag.py:540} INFO - Filling up the DagBag from /media/data/omar/programming course/DEPI/DEPI project/anomx/venv/lib/python3.12/site-packages/airflow/example_dags/example_python_decorator.py
[2026-06-24T14:43:54.551+0300] {processor.py:840} INFO - DAG(s) 'example_python_decorator' retrieved from /media/data/omar/programming course/DEPI/DEPI project/anomx/venv/lib/python3.12/site-packages/airflow/example_dags/example_python_decorator.py
[2026-06-24T14:43:54.569+0300] {logging_mixin.py:188} INFO - [2026-06-24T14:43:54.569+0300] {dag.py:3096} INFO - Sync 1 DAGs
[2026-06-24T14:43:54.582+0300] {logging_mixin.py:188} INFO - [2026-06-24T14:43:54.581+0300] {dag.py:3954} INFO - Setting next_dagrun for example_python_decorator to None, run_after=None
[2026-06-24T14:43:54.617+0300] {processor.py:183} INFO - Processing /media/data/omar/programming course/DEPI/DEPI project/anomx/venv/lib/python3.12/site-packages/airflow/example_dags/example_python_decorator.py took 0.087 seconds
[2026-06-24T14:44:44.093+0300] {processor.py:161} INFO - Started process (PID=99384) to work on /media/data/omar/programming course/DEPI/DEPI project/anomx/venv/lib/python3.12/site-packages/airflow/example_dags/example_python_decorator.py
[2026-06-24T14:44:44.094+0300] {processor.py:830} INFO - Processing file /media/data/omar/programming course/DEPI/DEPI project/anomx/venv/lib/python3.12/site-packages/airflow/example_dags/example_python_decorator.py for tasks to queue
[2026-06-24T14:44:44.096+0300] {logging_mixin.py:188} INFO - [2026-06-24T14:44:44.095+0300] {dagbag.py:540} INFO - Filling up the DagBag from /media/data/omar/programming course/DEPI/DEPI project/anomx/venv/lib/python3.12/site-packages/airflow/example_dags/example_python_decorator.py
[2026-06-24T14:44:44.111+0300] {processor.py:840} INFO - DAG(s) 'example_python_decorator' retrieved from /media/data/omar/programming course/DEPI/DEPI project/anomx/venv/lib/python3.12/site-packages/airflow/example_dags/example_python_decorator.py
[2026-06-24T14:44:44.127+0300] {logging_mixin.py:188} INFO - [2026-06-24T14:44:44.127+0300] {dag.py:3096} INFO - Sync 1 DAGs
[2026-06-24T14:44:44.136+0300] {logging_mixin.py:188} INFO - [2026-06-24T14:44:44.136+0300] {dag.py:3954} INFO - Setting next_dagrun for example_python_decorator to None, run_after=None
[2026-06-24T14:44:44.167+0300] {processor.py:183} INFO - Processing /media/data/omar/programming course/DEPI/DEPI project/anomx/venv/lib/python3.12/site-packages/airflow/example_dags/example_python_decorator.py took 0.086 seconds
[2026-06-24T14:45:32.675+0300] {processor.py:161} INFO - Started process (PID=99971) to work on /media/data/omar/programming course/DEPI/DEPI project/anomx/venv/lib/python3.12/site-packages/airflow/example_dags/example_python_decorator.py
[2026-06-24T14:45:32.677+0300] {processor.py:830} INFO - Processing file /media/data/omar/programming course/DEPI/DEPI project/anomx/venv/lib/python3.12/site-packages/airflow/example_dags/example_python_decorator.py for tasks to queue
[2026-06-24T14:45:32.679+0300] {logging_mixin.py:188} INFO - [2026-06-24T14:45:32.678+0300] {dagbag.py:540} INFO - Filling up the DagBag from /media/data/omar/programming course/DEPI/DEPI project/anomx/venv/lib/python3.12/site-packages/airflow/example_dags/example_python_decorator.py
[2026-06-24T14:45:32.695+0300] {processor.py:840} INFO - DAG(s) 'example_python_decorator' retrieved from /media/data/omar/programming course/DEPI/DEPI project/anomx/venv/lib/python3.12/site-packages/airflow/example_dags/example_python_decorator.py
[2026-06-24T14:45:32.712+0300] {logging_mixin.py:188} INFO - [2026-06-24T14:45:32.711+0300] {dag.py:3096} INFO - Sync 1 DAGs
[2026-06-24T14:45:32.721+0300] {logging_mixin.py:188} INFO - [2026-06-24T14:45:32.721+0300] {dag.py:3954} INFO - Setting next_dagrun for example_python_decorator to None, run_after=None
[2026-06-24T14:45:32.748+0300] {processor.py:183} INFO - Processing /media/data/omar/programming course/DEPI/DEPI project/anomx/venv/lib/python3.12/site-packages/airflow/example_dags/example_python_decorator.py took 0.086 seconds
[2026-06-24T14:46:22.882+0300] {processor.py:161} INFO - Started process (PID=100298) to work on /media/data/omar/programming course/DEPI/DEPI project/anomx/venv/lib/python3.12/site-packages/airflow/example_dags/example_python_decorator.py
[2026-06-24T14:46:22.883+0300] {processor.py:830} INFO - Processing file /media/data/omar/programming course/DEPI/DEPI project/anomx/venv/lib/python3.12/site-packages/airflow/example_dags/example_python_decorator.py for tasks to queue
[2026-06-24T14:46:22.884+0300] {logging_mixin.py:188} INFO - [2026-06-24T14:46:22.883+0300] {dagbag.py:540} INFO - Filling up the DagBag from /media/data/omar/programming course/DEPI/DEPI project/anomx/venv/lib/python3.12/site-packages/airflow/example_dags/example_python_decorator.py
[2026-06-24T14:46:22.896+0300] {processor.py:840} INFO - DAG(s) 'example_python_decorator' retrieved from /media/data/omar/programming course/DEPI/DEPI project/anomx/venv/lib/python3.12/site-packages/airflow/example_dags/example_python_decorator.py
[2026-06-24T14:46:22.912+0300] {logging_mixin.py:188} INFO - [2026-06-24T14:46:22.911+0300] {dag.py:3096} INFO - Sync 1 DAGs
[2026-06-24T14:46:22.920+0300] {logging_mixin.py:188} INFO - [2026-06-24T14:46:22.920+0300] {dag.py:3954} INFO - Setting next_dagrun for example_python_decorator to None, run_after=None
[2026-06-24T14:46:22.949+0300] {processor.py:183} INFO - Processing /media/data/omar/programming course/DEPI/DEPI project/anomx/venv/lib/python3.12/site-packages/airflow/example_dags/example_python_decorator.py took 0.072 seconds
[2026-06-24T14:47:09.973+0300] {processor.py:161} INFO - Started process (PID=100876) to work on /media/data/omar/programming course/DEPI/DEPI project/anomx/venv/lib/python3.12/site-packages/airflow/example_dags/example_python_decorator.py
[2026-06-24T14:47:09.974+0300] {processor.py:830} INFO - Processing file /media/data/omar/programming course/DEPI/DEPI project/anomx/venv/lib/python3.12/site-packages/airflow/example_dags/example_python_decorator.py for tasks to queue
[2026-06-24T14:47:09.975+0300] {logging_mixin.py:188} INFO - [2026-06-24T14:47:09.975+0300] {dagbag.py:540} INFO - Filling up the DagBag from /media/data/omar/programming course/DEPI/DEPI project/anomx/venv/lib/python3.12/site-packages/airflow/example_dags/example_python_decorator.py
[2026-06-24T14:47:09.988+0300] {processor.py:840} INFO - DAG(s) 'example_python_decorator' retrieved from /media/data/omar/programming course/DEPI/DEPI project/anomx/venv/lib/python3.12/site-packages/airflow/example_dags/example_python_decorator.py
[2026-06-24T14:47:10.004+0300] {logging_mixin.py:188} INFO - [2026-06-24T14:47:10.004+0300] {dag.py:3096} INFO - Sync 1 DAGs
[2026-06-24T14:47:10.014+0300] {logging_mixin.py:188} INFO - [2026-06-24T14:47:10.013+0300] {dag.py:3954} INFO - Setting next_dagrun for example_python_decorator to None, run_after=None
[2026-06-24T14:47:10.042+0300] {processor.py:183} INFO - Processing /media/data/omar/programming course/DEPI/DEPI project/anomx/venv/lib/python3.12/site-packages/airflow/example_dags/example_python_decorator.py took 0.075 seconds
[2026-06-24T14:48:00.631+0300] {processor.py:161} INFO - Started process (PID=101240) to work on /media/data/omar/programming course/DEPI/DEPI project/anomx/venv/lib/python3.12/site-packages/airflow/example_dags/example_python_decorator.py
[2026-06-24T14:48:00.632+0300] {processor.py:830} INFO - Processing file /media/data/omar/programming course/DEPI/DEPI project/anomx/venv/lib/python3.12/site-packages/airflow/example_dags/example_python_decorator.py for tasks to queue
[2026-06-24T14:48:00.635+0300] {logging_mixin.py:188} INFO - [2026-06-24T14:48:00.634+0300] {dagbag.py:540} INFO - Filling up the DagBag from /media/data/omar/programming course/DEPI/DEPI project/anomx/venv/lib/python3.12/site-packages/airflow/example_dags/example_python_decorator.py
[2026-06-24T14:48:00.656+0300] {processor.py:840} INFO - DAG(s) 'example_python_decorator' retrieved from /media/data/omar/programming course/DEPI/DEPI project/anomx/venv/lib/python3.12/site-packages/airflow/example_dags/example_python_decorator.py
[2026-06-24T14:48:00.677+0300] {logging_mixin.py:188} INFO - [2026-06-24T14:48:00.677+0300] {dag.py:3096} INFO - Sync 1 DAGs
[2026-06-24T14:48:00.687+0300] {logging_mixin.py:188} INFO - [2026-06-24T14:48:00.687+0300] {dag.py:3954} INFO - Setting next_dagrun for example_python_decorator to None, run_after=None
[2026-06-24T14:48:00.716+0300] {processor.py:183} INFO - Processing /media/data/omar/programming course/DEPI/DEPI project/anomx/venv/lib/python3.12/site-packages/airflow/example_dags/example_python_decorator.py took 0.096 seconds
[2026-06-24T14:48:55.848+0300] {processor.py:161} INFO - Started process (PID=101900) to work on /media/data/omar/programming course/DEPI/DEPI project/anomx/venv/lib/python3.12/site-packages/airflow/example_dags/example_python_decorator.py
[2026-06-24T14:48:55.849+0300] {processor.py:830} INFO - Processing file /media/data/omar/programming course/DEPI/DEPI project/anomx/venv/lib/python3.12/site-packages/airflow/example_dags/example_python_decorator.py for tasks to queue
[2026-06-24T14:48:55.850+0300] {logging_mixin.py:188} INFO - [2026-06-24T14:48:55.850+0300] {dagbag.py:540} INFO - Filling up the DagBag from /media/data/omar/programming course/DEPI/DEPI project/anomx/venv/lib/python3.12/site-packages/airflow/example_dags/example_python_decorator.py
[2026-06-24T14:48:55.864+0300] {processor.py:840} INFO - DAG(s) 'example_python_decorator' retrieved from /media/data/omar/programming course/DEPI/DEPI project/anomx/venv/lib/python3.12/site-packages/airflow/example_dags/example_python_decorator.py
[2026-06-24T14:48:55.881+0300] {logging_mixin.py:188} INFO - [2026-06-24T14:48:55.881+0300] {dag.py:3096} INFO - Sync 1 DAGs
[2026-06-24T14:48:55.890+0300] {logging_mixin.py:188} INFO - [2026-06-24T14:48:55.889+0300] {dag.py:3954} INFO - Setting next_dagrun for example_python_decorator to None, run_after=None
[2026-06-24T14:48:55.918+0300] {processor.py:183} INFO - Processing /media/data/omar/programming course/DEPI/DEPI project/anomx/venv/lib/python3.12/site-packages/airflow/example_dags/example_python_decorator.py took 0.077 seconds
[2026-06-24T14:49:47.276+0300] {processor.py:161} INFO - Started process (PID=102215) to work on /media/data/omar/programming course/DEPI/DEPI project/anomx/venv/lib/python3.12/site-packages/airflow/example_dags/example_python_decorator.py
[2026-06-24T14:49:47.277+0300] {processor.py:830} INFO - Processing file /media/data/omar/programming course/DEPI/DEPI project/anomx/venv/lib/python3.12/site-packages/airflow/example_dags/example_python_decorator.py for tasks to queue
[2026-06-24T14:49:47.278+0300] {logging_mixin.py:188} INFO - [2026-06-24T14:49:47.278+0300] {dagbag.py:540} INFO - Filling up the DagBag from /media/data/omar/programming course/DEPI/DEPI project/anomx/venv/lib/python3.12/site-packages/airflow/example_dags/example_python_decorator.py
[2026-06-24T14:49:47.291+0300] {processor.py:840} INFO - DAG(s) 'example_python_decorator' retrieved from /media/data/omar/programming course/DEPI/DEPI project/anomx/venv/lib/python3.12/site-packages/airflow/example_dags/example_python_decorator.py
[2026-06-24T14:49:47.307+0300] {logging_mixin.py:188} INFO - [2026-06-24T14:49:47.307+0300] {dag.py:3096} INFO - Sync 1 DAGs
[2026-06-24T14:49:47.316+0300] {logging_mixin.py:188} INFO - [2026-06-24T14:49:47.315+0300] {dag.py:3954} INFO - Setting next_dagrun for example_python_decorator to None, run_after=None
[2026-06-24T14:49:47.344+0300] {processor.py:183} INFO - Processing /media/data/omar/programming course/DEPI/DEPI project/anomx/venv/lib/python3.12/site-packages/airflow/example_dags/example_python_decorator.py took 0.073 seconds
[2026-06-24T14:50:36.209+0300] {processor.py:161} INFO - Started process (PID=102800) to work on /media/data/omar/programming course/DEPI/DEPI project/anomx/venv/lib/python3.12/site-packages/airflow/example_dags/example_python_decorator.py
[2026-06-24T14:50:36.211+0300] {processor.py:830} INFO - Processing file /media/data/omar/programming course/DEPI/DEPI project/anomx/venv/lib/python3.12/site-packages/airflow/example_dags/example_python_decorator.py for tasks to queue
[2026-06-24T14:50:36.214+0300] {logging_mixin.py:188} INFO - [2026-06-24T14:50:36.213+0300] {dagbag.py:540} INFO - Filling up the DagBag from /media/data/omar/programming course/DEPI/DEPI project/anomx/venv/lib/python3.12/site-packages/airflow/example_dags/example_python_decorator.py
[2026-06-24T14:50:36.234+0300] {processor.py:840} INFO - DAG(s) 'example_python_decorator' retrieved from /media/data/omar/programming course/DEPI/DEPI project/anomx/venv/lib/python3.12/site-packages/airflow/example_dags/example_python_decorator.py
[2026-06-24T14:50:36.250+0300] {logging_mixin.py:188} INFO - [2026-06-24T14:50:36.250+0300] {dag.py:3096} INFO - Sync 1 DAGs
[2026-06-24T14:50:36.259+0300] {logging_mixin.py:188} INFO - [2026-06-24T14:50:36.259+0300] {dag.py:3954} INFO - Setting next_dagrun for example_python_decorator to None, run_after=None
[2026-06-24T14:50:36.285+0300] {processor.py:183} INFO - Processing /media/data/omar/programming course/DEPI/DEPI project/anomx/venv/lib/python3.12/site-packages/airflow/example_dags/example_python_decorator.py took 0.089 seconds
[2026-06-24T14:51:27.035+0300] {processor.py:161} INFO - Started process (PID=103109) to work on /media/data/omar/programming course/DEPI/DEPI project/anomx/venv/lib/python3.12/site-packages/airflow/example_dags/example_python_decorator.py
[2026-06-24T14:51:27.036+0300] {processor.py:830} INFO - Processing file /media/data/omar/programming course/DEPI/DEPI project/anomx/venv/lib/python3.12/site-packages/airflow/example_dags/example_python_decorator.py for tasks to queue
[2026-06-24T14:51:27.037+0300] {logging_mixin.py:188} INFO - [2026-06-24T14:51:27.036+0300] {dagbag.py:540} INFO - Filling up the DagBag from /media/data/omar/programming course/DEPI/DEPI project/anomx/venv/lib/python3.12/site-packages/airflow/example_dags/example_python_decorator.py
[2026-06-24T14:51:27.050+0300] {processor.py:840} INFO - DAG(s) 'example_python_decorator' retrieved from /media/data/omar/programming course/DEPI/DEPI project/anomx/venv/lib/python3.12/site-packages/airflow/example_dags/example_python_decorator.py
[2026-06-24T14:51:27.066+0300] {logging_mixin.py:188} INFO - [2026-06-24T14:51:27.066+0300] {dag.py:3096} INFO - Sync 1 DAGs
[2026-06-24T14:51:27.077+0300] {logging_mixin.py:188} INFO - [2026-06-24T14:51:27.077+0300] {dag.py:3954} INFO - Setting next_dagrun for example_python_decorator to None, run_after=None
[2026-06-24T14:51:27.106+0300] {processor.py:183} INFO - Processing /media/data/omar/programming course/DEPI/DEPI project/anomx/venv/lib/python3.12/site-packages/airflow/example_dags/example_python_decorator.py took 0.079 seconds
[2026-06-24T14:52:18.654+0300] {processor.py:161} INFO - Started process (PID=103730) to work on /media/data/omar/programming course/DEPI/DEPI project/anomx/venv/lib/python3.12/site-packages/airflow/example_dags/example_python_decorator.py
[2026-06-24T14:52:18.655+0300] {processor.py:830} INFO - Processing file /media/data/omar/programming course/DEPI/DEPI project/anomx/venv/lib/python3.12/site-packages/airflow/example_dags/example_python_decorator.py for tasks to queue
[2026-06-24T14:52:18.656+0300] {logging_mixin.py:188} INFO - [2026-06-24T14:52:18.655+0300] {dagbag.py:540} INFO - Filling up the DagBag from /media/data/omar/programming course/DEPI/DEPI project/anomx/venv/lib/python3.12/site-packages/airflow/example_dags/example_python_decorator.py
[2026-06-24T14:52:18.669+0300] {processor.py:840} INFO - DAG(s) 'example_python_decorator' retrieved from /media/data/omar/programming course/DEPI/DEPI project/anomx/venv/lib/python3.12/site-packages/airflow/example_dags/example_python_decorator.py
[2026-06-24T14:52:18.686+0300] {logging_mixin.py:188} INFO - [2026-06-24T14:52:18.686+0300] {dag.py:3096} INFO - Sync 1 DAGs
[2026-06-24T14:52:18.695+0300] {logging_mixin.py:188} INFO - [2026-06-24T14:52:18.694+0300] {dag.py:3954} INFO - Setting next_dagrun for example_python_decorator to None, run_after=None
[2026-06-24T14:52:18.724+0300] {processor.py:183} INFO - Processing /media/data/omar/programming course/DEPI/DEPI project/anomx/venv/lib/python3.12/site-packages/airflow/example_dags/example_python_decorator.py took 0.076 seconds
[2026-06-24T14:53:06.462+0300] {processor.py:161} INFO - Started process (PID=104017) to work on /media/data/omar/programming course/DEPI/DEPI project/anomx/venv/lib/python3.12/site-packages/airflow/example_dags/example_python_decorator.py
[2026-06-24T14:53:06.464+0300] {processor.py:830} INFO - Processing file /media/data/omar/programming course/DEPI/DEPI project/anomx/venv/lib/python3.12/site-packages/airflow/example_dags/example_python_decorator.py for tasks to queue
[2026-06-24T14:53:06.466+0300] {logging_mixin.py:188} INFO - [2026-06-24T14:53:06.465+0300] {dagbag.py:540} INFO - Filling up the DagBag from /media/data/omar/programming course/DEPI/DEPI project/anomx/venv/lib/python3.12/site-packages/airflow/example_dags/example_python_decorator.py
[2026-06-24T14:53:06.485+0300] {processor.py:840} INFO - DAG(s) 'example_python_decorator' retrieved from /media/data/omar/programming course/DEPI/DEPI project/anomx/venv/lib/python3.12/site-packages/airflow/example_dags/example_python_decorator.py
[2026-06-24T14:53:06.501+0300] {logging_mixin.py:188} INFO - [2026-06-24T14:53:06.500+0300] {dag.py:3096} INFO - Sync 1 DAGs
[2026-06-24T14:53:06.509+0300] {logging_mixin.py:188} INFO - [2026-06-24T14:53:06.509+0300] {dag.py:3954} INFO - Setting next_dagrun for example_python_decorator to None, run_after=None
[2026-06-24T14:53:06.546+0300] {processor.py:183} INFO - Processing /media/data/omar/programming course/DEPI/DEPI project/anomx/venv/lib/python3.12/site-packages/airflow/example_dags/example_python_decorator.py took 0.099 seconds
[2026-06-24T14:53:55.567+0300] {processor.py:161} INFO - Started process (PID=104615) to work on /media/data/omar/programming course/DEPI/DEPI project/anomx/venv/lib/python3.12/site-packages/airflow/example_dags/example_python_decorator.py
[2026-06-24T14:53:55.568+0300] {processor.py:830} INFO - Processing file /media/data/omar/programming course/DEPI/DEPI project/anomx/venv/lib/python3.12/site-packages/airflow/example_dags/example_python_decorator.py for tasks to queue
[2026-06-24T14:53:55.570+0300] {logging_mixin.py:188} INFO - [2026-06-24T14:53:55.569+0300] {dagbag.py:540} INFO - Filling up the DagBag from /media/data/omar/programming course/DEPI/DEPI project/anomx/venv/lib/python3.12/site-packages/airflow/example_dags/example_python_decorator.py
[2026-06-24T14:53:55.587+0300] {processor.py:840} INFO - DAG(s) 'example_python_decorator' retrieved from /media/data/omar/programming course/DEPI/DEPI project/anomx/venv/lib/python3.12/site-packages/airflow/example_dags/example_python_decorator.py
[2026-06-24T14:53:55.609+0300] {logging_mixin.py:188} INFO - [2026-06-24T14:53:55.608+0300] {dag.py:3096} INFO - Sync 1 DAGs
[2026-06-24T14:53:55.620+0300] {logging_mixin.py:188} INFO - [2026-06-24T14:53:55.620+0300] {dag.py:3954} INFO - Setting next_dagrun for example_python_decorator to None, run_after=None
[2026-06-24T14:53:55.648+0300] {processor.py:183} INFO - Processing /media/data/omar/programming course/DEPI/DEPI project/anomx/venv/lib/python3.12/site-packages/airflow/example_dags/example_python_decorator.py took 0.088 seconds
[2026-06-24T14:54:45.918+0300] {processor.py:161} INFO - Started process (PID=104944) to work on /media/data/omar/programming course/DEPI/DEPI project/anomx/venv/lib/python3.12/site-packages/airflow/example_dags/example_python_decorator.py
[2026-06-24T14:54:45.920+0300] {processor.py:830} INFO - Processing file /media/data/omar/programming course/DEPI/DEPI project/anomx/venv/lib/python3.12/site-packages/airflow/example_dags/example_python_decorator.py for tasks to queue
[2026-06-24T14:54:45.923+0300] {logging_mixin.py:188} INFO - [2026-06-24T14:54:45.922+0300] {dagbag.py:540} INFO - Filling up the DagBag from /media/data/omar/programming course/DEPI/DEPI project/anomx/venv/lib/python3.12/site-packages/airflow/example_dags/example_python_decorator.py
[2026-06-24T14:54:45.947+0300] {processor.py:840} INFO - DAG(s) 'example_python_decorator' retrieved from /media/data/omar/programming course/DEPI/DEPI project/anomx/venv/lib/python3.12/site-packages/airflow/example_dags/example_python_decorator.py
[2026-06-24T14:54:45.964+0300] {logging_mixin.py:188} INFO - [2026-06-24T14:54:45.964+0300] {dag.py:3096} INFO - Sync 1 DAGs
[2026-06-24T14:54:45.973+0300] {logging_mixin.py:188} INFO - [2026-06-24T14:54:45.972+0300] {dag.py:3954} INFO - Setting next_dagrun for example_python_decorator to None, run_after=None
[2026-06-24T14:54:46.002+0300] {processor.py:183} INFO - Processing /media/data/omar/programming course/DEPI/DEPI project/anomx/venv/lib/python3.12/site-packages/airflow/example_dags/example_python_decorator.py took 0.098 seconds
[2026-06-24T14:55:34.807+0300] {processor.py:161} INFO - Started process (PID=105519) to work on /media/data/omar/programming course/DEPI/DEPI project/anomx/venv/lib/python3.12/site-packages/airflow/example_dags/example_python_decorator.py
[2026-06-24T14:55:34.809+0300] {processor.py:830} INFO - Processing file /media/data/omar/programming course/DEPI/DEPI project/anomx/venv/lib/python3.12/site-packages/airflow/example_dags/example_python_decorator.py for tasks to queue
[2026-06-24T14:55:34.812+0300] {logging_mixin.py:188} INFO - [2026-06-24T14:55:34.810+0300] {dagbag.py:540} INFO - Filling up the DagBag from /media/data/omar/programming course/DEPI/DEPI project/anomx/venv/lib/python3.12/site-packages/airflow/example_dags/example_python_decorator.py
[2026-06-24T14:55:34.834+0300] {processor.py:840} INFO - DAG(s) 'example_python_decorator' retrieved from /media/data/omar/programming course/DEPI/DEPI project/anomx/venv/lib/python3.12/site-packages/airflow/example_dags/example_python_decorator.py
[2026-06-24T14:55:34.850+0300] {logging_mixin.py:188} INFO - [2026-06-24T14:55:34.850+0300] {dag.py:3096} INFO - Sync 1 DAGs
[2026-06-24T14:55:34.859+0300] {logging_mixin.py:188} INFO - [2026-06-24T14:55:34.859+0300] {dag.py:3954} INFO - Setting next_dagrun for example_python_decorator to None, run_after=None
[2026-06-24T14:55:34.887+0300] {processor.py:183} INFO - Processing /media/data/omar/programming course/DEPI/DEPI project/anomx/venv/lib/python3.12/site-packages/airflow/example_dags/example_python_decorator.py took 0.094 seconds
[2026-06-24T14:56:26.817+0300] {processor.py:161} INFO - Started process (PID=105857) to work on /media/data/omar/programming course/DEPI/DEPI project/anomx/venv/lib/python3.12/site-packages/airflow/example_dags/example_python_decorator.py
[2026-06-24T14:56:26.818+0300] {processor.py:830} INFO - Processing file /media/data/omar/programming course/DEPI/DEPI project/anomx/venv/lib/python3.12/site-packages/airflow/example_dags/example_python_decorator.py for tasks to queue
[2026-06-24T14:56:26.820+0300] {logging_mixin.py:188} INFO - [2026-06-24T14:56:26.819+0300] {dagbag.py:540} INFO - Filling up the DagBag from /media/data/omar/programming course/DEPI/DEPI project/anomx/venv/lib/python3.12/site-packages/airflow/example_dags/example_python_decorator.py
[2026-06-24T14:56:26.837+0300] {processor.py:840} INFO - DAG(s) 'example_python_decorator' retrieved from /media/data/omar/programming course/DEPI/DEPI project/anomx/venv/lib/python3.12/site-packages/airflow/example_dags/example_python_decorator.py
[2026-06-24T14:56:26.853+0300] {logging_mixin.py:188} INFO - [2026-06-24T14:56:26.853+0300] {dag.py:3096} INFO - Sync 1 DAGs
[2026-06-24T14:56:26.862+0300] {logging_mixin.py:188} INFO - [2026-06-24T14:56:26.862+0300] {dag.py:3954} INFO - Setting next_dagrun for example_python_decorator to None, run_after=None
[2026-06-24T14:56:26.890+0300] {processor.py:183} INFO - Processing /media/data/omar/programming course/DEPI/DEPI project/anomx/venv/lib/python3.12/site-packages/airflow/example_dags/example_python_decorator.py took 0.089 seconds
[2026-06-24T14:57:17.949+0300] {processor.py:161} INFO - Started process (PID=106467) to work on /media/data/omar/programming course/DEPI/DEPI project/anomx/venv/lib/python3.12/site-packages/airflow/example_dags/example_python_decorator.py
[2026-06-24T14:57:17.950+0300] {processor.py:830} INFO - Processing file /media/data/omar/programming course/DEPI/DEPI project/anomx/venv/lib/python3.12/site-packages/airflow/example_dags/example_python_decorator.py for tasks to queue
[2026-06-24T14:57:17.951+0300] {logging_mixin.py:188} INFO - [2026-06-24T14:57:17.950+0300] {dagbag.py:540} INFO - Filling up the DagBag from /media/data/omar/programming course/DEPI/DEPI project/anomx/venv/lib/python3.12/site-packages/airflow/example_dags/example_python_decorator.py
[2026-06-24T14:57:17.967+0300] {processor.py:840} INFO - DAG(s) 'example_python_decorator' retrieved from /media/data/omar/programming course/DEPI/DEPI project/anomx/venv/lib/python3.12/site-packages/airflow/example_dags/example_python_decorator.py
[2026-06-24T14:57:17.991+0300] {logging_mixin.py:188} INFO - [2026-06-24T14:57:17.990+0300] {dag.py:3096} INFO - Sync 1 DAGs
[2026-06-24T14:57:18.000+0300] {logging_mixin.py:188} INFO - [2026-06-24T14:57:18.000+0300] {dag.py:3954} INFO - Setting next_dagrun for example_python_decorator to None, run_after=None
[2026-06-24T14:57:18.037+0300] {processor.py:183} INFO - Processing /media/data/omar/programming course/DEPI/DEPI project/anomx/venv/lib/python3.12/site-packages/airflow/example_dags/example_python_decorator.py took 0.094 seconds
[2026-06-24T14:58:07.554+0300] {processor.py:161} INFO - Started process (PID=106794) to work on /media/data/omar/programming course/DEPI/DEPI project/anomx/venv/lib/python3.12/site-packages/airflow/example_dags/example_python_decorator.py
[2026-06-24T14:58:07.556+0300] {processor.py:830} INFO - Processing file /media/data/omar/programming course/DEPI/DEPI project/anomx/venv/lib/python3.12/site-packages/airflow/example_dags/example_python_decorator.py for tasks to queue
[2026-06-24T14:58:07.558+0300] {logging_mixin.py:188} INFO - [2026-06-24T14:58:07.557+0300] {dagbag.py:540} INFO - Filling up the DagBag from /media/data/omar/programming course/DEPI/DEPI project/anomx/venv/lib/python3.12/site-packages/airflow/example_dags/example_python_decorator.py
[2026-06-24T14:58:07.583+0300] {processor.py:840} INFO - DAG(s) 'example_python_decorator' retrieved from /media/data/omar/programming course/DEPI/DEPI project/anomx/venv/lib/python3.12/site-packages/airflow/example_dags/example_python_decorator.py
[2026-06-24T14:58:07.600+0300] {logging_mixin.py:188} INFO - [2026-06-24T14:58:07.600+0300] {dag.py:3096} INFO - Sync 1 DAGs
[2026-06-24T14:58:07.608+0300] {logging_mixin.py:188} INFO - [2026-06-24T14:58:07.608+0300] {dag.py:3954} INFO - Setting next_dagrun for example_python_decorator to None, run_after=None
[2026-06-24T14:58:07.637+0300] {processor.py:183} INFO - Processing /media/data/omar/programming course/DEPI/DEPI project/anomx/venv/lib/python3.12/site-packages/airflow/example_dags/example_python_decorator.py took 0.095 seconds
[2026-06-24T14:58:58.269+0300] {processor.py:161} INFO - Started process (PID=107395) to work on /media/data/omar/programming course/DEPI/DEPI project/anomx/venv/lib/python3.12/site-packages/airflow/example_dags/example_python_decorator.py
[2026-06-24T14:58:58.270+0300] {processor.py:830} INFO - Processing file /media/data/omar/programming course/DEPI/DEPI project/anomx/venv/lib/python3.12/site-packages/airflow/example_dags/example_python_decorator.py for tasks to queue
[2026-06-24T14:58:58.271+0300] {logging_mixin.py:188} INFO - [2026-06-24T14:58:58.270+0300] {dagbag.py:540} INFO - Filling up the DagBag from /media/data/omar/programming course/DEPI/DEPI project/anomx/venv/lib/python3.12/site-packages/airflow/example_dags/example_python_decorator.py
[2026-06-24T14:58:58.285+0300] {processor.py:840} INFO - DAG(s) 'example_python_decorator' retrieved from /media/data/omar/programming course/DEPI/DEPI project/anomx/venv/lib/python3.12/site-packages/airflow/example_dags/example_python_decorator.py
[2026-06-24T14:58:58.303+0300] {logging_mixin.py:188} INFO - [2026-06-24T14:58:58.303+0300] {dag.py:3096} INFO - Sync 1 DAGs
[2026-06-24T14:58:58.311+0300] {logging_mixin.py:188} INFO - [2026-06-24T14:58:58.311+0300] {dag.py:3954} INFO - Setting next_dagrun for example_python_decorator to None, run_after=None
[2026-06-24T14:58:58.340+0300] {processor.py:183} INFO - Processing /media/data/omar/programming course/DEPI/DEPI project/anomx/venv/lib/python3.12/site-packages/airflow/example_dags/example_python_decorator.py took 0.078 seconds
[2026-06-24T14:59:48.600+0300] {processor.py:161} INFO - Started process (PID=107703) to work on /media/data/omar/programming course/DEPI/DEPI project/anomx/venv/lib/python3.12/site-packages/airflow/example_dags/example_python_decorator.py
[2026-06-24T14:59:48.602+0300] {processor.py:830} INFO - Processing file /media/data/omar/programming course/DEPI/DEPI project/anomx/venv/lib/python3.12/site-packages/airflow/example_dags/example_python_decorator.py for tasks to queue
[2026-06-24T14:59:48.604+0300] {logging_mixin.py:188} INFO - [2026-06-24T14:59:48.603+0300] {dagbag.py:540} INFO - Filling up the DagBag from /media/data/omar/programming course/DEPI/DEPI project/anomx/venv/lib/python3.12/site-packages/airflow/example_dags/example_python_decorator.py
[2026-06-24T14:59:48.620+0300] {processor.py:840} INFO - DAG(s) 'example_python_decorator' retrieved from /media/data/omar/programming course/DEPI/DEPI project/anomx/venv/lib/python3.12/site-packages/airflow/example_dags/example_python_decorator.py
[2026-06-24T14:59:48.637+0300] {logging_mixin.py:188} INFO - [2026-06-24T14:59:48.637+0300] {dag.py:3096} INFO - Sync 1 DAGs
[2026-06-24T14:59:48.645+0300] {logging_mixin.py:188} INFO - [2026-06-24T14:59:48.645+0300] {dag.py:3954} INFO - Setting next_dagrun for example_python_decorator to None, run_after=None
[2026-06-24T14:59:48.672+0300] {processor.py:183} INFO - Processing /media/data/omar/programming course/DEPI/DEPI project/anomx/venv/lib/python3.12/site-packages/airflow/example_dags/example_python_decorator.py took 0.088 seconds
[2026-06-24T15:00:36.358+0300] {processor.py:161} INFO - Started process (PID=108267) to work on /media/data/omar/programming course/DEPI/DEPI project/anomx/venv/lib/python3.12/site-packages/airflow/example_dags/example_python_decorator.py
[2026-06-24T15:00:36.359+0300] {processor.py:830} INFO - Processing file /media/data/omar/programming course/DEPI/DEPI project/anomx/venv/lib/python3.12/site-packages/airflow/example_dags/example_python_decorator.py for tasks to queue
[2026-06-24T15:00:36.360+0300] {logging_mixin.py:188} INFO - [2026-06-24T15:00:36.359+0300] {dagbag.py:540} INFO - Filling up the DagBag from /media/data/omar/programming course/DEPI/DEPI project/anomx/venv/lib/python3.12/site-packages/airflow/example_dags/example_python_decorator.py
[2026-06-24T15:00:36.374+0300] {processor.py:840} INFO - DAG(s) 'example_python_decorator' retrieved from /media/data/omar/programming course/DEPI/DEPI project/anomx/venv/lib/python3.12/site-packages/airflow/example_dags/example_python_decorator.py
[2026-06-24T15:00:36.392+0300] {logging_mixin.py:188} INFO - [2026-06-24T15:00:36.392+0300] {dag.py:3096} INFO - Sync 1 DAGs
[2026-06-24T15:00:36.401+0300] {logging_mixin.py:188} INFO - [2026-06-24T15:00:36.401+0300] {dag.py:3954} INFO - Setting next_dagrun for example_python_decorator to None, run_after=None
[2026-06-24T15:00:36.433+0300] {processor.py:183} INFO - Processing /media/data/omar/programming course/DEPI/DEPI project/anomx/venv/lib/python3.12/site-packages/airflow/example_dags/example_python_decorator.py took 0.081 seconds
[2026-06-24T15:01:26.915+0300] {processor.py:161} INFO - Started process (PID=108617) to work on /media/data/omar/programming course/DEPI/DEPI project/anomx/venv/lib/python3.12/site-packages/airflow/example_dags/example_python_decorator.py
[2026-06-24T15:01:26.917+0300] {processor.py:830} INFO - Processing file /media/data/omar/programming course/DEPI/DEPI project/anomx/venv/lib/python3.12/site-packages/airflow/example_dags/example_python_decorator.py for tasks to queue
[2026-06-24T15:01:26.918+0300] {logging_mixin.py:188} INFO - [2026-06-24T15:01:26.917+0300] {dagbag.py:540} INFO - Filling up the DagBag from /media/data/omar/programming course/DEPI/DEPI project/anomx/venv/lib/python3.12/site-packages/airflow/example_dags/example_python_decorator.py
[2026-06-24T15:01:26.933+0300] {processor.py:840} INFO - DAG(s) 'example_python_decorator' retrieved from /media/data/omar/programming course/DEPI/DEPI project/anomx/venv/lib/python3.12/site-packages/airflow/example_dags/example_python_decorator.py
[2026-06-24T15:01:26.951+0300] {logging_mixin.py:188} INFO - [2026-06-24T15:01:26.951+0300] {dag.py:3096} INFO - Sync 1 DAGs
[2026-06-24T15:01:26.961+0300] {logging_mixin.py:188} INFO - [2026-06-24T15:01:26.961+0300] {dag.py:3954} INFO - Setting next_dagrun for example_python_decorator to None, run_after=None
[2026-06-24T15:01:26.989+0300] {processor.py:183} INFO - Processing /media/data/omar/programming course/DEPI/DEPI project/anomx/venv/lib/python3.12/site-packages/airflow/example_dags/example_python_decorator.py took 0.081 seconds
[2026-06-24T15:02:18.709+0300] {processor.py:161} INFO - Started process (PID=109210) to work on /media/data/omar/programming course/DEPI/DEPI project/anomx/venv/lib/python3.12/site-packages/airflow/example_dags/example_python_decorator.py
[2026-06-24T15:02:18.710+0300] {processor.py:830} INFO - Processing file /media/data/omar/programming course/DEPI/DEPI project/anomx/venv/lib/python3.12/site-packages/airflow/example_dags/example_python_decorator.py for tasks to queue
[2026-06-24T15:02:18.711+0300] {logging_mixin.py:188} INFO - [2026-06-24T15:02:18.711+0300] {dagbag.py:540} INFO - Filling up the DagBag from /media/data/omar/programming course/DEPI/DEPI project/anomx/venv/lib/python3.12/site-packages/airflow/example_dags/example_python_decorator.py
[2026-06-24T15:02:18.726+0300] {processor.py:840} INFO - DAG(s) 'example_python_decorator' retrieved from /media/data/omar/programming course/DEPI/DEPI project/anomx/venv/lib/python3.12/site-packages/airflow/example_dags/example_python_decorator.py
[2026-06-24T15:02:18.744+0300] {logging_mixin.py:188} INFO - [2026-06-24T15:02:18.744+0300] {dag.py:3096} INFO - Sync 1 DAGs
[2026-06-24T15:02:18.753+0300] {logging_mixin.py:188} INFO - [2026-06-24T15:02:18.753+0300] {dag.py:3954} INFO - Setting next_dagrun for example_python_decorator to None, run_after=None
[2026-06-24T15:02:18.783+0300] {processor.py:183} INFO - Processing /media/data/omar/programming course/DEPI/DEPI project/anomx/venv/lib/python3.12/site-packages/airflow/example_dags/example_python_decorator.py took 0.081 seconds
[2026-06-24T15:03:11.091+0300] {processor.py:161} INFO - Started process (PID=109529) to work on /media/data/omar/programming course/DEPI/DEPI project/anomx/venv/lib/python3.12/site-packages/airflow/example_dags/example_python_decorator.py
[2026-06-24T15:03:11.092+0300] {processor.py:830} INFO - Processing file /media/data/omar/programming course/DEPI/DEPI project/anomx/venv/lib/python3.12/site-packages/airflow/example_dags/example_python_decorator.py for tasks to queue
[2026-06-24T15:03:11.094+0300] {logging_mixin.py:188} INFO - [2026-06-24T15:03:11.093+0300] {dagbag.py:540} INFO - Filling up the DagBag from /media/data/omar/programming course/DEPI/DEPI project/anomx/venv/lib/python3.12/site-packages/airflow/example_dags/example_python_decorator.py
[2026-06-24T15:03:11.107+0300] {processor.py:840} INFO - DAG(s) 'example_python_decorator' retrieved from /media/data/omar/programming course/DEPI/DEPI project/anomx/venv/lib/python3.12/site-packages/airflow/example_dags/example_python_decorator.py
[2026-06-24T15:03:11.123+0300] {logging_mixin.py:188} INFO - [2026-06-24T15:03:11.123+0300] {dag.py:3096} INFO - Sync 1 DAGs
[2026-06-24T15:03:11.132+0300] {logging_mixin.py:188} INFO - [2026-06-24T15:03:11.132+0300] {dag.py:3954} INFO - Setting next_dagrun for example_python_decorator to None, run_after=None
[2026-06-24T15:03:11.164+0300] {processor.py:183} INFO - Processing /media/data/omar/programming course/DEPI/DEPI project/anomx/venv/lib/python3.12/site-packages/airflow/example_dags/example_python_decorator.py took 0.078 seconds
[2026-06-24T15:04:00.776+0300] {processor.py:161} INFO - Started process (PID=110106) to work on /media/data/omar/programming course/DEPI/DEPI project/anomx/venv/lib/python3.12/site-packages/airflow/example_dags/example_python_decorator.py
[2026-06-24T15:04:00.777+0300] {processor.py:830} INFO - Processing file /media/data/omar/programming course/DEPI/DEPI project/anomx/venv/lib/python3.12/site-packages/airflow/example_dags/example_python_decorator.py for tasks to queue
[2026-06-24T15:04:00.779+0300] {logging_mixin.py:188} INFO - [2026-06-24T15:04:00.778+0300] {dagbag.py:540} INFO - Filling up the DagBag from /media/data/omar/programming course/DEPI/DEPI project/anomx/venv/lib/python3.12/site-packages/airflow/example_dags/example_python_decorator.py
[2026-06-24T15:04:00.797+0300] {processor.py:840} INFO - DAG(s) 'example_python_decorator' retrieved from /media/data/omar/programming course/DEPI/DEPI project/anomx/venv/lib/python3.12/site-packages/airflow/example_dags/example_python_decorator.py
[2026-06-24T15:04:00.821+0300] {logging_mixin.py:188} INFO - [2026-06-24T15:04:00.820+0300] {dag.py:3096} INFO - Sync 1 DAGs
[2026-06-24T15:04:00.835+0300] {logging_mixin.py:188} INFO - [2026-06-24T15:04:00.834+0300] {dag.py:3954} INFO - Setting next_dagrun for example_python_decorator to None, run_after=None
[2026-06-24T15:04:00.864+0300] {processor.py:183} INFO - Processing /media/data/omar/programming course/DEPI/DEPI project/anomx/venv/lib/python3.12/site-packages/airflow/example_dags/example_python_decorator.py took 0.095 seconds
[2026-06-24T15:04:50.290+0300] {processor.py:161} INFO - Started process (PID=110529) to work on /media/data/omar/programming course/DEPI/DEPI project/anomx/venv/lib/python3.12/site-packages/airflow/example_dags/example_python_decorator.py
[2026-06-24T15:04:50.291+0300] {processor.py:830} INFO - Processing file /media/data/omar/programming course/DEPI/DEPI project/anomx/venv/lib/python3.12/site-packages/airflow/example_dags/example_python_decorator.py for tasks to queue
[2026-06-24T15:04:50.292+0300] {logging_mixin.py:188} INFO - [2026-06-24T15:04:50.291+0300] {dagbag.py:540} INFO - Filling up the DagBag from /media/data/omar/programming course/DEPI/DEPI project/anomx/venv/lib/python3.12/site-packages/airflow/example_dags/example_python_decorator.py
[2026-06-24T15:04:50.306+0300] {processor.py:840} INFO - DAG(s) 'example_python_decorator' retrieved from /media/data/omar/programming course/DEPI/DEPI project/anomx/venv/lib/python3.12/site-packages/airflow/example_dags/example_python_decorator.py
[2026-06-24T15:04:50.326+0300] {logging_mixin.py:188} INFO - [2026-06-24T15:04:50.326+0300] {dag.py:3096} INFO - Sync 1 DAGs
[2026-06-24T15:04:50.336+0300] {logging_mixin.py:188} INFO - [2026-06-24T15:04:50.336+0300] {dag.py:3954} INFO - Setting next_dagrun for example_python_decorator to None, run_after=None
[2026-06-24T15:04:50.372+0300] {processor.py:183} INFO - Processing /media/data/omar/programming course/DEPI/DEPI project/anomx/venv/lib/python3.12/site-packages/airflow/example_dags/example_python_decorator.py took 0.089 seconds
[2026-06-24T15:05:43.749+0300] {processor.py:161} INFO - Started process (PID=111124) to work on /media/data/omar/programming course/DEPI/DEPI project/anomx/venv/lib/python3.12/site-packages/airflow/example_dags/example_python_decorator.py
[2026-06-24T15:05:43.750+0300] {processor.py:830} INFO - Processing file /media/data/omar/programming course/DEPI/DEPI project/anomx/venv/lib/python3.12/site-packages/airflow/example_dags/example_python_decorator.py for tasks to queue
[2026-06-24T15:05:43.751+0300] {logging_mixin.py:188} INFO - [2026-06-24T15:05:43.750+0300] {dagbag.py:540} INFO - Filling up the DagBag from /media/data/omar/programming course/DEPI/DEPI project/anomx/venv/lib/python3.12/site-packages/airflow/example_dags/example_python_decorator.py
[2026-06-24T15:05:43.766+0300] {processor.py:840} INFO - DAG(s) 'example_python_decorator' retrieved from /media/data/omar/programming course/DEPI/DEPI project/anomx/venv/lib/python3.12/site-packages/airflow/example_dags/example_python_decorator.py
[2026-06-24T15:05:43.785+0300] {logging_mixin.py:188} INFO - [2026-06-24T15:05:43.784+0300] {dag.py:3096} INFO - Sync 1 DAGs
[2026-06-24T15:05:43.795+0300] {logging_mixin.py:188} INFO - [2026-06-24T15:05:43.794+0300] {dag.py:3954} INFO - Setting next_dagrun for example_python_decorator to None, run_after=None
[2026-06-24T15:05:43.830+0300] {processor.py:183} INFO - Processing /media/data/omar/programming course/DEPI/DEPI project/anomx/venv/lib/python3.12/site-packages/airflow/example_dags/example_python_decorator.py took 0.088 seconds
