[2026-06-24T11:52:53.175+0300] {processor.py:161} INFO - Started process (PID=10826) to work on /media/data/omar/programming course/DEPI/DEPI project/anomx/venv/lib/python3.12/site-packages/airflow/example_dags/example_sensors.py
[2026-06-24T11:52:53.176+0300] {processor.py:830} INFO - Processing file /media/data/omar/programming course/DEPI/DEPI project/anomx/venv/lib/python3.12/site-packages/airflow/example_dags/example_sensors.py for tasks to queue
[2026-06-24T11:52:53.178+0300] {logging_mixin.py:188} INFO - [2026-06-24T11:52:53.177+0300] {dagbag.py:540} INFO - Filling up the DagBag from /media/data/omar/programming course/DEPI/DEPI project/anomx/venv/lib/python3.12/site-packages/airflow/example_dags/example_sensors.py
[2026-06-24T11:52:53.192+0300] {processor.py:840} INFO - DAG(s) 'example_sensors' retrieved from /media/data/omar/programming course/DEPI/DEPI project/anomx/venv/lib/python3.12/site-packages/airflow/example_dags/example_sensors.py
[2026-06-24T11:52:53.221+0300] {logging_mixin.py:188} INFO - [2026-06-24T11:52:53.220+0300] {dag.py:3096} INFO - Sync 1 DAGs
[2026-06-24T11:52:53.232+0300] {logging_mixin.py:188} INFO - [2026-06-24T11:52:53.231+0300] {dag.py:3118} INFO - Creating ORM DAG for example_sensors
[2026-06-24T11:52:53.233+0300] {logging_mixin.py:188} INFO - [2026-06-24T11:52:53.232+0300] {dag.py:3954} INFO - Setting next_dagrun for example_sensors to None, run_after=None
[2026-06-24T11:52:53.268+0300] {processor.py:183} INFO - Processing /media/data/omar/programming course/DEPI/DEPI project/anomx/venv/lib/python3.12/site-packages/airflow/example_dags/example_sensors.py took 0.100 seconds
[2026-06-24T11:54:28.259+0300] {processor.py:161} INFO - Started process (PID=12063) to work on /media/data/omar/programming course/DEPI/DEPI project/anomx/venv/lib/python3.12/site-packages/airflow/example_dags/example_sensors.py
[2026-06-24T11:54:28.260+0300] {processor.py:830} INFO - Processing file /media/data/omar/programming course/DEPI/DEPI project/anomx/venv/lib/python3.12/site-packages/airflow/example_dags/example_sensors.py for tasks to queue
[2026-06-24T11:54:28.262+0300] {logging_mixin.py:188} INFO - [2026-06-24T11:54:28.262+0300] {dagbag.py:540} INFO - Filling up the DagBag from /media/data/omar/programming course/DEPI/DEPI project/anomx/venv/lib/python3.12/site-packages/airflow/example_dags/example_sensors.py
[2026-06-24T11:54:28.271+0300] {processor.py:840} INFO - DAG(s) 'example_sensors' retrieved from /media/data/omar/programming course/DEPI/DEPI project/anomx/venv/lib/python3.12/site-packages/airflow/example_dags/example_sensors.py
[2026-06-24T11:54:28.293+0300] {logging_mixin.py:188} INFO - [2026-06-24T11:54:28.293+0300] {dag.py:3096} INFO - Sync 1 DAGs
[2026-06-24T11:54:28.303+0300] {logging_mixin.py:188} INFO - [2026-06-24T11:54:28.303+0300] {dag.py:3954} INFO - Setting next_dagrun for example_sensors to None, run_after=None
[2026-06-24T11:54:28.336+0300] {processor.py:183} INFO - Processing /media/data/omar/programming course/DEPI/DEPI project/anomx/venv/lib/python3.12/site-packages/airflow/example_dags/example_sensors.py took 0.082 seconds
[2026-06-24T11:55:36.630+0300] {processor.py:161} INFO - Started process (PID=12569) to work on /media/data/omar/programming course/DEPI/DEPI project/anomx/venv/lib/python3.12/site-packages/airflow/example_dags/example_sensors.py
[2026-06-24T11:55:36.633+0300] {processor.py:830} INFO - Processing file /media/data/omar/programming course/DEPI/DEPI project/anomx/venv/lib/python3.12/site-packages/airflow/example_dags/example_sensors.py for tasks to queue
[2026-06-24T11:55:36.646+0300] {logging_mixin.py:188} INFO - [2026-06-24T11:55:36.643+0300] {dagbag.py:540} INFO - Filling up the DagBag from /media/data/omar/programming course/DEPI/DEPI project/anomx/venv/lib/python3.12/site-packages/airflow/example_dags/example_sensors.py
[2026-06-24T11:55:36.670+0300] {processor.py:840} INFO - DAG(s) 'example_sensors' retrieved from /media/data/omar/programming course/DEPI/DEPI project/anomx/venv/lib/python3.12/site-packages/airflow/example_dags/example_sensors.py
[2026-06-24T11:55:36.731+0300] {logging_mixin.py:188} INFO - [2026-06-24T11:55:36.728+0300] {dag.py:3096} INFO - Sync 1 DAGs
[2026-06-24T11:55:36.754+0300] {logging_mixin.py:188} INFO - [2026-06-24T11:55:36.752+0300] {dag.py:3954} INFO - Setting next_dagrun for example_sensors to None, run_after=None
[2026-06-24T11:55:36.839+0300] {processor.py:183} INFO - Processing /media/data/omar/programming course/DEPI/DEPI project/anomx/venv/lib/python3.12/site-packages/airflow/example_dags/example_sensors.py took 0.227 seconds
[2026-06-24T11:56:32.280+0300] {processor.py:161} INFO - Started process (PID=13181) to work on /media/data/omar/programming course/DEPI/DEPI project/anomx/venv/lib/python3.12/site-packages/airflow/example_dags/example_sensors.py
[2026-06-24T11:56:32.280+0300] {processor.py:830} INFO - Processing file /media/data/omar/programming course/DEPI/DEPI project/anomx/venv/lib/python3.12/site-packages/airflow/example_dags/example_sensors.py for tasks to queue
[2026-06-24T11:56:32.282+0300] {logging_mixin.py:188} INFO - [2026-06-24T11:56:32.281+0300] {dagbag.py:540} INFO - Filling up the DagBag from /media/data/omar/programming course/DEPI/DEPI project/anomx/venv/lib/python3.12/site-packages/airflow/example_dags/example_sensors.py
[2026-06-24T11:56:32.290+0300] {processor.py:840} INFO - DAG(s) 'example_sensors' retrieved from /media/data/omar/programming course/DEPI/DEPI project/anomx/venv/lib/python3.12/site-packages/airflow/example_dags/example_sensors.py
[2026-06-24T11:56:32.309+0300] {logging_mixin.py:188} INFO - [2026-06-24T11:56:32.309+0300] {dag.py:3096} INFO - Sync 1 DAGs
[2026-06-24T11:56:32.318+0300] {logging_mixin.py:188} INFO - [2026-06-24T11:56:32.318+0300] {dag.py:3954} INFO - Setting next_dagrun for example_sensors to None, run_after=None
[2026-06-24T11:56:32.346+0300] {processor.py:183} INFO - Processing /media/data/omar/programming course/DEPI/DEPI project/anomx/venv/lib/python3.12/site-packages/airflow/example_dags/example_sensors.py took 0.072 seconds
[2026-06-24T11:57:35.201+0300] {processor.py:161} INFO - Started process (PID=13570) to work on /media/data/omar/programming course/DEPI/DEPI project/anomx/venv/lib/python3.12/site-packages/airflow/example_dags/example_sensors.py
[2026-06-24T11:57:35.204+0300] {processor.py:830} INFO - Processing file /media/data/omar/programming course/DEPI/DEPI project/anomx/venv/lib/python3.12/site-packages/airflow/example_dags/example_sensors.py for tasks to queue
[2026-06-24T11:57:35.206+0300] {logging_mixin.py:188} INFO - [2026-06-24T11:57:35.206+0300] {dagbag.py:540} INFO - Filling up the DagBag from /media/data/omar/programming course/DEPI/DEPI project/anomx/venv/lib/python3.12/site-packages/airflow/example_dags/example_sensors.py
[2026-06-24T11:57:35.219+0300] {processor.py:840} INFO - DAG(s) 'example_sensors' retrieved from /media/data/omar/programming course/DEPI/DEPI project/anomx/venv/lib/python3.12/site-packages/airflow/example_dags/example_sensors.py
[2026-06-24T11:57:35.249+0300] {logging_mixin.py:188} INFO - [2026-06-24T11:57:35.248+0300] {dag.py:3096} INFO - Sync 1 DAGs
[2026-06-24T11:57:35.261+0300] {logging_mixin.py:188} INFO - [2026-06-24T11:57:35.261+0300] {dag.py:3954} INFO - Setting next_dagrun for example_sensors to None, run_after=None
[2026-06-24T11:57:35.301+0300] {processor.py:183} INFO - Processing /media/data/omar/programming course/DEPI/DEPI project/anomx/venv/lib/python3.12/site-packages/airflow/example_dags/example_sensors.py took 0.112 seconds
[2026-06-24T12:36:38.123+0300] {processor.py:161} INFO - Started process (PID=28610) to work on /media/data/omar/programming course/DEPI/DEPI project/anomx/venv/lib/python3.12/site-packages/airflow/example_dags/example_sensors.py
[2026-06-24T12:36:38.124+0300] {processor.py:830} INFO - Processing file /media/data/omar/programming course/DEPI/DEPI project/anomx/venv/lib/python3.12/site-packages/airflow/example_dags/example_sensors.py for tasks to queue
[2026-06-24T12:36:38.125+0300] {logging_mixin.py:188} INFO - [2026-06-24T12:36:38.125+0300] {dagbag.py:540} INFO - Filling up the DagBag from /media/data/omar/programming course/DEPI/DEPI project/anomx/venv/lib/python3.12/site-packages/airflow/example_dags/example_sensors.py
[2026-06-24T12:36:38.134+0300] {processor.py:840} INFO - DAG(s) 'example_sensors' retrieved from /media/data/omar/programming course/DEPI/DEPI project/anomx/venv/lib/python3.12/site-packages/airflow/example_dags/example_sensors.py
[2026-06-24T12:36:38.159+0300] {logging_mixin.py:188} INFO - [2026-06-24T12:36:38.159+0300] {dag.py:3096} INFO - Sync 1 DAGs
[2026-06-24T12:36:38.168+0300] {logging_mixin.py:188} INFO - [2026-06-24T12:36:38.168+0300] {dag.py:3954} INFO - Setting next_dagrun for example_sensors to None, run_after=None
[2026-06-24T12:36:38.195+0300] {processor.py:183} INFO - Processing /media/data/omar/programming course/DEPI/DEPI project/anomx/venv/lib/python3.12/site-packages/airflow/example_dags/example_sensors.py took 0.077 seconds
[2026-06-24T12:37:30.732+0300] {processor.py:161} INFO - Started process (PID=29224) to work on /media/data/omar/programming course/DEPI/DEPI project/anomx/venv/lib/python3.12/site-packages/airflow/example_dags/example_sensors.py
[2026-06-24T12:37:30.733+0300] {processor.py:830} INFO - Processing file /media/data/omar/programming course/DEPI/DEPI project/anomx/venv/lib/python3.12/site-packages/airflow/example_dags/example_sensors.py for tasks to queue
[2026-06-24T12:37:30.734+0300] {logging_mixin.py:188} INFO - [2026-06-24T12:37:30.734+0300] {dagbag.py:540} INFO - Filling up the DagBag from /media/data/omar/programming course/DEPI/DEPI project/anomx/venv/lib/python3.12/site-packages/airflow/example_dags/example_sensors.py
[2026-06-24T12:37:30.742+0300] {processor.py:840} INFO - DAG(s) 'example_sensors' retrieved from /media/data/omar/programming course/DEPI/DEPI project/anomx/venv/lib/python3.12/site-packages/airflow/example_dags/example_sensors.py
[2026-06-24T12:37:30.761+0300] {logging_mixin.py:188} INFO - [2026-06-24T12:37:30.761+0300] {dag.py:3096} INFO - Sync 1 DAGs
[2026-06-24T12:37:30.770+0300] {logging_mixin.py:188} INFO - [2026-06-24T12:37:30.770+0300] {dag.py:3954} INFO - Setting next_dagrun for example_sensors to None, run_after=None
[2026-06-24T12:37:30.799+0300] {processor.py:183} INFO - Processing /media/data/omar/programming course/DEPI/DEPI project/anomx/venv/lib/python3.12/site-packages/airflow/example_dags/example_sensors.py took 0.071 seconds
[2026-06-24T12:38:23.737+0300] {processor.py:161} INFO - Started process (PID=29661) to work on /media/data/omar/programming course/DEPI/DEPI project/anomx/venv/lib/python3.12/site-packages/airflow/example_dags/example_sensors.py
[2026-06-24T12:38:23.737+0300] {processor.py:830} INFO - Processing file /media/data/omar/programming course/DEPI/DEPI project/anomx/venv/lib/python3.12/site-packages/airflow/example_dags/example_sensors.py for tasks to queue
[2026-06-24T12:38:23.738+0300] {logging_mixin.py:188} INFO - [2026-06-24T12:38:23.738+0300] {dagbag.py:540} INFO - Filling up the DagBag from /media/data/omar/programming course/DEPI/DEPI project/anomx/venv/lib/python3.12/site-packages/airflow/example_dags/example_sensors.py
[2026-06-24T12:38:23.746+0300] {processor.py:840} INFO - DAG(s) 'example_sensors' retrieved from /media/data/omar/programming course/DEPI/DEPI project/anomx/venv/lib/python3.12/site-packages/airflow/example_dags/example_sensors.py
[2026-06-24T12:38:23.765+0300] {logging_mixin.py:188} INFO - [2026-06-24T12:38:23.764+0300] {dag.py:3096} INFO - Sync 1 DAGs
[2026-06-24T12:38:23.773+0300] {logging_mixin.py:188} INFO - [2026-06-24T12:38:23.773+0300] {dag.py:3954} INFO - Setting next_dagrun for example_sensors to None, run_after=None
[2026-06-24T12:38:23.805+0300] {processor.py:183} INFO - Processing /media/data/omar/programming course/DEPI/DEPI project/anomx/venv/lib/python3.12/site-packages/airflow/example_dags/example_sensors.py took 0.073 seconds
[2026-06-24T12:39:10.515+0300] {processor.py:161} INFO - Started process (PID=30261) to work on /media/data/omar/programming course/DEPI/DEPI project/anomx/venv/lib/python3.12/site-packages/airflow/example_dags/example_sensors.py
[2026-06-24T12:39:10.516+0300] {processor.py:830} INFO - Processing file /media/data/omar/programming course/DEPI/DEPI project/anomx/venv/lib/python3.12/site-packages/airflow/example_dags/example_sensors.py for tasks to queue
[2026-06-24T12:39:10.517+0300] {logging_mixin.py:188} INFO - [2026-06-24T12:39:10.516+0300] {dagbag.py:540} INFO - Filling up the DagBag from /media/data/omar/programming course/DEPI/DEPI project/anomx/venv/lib/python3.12/site-packages/airflow/example_dags/example_sensors.py
[2026-06-24T12:39:10.525+0300] {processor.py:840} INFO - DAG(s) 'example_sensors' retrieved from /media/data/omar/programming course/DEPI/DEPI project/anomx/venv/lib/python3.12/site-packages/airflow/example_dags/example_sensors.py
[2026-06-24T12:39:10.543+0300] {logging_mixin.py:188} INFO - [2026-06-24T12:39:10.543+0300] {dag.py:3096} INFO - Sync 1 DAGs
[2026-06-24T12:39:10.552+0300] {logging_mixin.py:188} INFO - [2026-06-24T12:39:10.552+0300] {dag.py:3954} INFO - Setting next_dagrun for example_sensors to None, run_after=None
[2026-06-24T12:39:10.578+0300] {processor.py:183} INFO - Processing /media/data/omar/programming course/DEPI/DEPI project/anomx/venv/lib/python3.12/site-packages/airflow/example_dags/example_sensors.py took 0.068 seconds
[2026-06-24T12:39:57.785+0300] {processor.py:161} INFO - Started process (PID=30561) to work on /media/data/omar/programming course/DEPI/DEPI project/anomx/venv/lib/python3.12/site-packages/airflow/example_dags/example_sensors.py
[2026-06-24T12:39:57.785+0300] {processor.py:830} INFO - Processing file /media/data/omar/programming course/DEPI/DEPI project/anomx/venv/lib/python3.12/site-packages/airflow/example_dags/example_sensors.py for tasks to queue
[2026-06-24T12:39:57.786+0300] {logging_mixin.py:188} INFO - [2026-06-24T12:39:57.786+0300] {dagbag.py:540} INFO - Filling up the DagBag from /media/data/omar/programming course/DEPI/DEPI project/anomx/venv/lib/python3.12/site-packages/airflow/example_dags/example_sensors.py
[2026-06-24T12:39:57.794+0300] {processor.py:840} INFO - DAG(s) 'example_sensors' retrieved from /media/data/omar/programming course/DEPI/DEPI project/anomx/venv/lib/python3.12/site-packages/airflow/example_dags/example_sensors.py
[2026-06-24T12:39:57.812+0300] {logging_mixin.py:188} INFO - [2026-06-24T12:39:57.812+0300] {dag.py:3096} INFO - Sync 1 DAGs
[2026-06-24T12:39:57.820+0300] {logging_mixin.py:188} INFO - [2026-06-24T12:39:57.820+0300] {dag.py:3954} INFO - Setting next_dagrun for example_sensors to None, run_after=None
[2026-06-24T12:39:57.846+0300] {processor.py:183} INFO - Processing /media/data/omar/programming course/DEPI/DEPI project/anomx/venv/lib/python3.12/site-packages/airflow/example_dags/example_sensors.py took 0.066 seconds
[2026-06-24T12:40:44.071+0300] {processor.py:161} INFO - Started process (PID=31168) to work on /media/data/omar/programming course/DEPI/DEPI project/anomx/venv/lib/python3.12/site-packages/airflow/example_dags/example_sensors.py
[2026-06-24T12:40:44.072+0300] {processor.py:830} INFO - Processing file /media/data/omar/programming course/DEPI/DEPI project/anomx/venv/lib/python3.12/site-packages/airflow/example_dags/example_sensors.py for tasks to queue
[2026-06-24T12:40:44.074+0300] {logging_mixin.py:188} INFO - [2026-06-24T12:40:44.073+0300] {dagbag.py:540} INFO - Filling up the DagBag from /media/data/omar/programming course/DEPI/DEPI project/anomx/venv/lib/python3.12/site-packages/airflow/example_dags/example_sensors.py
[2026-06-24T12:40:44.086+0300] {processor.py:840} INFO - DAG(s) 'example_sensors' retrieved from /media/data/omar/programming course/DEPI/DEPI project/anomx/venv/lib/python3.12/site-packages/airflow/example_dags/example_sensors.py
[2026-06-24T12:40:44.107+0300] {logging_mixin.py:188} INFO - [2026-06-24T12:40:44.107+0300] {dag.py:3096} INFO - Sync 1 DAGs
[2026-06-24T12:40:44.116+0300] {logging_mixin.py:188} INFO - [2026-06-24T12:40:44.116+0300] {dag.py:3954} INFO - Setting next_dagrun for example_sensors to None, run_after=None
[2026-06-24T12:40:44.144+0300] {processor.py:183} INFO - Processing /media/data/omar/programming course/DEPI/DEPI project/anomx/venv/lib/python3.12/site-packages/airflow/example_dags/example_sensors.py took 0.080 seconds
[2026-06-24T12:41:58.668+0300] {processor.py:161} INFO - Started process (PID=31910) to work on /media/data/omar/programming course/DEPI/DEPI project/anomx/venv/lib/python3.12/site-packages/airflow/example_dags/example_sensors.py
[2026-06-24T12:41:58.669+0300] {processor.py:830} INFO - Processing file /media/data/omar/programming course/DEPI/DEPI project/anomx/venv/lib/python3.12/site-packages/airflow/example_dags/example_sensors.py for tasks to queue
[2026-06-24T12:41:58.670+0300] {logging_mixin.py:188} INFO - [2026-06-24T12:41:58.670+0300] {dagbag.py:540} INFO - Filling up the DagBag from /media/data/omar/programming course/DEPI/DEPI project/anomx/venv/lib/python3.12/site-packages/airflow/example_dags/example_sensors.py
[2026-06-24T12:41:58.681+0300] {processor.py:840} INFO - DAG(s) 'example_sensors' retrieved from /media/data/omar/programming course/DEPI/DEPI project/anomx/venv/lib/python3.12/site-packages/airflow/example_dags/example_sensors.py
[2026-06-24T12:41:58.704+0300] {logging_mixin.py:188} INFO - [2026-06-24T12:41:58.704+0300] {dag.py:3096} INFO - Sync 1 DAGs
[2026-06-24T12:41:58.716+0300] {logging_mixin.py:188} INFO - [2026-06-24T12:41:58.716+0300] {dag.py:3954} INFO - Setting next_dagrun for example_sensors to None, run_after=None
[2026-06-24T12:41:58.749+0300] {processor.py:183} INFO - Processing /media/data/omar/programming course/DEPI/DEPI project/anomx/venv/lib/python3.12/site-packages/airflow/example_dags/example_sensors.py took 0.086 seconds
[2026-06-24T12:42:52.764+0300] {processor.py:161} INFO - Started process (PID=32282) to work on /media/data/omar/programming course/DEPI/DEPI project/anomx/venv/lib/python3.12/site-packages/airflow/example_dags/example_sensors.py
[2026-06-24T12:42:52.765+0300] {processor.py:830} INFO - Processing file /media/data/omar/programming course/DEPI/DEPI project/anomx/venv/lib/python3.12/site-packages/airflow/example_dags/example_sensors.py for tasks to queue
[2026-06-24T12:42:52.766+0300] {logging_mixin.py:188} INFO - [2026-06-24T12:42:52.765+0300] {dagbag.py:540} INFO - Filling up the DagBag from /media/data/omar/programming course/DEPI/DEPI project/anomx/venv/lib/python3.12/site-packages/airflow/example_dags/example_sensors.py
[2026-06-24T12:42:52.778+0300] {processor.py:840} INFO - DAG(s) 'example_sensors' retrieved from /media/data/omar/programming course/DEPI/DEPI project/anomx/venv/lib/python3.12/site-packages/airflow/example_dags/example_sensors.py
[2026-06-24T12:42:52.802+0300] {logging_mixin.py:188} INFO - [2026-06-24T12:42:52.802+0300] {dag.py:3096} INFO - Sync 1 DAGs
[2026-06-24T12:42:52.813+0300] {logging_mixin.py:188} INFO - [2026-06-24T12:42:52.812+0300] {dag.py:3954} INFO - Setting next_dagrun for example_sensors to None, run_after=None
[2026-06-24T12:42:52.848+0300] {processor.py:183} INFO - Processing /media/data/omar/programming course/DEPI/DEPI project/anomx/venv/lib/python3.12/site-packages/airflow/example_dags/example_sensors.py took 0.091 seconds
[2026-06-24T12:43:45.047+0300] {processor.py:161} INFO - Started process (PID=32882) to work on /media/data/omar/programming course/DEPI/DEPI project/anomx/venv/lib/python3.12/site-packages/airflow/example_dags/example_sensors.py
[2026-06-24T12:43:45.047+0300] {processor.py:830} INFO - Processing file /media/data/omar/programming course/DEPI/DEPI project/anomx/venv/lib/python3.12/site-packages/airflow/example_dags/example_sensors.py for tasks to queue
[2026-06-24T12:43:45.049+0300] {logging_mixin.py:188} INFO - [2026-06-24T12:43:45.048+0300] {dagbag.py:540} INFO - Filling up the DagBag from /media/data/omar/programming course/DEPI/DEPI project/anomx/venv/lib/python3.12/site-packages/airflow/example_dags/example_sensors.py
[2026-06-24T12:43:45.058+0300] {processor.py:840} INFO - DAG(s) 'example_sensors' retrieved from /media/data/omar/programming course/DEPI/DEPI project/anomx/venv/lib/python3.12/site-packages/airflow/example_dags/example_sensors.py
[2026-06-24T12:43:45.078+0300] {logging_mixin.py:188} INFO - [2026-06-24T12:43:45.077+0300] {dag.py:3096} INFO - Sync 1 DAGs
[2026-06-24T12:43:45.087+0300] {logging_mixin.py:188} INFO - [2026-06-24T12:43:45.086+0300] {dag.py:3954} INFO - Setting next_dagrun for example_sensors to None, run_after=None
[2026-06-24T12:43:45.116+0300] {processor.py:183} INFO - Processing /media/data/omar/programming course/DEPI/DEPI project/anomx/venv/lib/python3.12/site-packages/airflow/example_dags/example_sensors.py took 0.076 seconds
[2026-06-24T12:44:33.994+0300] {processor.py:161} INFO - Started process (PID=33220) to work on /media/data/omar/programming course/DEPI/DEPI project/anomx/venv/lib/python3.12/site-packages/airflow/example_dags/example_sensors.py
[2026-06-24T12:44:33.994+0300] {processor.py:830} INFO - Processing file /media/data/omar/programming course/DEPI/DEPI project/anomx/venv/lib/python3.12/site-packages/airflow/example_dags/example_sensors.py for tasks to queue
[2026-06-24T12:44:33.995+0300] {logging_mixin.py:188} INFO - [2026-06-24T12:44:33.995+0300] {dagbag.py:540} INFO - Filling up the DagBag from /media/data/omar/programming course/DEPI/DEPI project/anomx/venv/lib/python3.12/site-packages/airflow/example_dags/example_sensors.py
[2026-06-24T12:44:34.003+0300] {processor.py:840} INFO - DAG(s) 'example_sensors' retrieved from /media/data/omar/programming course/DEPI/DEPI project/anomx/venv/lib/python3.12/site-packages/airflow/example_dags/example_sensors.py
[2026-06-24T12:44:34.022+0300] {logging_mixin.py:188} INFO - [2026-06-24T12:44:34.021+0300] {dag.py:3096} INFO - Sync 1 DAGs
[2026-06-24T12:44:34.030+0300] {logging_mixin.py:188} INFO - [2026-06-24T12:44:34.030+0300] {dag.py:3954} INFO - Setting next_dagrun for example_sensors to None, run_after=None
[2026-06-24T12:44:34.058+0300] {processor.py:183} INFO - Processing /media/data/omar/programming course/DEPI/DEPI project/anomx/venv/lib/python3.12/site-packages/airflow/example_dags/example_sensors.py took 0.069 seconds
[2026-06-24T12:45:22.313+0300] {processor.py:161} INFO - Started process (PID=33794) to work on /media/data/omar/programming course/DEPI/DEPI project/anomx/venv/lib/python3.12/site-packages/airflow/example_dags/example_sensors.py
[2026-06-24T12:45:22.314+0300] {processor.py:830} INFO - Processing file /media/data/omar/programming course/DEPI/DEPI project/anomx/venv/lib/python3.12/site-packages/airflow/example_dags/example_sensors.py for tasks to queue
[2026-06-24T12:45:22.315+0300] {logging_mixin.py:188} INFO - [2026-06-24T12:45:22.314+0300] {dagbag.py:540} INFO - Filling up the DagBag from /media/data/omar/programming course/DEPI/DEPI project/anomx/venv/lib/python3.12/site-packages/airflow/example_dags/example_sensors.py
[2026-06-24T12:45:22.323+0300] {processor.py:840} INFO - DAG(s) 'example_sensors' retrieved from /media/data/omar/programming course/DEPI/DEPI project/anomx/venv/lib/python3.12/site-packages/airflow/example_dags/example_sensors.py
[2026-06-24T12:45:22.343+0300] {logging_mixin.py:188} INFO - [2026-06-24T12:45:22.342+0300] {dag.py:3096} INFO - Sync 1 DAGs
[2026-06-24T12:45:22.352+0300] {logging_mixin.py:188} INFO - [2026-06-24T12:45:22.352+0300] {dag.py:3954} INFO - Setting next_dagrun for example_sensors to None, run_after=None
[2026-06-24T12:45:22.381+0300] {processor.py:183} INFO - Processing /media/data/omar/programming course/DEPI/DEPI project/anomx/venv/lib/python3.12/site-packages/airflow/example_dags/example_sensors.py took 0.073 seconds
[2026-06-24T12:46:11.246+0300] {processor.py:161} INFO - Started process (PID=34133) to work on /media/data/omar/programming course/DEPI/DEPI project/anomx/venv/lib/python3.12/site-packages/airflow/example_dags/example_sensors.py
[2026-06-24T12:46:11.247+0300] {processor.py:830} INFO - Processing file /media/data/omar/programming course/DEPI/DEPI project/anomx/venv/lib/python3.12/site-packages/airflow/example_dags/example_sensors.py for tasks to queue
[2026-06-24T12:46:11.248+0300] {logging_mixin.py:188} INFO - [2026-06-24T12:46:11.247+0300] {dagbag.py:540} INFO - Filling up the DagBag from /media/data/omar/programming course/DEPI/DEPI project/anomx/venv/lib/python3.12/site-packages/airflow/example_dags/example_sensors.py
[2026-06-24T12:46:11.256+0300] {processor.py:840} INFO - DAG(s) 'example_sensors' retrieved from /media/data/omar/programming course/DEPI/DEPI project/anomx/venv/lib/python3.12/site-packages/airflow/example_dags/example_sensors.py
[2026-06-24T12:46:11.275+0300] {logging_mixin.py:188} INFO - [2026-06-24T12:46:11.274+0300] {dag.py:3096} INFO - Sync 1 DAGs
[2026-06-24T12:46:11.283+0300] {logging_mixin.py:188} INFO - [2026-06-24T12:46:11.283+0300] {dag.py:3954} INFO - Setting next_dagrun for example_sensors to None, run_after=None
[2026-06-24T12:46:11.313+0300] {processor.py:183} INFO - Processing /media/data/omar/programming course/DEPI/DEPI project/anomx/venv/lib/python3.12/site-packages/airflow/example_dags/example_sensors.py took 0.072 seconds
[2026-06-24T12:47:02.068+0300] {processor.py:161} INFO - Started process (PID=34712) to work on /media/data/omar/programming course/DEPI/DEPI project/anomx/venv/lib/python3.12/site-packages/airflow/example_dags/example_sensors.py
[2026-06-24T12:47:02.069+0300] {processor.py:830} INFO - Processing file /media/data/omar/programming course/DEPI/DEPI project/anomx/venv/lib/python3.12/site-packages/airflow/example_dags/example_sensors.py for tasks to queue
[2026-06-24T12:47:02.070+0300] {logging_mixin.py:188} INFO - [2026-06-24T12:47:02.070+0300] {dagbag.py:540} INFO - Filling up the DagBag from /media/data/omar/programming course/DEPI/DEPI project/anomx/venv/lib/python3.12/site-packages/airflow/example_dags/example_sensors.py
[2026-06-24T12:47:02.080+0300] {processor.py:840} INFO - DAG(s) 'example_sensors' retrieved from /media/data/omar/programming course/DEPI/DEPI project/anomx/venv/lib/python3.12/site-packages/airflow/example_dags/example_sensors.py
[2026-06-24T12:47:02.102+0300] {logging_mixin.py:188} INFO - [2026-06-24T12:47:02.101+0300] {dag.py:3096} INFO - Sync 1 DAGs
[2026-06-24T12:47:02.112+0300] {logging_mixin.py:188} INFO - [2026-06-24T12:47:02.112+0300] {dag.py:3954} INFO - Setting next_dagrun for example_sensors to None, run_after=None
[2026-06-24T12:47:02.146+0300] {processor.py:183} INFO - Processing /media/data/omar/programming course/DEPI/DEPI project/anomx/venv/lib/python3.12/site-packages/airflow/example_dags/example_sensors.py took 0.083 seconds
[2026-06-24T12:47:56.767+0300] {processor.py:161} INFO - Started process (PID=35114) to work on /media/data/omar/programming course/DEPI/DEPI project/anomx/venv/lib/python3.12/site-packages/airflow/example_dags/example_sensors.py
[2026-06-24T12:47:56.769+0300] {processor.py:830} INFO - Processing file /media/data/omar/programming course/DEPI/DEPI project/anomx/venv/lib/python3.12/site-packages/airflow/example_dags/example_sensors.py for tasks to queue
[2026-06-24T12:47:56.770+0300] {logging_mixin.py:188} INFO - [2026-06-24T12:47:56.769+0300] {dagbag.py:540} INFO - Filling up the DagBag from /media/data/omar/programming course/DEPI/DEPI project/anomx/venv/lib/python3.12/site-packages/airflow/example_dags/example_sensors.py
[2026-06-24T12:47:56.779+0300] {processor.py:840} INFO - DAG(s) 'example_sensors' retrieved from /media/data/omar/programming course/DEPI/DEPI project/anomx/venv/lib/python3.12/site-packages/airflow/example_dags/example_sensors.py
[2026-06-24T12:47:56.800+0300] {logging_mixin.py:188} INFO - [2026-06-24T12:47:56.799+0300] {dag.py:3096} INFO - Sync 1 DAGs
[2026-06-24T12:47:56.810+0300] {logging_mixin.py:188} INFO - [2026-06-24T12:47:56.810+0300] {dag.py:3954} INFO - Setting next_dagrun for example_sensors to None, run_after=None
[2026-06-24T12:47:56.852+0300] {processor.py:183} INFO - Processing /media/data/omar/programming course/DEPI/DEPI project/anomx/venv/lib/python3.12/site-packages/airflow/example_dags/example_sensors.py took 0.090 seconds
[2026-06-24T12:48:50.591+0300] {processor.py:161} INFO - Started process (PID=35709) to work on /media/data/omar/programming course/DEPI/DEPI project/anomx/venv/lib/python3.12/site-packages/airflow/example_dags/example_sensors.py
[2026-06-24T12:48:50.592+0300] {processor.py:830} INFO - Processing file /media/data/omar/programming course/DEPI/DEPI project/anomx/venv/lib/python3.12/site-packages/airflow/example_dags/example_sensors.py for tasks to queue
[2026-06-24T12:48:50.594+0300] {logging_mixin.py:188} INFO - [2026-06-24T12:48:50.593+0300] {dagbag.py:540} INFO - Filling up the DagBag from /media/data/omar/programming course/DEPI/DEPI project/anomx/venv/lib/python3.12/site-packages/airflow/example_dags/example_sensors.py
[2026-06-24T12:48:50.603+0300] {processor.py:840} INFO - DAG(s) 'example_sensors' retrieved from /media/data/omar/programming course/DEPI/DEPI project/anomx/venv/lib/python3.12/site-packages/airflow/example_dags/example_sensors.py
[2026-06-24T12:48:50.623+0300] {logging_mixin.py:188} INFO - [2026-06-24T12:48:50.623+0300] {dag.py:3096} INFO - Sync 1 DAGs
[2026-06-24T12:48:50.635+0300] {logging_mixin.py:188} INFO - [2026-06-24T12:48:50.635+0300] {dag.py:3954} INFO - Setting next_dagrun for example_sensors to None, run_after=None
[2026-06-24T12:48:50.667+0300] {processor.py:183} INFO - Processing /media/data/omar/programming course/DEPI/DEPI project/anomx/venv/lib/python3.12/site-packages/airflow/example_dags/example_sensors.py took 0.081 seconds
[2026-06-24T12:49:43.066+0300] {processor.py:161} INFO - Started process (PID=36032) to work on /media/data/omar/programming course/DEPI/DEPI project/anomx/venv/lib/python3.12/site-packages/airflow/example_dags/example_sensors.py
[2026-06-24T12:49:43.068+0300] {processor.py:830} INFO - Processing file /media/data/omar/programming course/DEPI/DEPI project/anomx/venv/lib/python3.12/site-packages/airflow/example_dags/example_sensors.py for tasks to queue
[2026-06-24T12:49:43.071+0300] {logging_mixin.py:188} INFO - [2026-06-24T12:49:43.070+0300] {dagbag.py:540} INFO - Filling up the DagBag from /media/data/omar/programming course/DEPI/DEPI project/anomx/venv/lib/python3.12/site-packages/airflow/example_dags/example_sensors.py
[2026-06-24T12:49:43.091+0300] {processor.py:840} INFO - DAG(s) 'example_sensors' retrieved from /media/data/omar/programming course/DEPI/DEPI project/anomx/venv/lib/python3.12/site-packages/airflow/example_dags/example_sensors.py
[2026-06-24T12:49:43.115+0300] {logging_mixin.py:188} INFO - [2026-06-24T12:49:43.115+0300] {dag.py:3096} INFO - Sync 1 DAGs
[2026-06-24T12:49:43.125+0300] {logging_mixin.py:188} INFO - [2026-06-24T12:49:43.125+0300] {dag.py:3954} INFO - Setting next_dagrun for example_sensors to None, run_after=None
[2026-06-24T12:49:43.165+0300] {processor.py:183} INFO - Processing /media/data/omar/programming course/DEPI/DEPI project/anomx/venv/lib/python3.12/site-packages/airflow/example_dags/example_sensors.py took 0.113 seconds
[2026-06-24T12:50:37.741+0300] {processor.py:161} INFO - Started process (PID=36689) to work on /media/data/omar/programming course/DEPI/DEPI project/anomx/venv/lib/python3.12/site-packages/airflow/example_dags/example_sensors.py
[2026-06-24T12:50:37.742+0300] {processor.py:830} INFO - Processing file /media/data/omar/programming course/DEPI/DEPI project/anomx/venv/lib/python3.12/site-packages/airflow/example_dags/example_sensors.py for tasks to queue
[2026-06-24T12:50:37.744+0300] {logging_mixin.py:188} INFO - [2026-06-24T12:50:37.743+0300] {dagbag.py:540} INFO - Filling up the DagBag from /media/data/omar/programming course/DEPI/DEPI project/anomx/venv/lib/python3.12/site-packages/airflow/example_dags/example_sensors.py
[2026-06-24T12:50:37.756+0300] {processor.py:840} INFO - DAG(s) 'example_sensors' retrieved from /media/data/omar/programming course/DEPI/DEPI project/anomx/venv/lib/python3.12/site-packages/airflow/example_dags/example_sensors.py
[2026-06-24T12:50:37.779+0300] {logging_mixin.py:188} INFO - [2026-06-24T12:50:37.778+0300] {dag.py:3096} INFO - Sync 1 DAGs
[2026-06-24T12:50:37.789+0300] {logging_mixin.py:188} INFO - [2026-06-24T12:50:37.788+0300] {dag.py:3954} INFO - Setting next_dagrun for example_sensors to None, run_after=None
[2026-06-24T12:50:37.821+0300] {processor.py:183} INFO - Processing /media/data/omar/programming course/DEPI/DEPI project/anomx/venv/lib/python3.12/site-packages/airflow/example_dags/example_sensors.py took 0.087 seconds
[2026-06-24T12:51:30.955+0300] {processor.py:161} INFO - Started process (PID=37071) to work on /media/data/omar/programming course/DEPI/DEPI project/anomx/venv/lib/python3.12/site-packages/airflow/example_dags/example_sensors.py
[2026-06-24T12:51:30.956+0300] {processor.py:830} INFO - Processing file /media/data/omar/programming course/DEPI/DEPI project/anomx/venv/lib/python3.12/site-packages/airflow/example_dags/example_sensors.py for tasks to queue
[2026-06-24T12:51:30.957+0300] {logging_mixin.py:188} INFO - [2026-06-24T12:51:30.956+0300] {dagbag.py:540} INFO - Filling up the DagBag from /media/data/omar/programming course/DEPI/DEPI project/anomx/venv/lib/python3.12/site-packages/airflow/example_dags/example_sensors.py
[2026-06-24T12:51:30.966+0300] {processor.py:840} INFO - DAG(s) 'example_sensors' retrieved from /media/data/omar/programming course/DEPI/DEPI project/anomx/venv/lib/python3.12/site-packages/airflow/example_dags/example_sensors.py
[2026-06-24T12:51:30.988+0300] {logging_mixin.py:188} INFO - [2026-06-24T12:51:30.988+0300] {dag.py:3096} INFO - Sync 1 DAGs
[2026-06-24T12:51:30.998+0300] {logging_mixin.py:188} INFO - [2026-06-24T12:51:30.998+0300] {dag.py:3954} INFO - Setting next_dagrun for example_sensors to None, run_after=None
[2026-06-24T12:51:31.028+0300] {processor.py:183} INFO - Processing /media/data/omar/programming course/DEPI/DEPI project/anomx/venv/lib/python3.12/site-packages/airflow/example_dags/example_sensors.py took 0.079 seconds
[2026-06-24T12:52:22.997+0300] {processor.py:161} INFO - Started process (PID=37616) to work on /media/data/omar/programming course/DEPI/DEPI project/anomx/venv/lib/python3.12/site-packages/airflow/example_dags/example_sensors.py
[2026-06-24T12:52:22.998+0300] {processor.py:830} INFO - Processing file /media/data/omar/programming course/DEPI/DEPI project/anomx/venv/lib/python3.12/site-packages/airflow/example_dags/example_sensors.py for tasks to queue
[2026-06-24T12:52:22.999+0300] {logging_mixin.py:188} INFO - [2026-06-24T12:52:22.999+0300] {dagbag.py:540} INFO - Filling up the DagBag from /media/data/omar/programming course/DEPI/DEPI project/anomx/venv/lib/python3.12/site-packages/airflow/example_dags/example_sensors.py
[2026-06-24T12:52:23.010+0300] {processor.py:840} INFO - DAG(s) 'example_sensors' retrieved from /media/data/omar/programming course/DEPI/DEPI project/anomx/venv/lib/python3.12/site-packages/airflow/example_dags/example_sensors.py
[2026-06-24T12:52:23.036+0300] {logging_mixin.py:188} INFO - [2026-06-24T12:52:23.035+0300] {dag.py:3096} INFO - Sync 1 DAGs
[2026-06-24T12:52:23.048+0300] {logging_mixin.py:188} INFO - [2026-06-24T12:52:23.047+0300] {dag.py:3954} INFO - Setting next_dagrun for example_sensors to None, run_after=None
[2026-06-24T12:52:23.097+0300] {processor.py:183} INFO - Processing /media/data/omar/programming course/DEPI/DEPI project/anomx/venv/lib/python3.12/site-packages/airflow/example_dags/example_sensors.py took 0.107 seconds
[2026-06-24T12:53:13.080+0300] {processor.py:161} INFO - Started process (PID=37997) to work on /media/data/omar/programming course/DEPI/DEPI project/anomx/venv/lib/python3.12/site-packages/airflow/example_dags/example_sensors.py
[2026-06-24T12:53:13.082+0300] {processor.py:830} INFO - Processing file /media/data/omar/programming course/DEPI/DEPI project/anomx/venv/lib/python3.12/site-packages/airflow/example_dags/example_sensors.py for tasks to queue
[2026-06-24T12:53:13.083+0300] {logging_mixin.py:188} INFO - [2026-06-24T12:53:13.082+0300] {dagbag.py:540} INFO - Filling up the DagBag from /media/data/omar/programming course/DEPI/DEPI project/anomx/venv/lib/python3.12/site-packages/airflow/example_dags/example_sensors.py
[2026-06-24T12:53:13.093+0300] {processor.py:840} INFO - DAG(s) 'example_sensors' retrieved from /media/data/omar/programming course/DEPI/DEPI project/anomx/venv/lib/python3.12/site-packages/airflow/example_dags/example_sensors.py
[2026-06-24T12:53:13.118+0300] {logging_mixin.py:188} INFO - [2026-06-24T12:53:13.118+0300] {dag.py:3096} INFO - Sync 1 DAGs
[2026-06-24T12:53:13.132+0300] {logging_mixin.py:188} INFO - [2026-06-24T12:53:13.131+0300] {dag.py:3954} INFO - Setting next_dagrun for example_sensors to None, run_after=None
[2026-06-24T12:53:13.175+0300] {processor.py:183} INFO - Processing /media/data/omar/programming course/DEPI/DEPI project/anomx/venv/lib/python3.12/site-packages/airflow/example_dags/example_sensors.py took 0.100 seconds
[2026-06-24T12:54:05.116+0300] {processor.py:161} INFO - Started process (PID=38553) to work on /media/data/omar/programming course/DEPI/DEPI project/anomx/venv/lib/python3.12/site-packages/airflow/example_dags/example_sensors.py
[2026-06-24T12:54:05.117+0300] {processor.py:830} INFO - Processing file /media/data/omar/programming course/DEPI/DEPI project/anomx/venv/lib/python3.12/site-packages/airflow/example_dags/example_sensors.py for tasks to queue
[2026-06-24T12:54:05.118+0300] {logging_mixin.py:188} INFO - [2026-06-24T12:54:05.117+0300] {dagbag.py:540} INFO - Filling up the DagBag from /media/data/omar/programming course/DEPI/DEPI project/anomx/venv/lib/python3.12/site-packages/airflow/example_dags/example_sensors.py
[2026-06-24T12:54:05.126+0300] {processor.py:840} INFO - DAG(s) 'example_sensors' retrieved from /media/data/omar/programming course/DEPI/DEPI project/anomx/venv/lib/python3.12/site-packages/airflow/example_dags/example_sensors.py
[2026-06-24T12:54:05.145+0300] {logging_mixin.py:188} INFO - [2026-06-24T12:54:05.145+0300] {dag.py:3096} INFO - Sync 1 DAGs
[2026-06-24T12:54:05.155+0300] {logging_mixin.py:188} INFO - [2026-06-24T12:54:05.155+0300] {dag.py:3954} INFO - Setting next_dagrun for example_sensors to None, run_after=None
[2026-06-24T12:54:05.193+0300] {processor.py:183} INFO - Processing /media/data/omar/programming course/DEPI/DEPI project/anomx/venv/lib/python3.12/site-packages/airflow/example_dags/example_sensors.py took 0.081 seconds
[2026-06-24T12:55:00.870+0300] {processor.py:161} INFO - Started process (PID=38948) to work on /media/data/omar/programming course/DEPI/DEPI project/anomx/venv/lib/python3.12/site-packages/airflow/example_dags/example_sensors.py
[2026-06-24T12:55:00.871+0300] {processor.py:830} INFO - Processing file /media/data/omar/programming course/DEPI/DEPI project/anomx/venv/lib/python3.12/site-packages/airflow/example_dags/example_sensors.py for tasks to queue
[2026-06-24T12:55:00.873+0300] {logging_mixin.py:188} INFO - [2026-06-24T12:55:00.872+0300] {dagbag.py:540} INFO - Filling up the DagBag from /media/data/omar/programming course/DEPI/DEPI project/anomx/venv/lib/python3.12/site-packages/airflow/example_dags/example_sensors.py
[2026-06-24T12:55:00.883+0300] {processor.py:840} INFO - DAG(s) 'example_sensors' retrieved from /media/data/omar/programming course/DEPI/DEPI project/anomx/venv/lib/python3.12/site-packages/airflow/example_dags/example_sensors.py
[2026-06-24T12:55:00.906+0300] {logging_mixin.py:188} INFO - [2026-06-24T12:55:00.906+0300] {dag.py:3096} INFO - Sync 1 DAGs
[2026-06-24T12:55:00.917+0300] {logging_mixin.py:188} INFO - [2026-06-24T12:55:00.917+0300] {dag.py:3954} INFO - Setting next_dagrun for example_sensors to None, run_after=None
[2026-06-24T12:55:00.949+0300] {processor.py:183} INFO - Processing /media/data/omar/programming course/DEPI/DEPI project/anomx/venv/lib/python3.12/site-packages/airflow/example_dags/example_sensors.py took 0.085 seconds
[2026-06-24T12:56:03.173+0300] {processor.py:161} INFO - Started process (PID=39552) to work on /media/data/omar/programming course/DEPI/DEPI project/anomx/venv/lib/python3.12/site-packages/airflow/example_dags/example_sensors.py
[2026-06-24T12:56:03.176+0300] {processor.py:830} INFO - Processing file /media/data/omar/programming course/DEPI/DEPI project/anomx/venv/lib/python3.12/site-packages/airflow/example_dags/example_sensors.py for tasks to queue
[2026-06-24T12:56:03.181+0300] {logging_mixin.py:188} INFO - [2026-06-24T12:56:03.179+0300] {dagbag.py:540} INFO - Filling up the DagBag from /media/data/omar/programming course/DEPI/DEPI project/anomx/venv/lib/python3.12/site-packages/airflow/example_dags/example_sensors.py
[2026-06-24T12:56:03.206+0300] {processor.py:840} INFO - DAG(s) 'example_sensors' retrieved from /media/data/omar/programming course/DEPI/DEPI project/anomx/venv/lib/python3.12/site-packages/airflow/example_dags/example_sensors.py
[2026-06-24T12:56:03.252+0300] {logging_mixin.py:188} INFO - [2026-06-24T12:56:03.250+0300] {dag.py:3096} INFO - Sync 1 DAGs
[2026-06-24T12:56:03.265+0300] {logging_mixin.py:188} INFO - [2026-06-24T12:56:03.265+0300] {dag.py:3954} INFO - Setting next_dagrun for example_sensors to None, run_after=None
[2026-06-24T12:56:03.322+0300] {processor.py:183} INFO - Processing /media/data/omar/programming course/DEPI/DEPI project/anomx/venv/lib/python3.12/site-packages/airflow/example_dags/example_sensors.py took 0.169 seconds
[2026-06-24T12:57:09.174+0300] {processor.py:161} INFO - Started process (PID=39994) to work on /media/data/omar/programming course/DEPI/DEPI project/anomx/venv/lib/python3.12/site-packages/airflow/example_dags/example_sensors.py
[2026-06-24T12:57:09.175+0300] {processor.py:830} INFO - Processing file /media/data/omar/programming course/DEPI/DEPI project/anomx/venv/lib/python3.12/site-packages/airflow/example_dags/example_sensors.py for tasks to queue
[2026-06-24T12:57:09.176+0300] {logging_mixin.py:188} INFO - [2026-06-24T12:57:09.175+0300] {dagbag.py:540} INFO - Filling up the DagBag from /media/data/omar/programming course/DEPI/DEPI project/anomx/venv/lib/python3.12/site-packages/airflow/example_dags/example_sensors.py
[2026-06-24T12:57:09.187+0300] {processor.py:840} INFO - DAG(s) 'example_sensors' retrieved from /media/data/omar/programming course/DEPI/DEPI project/anomx/venv/lib/python3.12/site-packages/airflow/example_dags/example_sensors.py
[2026-06-24T12:57:09.220+0300] {logging_mixin.py:188} INFO - [2026-06-24T12:57:09.219+0300] {dag.py:3096} INFO - Sync 1 DAGs
[2026-06-24T12:57:09.230+0300] {logging_mixin.py:188} INFO - [2026-06-24T12:57:09.229+0300] {dag.py:3954} INFO - Setting next_dagrun for example_sensors to None, run_after=None
[2026-06-24T12:57:09.262+0300] {processor.py:183} INFO - Processing /media/data/omar/programming course/DEPI/DEPI project/anomx/venv/lib/python3.12/site-packages/airflow/example_dags/example_sensors.py took 0.096 seconds
[2026-06-24T12:58:01.559+0300] {processor.py:161} INFO - Started process (PID=40570) to work on /media/data/omar/programming course/DEPI/DEPI project/anomx/venv/lib/python3.12/site-packages/airflow/example_dags/example_sensors.py
[2026-06-24T12:58:01.559+0300] {processor.py:830} INFO - Processing file /media/data/omar/programming course/DEPI/DEPI project/anomx/venv/lib/python3.12/site-packages/airflow/example_dags/example_sensors.py for tasks to queue
[2026-06-24T12:58:01.560+0300] {logging_mixin.py:188} INFO - [2026-06-24T12:58:01.560+0300] {dagbag.py:540} INFO - Filling up the DagBag from /media/data/omar/programming course/DEPI/DEPI project/anomx/venv/lib/python3.12/site-packages/airflow/example_dags/example_sensors.py
[2026-06-24T12:58:01.569+0300] {processor.py:840} INFO - DAG(s) 'example_sensors' retrieved from /media/data/omar/programming course/DEPI/DEPI project/anomx/venv/lib/python3.12/site-packages/airflow/example_dags/example_sensors.py
[2026-06-24T12:58:01.590+0300] {logging_mixin.py:188} INFO - [2026-06-24T12:58:01.590+0300] {dag.py:3096} INFO - Sync 1 DAGs
[2026-06-24T12:58:01.599+0300] {logging_mixin.py:188} INFO - [2026-06-24T12:58:01.599+0300] {dag.py:3954} INFO - Setting next_dagrun for example_sensors to None, run_after=None
[2026-06-24T12:58:01.627+0300] {processor.py:183} INFO - Processing /media/data/omar/programming course/DEPI/DEPI project/anomx/venv/lib/python3.12/site-packages/airflow/example_dags/example_sensors.py took 0.075 seconds
[2026-06-24T12:58:53.993+0300] {processor.py:161} INFO - Started process (PID=40939) to work on /media/data/omar/programming course/DEPI/DEPI project/anomx/venv/lib/python3.12/site-packages/airflow/example_dags/example_sensors.py
[2026-06-24T12:58:53.994+0300] {processor.py:830} INFO - Processing file /media/data/omar/programming course/DEPI/DEPI project/anomx/venv/lib/python3.12/site-packages/airflow/example_dags/example_sensors.py for tasks to queue
[2026-06-24T12:58:53.995+0300] {logging_mixin.py:188} INFO - [2026-06-24T12:58:53.994+0300] {dagbag.py:540} INFO - Filling up the DagBag from /media/data/omar/programming course/DEPI/DEPI project/anomx/venv/lib/python3.12/site-packages/airflow/example_dags/example_sensors.py
[2026-06-24T12:58:54.005+0300] {processor.py:840} INFO - DAG(s) 'example_sensors' retrieved from /media/data/omar/programming course/DEPI/DEPI project/anomx/venv/lib/python3.12/site-packages/airflow/example_dags/example_sensors.py
[2026-06-24T12:58:54.027+0300] {logging_mixin.py:188} INFO - [2026-06-24T12:58:54.027+0300] {dag.py:3096} INFO - Sync 1 DAGs
[2026-06-24T12:58:54.037+0300] {logging_mixin.py:188} INFO - [2026-06-24T12:58:54.037+0300] {dag.py:3954} INFO - Setting next_dagrun for example_sensors to None, run_after=None
[2026-06-24T12:58:54.067+0300] {processor.py:183} INFO - Processing /media/data/omar/programming course/DEPI/DEPI project/anomx/venv/lib/python3.12/site-packages/airflow/example_dags/example_sensors.py took 0.082 seconds
[2026-06-24T12:59:45.147+0300] {processor.py:161} INFO - Started process (PID=41462) to work on /media/data/omar/programming course/DEPI/DEPI project/anomx/venv/lib/python3.12/site-packages/airflow/example_dags/example_sensors.py
[2026-06-24T12:59:45.148+0300] {processor.py:830} INFO - Processing file /media/data/omar/programming course/DEPI/DEPI project/anomx/venv/lib/python3.12/site-packages/airflow/example_dags/example_sensors.py for tasks to queue
[2026-06-24T12:59:45.149+0300] {logging_mixin.py:188} INFO - [2026-06-24T12:59:45.149+0300] {dagbag.py:540} INFO - Filling up the DagBag from /media/data/omar/programming course/DEPI/DEPI project/anomx/venv/lib/python3.12/site-packages/airflow/example_dags/example_sensors.py
[2026-06-24T12:59:45.159+0300] {processor.py:840} INFO - DAG(s) 'example_sensors' retrieved from /media/data/omar/programming course/DEPI/DEPI project/anomx/venv/lib/python3.12/site-packages/airflow/example_dags/example_sensors.py
[2026-06-24T12:59:45.194+0300] {logging_mixin.py:188} INFO - [2026-06-24T12:59:45.193+0300] {dag.py:3096} INFO - Sync 1 DAGs
[2026-06-24T12:59:45.206+0300] {logging_mixin.py:188} INFO - [2026-06-24T12:59:45.206+0300] {dag.py:3954} INFO - Setting next_dagrun for example_sensors to None, run_after=None
[2026-06-24T12:59:45.243+0300] {processor.py:183} INFO - Processing /media/data/omar/programming course/DEPI/DEPI project/anomx/venv/lib/python3.12/site-packages/airflow/example_dags/example_sensors.py took 0.103 seconds
[2026-06-24T13:00:35.114+0300] {processor.py:161} INFO - Started process (PID=41832) to work on /media/data/omar/programming course/DEPI/DEPI project/anomx/venv/lib/python3.12/site-packages/airflow/example_dags/example_sensors.py
[2026-06-24T13:00:35.115+0300] {processor.py:830} INFO - Processing file /media/data/omar/programming course/DEPI/DEPI project/anomx/venv/lib/python3.12/site-packages/airflow/example_dags/example_sensors.py for tasks to queue
[2026-06-24T13:00:35.117+0300] {logging_mixin.py:188} INFO - [2026-06-24T13:00:35.116+0300] {dagbag.py:540} INFO - Filling up the DagBag from /media/data/omar/programming course/DEPI/DEPI project/anomx/venv/lib/python3.12/site-packages/airflow/example_dags/example_sensors.py
[2026-06-24T13:00:35.128+0300] {processor.py:840} INFO - DAG(s) 'example_sensors' retrieved from /media/data/omar/programming course/DEPI/DEPI project/anomx/venv/lib/python3.12/site-packages/airflow/example_dags/example_sensors.py
[2026-06-24T13:00:35.150+0300] {logging_mixin.py:188} INFO - [2026-06-24T13:00:35.150+0300] {dag.py:3096} INFO - Sync 1 DAGs
[2026-06-24T13:00:35.160+0300] {logging_mixin.py:188} INFO - [2026-06-24T13:00:35.160+0300] {dag.py:3954} INFO - Setting next_dagrun for example_sensors to None, run_after=None
[2026-06-24T13:00:35.189+0300] {processor.py:183} INFO - Processing /media/data/omar/programming course/DEPI/DEPI project/anomx/venv/lib/python3.12/site-packages/airflow/example_dags/example_sensors.py took 0.088 seconds
[2026-06-24T13:01:23.485+0300] {processor.py:161} INFO - Started process (PID=42368) to work on /media/data/omar/programming course/DEPI/DEPI project/anomx/venv/lib/python3.12/site-packages/airflow/example_dags/example_sensors.py
[2026-06-24T13:01:23.487+0300] {processor.py:830} INFO - Processing file /media/data/omar/programming course/DEPI/DEPI project/anomx/venv/lib/python3.12/site-packages/airflow/example_dags/example_sensors.py for tasks to queue
[2026-06-24T13:01:23.488+0300] {logging_mixin.py:188} INFO - [2026-06-24T13:01:23.487+0300] {dagbag.py:540} INFO - Filling up the DagBag from /media/data/omar/programming course/DEPI/DEPI project/anomx/venv/lib/python3.12/site-packages/airflow/example_dags/example_sensors.py
[2026-06-24T13:01:23.497+0300] {processor.py:840} INFO - DAG(s) 'example_sensors' retrieved from /media/data/omar/programming course/DEPI/DEPI project/anomx/venv/lib/python3.12/site-packages/airflow/example_dags/example_sensors.py
[2026-06-24T13:01:23.518+0300] {logging_mixin.py:188} INFO - [2026-06-24T13:01:23.517+0300] {dag.py:3096} INFO - Sync 1 DAGs
[2026-06-24T13:01:23.527+0300] {logging_mixin.py:188} INFO - [2026-06-24T13:01:23.527+0300] {dag.py:3954} INFO - Setting next_dagrun for example_sensors to None, run_after=None
[2026-06-24T13:01:23.562+0300] {processor.py:183} INFO - Processing /media/data/omar/programming course/DEPI/DEPI project/anomx/venv/lib/python3.12/site-packages/airflow/example_dags/example_sensors.py took 0.085 seconds
[2026-06-24T13:02:15.658+0300] {processor.py:161} INFO - Started process (PID=42765) to work on /media/data/omar/programming course/DEPI/DEPI project/anomx/venv/lib/python3.12/site-packages/airflow/example_dags/example_sensors.py
[2026-06-24T13:02:15.659+0300] {processor.py:830} INFO - Processing file /media/data/omar/programming course/DEPI/DEPI project/anomx/venv/lib/python3.12/site-packages/airflow/example_dags/example_sensors.py for tasks to queue
[2026-06-24T13:02:15.660+0300] {logging_mixin.py:188} INFO - [2026-06-24T13:02:15.660+0300] {dagbag.py:540} INFO - Filling up the DagBag from /media/data/omar/programming course/DEPI/DEPI project/anomx/venv/lib/python3.12/site-packages/airflow/example_dags/example_sensors.py
[2026-06-24T13:02:15.670+0300] {processor.py:840} INFO - DAG(s) 'example_sensors' retrieved from /media/data/omar/programming course/DEPI/DEPI project/anomx/venv/lib/python3.12/site-packages/airflow/example_dags/example_sensors.py
[2026-06-24T13:02:15.694+0300] {logging_mixin.py:188} INFO - [2026-06-24T13:02:15.693+0300] {dag.py:3096} INFO - Sync 1 DAGs
[2026-06-24T13:02:15.704+0300] {logging_mixin.py:188} INFO - [2026-06-24T13:02:15.704+0300] {dag.py:3954} INFO - Setting next_dagrun for example_sensors to None, run_after=None
[2026-06-24T13:02:15.735+0300] {processor.py:183} INFO - Processing /media/data/omar/programming course/DEPI/DEPI project/anomx/venv/lib/python3.12/site-packages/airflow/example_dags/example_sensors.py took 0.082 seconds
[2026-06-24T13:03:06.615+0300] {processor.py:161} INFO - Started process (PID=43080) to work on /media/data/omar/programming course/DEPI/DEPI project/anomx/venv/lib/python3.12/site-packages/airflow/example_dags/example_sensors.py
[2026-06-24T13:03:06.616+0300] {processor.py:830} INFO - Processing file /media/data/omar/programming course/DEPI/DEPI project/anomx/venv/lib/python3.12/site-packages/airflow/example_dags/example_sensors.py for tasks to queue
[2026-06-24T13:03:06.617+0300] {logging_mixin.py:188} INFO - [2026-06-24T13:03:06.616+0300] {dagbag.py:540} INFO - Filling up the DagBag from /media/data/omar/programming course/DEPI/DEPI project/anomx/venv/lib/python3.12/site-packages/airflow/example_dags/example_sensors.py
[2026-06-24T13:03:06.625+0300] {processor.py:840} INFO - DAG(s) 'example_sensors' retrieved from /media/data/omar/programming course/DEPI/DEPI project/anomx/venv/lib/python3.12/site-packages/airflow/example_dags/example_sensors.py
[2026-06-24T13:03:06.649+0300] {logging_mixin.py:188} INFO - [2026-06-24T13:03:06.649+0300] {dag.py:3096} INFO - Sync 1 DAGs
[2026-06-24T13:03:06.659+0300] {logging_mixin.py:188} INFO - [2026-06-24T13:03:06.659+0300] {dag.py:3954} INFO - Setting next_dagrun for example_sensors to None, run_after=None
[2026-06-24T13:03:06.689+0300] {processor.py:183} INFO - Processing /media/data/omar/programming course/DEPI/DEPI project/anomx/venv/lib/python3.12/site-packages/airflow/example_dags/example_sensors.py took 0.080 seconds
[2026-06-24T13:03:56.404+0300] {processor.py:161} INFO - Started process (PID=43688) to work on /media/data/omar/programming course/DEPI/DEPI project/anomx/venv/lib/python3.12/site-packages/airflow/example_dags/example_sensors.py
[2026-06-24T13:03:56.404+0300] {processor.py:830} INFO - Processing file /media/data/omar/programming course/DEPI/DEPI project/anomx/venv/lib/python3.12/site-packages/airflow/example_dags/example_sensors.py for tasks to queue
[2026-06-24T13:03:56.405+0300] {logging_mixin.py:188} INFO - [2026-06-24T13:03:56.405+0300] {dagbag.py:540} INFO - Filling up the DagBag from /media/data/omar/programming course/DEPI/DEPI project/anomx/venv/lib/python3.12/site-packages/airflow/example_dags/example_sensors.py
[2026-06-24T13:03:56.414+0300] {processor.py:840} INFO - DAG(s) 'example_sensors' retrieved from /media/data/omar/programming course/DEPI/DEPI project/anomx/venv/lib/python3.12/site-packages/airflow/example_dags/example_sensors.py
[2026-06-24T13:03:56.437+0300] {logging_mixin.py:188} INFO - [2026-06-24T13:03:56.437+0300] {dag.py:3096} INFO - Sync 1 DAGs
[2026-06-24T13:03:56.448+0300] {logging_mixin.py:188} INFO - [2026-06-24T13:03:56.448+0300] {dag.py:3954} INFO - Setting next_dagrun for example_sensors to None, run_after=None
[2026-06-24T13:03:56.478+0300] {processor.py:183} INFO - Processing /media/data/omar/programming course/DEPI/DEPI project/anomx/venv/lib/python3.12/site-packages/airflow/example_dags/example_sensors.py took 0.081 seconds
[2026-06-24T13:04:45.599+0300] {processor.py:161} INFO - Started process (PID=43997) to work on /media/data/omar/programming course/DEPI/DEPI project/anomx/venv/lib/python3.12/site-packages/airflow/example_dags/example_sensors.py
[2026-06-24T13:04:45.600+0300] {processor.py:830} INFO - Processing file /media/data/omar/programming course/DEPI/DEPI project/anomx/venv/lib/python3.12/site-packages/airflow/example_dags/example_sensors.py for tasks to queue
[2026-06-24T13:04:45.602+0300] {logging_mixin.py:188} INFO - [2026-06-24T13:04:45.601+0300] {dagbag.py:540} INFO - Filling up the DagBag from /media/data/omar/programming course/DEPI/DEPI project/anomx/venv/lib/python3.12/site-packages/airflow/example_dags/example_sensors.py
[2026-06-24T13:04:45.624+0300] {processor.py:840} INFO - DAG(s) 'example_sensors' retrieved from /media/data/omar/programming course/DEPI/DEPI project/anomx/venv/lib/python3.12/site-packages/airflow/example_dags/example_sensors.py
[2026-06-24T13:04:45.668+0300] {logging_mixin.py:188} INFO - [2026-06-24T13:04:45.667+0300] {dag.py:3096} INFO - Sync 1 DAGs
[2026-06-24T13:04:45.683+0300] {logging_mixin.py:188} INFO - [2026-06-24T13:04:45.682+0300] {dag.py:3954} INFO - Setting next_dagrun for example_sensors to None, run_after=None
[2026-06-24T13:04:45.747+0300] {processor.py:183} INFO - Processing /media/data/omar/programming course/DEPI/DEPI project/anomx/venv/lib/python3.12/site-packages/airflow/example_dags/example_sensors.py took 0.154 seconds
[2026-06-24T13:05:36.841+0300] {processor.py:161} INFO - Started process (PID=44615) to work on /media/data/omar/programming course/DEPI/DEPI project/anomx/venv/lib/python3.12/site-packages/airflow/example_dags/example_sensors.py
[2026-06-24T13:05:36.843+0300] {processor.py:830} INFO - Processing file /media/data/omar/programming course/DEPI/DEPI project/anomx/venv/lib/python3.12/site-packages/airflow/example_dags/example_sensors.py for tasks to queue
[2026-06-24T13:05:36.844+0300] {logging_mixin.py:188} INFO - [2026-06-24T13:05:36.843+0300] {dagbag.py:540} INFO - Filling up the DagBag from /media/data/omar/programming course/DEPI/DEPI project/anomx/venv/lib/python3.12/site-packages/airflow/example_dags/example_sensors.py
[2026-06-24T13:05:36.856+0300] {processor.py:840} INFO - DAG(s) 'example_sensors' retrieved from /media/data/omar/programming course/DEPI/DEPI project/anomx/venv/lib/python3.12/site-packages/airflow/example_dags/example_sensors.py
[2026-06-24T13:05:36.884+0300] {logging_mixin.py:188} INFO - [2026-06-24T13:05:36.884+0300] {dag.py:3096} INFO - Sync 1 DAGs
[2026-06-24T13:05:36.894+0300] {logging_mixin.py:188} INFO - [2026-06-24T13:05:36.894+0300] {dag.py:3954} INFO - Setting next_dagrun for example_sensors to None, run_after=None
[2026-06-24T13:05:36.928+0300] {processor.py:183} INFO - Processing /media/data/omar/programming course/DEPI/DEPI project/anomx/venv/lib/python3.12/site-packages/airflow/example_dags/example_sensors.py took 0.098 seconds
[2026-06-24T13:06:31.028+0300] {processor.py:161} INFO - Started process (PID=44957) to work on /media/data/omar/programming course/DEPI/DEPI project/anomx/venv/lib/python3.12/site-packages/airflow/example_dags/example_sensors.py
[2026-06-24T13:06:31.029+0300] {processor.py:830} INFO - Processing file /media/data/omar/programming course/DEPI/DEPI project/anomx/venv/lib/python3.12/site-packages/airflow/example_dags/example_sensors.py for tasks to queue
[2026-06-24T13:06:31.030+0300] {logging_mixin.py:188} INFO - [2026-06-24T13:06:31.029+0300] {dagbag.py:540} INFO - Filling up the DagBag from /media/data/omar/programming course/DEPI/DEPI project/anomx/venv/lib/python3.12/site-packages/airflow/example_dags/example_sensors.py
[2026-06-24T13:06:31.041+0300] {processor.py:840} INFO - DAG(s) 'example_sensors' retrieved from /media/data/omar/programming course/DEPI/DEPI project/anomx/venv/lib/python3.12/site-packages/airflow/example_dags/example_sensors.py
[2026-06-24T13:06:31.061+0300] {logging_mixin.py:188} INFO - [2026-06-24T13:06:31.061+0300] {dag.py:3096} INFO - Sync 1 DAGs
[2026-06-24T13:06:31.070+0300] {logging_mixin.py:188} INFO - [2026-06-24T13:06:31.069+0300] {dag.py:3954} INFO - Setting next_dagrun for example_sensors to None, run_after=None
[2026-06-24T13:06:31.100+0300] {processor.py:183} INFO - Processing /media/data/omar/programming course/DEPI/DEPI project/anomx/venv/lib/python3.12/site-packages/airflow/example_dags/example_sensors.py took 0.079 seconds
[2026-06-24T13:08:07.274+0300] {processor.py:161} INFO - Started process (PID=46020) to work on /media/data/omar/programming course/DEPI/DEPI project/anomx/venv/lib/python3.12/site-packages/airflow/example_dags/example_sensors.py
[2026-06-24T13:08:07.280+0300] {processor.py:830} INFO - Processing file /media/data/omar/programming course/DEPI/DEPI project/anomx/venv/lib/python3.12/site-packages/airflow/example_dags/example_sensors.py for tasks to queue
[2026-06-24T13:08:07.281+0300] {logging_mixin.py:188} INFO - [2026-06-24T13:08:07.281+0300] {dagbag.py:540} INFO - Filling up the DagBag from /media/data/omar/programming course/DEPI/DEPI project/anomx/venv/lib/python3.12/site-packages/airflow/example_dags/example_sensors.py
[2026-06-24T13:08:07.308+0300] {processor.py:840} INFO - DAG(s) 'example_sensors' retrieved from /media/data/omar/programming course/DEPI/DEPI project/anomx/venv/lib/python3.12/site-packages/airflow/example_dags/example_sensors.py
[2026-06-24T13:08:07.362+0300] {logging_mixin.py:188} INFO - [2026-06-24T13:08:07.362+0300] {dag.py:3096} INFO - Sync 1 DAGs
[2026-06-24T13:08:07.379+0300] {logging_mixin.py:188} INFO - [2026-06-24T13:08:07.378+0300] {dag.py:3954} INFO - Setting next_dagrun for example_sensors to None, run_after=None
[2026-06-24T13:08:07.424+0300] {processor.py:183} INFO - Processing /media/data/omar/programming course/DEPI/DEPI project/anomx/venv/lib/python3.12/site-packages/airflow/example_dags/example_sensors.py took 0.165 seconds
[2026-06-24T13:12:21.324+0300] {processor.py:161} INFO - Started process (PID=48762) to work on /media/data/omar/programming course/DEPI/DEPI project/anomx/venv/lib/python3.12/site-packages/airflow/example_dags/example_sensors.py
[2026-06-24T13:12:21.325+0300] {processor.py:830} INFO - Processing file /media/data/omar/programming course/DEPI/DEPI project/anomx/venv/lib/python3.12/site-packages/airflow/example_dags/example_sensors.py for tasks to queue
[2026-06-24T13:12:21.326+0300] {logging_mixin.py:188} INFO - [2026-06-24T13:12:21.326+0300] {dagbag.py:540} INFO - Filling up the DagBag from /media/data/omar/programming course/DEPI/DEPI project/anomx/venv/lib/python3.12/site-packages/airflow/example_dags/example_sensors.py
[2026-06-24T13:12:21.338+0300] {processor.py:840} INFO - DAG(s) 'example_sensors' retrieved from /media/data/omar/programming course/DEPI/DEPI project/anomx/venv/lib/python3.12/site-packages/airflow/example_dags/example_sensors.py
[2026-06-24T13:12:21.359+0300] {logging_mixin.py:188} INFO - [2026-06-24T13:12:21.359+0300] {dag.py:3096} INFO - Sync 1 DAGs
[2026-06-24T13:12:21.368+0300] {logging_mixin.py:188} INFO - [2026-06-24T13:12:21.367+0300] {dag.py:3954} INFO - Setting next_dagrun for example_sensors to None, run_after=None
[2026-06-24T13:12:21.393+0300] {processor.py:183} INFO - Processing /media/data/omar/programming course/DEPI/DEPI project/anomx/venv/lib/python3.12/site-packages/airflow/example_dags/example_sensors.py took 0.075 seconds
[2026-06-24T13:13:16.236+0300] {processor.py:161} INFO - Started process (PID=49484) to work on /media/data/omar/programming course/DEPI/DEPI project/anomx/venv/lib/python3.12/site-packages/airflow/example_dags/example_sensors.py
[2026-06-24T13:13:16.237+0300] {processor.py:830} INFO - Processing file /media/data/omar/programming course/DEPI/DEPI project/anomx/venv/lib/python3.12/site-packages/airflow/example_dags/example_sensors.py for tasks to queue
[2026-06-24T13:13:16.237+0300] {logging_mixin.py:188} INFO - [2026-06-24T13:13:16.237+0300] {dagbag.py:540} INFO - Filling up the DagBag from /media/data/omar/programming course/DEPI/DEPI project/anomx/venv/lib/python3.12/site-packages/airflow/example_dags/example_sensors.py
[2026-06-24T13:13:16.245+0300] {processor.py:840} INFO - DAG(s) 'example_sensors' retrieved from /media/data/omar/programming course/DEPI/DEPI project/anomx/venv/lib/python3.12/site-packages/airflow/example_dags/example_sensors.py
[2026-06-24T13:13:16.264+0300] {logging_mixin.py:188} INFO - [2026-06-24T13:13:16.264+0300] {dag.py:3096} INFO - Sync 1 DAGs
[2026-06-24T13:13:16.273+0300] {logging_mixin.py:188} INFO - [2026-06-24T13:13:16.272+0300] {dag.py:3954} INFO - Setting next_dagrun for example_sensors to None, run_after=None
[2026-06-24T13:13:16.303+0300] {processor.py:183} INFO - Processing /media/data/omar/programming course/DEPI/DEPI project/anomx/venv/lib/python3.12/site-packages/airflow/example_dags/example_sensors.py took 0.073 seconds
[2026-06-24T13:14:12.341+0300] {processor.py:161} INFO - Started process (PID=49801) to work on /media/data/omar/programming course/DEPI/DEPI project/anomx/venv/lib/python3.12/site-packages/airflow/example_dags/example_sensors.py
[2026-06-24T13:14:12.344+0300] {processor.py:830} INFO - Processing file /media/data/omar/programming course/DEPI/DEPI project/anomx/venv/lib/python3.12/site-packages/airflow/example_dags/example_sensors.py for tasks to queue
[2026-06-24T13:14:12.346+0300] {logging_mixin.py:188} INFO - [2026-06-24T13:14:12.345+0300] {dagbag.py:540} INFO - Filling up the DagBag from /media/data/omar/programming course/DEPI/DEPI project/anomx/venv/lib/python3.12/site-packages/airflow/example_dags/example_sensors.py
[2026-06-24T13:14:12.360+0300] {processor.py:840} INFO - DAG(s) 'example_sensors' retrieved from /media/data/omar/programming course/DEPI/DEPI project/anomx/venv/lib/python3.12/site-packages/airflow/example_dags/example_sensors.py
[2026-06-24T13:14:12.383+0300] {logging_mixin.py:188} INFO - [2026-06-24T13:14:12.382+0300] {dag.py:3096} INFO - Sync 1 DAGs
[2026-06-24T13:14:12.392+0300] {logging_mixin.py:188} INFO - [2026-06-24T13:14:12.391+0300] {dag.py:3954} INFO - Setting next_dagrun for example_sensors to None, run_after=None
[2026-06-24T13:14:12.417+0300] {processor.py:183} INFO - Processing /media/data/omar/programming course/DEPI/DEPI project/anomx/venv/lib/python3.12/site-packages/airflow/example_dags/example_sensors.py took 0.096 seconds
[2026-06-24T13:15:06.041+0300] {processor.py:161} INFO - Started process (PID=50452) to work on /media/data/omar/programming course/DEPI/DEPI project/anomx/venv/lib/python3.12/site-packages/airflow/example_dags/example_sensors.py
[2026-06-24T13:15:06.043+0300] {processor.py:830} INFO - Processing file /media/data/omar/programming course/DEPI/DEPI project/anomx/venv/lib/python3.12/site-packages/airflow/example_dags/example_sensors.py for tasks to queue
[2026-06-24T13:15:06.044+0300] {logging_mixin.py:188} INFO - [2026-06-24T13:15:06.043+0300] {dagbag.py:540} INFO - Filling up the DagBag from /media/data/omar/programming course/DEPI/DEPI project/anomx/venv/lib/python3.12/site-packages/airflow/example_dags/example_sensors.py
[2026-06-24T13:15:06.053+0300] {processor.py:840} INFO - DAG(s) 'example_sensors' retrieved from /media/data/omar/programming course/DEPI/DEPI project/anomx/venv/lib/python3.12/site-packages/airflow/example_dags/example_sensors.py
[2026-06-24T13:15:06.075+0300] {logging_mixin.py:188} INFO - [2026-06-24T13:15:06.075+0300] {dag.py:3096} INFO - Sync 1 DAGs
[2026-06-24T13:15:06.085+0300] {logging_mixin.py:188} INFO - [2026-06-24T13:15:06.085+0300] {dag.py:3954} INFO - Setting next_dagrun for example_sensors to None, run_after=None
[2026-06-24T13:15:06.119+0300] {processor.py:183} INFO - Processing /media/data/omar/programming course/DEPI/DEPI project/anomx/venv/lib/python3.12/site-packages/airflow/example_dags/example_sensors.py took 0.083 seconds
[2026-06-24T13:15:55.388+0300] {processor.py:161} INFO - Started process (PID=50760) to work on /media/data/omar/programming course/DEPI/DEPI project/anomx/venv/lib/python3.12/site-packages/airflow/example_dags/example_sensors.py
[2026-06-24T13:15:55.388+0300] {processor.py:830} INFO - Processing file /media/data/omar/programming course/DEPI/DEPI project/anomx/venv/lib/python3.12/site-packages/airflow/example_dags/example_sensors.py for tasks to queue
[2026-06-24T13:15:55.389+0300] {logging_mixin.py:188} INFO - [2026-06-24T13:15:55.389+0300] {dagbag.py:540} INFO - Filling up the DagBag from /media/data/omar/programming course/DEPI/DEPI project/anomx/venv/lib/python3.12/site-packages/airflow/example_dags/example_sensors.py
[2026-06-24T13:15:55.397+0300] {processor.py:840} INFO - DAG(s) 'example_sensors' retrieved from /media/data/omar/programming course/DEPI/DEPI project/anomx/venv/lib/python3.12/site-packages/airflow/example_dags/example_sensors.py
[2026-06-24T13:15:55.418+0300] {logging_mixin.py:188} INFO - [2026-06-24T13:15:55.417+0300] {dag.py:3096} INFO - Sync 1 DAGs
[2026-06-24T13:15:55.428+0300] {logging_mixin.py:188} INFO - [2026-06-24T13:15:55.427+0300] {dag.py:3954} INFO - Setting next_dagrun for example_sensors to None, run_after=None
[2026-06-24T13:15:55.455+0300] {processor.py:183} INFO - Processing /media/data/omar/programming course/DEPI/DEPI project/anomx/venv/lib/python3.12/site-packages/airflow/example_dags/example_sensors.py took 0.073 seconds
[2026-06-24T13:16:46.599+0300] {processor.py:161} INFO - Started process (PID=51393) to work on /media/data/omar/programming course/DEPI/DEPI project/anomx/venv/lib/python3.12/site-packages/airflow/example_dags/example_sensors.py
[2026-06-24T13:16:46.600+0300] {processor.py:830} INFO - Processing file /media/data/omar/programming course/DEPI/DEPI project/anomx/venv/lib/python3.12/site-packages/airflow/example_dags/example_sensors.py for tasks to queue
[2026-06-24T13:16:46.601+0300] {logging_mixin.py:188} INFO - [2026-06-24T13:16:46.601+0300] {dagbag.py:540} INFO - Filling up the DagBag from /media/data/omar/programming course/DEPI/DEPI project/anomx/venv/lib/python3.12/site-packages/airflow/example_dags/example_sensors.py
[2026-06-24T13:16:46.611+0300] {processor.py:840} INFO - DAG(s) 'example_sensors' retrieved from /media/data/omar/programming course/DEPI/DEPI project/anomx/venv/lib/python3.12/site-packages/airflow/example_dags/example_sensors.py
[2026-06-24T13:16:46.634+0300] {logging_mixin.py:188} INFO - [2026-06-24T13:16:46.633+0300] {dag.py:3096} INFO - Sync 1 DAGs
[2026-06-24T13:16:46.645+0300] {logging_mixin.py:188} INFO - [2026-06-24T13:16:46.645+0300] {dag.py:3954} INFO - Setting next_dagrun for example_sensors to None, run_after=None
[2026-06-24T13:16:46.677+0300] {processor.py:183} INFO - Processing /media/data/omar/programming course/DEPI/DEPI project/anomx/venv/lib/python3.12/site-packages/airflow/example_dags/example_sensors.py took 0.085 seconds
[2026-06-24T13:17:39.053+0300] {processor.py:161} INFO - Started process (PID=51733) to work on /media/data/omar/programming course/DEPI/DEPI project/anomx/venv/lib/python3.12/site-packages/airflow/example_dags/example_sensors.py
[2026-06-24T13:17:39.054+0300] {processor.py:830} INFO - Processing file /media/data/omar/programming course/DEPI/DEPI project/anomx/venv/lib/python3.12/site-packages/airflow/example_dags/example_sensors.py for tasks to queue
[2026-06-24T13:17:39.056+0300] {logging_mixin.py:188} INFO - [2026-06-24T13:17:39.055+0300] {dagbag.py:540} INFO - Filling up the DagBag from /media/data/omar/programming course/DEPI/DEPI project/anomx/venv/lib/python3.12/site-packages/airflow/example_dags/example_sensors.py
[2026-06-24T13:17:39.070+0300] {processor.py:840} INFO - DAG(s) 'example_sensors' retrieved from /media/data/omar/programming course/DEPI/DEPI project/anomx/venv/lib/python3.12/site-packages/airflow/example_dags/example_sensors.py
[2026-06-24T13:17:39.101+0300] {logging_mixin.py:188} INFO - [2026-06-24T13:17:39.101+0300] {dag.py:3096} INFO - Sync 1 DAGs
[2026-06-24T13:17:39.112+0300] {logging_mixin.py:188} INFO - [2026-06-24T13:17:39.111+0300] {dag.py:3954} INFO - Setting next_dagrun for example_sensors to None, run_after=None
[2026-06-24T13:17:39.142+0300] {processor.py:183} INFO - Processing /media/data/omar/programming course/DEPI/DEPI project/anomx/venv/lib/python3.12/site-packages/airflow/example_dags/example_sensors.py took 0.095 seconds
[2026-06-24T13:18:28.151+0300] {processor.py:161} INFO - Started process (PID=52358) to work on /media/data/omar/programming course/DEPI/DEPI project/anomx/venv/lib/python3.12/site-packages/airflow/example_dags/example_sensors.py
[2026-06-24T13:18:28.152+0300] {processor.py:830} INFO - Processing file /media/data/omar/programming course/DEPI/DEPI project/anomx/venv/lib/python3.12/site-packages/airflow/example_dags/example_sensors.py for tasks to queue
[2026-06-24T13:18:28.153+0300] {logging_mixin.py:188} INFO - [2026-06-24T13:18:28.153+0300] {dagbag.py:540} INFO - Filling up the DagBag from /media/data/omar/programming course/DEPI/DEPI project/anomx/venv/lib/python3.12/site-packages/airflow/example_dags/example_sensors.py
[2026-06-24T13:18:28.162+0300] {processor.py:840} INFO - DAG(s) 'example_sensors' retrieved from /media/data/omar/programming course/DEPI/DEPI project/anomx/venv/lib/python3.12/site-packages/airflow/example_dags/example_sensors.py
[2026-06-24T13:18:28.182+0300] {logging_mixin.py:188} INFO - [2026-06-24T13:18:28.181+0300] {dag.py:3096} INFO - Sync 1 DAGs
[2026-06-24T13:18:28.191+0300] {logging_mixin.py:188} INFO - [2026-06-24T13:18:28.191+0300] {dag.py:3954} INFO - Setting next_dagrun for example_sensors to None, run_after=None
[2026-06-24T13:18:28.218+0300] {processor.py:183} INFO - Processing /media/data/omar/programming course/DEPI/DEPI project/anomx/venv/lib/python3.12/site-packages/airflow/example_dags/example_sensors.py took 0.072 seconds
[2026-06-24T13:19:19.501+0300] {processor.py:161} INFO - Started process (PID=52634) to work on /media/data/omar/programming course/DEPI/DEPI project/anomx/venv/lib/python3.12/site-packages/airflow/example_dags/example_sensors.py
[2026-06-24T13:19:19.503+0300] {processor.py:830} INFO - Processing file /media/data/omar/programming course/DEPI/DEPI project/anomx/venv/lib/python3.12/site-packages/airflow/example_dags/example_sensors.py for tasks to queue
[2026-06-24T13:19:19.506+0300] {logging_mixin.py:188} INFO - [2026-06-24T13:19:19.505+0300] {dagbag.py:540} INFO - Filling up the DagBag from /media/data/omar/programming course/DEPI/DEPI project/anomx/venv/lib/python3.12/site-packages/airflow/example_dags/example_sensors.py
[2026-06-24T13:19:19.523+0300] {processor.py:840} INFO - DAG(s) 'example_sensors' retrieved from /media/data/omar/programming course/DEPI/DEPI project/anomx/venv/lib/python3.12/site-packages/airflow/example_dags/example_sensors.py
[2026-06-24T13:19:19.545+0300] {logging_mixin.py:188} INFO - [2026-06-24T13:19:19.544+0300] {dag.py:3096} INFO - Sync 1 DAGs
[2026-06-24T13:19:19.553+0300] {logging_mixin.py:188} INFO - [2026-06-24T13:19:19.552+0300] {dag.py:3954} INFO - Setting next_dagrun for example_sensors to None, run_after=None
[2026-06-24T13:19:19.579+0300] {processor.py:183} INFO - Processing /media/data/omar/programming course/DEPI/DEPI project/anomx/venv/lib/python3.12/site-packages/airflow/example_dags/example_sensors.py took 0.091 seconds
[2026-06-24T13:20:09.165+0300] {processor.py:161} INFO - Started process (PID=52907) to work on /media/data/omar/programming course/DEPI/DEPI project/anomx/venv/lib/python3.12/site-packages/airflow/example_dags/example_sensors.py
[2026-06-24T13:20:09.166+0300] {processor.py:830} INFO - Processing file /media/data/omar/programming course/DEPI/DEPI project/anomx/venv/lib/python3.12/site-packages/airflow/example_dags/example_sensors.py for tasks to queue
[2026-06-24T13:20:09.167+0300] {logging_mixin.py:188} INFO - [2026-06-24T13:20:09.167+0300] {dagbag.py:540} INFO - Filling up the DagBag from /media/data/omar/programming course/DEPI/DEPI project/anomx/venv/lib/python3.12/site-packages/airflow/example_dags/example_sensors.py
[2026-06-24T13:20:09.177+0300] {processor.py:840} INFO - DAG(s) 'example_sensors' retrieved from /media/data/omar/programming course/DEPI/DEPI project/anomx/venv/lib/python3.12/site-packages/airflow/example_dags/example_sensors.py
[2026-06-24T13:20:09.198+0300] {logging_mixin.py:188} INFO - [2026-06-24T13:20:09.198+0300] {dag.py:3096} INFO - Sync 1 DAGs
[2026-06-24T13:20:09.208+0300] {logging_mixin.py:188} INFO - [2026-06-24T13:20:09.207+0300] {dag.py:3954} INFO - Setting next_dagrun for example_sensors to None, run_after=None
[2026-06-24T13:20:09.238+0300] {processor.py:183} INFO - Processing /media/data/omar/programming course/DEPI/DEPI project/anomx/venv/lib/python3.12/site-packages/airflow/example_dags/example_sensors.py took 0.083 seconds
[2026-06-24T13:21:03.039+0300] {processor.py:161} INFO - Started process (PID=53546) to work on /media/data/omar/programming course/DEPI/DEPI project/anomx/venv/lib/python3.12/site-packages/airflow/example_dags/example_sensors.py
[2026-06-24T13:21:03.042+0300] {processor.py:830} INFO - Processing file /media/data/omar/programming course/DEPI/DEPI project/anomx/venv/lib/python3.12/site-packages/airflow/example_dags/example_sensors.py for tasks to queue
[2026-06-24T13:21:03.045+0300] {logging_mixin.py:188} INFO - [2026-06-24T13:21:03.044+0300] {dagbag.py:540} INFO - Filling up the DagBag from /media/data/omar/programming course/DEPI/DEPI project/anomx/venv/lib/python3.12/site-packages/airflow/example_dags/example_sensors.py
[2026-06-24T13:21:03.067+0300] {processor.py:840} INFO - DAG(s) 'example_sensors' retrieved from /media/data/omar/programming course/DEPI/DEPI project/anomx/venv/lib/python3.12/site-packages/airflow/example_dags/example_sensors.py
[2026-06-24T13:21:03.129+0300] {logging_mixin.py:188} INFO - [2026-06-24T13:21:03.127+0300] {dag.py:3096} INFO - Sync 1 DAGs
[2026-06-24T13:21:03.162+0300] {logging_mixin.py:188} INFO - [2026-06-24T13:21:03.161+0300] {dag.py:3954} INFO - Setting next_dagrun for example_sensors to None, run_after=None
[2026-06-24T13:21:03.227+0300] {processor.py:183} INFO - Processing /media/data/omar/programming course/DEPI/DEPI project/anomx/venv/lib/python3.12/site-packages/airflow/example_dags/example_sensors.py took 0.202 seconds
[2026-06-24T13:22:23.610+0300] {processor.py:161} INFO - Started process (PID=53990) to work on /media/data/omar/programming course/DEPI/DEPI project/anomx/venv/lib/python3.12/site-packages/airflow/example_dags/example_sensors.py
[2026-06-24T13:22:23.612+0300] {processor.py:830} INFO - Processing file /media/data/omar/programming course/DEPI/DEPI project/anomx/venv/lib/python3.12/site-packages/airflow/example_dags/example_sensors.py for tasks to queue
[2026-06-24T13:22:23.615+0300] {logging_mixin.py:188} INFO - [2026-06-24T13:22:23.613+0300] {dagbag.py:540} INFO - Filling up the DagBag from /media/data/omar/programming course/DEPI/DEPI project/anomx/venv/lib/python3.12/site-packages/airflow/example_dags/example_sensors.py
[2026-06-24T13:22:23.645+0300] {processor.py:840} INFO - DAG(s) 'example_sensors' retrieved from /media/data/omar/programming course/DEPI/DEPI project/anomx/venv/lib/python3.12/site-packages/airflow/example_dags/example_sensors.py
[2026-06-24T13:22:23.708+0300] {logging_mixin.py:188} INFO - [2026-06-24T13:22:23.707+0300] {dag.py:3096} INFO - Sync 1 DAGs
[2026-06-24T13:22:23.750+0300] {logging_mixin.py:188} INFO - [2026-06-24T13:22:23.748+0300] {dag.py:3954} INFO - Setting next_dagrun for example_sensors to None, run_after=None
[2026-06-24T13:22:23.847+0300] {processor.py:183} INFO - Processing /media/data/omar/programming course/DEPI/DEPI project/anomx/venv/lib/python3.12/site-packages/airflow/example_dags/example_sensors.py took 0.258 seconds
[2026-06-24T13:23:45.577+0300] {processor.py:161} INFO - Started process (PID=54721) to work on /media/data/omar/programming course/DEPI/DEPI project/anomx/venv/lib/python3.12/site-packages/airflow/example_dags/example_sensors.py
[2026-06-24T13:23:45.580+0300] {processor.py:830} INFO - Processing file /media/data/omar/programming course/DEPI/DEPI project/anomx/venv/lib/python3.12/site-packages/airflow/example_dags/example_sensors.py for tasks to queue
[2026-06-24T13:23:45.583+0300] {logging_mixin.py:188} INFO - [2026-06-24T13:23:45.582+0300] {dagbag.py:540} INFO - Filling up the DagBag from /media/data/omar/programming course/DEPI/DEPI project/anomx/venv/lib/python3.12/site-packages/airflow/example_dags/example_sensors.py
[2026-06-24T13:23:45.603+0300] {processor.py:840} INFO - DAG(s) 'example_sensors' retrieved from /media/data/omar/programming course/DEPI/DEPI project/anomx/venv/lib/python3.12/site-packages/airflow/example_dags/example_sensors.py
[2026-06-24T13:23:45.655+0300] {logging_mixin.py:188} INFO - [2026-06-24T13:23:45.654+0300] {dag.py:3096} INFO - Sync 1 DAGs
[2026-06-24T13:23:45.679+0300] {logging_mixin.py:188} INFO - [2026-06-24T13:23:45.679+0300] {dag.py:3954} INFO - Setting next_dagrun for example_sensors to None, run_after=None
[2026-06-24T13:23:45.754+0300] {processor.py:183} INFO - Processing /media/data/omar/programming course/DEPI/DEPI project/anomx/venv/lib/python3.12/site-packages/airflow/example_dags/example_sensors.py took 0.197 seconds
[2026-06-24T13:25:07.534+0300] {processor.py:161} INFO - Started process (PID=55170) to work on /media/data/omar/programming course/DEPI/DEPI project/anomx/venv/lib/python3.12/site-packages/airflow/example_dags/example_sensors.py
[2026-06-24T13:25:07.536+0300] {processor.py:830} INFO - Processing file /media/data/omar/programming course/DEPI/DEPI project/anomx/venv/lib/python3.12/site-packages/airflow/example_dags/example_sensors.py for tasks to queue
[2026-06-24T13:25:07.538+0300] {logging_mixin.py:188} INFO - [2026-06-24T13:25:07.537+0300] {dagbag.py:540} INFO - Filling up the DagBag from /media/data/omar/programming course/DEPI/DEPI project/anomx/venv/lib/python3.12/site-packages/airflow/example_dags/example_sensors.py
[2026-06-24T13:25:07.561+0300] {processor.py:840} INFO - DAG(s) 'example_sensors' retrieved from /media/data/omar/programming course/DEPI/DEPI project/anomx/venv/lib/python3.12/site-packages/airflow/example_dags/example_sensors.py
[2026-06-24T13:25:07.606+0300] {logging_mixin.py:188} INFO - [2026-06-24T13:25:07.605+0300] {dag.py:3096} INFO - Sync 1 DAGs
[2026-06-24T13:25:07.630+0300] {logging_mixin.py:188} INFO - [2026-06-24T13:25:07.629+0300] {dag.py:3954} INFO - Setting next_dagrun for example_sensors to None, run_after=None
[2026-06-24T13:25:07.690+0300] {processor.py:183} INFO - Processing /media/data/omar/programming course/DEPI/DEPI project/anomx/venv/lib/python3.12/site-packages/airflow/example_dags/example_sensors.py took 0.170 seconds
[2026-06-24T13:26:07.241+0300] {processor.py:161} INFO - Started process (PID=55834) to work on /media/data/omar/programming course/DEPI/DEPI project/anomx/venv/lib/python3.12/site-packages/airflow/example_dags/example_sensors.py
[2026-06-24T13:26:07.242+0300] {processor.py:830} INFO - Processing file /media/data/omar/programming course/DEPI/DEPI project/anomx/venv/lib/python3.12/site-packages/airflow/example_dags/example_sensors.py for tasks to queue
[2026-06-24T13:26:07.243+0300] {logging_mixin.py:188} INFO - [2026-06-24T13:26:07.243+0300] {dagbag.py:540} INFO - Filling up the DagBag from /media/data/omar/programming course/DEPI/DEPI project/anomx/venv/lib/python3.12/site-packages/airflow/example_dags/example_sensors.py
[2026-06-24T13:26:07.254+0300] {processor.py:840} INFO - DAG(s) 'example_sensors' retrieved from /media/data/omar/programming course/DEPI/DEPI project/anomx/venv/lib/python3.12/site-packages/airflow/example_dags/example_sensors.py
[2026-06-24T13:26:07.277+0300] {logging_mixin.py:188} INFO - [2026-06-24T13:26:07.277+0300] {dag.py:3096} INFO - Sync 1 DAGs
[2026-06-24T13:26:07.288+0300] {logging_mixin.py:188} INFO - [2026-06-24T13:26:07.287+0300] {dag.py:3954} INFO - Setting next_dagrun for example_sensors to None, run_after=None
[2026-06-24T13:26:07.319+0300] {processor.py:183} INFO - Processing /media/data/omar/programming course/DEPI/DEPI project/anomx/venv/lib/python3.12/site-packages/airflow/example_dags/example_sensors.py took 0.084 seconds
[2026-06-24T13:27:03.171+0300] {processor.py:161} INFO - Started process (PID=56176) to work on /media/data/omar/programming course/DEPI/DEPI project/anomx/venv/lib/python3.12/site-packages/airflow/example_dags/example_sensors.py
[2026-06-24T13:27:03.172+0300] {processor.py:830} INFO - Processing file /media/data/omar/programming course/DEPI/DEPI project/anomx/venv/lib/python3.12/site-packages/airflow/example_dags/example_sensors.py for tasks to queue
[2026-06-24T13:27:03.173+0300] {logging_mixin.py:188} INFO - [2026-06-24T13:27:03.172+0300] {dagbag.py:540} INFO - Filling up the DagBag from /media/data/omar/programming course/DEPI/DEPI project/anomx/venv/lib/python3.12/site-packages/airflow/example_dags/example_sensors.py
[2026-06-24T13:27:03.183+0300] {processor.py:840} INFO - DAG(s) 'example_sensors' retrieved from /media/data/omar/programming course/DEPI/DEPI project/anomx/venv/lib/python3.12/site-packages/airflow/example_dags/example_sensors.py
[2026-06-24T13:27:03.208+0300] {logging_mixin.py:188} INFO - [2026-06-24T13:27:03.208+0300] {dag.py:3096} INFO - Sync 1 DAGs
[2026-06-24T13:27:03.218+0300] {logging_mixin.py:188} INFO - [2026-06-24T13:27:03.218+0300] {dag.py:3954} INFO - Setting next_dagrun for example_sensors to None, run_after=None
[2026-06-24T13:27:03.252+0300] {processor.py:183} INFO - Processing /media/data/omar/programming course/DEPI/DEPI project/anomx/venv/lib/python3.12/site-packages/airflow/example_dags/example_sensors.py took 0.087 seconds
[2026-06-24T13:27:52.595+0300] {processor.py:161} INFO - Started process (PID=56835) to work on /media/data/omar/programming course/DEPI/DEPI project/anomx/venv/lib/python3.12/site-packages/airflow/example_dags/example_sensors.py
[2026-06-24T13:27:52.596+0300] {processor.py:830} INFO - Processing file /media/data/omar/programming course/DEPI/DEPI project/anomx/venv/lib/python3.12/site-packages/airflow/example_dags/example_sensors.py for tasks to queue
[2026-06-24T13:27:52.597+0300] {logging_mixin.py:188} INFO - [2026-06-24T13:27:52.597+0300] {dagbag.py:540} INFO - Filling up the DagBag from /media/data/omar/programming course/DEPI/DEPI project/anomx/venv/lib/python3.12/site-packages/airflow/example_dags/example_sensors.py
[2026-06-24T13:27:52.605+0300] {processor.py:840} INFO - DAG(s) 'example_sensors' retrieved from /media/data/omar/programming course/DEPI/DEPI project/anomx/venv/lib/python3.12/site-packages/airflow/example_dags/example_sensors.py
[2026-06-24T13:27:52.624+0300] {logging_mixin.py:188} INFO - [2026-06-24T13:27:52.624+0300] {dag.py:3096} INFO - Sync 1 DAGs
[2026-06-24T13:27:52.634+0300] {logging_mixin.py:188} INFO - [2026-06-24T13:27:52.633+0300] {dag.py:3954} INFO - Setting next_dagrun for example_sensors to None, run_after=None
[2026-06-24T13:27:52.665+0300] {processor.py:183} INFO - Processing /media/data/omar/programming course/DEPI/DEPI project/anomx/venv/lib/python3.12/site-packages/airflow/example_dags/example_sensors.py took 0.075 seconds
[2026-06-24T13:28:40.306+0300] {processor.py:161} INFO - Started process (PID=57143) to work on /media/data/omar/programming course/DEPI/DEPI project/anomx/venv/lib/python3.12/site-packages/airflow/example_dags/example_sensors.py
[2026-06-24T13:28:40.307+0300] {processor.py:830} INFO - Processing file /media/data/omar/programming course/DEPI/DEPI project/anomx/venv/lib/python3.12/site-packages/airflow/example_dags/example_sensors.py for tasks to queue
[2026-06-24T13:28:40.308+0300] {logging_mixin.py:188} INFO - [2026-06-24T13:28:40.307+0300] {dagbag.py:540} INFO - Filling up the DagBag from /media/data/omar/programming course/DEPI/DEPI project/anomx/venv/lib/python3.12/site-packages/airflow/example_dags/example_sensors.py
[2026-06-24T13:28:40.316+0300] {processor.py:840} INFO - DAG(s) 'example_sensors' retrieved from /media/data/omar/programming course/DEPI/DEPI project/anomx/venv/lib/python3.12/site-packages/airflow/example_dags/example_sensors.py
[2026-06-24T13:28:40.340+0300] {logging_mixin.py:188} INFO - [2026-06-24T13:28:40.340+0300] {dag.py:3096} INFO - Sync 1 DAGs
[2026-06-24T13:28:40.351+0300] {logging_mixin.py:188} INFO - [2026-06-24T13:28:40.350+0300] {dag.py:3954} INFO - Setting next_dagrun for example_sensors to None, run_after=None
[2026-06-24T13:28:40.382+0300] {processor.py:183} INFO - Processing /media/data/omar/programming course/DEPI/DEPI project/anomx/venv/lib/python3.12/site-packages/airflow/example_dags/example_sensors.py took 0.083 seconds
[2026-06-24T13:29:32.740+0300] {processor.py:161} INFO - Started process (PID=57780) to work on /media/data/omar/programming course/DEPI/DEPI project/anomx/venv/lib/python3.12/site-packages/airflow/example_dags/example_sensors.py
[2026-06-24T13:29:32.741+0300] {processor.py:830} INFO - Processing file /media/data/omar/programming course/DEPI/DEPI project/anomx/venv/lib/python3.12/site-packages/airflow/example_dags/example_sensors.py for tasks to queue
[2026-06-24T13:29:32.742+0300] {logging_mixin.py:188} INFO - [2026-06-24T13:29:32.742+0300] {dagbag.py:540} INFO - Filling up the DagBag from /media/data/omar/programming course/DEPI/DEPI project/anomx/venv/lib/python3.12/site-packages/airflow/example_dags/example_sensors.py
[2026-06-24T13:29:32.751+0300] {processor.py:840} INFO - DAG(s) 'example_sensors' retrieved from /media/data/omar/programming course/DEPI/DEPI project/anomx/venv/lib/python3.12/site-packages/airflow/example_dags/example_sensors.py
[2026-06-24T13:29:32.773+0300] {logging_mixin.py:188} INFO - [2026-06-24T13:29:32.773+0300] {dag.py:3096} INFO - Sync 1 DAGs
[2026-06-24T13:29:32.784+0300] {logging_mixin.py:188} INFO - [2026-06-24T13:29:32.783+0300] {dag.py:3954} INFO - Setting next_dagrun for example_sensors to None, run_after=None
[2026-06-24T13:29:32.816+0300] {processor.py:183} INFO - Processing /media/data/omar/programming course/DEPI/DEPI project/anomx/venv/lib/python3.12/site-packages/airflow/example_dags/example_sensors.py took 0.082 seconds
[2026-06-24T13:30:25.097+0300] {processor.py:161} INFO - Started process (PID=58099) to work on /media/data/omar/programming course/DEPI/DEPI project/anomx/venv/lib/python3.12/site-packages/airflow/example_dags/example_sensors.py
[2026-06-24T13:30:25.100+0300] {processor.py:830} INFO - Processing file /media/data/omar/programming course/DEPI/DEPI project/anomx/venv/lib/python3.12/site-packages/airflow/example_dags/example_sensors.py for tasks to queue
[2026-06-24T13:30:25.102+0300] {logging_mixin.py:188} INFO - [2026-06-24T13:30:25.101+0300] {dagbag.py:540} INFO - Filling up the DagBag from /media/data/omar/programming course/DEPI/DEPI project/anomx/venv/lib/python3.12/site-packages/airflow/example_dags/example_sensors.py
[2026-06-24T13:30:25.118+0300] {processor.py:840} INFO - DAG(s) 'example_sensors' retrieved from /media/data/omar/programming course/DEPI/DEPI project/anomx/venv/lib/python3.12/site-packages/airflow/example_dags/example_sensors.py
[2026-06-24T13:30:25.140+0300] {logging_mixin.py:188} INFO - [2026-06-24T13:30:25.140+0300] {dag.py:3096} INFO - Sync 1 DAGs
[2026-06-24T13:30:25.151+0300] {logging_mixin.py:188} INFO - [2026-06-24T13:30:25.150+0300] {dag.py:3954} INFO - Setting next_dagrun for example_sensors to None, run_after=None
[2026-06-24T13:30:25.180+0300] {processor.py:183} INFO - Processing /media/data/omar/programming course/DEPI/DEPI project/anomx/venv/lib/python3.12/site-packages/airflow/example_dags/example_sensors.py took 0.096 seconds
[2026-06-24T13:31:20.650+0300] {processor.py:161} INFO - Started process (PID=58732) to work on /media/data/omar/programming course/DEPI/DEPI project/anomx/venv/lib/python3.12/site-packages/airflow/example_dags/example_sensors.py
[2026-06-24T13:31:20.652+0300] {processor.py:830} INFO - Processing file /media/data/omar/programming course/DEPI/DEPI project/anomx/venv/lib/python3.12/site-packages/airflow/example_dags/example_sensors.py for tasks to queue
[2026-06-24T13:31:20.654+0300] {logging_mixin.py:188} INFO - [2026-06-24T13:31:20.653+0300] {dagbag.py:540} INFO - Filling up the DagBag from /media/data/omar/programming course/DEPI/DEPI project/anomx/venv/lib/python3.12/site-packages/airflow/example_dags/example_sensors.py
[2026-06-24T13:31:20.667+0300] {processor.py:840} INFO - DAG(s) 'example_sensors' retrieved from /media/data/omar/programming course/DEPI/DEPI project/anomx/venv/lib/python3.12/site-packages/airflow/example_dags/example_sensors.py
[2026-06-24T13:31:20.688+0300] {logging_mixin.py:188} INFO - [2026-06-24T13:31:20.688+0300] {dag.py:3096} INFO - Sync 1 DAGs
[2026-06-24T13:31:20.698+0300] {logging_mixin.py:188} INFO - [2026-06-24T13:31:20.698+0300] {dag.py:3954} INFO - Setting next_dagrun for example_sensors to None, run_after=None
[2026-06-24T13:31:20.728+0300] {processor.py:183} INFO - Processing /media/data/omar/programming course/DEPI/DEPI project/anomx/venv/lib/python3.12/site-packages/airflow/example_dags/example_sensors.py took 0.097 seconds
[2026-06-24T13:32:11.213+0300] {processor.py:161} INFO - Started process (PID=59033) to work on /media/data/omar/programming course/DEPI/DEPI project/anomx/venv/lib/python3.12/site-packages/airflow/example_dags/example_sensors.py
[2026-06-24T13:32:11.214+0300] {processor.py:830} INFO - Processing file /media/data/omar/programming course/DEPI/DEPI project/anomx/venv/lib/python3.12/site-packages/airflow/example_dags/example_sensors.py for tasks to queue
[2026-06-24T13:32:11.215+0300] {logging_mixin.py:188} INFO - [2026-06-24T13:32:11.215+0300] {dagbag.py:540} INFO - Filling up the DagBag from /media/data/omar/programming course/DEPI/DEPI project/anomx/venv/lib/python3.12/site-packages/airflow/example_dags/example_sensors.py
[2026-06-24T13:32:11.224+0300] {processor.py:840} INFO - DAG(s) 'example_sensors' retrieved from /media/data/omar/programming course/DEPI/DEPI project/anomx/venv/lib/python3.12/site-packages/airflow/example_dags/example_sensors.py
[2026-06-24T13:32:11.246+0300] {logging_mixin.py:188} INFO - [2026-06-24T13:32:11.245+0300] {dag.py:3096} INFO - Sync 1 DAGs
[2026-06-24T13:32:11.255+0300] {logging_mixin.py:188} INFO - [2026-06-24T13:32:11.255+0300] {dag.py:3954} INFO - Setting next_dagrun for example_sensors to None, run_after=None
[2026-06-24T13:32:11.289+0300] {processor.py:183} INFO - Processing /media/data/omar/programming course/DEPI/DEPI project/anomx/venv/lib/python3.12/site-packages/airflow/example_dags/example_sensors.py took 0.083 seconds
[2026-06-24T13:32:58.362+0300] {processor.py:161} INFO - Started process (PID=59659) to work on /media/data/omar/programming course/DEPI/DEPI project/anomx/venv/lib/python3.12/site-packages/airflow/example_dags/example_sensors.py
[2026-06-24T13:32:58.362+0300] {processor.py:830} INFO - Processing file /media/data/omar/programming course/DEPI/DEPI project/anomx/venv/lib/python3.12/site-packages/airflow/example_dags/example_sensors.py for tasks to queue
[2026-06-24T13:32:58.364+0300] {logging_mixin.py:188} INFO - [2026-06-24T13:32:58.363+0300] {dagbag.py:540} INFO - Filling up the DagBag from /media/data/omar/programming course/DEPI/DEPI project/anomx/venv/lib/python3.12/site-packages/airflow/example_dags/example_sensors.py
[2026-06-24T13:32:58.372+0300] {processor.py:840} INFO - DAG(s) 'example_sensors' retrieved from /media/data/omar/programming course/DEPI/DEPI project/anomx/venv/lib/python3.12/site-packages/airflow/example_dags/example_sensors.py
[2026-06-24T13:32:58.394+0300] {logging_mixin.py:188} INFO - [2026-06-24T13:32:58.393+0300] {dag.py:3096} INFO - Sync 1 DAGs
[2026-06-24T13:32:58.403+0300] {logging_mixin.py:188} INFO - [2026-06-24T13:32:58.402+0300] {dag.py:3954} INFO - Setting next_dagrun for example_sensors to None, run_after=None
[2026-06-24T13:32:58.436+0300] {processor.py:183} INFO - Processing /media/data/omar/programming course/DEPI/DEPI project/anomx/venv/lib/python3.12/site-packages/airflow/example_dags/example_sensors.py took 0.079 seconds
[2026-06-24T13:33:50.389+0300] {processor.py:161} INFO - Started process (PID=59991) to work on /media/data/omar/programming course/DEPI/DEPI project/anomx/venv/lib/python3.12/site-packages/airflow/example_dags/example_sensors.py
[2026-06-24T13:33:50.390+0300] {processor.py:830} INFO - Processing file /media/data/omar/programming course/DEPI/DEPI project/anomx/venv/lib/python3.12/site-packages/airflow/example_dags/example_sensors.py for tasks to queue
[2026-06-24T13:33:50.391+0300] {logging_mixin.py:188} INFO - [2026-06-24T13:33:50.390+0300] {dagbag.py:540} INFO - Filling up the DagBag from /media/data/omar/programming course/DEPI/DEPI project/anomx/venv/lib/python3.12/site-packages/airflow/example_dags/example_sensors.py
[2026-06-24T13:33:50.400+0300] {processor.py:840} INFO - DAG(s) 'example_sensors' retrieved from /media/data/omar/programming course/DEPI/DEPI project/anomx/venv/lib/python3.12/site-packages/airflow/example_dags/example_sensors.py
[2026-06-24T13:33:50.419+0300] {logging_mixin.py:188} INFO - [2026-06-24T13:33:50.419+0300] {dag.py:3096} INFO - Sync 1 DAGs
[2026-06-24T13:33:50.429+0300] {logging_mixin.py:188} INFO - [2026-06-24T13:33:50.428+0300] {dag.py:3954} INFO - Setting next_dagrun for example_sensors to None, run_after=None
[2026-06-24T13:33:50.457+0300] {processor.py:183} INFO - Processing /media/data/omar/programming course/DEPI/DEPI project/anomx/venv/lib/python3.12/site-packages/airflow/example_dags/example_sensors.py took 0.074 seconds
[2026-06-24T13:34:39.792+0300] {processor.py:161} INFO - Started process (PID=60608) to work on /media/data/omar/programming course/DEPI/DEPI project/anomx/venv/lib/python3.12/site-packages/airflow/example_dags/example_sensors.py
[2026-06-24T13:34:39.793+0300] {processor.py:830} INFO - Processing file /media/data/omar/programming course/DEPI/DEPI project/anomx/venv/lib/python3.12/site-packages/airflow/example_dags/example_sensors.py for tasks to queue
[2026-06-24T13:34:39.794+0300] {logging_mixin.py:188} INFO - [2026-06-24T13:34:39.793+0300] {dagbag.py:540} INFO - Filling up the DagBag from /media/data/omar/programming course/DEPI/DEPI project/anomx/venv/lib/python3.12/site-packages/airflow/example_dags/example_sensors.py
[2026-06-24T13:34:39.803+0300] {processor.py:840} INFO - DAG(s) 'example_sensors' retrieved from /media/data/omar/programming course/DEPI/DEPI project/anomx/venv/lib/python3.12/site-packages/airflow/example_dags/example_sensors.py
[2026-06-24T13:34:39.825+0300] {logging_mixin.py:188} INFO - [2026-06-24T13:34:39.824+0300] {dag.py:3096} INFO - Sync 1 DAGs
[2026-06-24T13:34:39.834+0300] {logging_mixin.py:188} INFO - [2026-06-24T13:34:39.834+0300] {dag.py:3954} INFO - Setting next_dagrun for example_sensors to None, run_after=None
[2026-06-24T13:34:39.865+0300] {processor.py:183} INFO - Processing /media/data/omar/programming course/DEPI/DEPI project/anomx/venv/lib/python3.12/site-packages/airflow/example_dags/example_sensors.py took 0.079 seconds
[2026-06-24T13:35:28.214+0300] {processor.py:161} INFO - Started process (PID=60899) to work on /media/data/omar/programming course/DEPI/DEPI project/anomx/venv/lib/python3.12/site-packages/airflow/example_dags/example_sensors.py
[2026-06-24T13:35:28.215+0300] {processor.py:830} INFO - Processing file /media/data/omar/programming course/DEPI/DEPI project/anomx/venv/lib/python3.12/site-packages/airflow/example_dags/example_sensors.py for tasks to queue
[2026-06-24T13:35:28.217+0300] {logging_mixin.py:188} INFO - [2026-06-24T13:35:28.216+0300] {dagbag.py:540} INFO - Filling up the DagBag from /media/data/omar/programming course/DEPI/DEPI project/anomx/venv/lib/python3.12/site-packages/airflow/example_dags/example_sensors.py
[2026-06-24T13:35:28.230+0300] {processor.py:840} INFO - DAG(s) 'example_sensors' retrieved from /media/data/omar/programming course/DEPI/DEPI project/anomx/venv/lib/python3.12/site-packages/airflow/example_dags/example_sensors.py
[2026-06-24T13:35:28.253+0300] {logging_mixin.py:188} INFO - [2026-06-24T13:35:28.253+0300] {dag.py:3096} INFO - Sync 1 DAGs
[2026-06-24T13:35:28.263+0300] {logging_mixin.py:188} INFO - [2026-06-24T13:35:28.263+0300] {dag.py:3954} INFO - Setting next_dagrun for example_sensors to None, run_after=None
[2026-06-24T13:35:28.290+0300] {processor.py:183} INFO - Processing /media/data/omar/programming course/DEPI/DEPI project/anomx/venv/lib/python3.12/site-packages/airflow/example_dags/example_sensors.py took 0.088 seconds
[2026-06-24T13:36:16.356+0300] {processor.py:161} INFO - Started process (PID=61495) to work on /media/data/omar/programming course/DEPI/DEPI project/anomx/venv/lib/python3.12/site-packages/airflow/example_dags/example_sensors.py
[2026-06-24T13:36:16.358+0300] {processor.py:830} INFO - Processing file /media/data/omar/programming course/DEPI/DEPI project/anomx/venv/lib/python3.12/site-packages/airflow/example_dags/example_sensors.py for tasks to queue
[2026-06-24T13:36:16.360+0300] {logging_mixin.py:188} INFO - [2026-06-24T13:36:16.359+0300] {dagbag.py:540} INFO - Filling up the DagBag from /media/data/omar/programming course/DEPI/DEPI project/anomx/venv/lib/python3.12/site-packages/airflow/example_dags/example_sensors.py
[2026-06-24T13:36:16.375+0300] {processor.py:840} INFO - DAG(s) 'example_sensors' retrieved from /media/data/omar/programming course/DEPI/DEPI project/anomx/venv/lib/python3.12/site-packages/airflow/example_dags/example_sensors.py
[2026-06-24T13:36:16.398+0300] {logging_mixin.py:188} INFO - [2026-06-24T13:36:16.397+0300] {dag.py:3096} INFO - Sync 1 DAGs
[2026-06-24T13:36:16.405+0300] {logging_mixin.py:188} INFO - [2026-06-24T13:36:16.405+0300] {dag.py:3954} INFO - Setting next_dagrun for example_sensors to None, run_after=None
[2026-06-24T13:36:16.433+0300] {processor.py:183} INFO - Processing /media/data/omar/programming course/DEPI/DEPI project/anomx/venv/lib/python3.12/site-packages/airflow/example_dags/example_sensors.py took 0.086 seconds
[2026-06-24T13:37:01.346+0300] {processor.py:161} INFO - Started process (PID=61819) to work on /media/data/omar/programming course/DEPI/DEPI project/anomx/venv/lib/python3.12/site-packages/airflow/example_dags/example_sensors.py
[2026-06-24T13:37:01.347+0300] {processor.py:830} INFO - Processing file /media/data/omar/programming course/DEPI/DEPI project/anomx/venv/lib/python3.12/site-packages/airflow/example_dags/example_sensors.py for tasks to queue
[2026-06-24T13:37:01.348+0300] {logging_mixin.py:188} INFO - [2026-06-24T13:37:01.348+0300] {dagbag.py:540} INFO - Filling up the DagBag from /media/data/omar/programming course/DEPI/DEPI project/anomx/venv/lib/python3.12/site-packages/airflow/example_dags/example_sensors.py
[2026-06-24T13:37:01.356+0300] {processor.py:840} INFO - DAG(s) 'example_sensors' retrieved from /media/data/omar/programming course/DEPI/DEPI project/anomx/venv/lib/python3.12/site-packages/airflow/example_dags/example_sensors.py
[2026-06-24T13:37:01.376+0300] {logging_mixin.py:188} INFO - [2026-06-24T13:37:01.375+0300] {dag.py:3096} INFO - Sync 1 DAGs
[2026-06-24T13:37:01.385+0300] {logging_mixin.py:188} INFO - [2026-06-24T13:37:01.384+0300] {dag.py:3954} INFO - Setting next_dagrun for example_sensors to None, run_after=None
[2026-06-24T13:37:01.413+0300] {processor.py:183} INFO - Processing /media/data/omar/programming course/DEPI/DEPI project/anomx/venv/lib/python3.12/site-packages/airflow/example_dags/example_sensors.py took 0.072 seconds
[2026-06-24T13:37:49.719+0300] {processor.py:161} INFO - Started process (PID=62375) to work on /media/data/omar/programming course/DEPI/DEPI project/anomx/venv/lib/python3.12/site-packages/airflow/example_dags/example_sensors.py
[2026-06-24T13:37:49.720+0300] {processor.py:830} INFO - Processing file /media/data/omar/programming course/DEPI/DEPI project/anomx/venv/lib/python3.12/site-packages/airflow/example_dags/example_sensors.py for tasks to queue
[2026-06-24T13:37:49.722+0300] {logging_mixin.py:188} INFO - [2026-06-24T13:37:49.721+0300] {dagbag.py:540} INFO - Filling up the DagBag from /media/data/omar/programming course/DEPI/DEPI project/anomx/venv/lib/python3.12/site-packages/airflow/example_dags/example_sensors.py
[2026-06-24T13:37:49.738+0300] {processor.py:840} INFO - DAG(s) 'example_sensors' retrieved from /media/data/omar/programming course/DEPI/DEPI project/anomx/venv/lib/python3.12/site-packages/airflow/example_dags/example_sensors.py
[2026-06-24T13:37:49.760+0300] {logging_mixin.py:188} INFO - [2026-06-24T13:37:49.760+0300] {dag.py:3096} INFO - Sync 1 DAGs
[2026-06-24T13:37:49.769+0300] {logging_mixin.py:188} INFO - [2026-06-24T13:37:49.768+0300] {dag.py:3954} INFO - Setting next_dagrun for example_sensors to None, run_after=None
[2026-06-24T13:37:49.794+0300] {processor.py:183} INFO - Processing /media/data/omar/programming course/DEPI/DEPI project/anomx/venv/lib/python3.12/site-packages/airflow/example_dags/example_sensors.py took 0.086 seconds
[2026-06-24T13:38:40.661+0300] {processor.py:161} INFO - Started process (PID=62740) to work on /media/data/omar/programming course/DEPI/DEPI project/anomx/venv/lib/python3.12/site-packages/airflow/example_dags/example_sensors.py
[2026-06-24T13:38:40.662+0300] {processor.py:830} INFO - Processing file /media/data/omar/programming course/DEPI/DEPI project/anomx/venv/lib/python3.12/site-packages/airflow/example_dags/example_sensors.py for tasks to queue
[2026-06-24T13:38:40.663+0300] {logging_mixin.py:188} INFO - [2026-06-24T13:38:40.663+0300] {dagbag.py:540} INFO - Filling up the DagBag from /media/data/omar/programming course/DEPI/DEPI project/anomx/venv/lib/python3.12/site-packages/airflow/example_dags/example_sensors.py
[2026-06-24T13:38:40.671+0300] {processor.py:840} INFO - DAG(s) 'example_sensors' retrieved from /media/data/omar/programming course/DEPI/DEPI project/anomx/venv/lib/python3.12/site-packages/airflow/example_dags/example_sensors.py
[2026-06-24T13:38:40.691+0300] {logging_mixin.py:188} INFO - [2026-06-24T13:38:40.690+0300] {dag.py:3096} INFO - Sync 1 DAGs
[2026-06-24T13:38:40.700+0300] {logging_mixin.py:188} INFO - [2026-06-24T13:38:40.700+0300] {dag.py:3954} INFO - Setting next_dagrun for example_sensors to None, run_after=None
[2026-06-24T13:38:40.734+0300] {processor.py:183} INFO - Processing /media/data/omar/programming course/DEPI/DEPI project/anomx/venv/lib/python3.12/site-packages/airflow/example_dags/example_sensors.py took 0.079 seconds
[2026-06-24T13:39:30.175+0300] {processor.py:161} INFO - Started process (PID=63311) to work on /media/data/omar/programming course/DEPI/DEPI project/anomx/venv/lib/python3.12/site-packages/airflow/example_dags/example_sensors.py
[2026-06-24T13:39:30.176+0300] {processor.py:830} INFO - Processing file /media/data/omar/programming course/DEPI/DEPI project/anomx/venv/lib/python3.12/site-packages/airflow/example_dags/example_sensors.py for tasks to queue
[2026-06-24T13:39:30.177+0300] {logging_mixin.py:188} INFO - [2026-06-24T13:39:30.177+0300] {dagbag.py:540} INFO - Filling up the DagBag from /media/data/omar/programming course/DEPI/DEPI project/anomx/venv/lib/python3.12/site-packages/airflow/example_dags/example_sensors.py
[2026-06-24T13:39:30.189+0300] {processor.py:840} INFO - DAG(s) 'example_sensors' retrieved from /media/data/omar/programming course/DEPI/DEPI project/anomx/venv/lib/python3.12/site-packages/airflow/example_dags/example_sensors.py
[2026-06-24T13:39:30.211+0300] {logging_mixin.py:188} INFO - [2026-06-24T13:39:30.210+0300] {dag.py:3096} INFO - Sync 1 DAGs
[2026-06-24T13:39:30.219+0300] {logging_mixin.py:188} INFO - [2026-06-24T13:39:30.219+0300] {dag.py:3954} INFO - Setting next_dagrun for example_sensors to None, run_after=None
[2026-06-24T13:39:30.245+0300] {processor.py:183} INFO - Processing /media/data/omar/programming course/DEPI/DEPI project/anomx/venv/lib/python3.12/site-packages/airflow/example_dags/example_sensors.py took 0.080 seconds
[2026-06-24T13:40:21.102+0300] {processor.py:161} INFO - Started process (PID=63658) to work on /media/data/omar/programming course/DEPI/DEPI project/anomx/venv/lib/python3.12/site-packages/airflow/example_dags/example_sensors.py
[2026-06-24T13:40:21.103+0300] {processor.py:830} INFO - Processing file /media/data/omar/programming course/DEPI/DEPI project/anomx/venv/lib/python3.12/site-packages/airflow/example_dags/example_sensors.py for tasks to queue
[2026-06-24T13:40:21.104+0300] {logging_mixin.py:188} INFO - [2026-06-24T13:40:21.103+0300] {dagbag.py:540} INFO - Filling up the DagBag from /media/data/omar/programming course/DEPI/DEPI project/anomx/venv/lib/python3.12/site-packages/airflow/example_dags/example_sensors.py
[2026-06-24T13:40:21.112+0300] {processor.py:840} INFO - DAG(s) 'example_sensors' retrieved from /media/data/omar/programming course/DEPI/DEPI project/anomx/venv/lib/python3.12/site-packages/airflow/example_dags/example_sensors.py
[2026-06-24T13:40:21.132+0300] {logging_mixin.py:188} INFO - [2026-06-24T13:40:21.132+0300] {dag.py:3096} INFO - Sync 1 DAGs
[2026-06-24T13:40:21.141+0300] {logging_mixin.py:188} INFO - [2026-06-24T13:40:21.141+0300] {dag.py:3954} INFO - Setting next_dagrun for example_sensors to None, run_after=None
[2026-06-24T13:40:21.169+0300] {processor.py:183} INFO - Processing /media/data/omar/programming course/DEPI/DEPI project/anomx/venv/lib/python3.12/site-packages/airflow/example_dags/example_sensors.py took 0.072 seconds
[2026-06-24T13:41:10.413+0300] {processor.py:161} INFO - Started process (PID=64247) to work on /media/data/omar/programming course/DEPI/DEPI project/anomx/venv/lib/python3.12/site-packages/airflow/example_dags/example_sensors.py
[2026-06-24T13:41:10.415+0300] {processor.py:830} INFO - Processing file /media/data/omar/programming course/DEPI/DEPI project/anomx/venv/lib/python3.12/site-packages/airflow/example_dags/example_sensors.py for tasks to queue
[2026-06-24T13:41:10.417+0300] {logging_mixin.py:188} INFO - [2026-06-24T13:41:10.416+0300] {dagbag.py:540} INFO - Filling up the DagBag from /media/data/omar/programming course/DEPI/DEPI project/anomx/venv/lib/python3.12/site-packages/airflow/example_dags/example_sensors.py
[2026-06-24T13:41:10.431+0300] {processor.py:840} INFO - DAG(s) 'example_sensors' retrieved from /media/data/omar/programming course/DEPI/DEPI project/anomx/venv/lib/python3.12/site-packages/airflow/example_dags/example_sensors.py
[2026-06-24T13:41:10.452+0300] {logging_mixin.py:188} INFO - [2026-06-24T13:41:10.452+0300] {dag.py:3096} INFO - Sync 1 DAGs
[2026-06-24T13:41:10.461+0300] {logging_mixin.py:188} INFO - [2026-06-24T13:41:10.461+0300] {dag.py:3954} INFO - Setting next_dagrun for example_sensors to None, run_after=None
[2026-06-24T13:41:10.487+0300] {processor.py:183} INFO - Processing /media/data/omar/programming course/DEPI/DEPI project/anomx/venv/lib/python3.12/site-packages/airflow/example_dags/example_sensors.py took 0.092 seconds
[2026-06-24T13:42:05.368+0300] {processor.py:161} INFO - Started process (PID=64622) to work on /media/data/omar/programming course/DEPI/DEPI project/anomx/venv/lib/python3.12/site-packages/airflow/example_dags/example_sensors.py
[2026-06-24T13:42:05.369+0300] {processor.py:830} INFO - Processing file /media/data/omar/programming course/DEPI/DEPI project/anomx/venv/lib/python3.12/site-packages/airflow/example_dags/example_sensors.py for tasks to queue
[2026-06-24T13:42:05.370+0300] {logging_mixin.py:188} INFO - [2026-06-24T13:42:05.370+0300] {dagbag.py:540} INFO - Filling up the DagBag from /media/data/omar/programming course/DEPI/DEPI project/anomx/venv/lib/python3.12/site-packages/airflow/example_dags/example_sensors.py
[2026-06-24T13:42:05.379+0300] {processor.py:840} INFO - DAG(s) 'example_sensors' retrieved from /media/data/omar/programming course/DEPI/DEPI project/anomx/venv/lib/python3.12/site-packages/airflow/example_dags/example_sensors.py
[2026-06-24T13:42:05.399+0300] {logging_mixin.py:188} INFO - [2026-06-24T13:42:05.399+0300] {dag.py:3096} INFO - Sync 1 DAGs
[2026-06-24T13:42:05.408+0300] {logging_mixin.py:188} INFO - [2026-06-24T13:42:05.408+0300] {dag.py:3954} INFO - Setting next_dagrun for example_sensors to None, run_after=None
[2026-06-24T13:42:05.442+0300] {processor.py:183} INFO - Processing /media/data/omar/programming course/DEPI/DEPI project/anomx/venv/lib/python3.12/site-packages/airflow/example_dags/example_sensors.py took 0.081 seconds
[2026-06-24T13:42:57.095+0300] {processor.py:161} INFO - Started process (PID=65218) to work on /media/data/omar/programming course/DEPI/DEPI project/anomx/venv/lib/python3.12/site-packages/airflow/example_dags/example_sensors.py
[2026-06-24T13:42:57.097+0300] {processor.py:830} INFO - Processing file /media/data/omar/programming course/DEPI/DEPI project/anomx/venv/lib/python3.12/site-packages/airflow/example_dags/example_sensors.py for tasks to queue
[2026-06-24T13:42:57.099+0300] {logging_mixin.py:188} INFO - [2026-06-24T13:42:57.098+0300] {dagbag.py:540} INFO - Filling up the DagBag from /media/data/omar/programming course/DEPI/DEPI project/anomx/venv/lib/python3.12/site-packages/airflow/example_dags/example_sensors.py
[2026-06-24T13:42:57.110+0300] {processor.py:840} INFO - DAG(s) 'example_sensors' retrieved from /media/data/omar/programming course/DEPI/DEPI project/anomx/venv/lib/python3.12/site-packages/airflow/example_dags/example_sensors.py
[2026-06-24T13:42:57.130+0300] {logging_mixin.py:188} INFO - [2026-06-24T13:42:57.129+0300] {dag.py:3096} INFO - Sync 1 DAGs
[2026-06-24T13:42:57.139+0300] {logging_mixin.py:188} INFO - [2026-06-24T13:42:57.139+0300] {dag.py:3954} INFO - Setting next_dagrun for example_sensors to None, run_after=None
[2026-06-24T13:42:57.168+0300] {processor.py:183} INFO - Processing /media/data/omar/programming course/DEPI/DEPI project/anomx/venv/lib/python3.12/site-packages/airflow/example_dags/example_sensors.py took 0.085 seconds
[2026-06-24T13:43:48.589+0300] {processor.py:161} INFO - Started process (PID=65564) to work on /media/data/omar/programming course/DEPI/DEPI project/anomx/venv/lib/python3.12/site-packages/airflow/example_dags/example_sensors.py
[2026-06-24T13:43:48.590+0300] {processor.py:830} INFO - Processing file /media/data/omar/programming course/DEPI/DEPI project/anomx/venv/lib/python3.12/site-packages/airflow/example_dags/example_sensors.py for tasks to queue
[2026-06-24T13:43:48.591+0300] {logging_mixin.py:188} INFO - [2026-06-24T13:43:48.591+0300] {dagbag.py:540} INFO - Filling up the DagBag from /media/data/omar/programming course/DEPI/DEPI project/anomx/venv/lib/python3.12/site-packages/airflow/example_dags/example_sensors.py
[2026-06-24T13:43:48.602+0300] {processor.py:840} INFO - DAG(s) 'example_sensors' retrieved from /media/data/omar/programming course/DEPI/DEPI project/anomx/venv/lib/python3.12/site-packages/airflow/example_dags/example_sensors.py
[2026-06-24T13:43:48.624+0300] {logging_mixin.py:188} INFO - [2026-06-24T13:43:48.624+0300] {dag.py:3096} INFO - Sync 1 DAGs
[2026-06-24T13:43:48.634+0300] {logging_mixin.py:188} INFO - [2026-06-24T13:43:48.633+0300] {dag.py:3954} INFO - Setting next_dagrun for example_sensors to None, run_after=None
[2026-06-24T13:43:48.661+0300] {processor.py:183} INFO - Processing /media/data/omar/programming course/DEPI/DEPI project/anomx/venv/lib/python3.12/site-packages/airflow/example_dags/example_sensors.py took 0.082 seconds
[2026-06-24T13:44:36.533+0300] {processor.py:161} INFO - Started process (PID=66154) to work on /media/data/omar/programming course/DEPI/DEPI project/anomx/venv/lib/python3.12/site-packages/airflow/example_dags/example_sensors.py
[2026-06-24T13:44:36.534+0300] {processor.py:830} INFO - Processing file /media/data/omar/programming course/DEPI/DEPI project/anomx/venv/lib/python3.12/site-packages/airflow/example_dags/example_sensors.py for tasks to queue
[2026-06-24T13:44:36.535+0300] {logging_mixin.py:188} INFO - [2026-06-24T13:44:36.534+0300] {dagbag.py:540} INFO - Filling up the DagBag from /media/data/omar/programming course/DEPI/DEPI project/anomx/venv/lib/python3.12/site-packages/airflow/example_dags/example_sensors.py
[2026-06-24T13:44:36.543+0300] {processor.py:840} INFO - DAG(s) 'example_sensors' retrieved from /media/data/omar/programming course/DEPI/DEPI project/anomx/venv/lib/python3.12/site-packages/airflow/example_dags/example_sensors.py
[2026-06-24T13:44:36.561+0300] {logging_mixin.py:188} INFO - [2026-06-24T13:44:36.561+0300] {dag.py:3096} INFO - Sync 1 DAGs
[2026-06-24T13:44:36.570+0300] {logging_mixin.py:188} INFO - [2026-06-24T13:44:36.569+0300] {dag.py:3954} INFO - Setting next_dagrun for example_sensors to None, run_after=None
[2026-06-24T13:44:36.596+0300] {processor.py:183} INFO - Processing /media/data/omar/programming course/DEPI/DEPI project/anomx/venv/lib/python3.12/site-packages/airflow/example_dags/example_sensors.py took 0.068 seconds
[2026-06-24T13:45:22.585+0300] {processor.py:161} INFO - Started process (PID=66452) to work on /media/data/omar/programming course/DEPI/DEPI project/anomx/venv/lib/python3.12/site-packages/airflow/example_dags/example_sensors.py
[2026-06-24T13:45:22.587+0300] {processor.py:830} INFO - Processing file /media/data/omar/programming course/DEPI/DEPI project/anomx/venv/lib/python3.12/site-packages/airflow/example_dags/example_sensors.py for tasks to queue
[2026-06-24T13:45:22.589+0300] {logging_mixin.py:188} INFO - [2026-06-24T13:45:22.588+0300] {dagbag.py:540} INFO - Filling up the DagBag from /media/data/omar/programming course/DEPI/DEPI project/anomx/venv/lib/python3.12/site-packages/airflow/example_dags/example_sensors.py
[2026-06-24T13:45:22.606+0300] {processor.py:840} INFO - DAG(s) 'example_sensors' retrieved from /media/data/omar/programming course/DEPI/DEPI project/anomx/venv/lib/python3.12/site-packages/airflow/example_dags/example_sensors.py
[2026-06-24T13:45:22.629+0300] {logging_mixin.py:188} INFO - [2026-06-24T13:45:22.628+0300] {dag.py:3096} INFO - Sync 1 DAGs
[2026-06-24T13:45:22.637+0300] {logging_mixin.py:188} INFO - [2026-06-24T13:45:22.637+0300] {dag.py:3954} INFO - Setting next_dagrun for example_sensors to None, run_after=None
[2026-06-24T13:45:22.665+0300] {processor.py:183} INFO - Processing /media/data/omar/programming course/DEPI/DEPI project/anomx/venv/lib/python3.12/site-packages/airflow/example_dags/example_sensors.py took 0.091 seconds
[2026-06-24T13:46:10.075+0300] {processor.py:161} INFO - Started process (PID=67038) to work on /media/data/omar/programming course/DEPI/DEPI project/anomx/venv/lib/python3.12/site-packages/airflow/example_dags/example_sensors.py
[2026-06-24T13:46:10.076+0300] {processor.py:830} INFO - Processing file /media/data/omar/programming course/DEPI/DEPI project/anomx/venv/lib/python3.12/site-packages/airflow/example_dags/example_sensors.py for tasks to queue
[2026-06-24T13:46:10.077+0300] {logging_mixin.py:188} INFO - [2026-06-24T13:46:10.077+0300] {dagbag.py:540} INFO - Filling up the DagBag from /media/data/omar/programming course/DEPI/DEPI project/anomx/venv/lib/python3.12/site-packages/airflow/example_dags/example_sensors.py
[2026-06-24T13:46:10.087+0300] {processor.py:840} INFO - DAG(s) 'example_sensors' retrieved from /media/data/omar/programming course/DEPI/DEPI project/anomx/venv/lib/python3.12/site-packages/airflow/example_dags/example_sensors.py
[2026-06-24T13:46:10.107+0300] {logging_mixin.py:188} INFO - [2026-06-24T13:46:10.107+0300] {dag.py:3096} INFO - Sync 1 DAGs
[2026-06-24T13:46:10.117+0300] {logging_mixin.py:188} INFO - [2026-06-24T13:46:10.116+0300] {dag.py:3954} INFO - Setting next_dagrun for example_sensors to None, run_after=None
[2026-06-24T13:46:10.148+0300] {processor.py:183} INFO - Processing /media/data/omar/programming course/DEPI/DEPI project/anomx/venv/lib/python3.12/site-packages/airflow/example_dags/example_sensors.py took 0.079 seconds
[2026-06-24T13:46:55.283+0300] {processor.py:161} INFO - Started process (PID=67350) to work on /media/data/omar/programming course/DEPI/DEPI project/anomx/venv/lib/python3.12/site-packages/airflow/example_dags/example_sensors.py
[2026-06-24T13:46:55.284+0300] {processor.py:830} INFO - Processing file /media/data/omar/programming course/DEPI/DEPI project/anomx/venv/lib/python3.12/site-packages/airflow/example_dags/example_sensors.py for tasks to queue
[2026-06-24T13:46:55.285+0300] {logging_mixin.py:188} INFO - [2026-06-24T13:46:55.284+0300] {dagbag.py:540} INFO - Filling up the DagBag from /media/data/omar/programming course/DEPI/DEPI project/anomx/venv/lib/python3.12/site-packages/airflow/example_dags/example_sensors.py
[2026-06-24T13:46:55.294+0300] {processor.py:840} INFO - DAG(s) 'example_sensors' retrieved from /media/data/omar/programming course/DEPI/DEPI project/anomx/venv/lib/python3.12/site-packages/airflow/example_dags/example_sensors.py
[2026-06-24T13:46:55.312+0300] {logging_mixin.py:188} INFO - [2026-06-24T13:46:55.312+0300] {dag.py:3096} INFO - Sync 1 DAGs
[2026-06-24T13:46:55.320+0300] {logging_mixin.py:188} INFO - [2026-06-24T13:46:55.320+0300] {dag.py:3954} INFO - Setting next_dagrun for example_sensors to None, run_after=None
[2026-06-24T13:46:55.347+0300] {processor.py:183} INFO - Processing /media/data/omar/programming course/DEPI/DEPI project/anomx/venv/lib/python3.12/site-packages/airflow/example_dags/example_sensors.py took 0.069 seconds
[2026-06-24T13:47:42.220+0300] {processor.py:161} INFO - Started process (PID=67903) to work on /media/data/omar/programming course/DEPI/DEPI project/anomx/venv/lib/python3.12/site-packages/airflow/example_dags/example_sensors.py
[2026-06-24T13:47:42.221+0300] {processor.py:830} INFO - Processing file /media/data/omar/programming course/DEPI/DEPI project/anomx/venv/lib/python3.12/site-packages/airflow/example_dags/example_sensors.py for tasks to queue
[2026-06-24T13:47:42.222+0300] {logging_mixin.py:188} INFO - [2026-06-24T13:47:42.222+0300] {dagbag.py:540} INFO - Filling up the DagBag from /media/data/omar/programming course/DEPI/DEPI project/anomx/venv/lib/python3.12/site-packages/airflow/example_dags/example_sensors.py
[2026-06-24T13:47:42.231+0300] {processor.py:840} INFO - DAG(s) 'example_sensors' retrieved from /media/data/omar/programming course/DEPI/DEPI project/anomx/venv/lib/python3.12/site-packages/airflow/example_dags/example_sensors.py
[2026-06-24T13:47:42.250+0300] {logging_mixin.py:188} INFO - [2026-06-24T13:47:42.250+0300] {dag.py:3096} INFO - Sync 1 DAGs
[2026-06-24T13:47:42.259+0300] {logging_mixin.py:188} INFO - [2026-06-24T13:47:42.259+0300] {dag.py:3954} INFO - Setting next_dagrun for example_sensors to None, run_after=None
[2026-06-24T13:47:42.288+0300] {processor.py:183} INFO - Processing /media/data/omar/programming course/DEPI/DEPI project/anomx/venv/lib/python3.12/site-packages/airflow/example_dags/example_sensors.py took 0.074 seconds
[2026-06-24T13:48:33.710+0300] {processor.py:161} INFO - Started process (PID=68293) to work on /media/data/omar/programming course/DEPI/DEPI project/anomx/venv/lib/python3.12/site-packages/airflow/example_dags/example_sensors.py
[2026-06-24T13:48:33.711+0300] {processor.py:830} INFO - Processing file /media/data/omar/programming course/DEPI/DEPI project/anomx/venv/lib/python3.12/site-packages/airflow/example_dags/example_sensors.py for tasks to queue
[2026-06-24T13:48:33.712+0300] {logging_mixin.py:188} INFO - [2026-06-24T13:48:33.711+0300] {dagbag.py:540} INFO - Filling up the DagBag from /media/data/omar/programming course/DEPI/DEPI project/anomx/venv/lib/python3.12/site-packages/airflow/example_dags/example_sensors.py
[2026-06-24T13:48:33.721+0300] {processor.py:840} INFO - DAG(s) 'example_sensors' retrieved from /media/data/omar/programming course/DEPI/DEPI project/anomx/venv/lib/python3.12/site-packages/airflow/example_dags/example_sensors.py
[2026-06-24T13:48:33.742+0300] {logging_mixin.py:188} INFO - [2026-06-24T13:48:33.742+0300] {dag.py:3096} INFO - Sync 1 DAGs
[2026-06-24T13:48:33.753+0300] {logging_mixin.py:188} INFO - [2026-06-24T13:48:33.753+0300] {dag.py:3954} INFO - Setting next_dagrun for example_sensors to None, run_after=None
[2026-06-24T13:48:33.781+0300] {processor.py:183} INFO - Processing /media/data/omar/programming course/DEPI/DEPI project/anomx/venv/lib/python3.12/site-packages/airflow/example_dags/example_sensors.py took 0.078 seconds
[2026-06-24T13:49:24.670+0300] {processor.py:161} INFO - Started process (PID=68859) to work on /media/data/omar/programming course/DEPI/DEPI project/anomx/venv/lib/python3.12/site-packages/airflow/example_dags/example_sensors.py
[2026-06-24T13:49:24.673+0300] {processor.py:830} INFO - Processing file /media/data/omar/programming course/DEPI/DEPI project/anomx/venv/lib/python3.12/site-packages/airflow/example_dags/example_sensors.py for tasks to queue
[2026-06-24T13:49:24.675+0300] {logging_mixin.py:188} INFO - [2026-06-24T13:49:24.674+0300] {dagbag.py:540} INFO - Filling up the DagBag from /media/data/omar/programming course/DEPI/DEPI project/anomx/venv/lib/python3.12/site-packages/airflow/example_dags/example_sensors.py
[2026-06-24T13:49:24.688+0300] {processor.py:840} INFO - DAG(s) 'example_sensors' retrieved from /media/data/omar/programming course/DEPI/DEPI project/anomx/venv/lib/python3.12/site-packages/airflow/example_dags/example_sensors.py
[2026-06-24T13:49:24.708+0300] {logging_mixin.py:188} INFO - [2026-06-24T13:49:24.708+0300] {dag.py:3096} INFO - Sync 1 DAGs
[2026-06-24T13:49:24.717+0300] {logging_mixin.py:188} INFO - [2026-06-24T13:49:24.716+0300] {dag.py:3954} INFO - Setting next_dagrun for example_sensors to None, run_after=None
[2026-06-24T13:49:24.753+0300] {processor.py:183} INFO - Processing /media/data/omar/programming course/DEPI/DEPI project/anomx/venv/lib/python3.12/site-packages/airflow/example_dags/example_sensors.py took 0.103 seconds
[2026-06-24T13:50:13.161+0300] {processor.py:161} INFO - Started process (PID=69233) to work on /media/data/omar/programming course/DEPI/DEPI project/anomx/venv/lib/python3.12/site-packages/airflow/example_dags/example_sensors.py
[2026-06-24T13:50:13.162+0300] {processor.py:830} INFO - Processing file /media/data/omar/programming course/DEPI/DEPI project/anomx/venv/lib/python3.12/site-packages/airflow/example_dags/example_sensors.py for tasks to queue
[2026-06-24T13:50:13.163+0300] {logging_mixin.py:188} INFO - [2026-06-24T13:50:13.163+0300] {dagbag.py:540} INFO - Filling up the DagBag from /media/data/omar/programming course/DEPI/DEPI project/anomx/venv/lib/python3.12/site-packages/airflow/example_dags/example_sensors.py
[2026-06-24T13:50:13.175+0300] {processor.py:840} INFO - DAG(s) 'example_sensors' retrieved from /media/data/omar/programming course/DEPI/DEPI project/anomx/venv/lib/python3.12/site-packages/airflow/example_dags/example_sensors.py
[2026-06-24T13:50:13.202+0300] {logging_mixin.py:188} INFO - [2026-06-24T13:50:13.202+0300] {dag.py:3096} INFO - Sync 1 DAGs
[2026-06-24T13:50:13.217+0300] {logging_mixin.py:188} INFO - [2026-06-24T13:50:13.216+0300] {dag.py:3954} INFO - Setting next_dagrun for example_sensors to None, run_after=None
[2026-06-24T13:50:13.254+0300] {processor.py:183} INFO - Processing /media/data/omar/programming course/DEPI/DEPI project/anomx/venv/lib/python3.12/site-packages/airflow/example_dags/example_sensors.py took 0.098 seconds
[2026-06-24T13:51:05.974+0300] {processor.py:161} INFO - Started process (PID=69788) to work on /media/data/omar/programming course/DEPI/DEPI project/anomx/venv/lib/python3.12/site-packages/airflow/example_dags/example_sensors.py
[2026-06-24T13:51:05.975+0300] {processor.py:830} INFO - Processing file /media/data/omar/programming course/DEPI/DEPI project/anomx/venv/lib/python3.12/site-packages/airflow/example_dags/example_sensors.py for tasks to queue
[2026-06-24T13:51:05.977+0300] {logging_mixin.py:188} INFO - [2026-06-24T13:51:05.976+0300] {dagbag.py:540} INFO - Filling up the DagBag from /media/data/omar/programming course/DEPI/DEPI project/anomx/venv/lib/python3.12/site-packages/airflow/example_dags/example_sensors.py
[2026-06-24T13:51:05.989+0300] {processor.py:840} INFO - DAG(s) 'example_sensors' retrieved from /media/data/omar/programming course/DEPI/DEPI project/anomx/venv/lib/python3.12/site-packages/airflow/example_dags/example_sensors.py
[2026-06-24T13:51:06.008+0300] {logging_mixin.py:188} INFO - [2026-06-24T13:51:06.008+0300] {dag.py:3096} INFO - Sync 1 DAGs
[2026-06-24T13:51:06.018+0300] {logging_mixin.py:188} INFO - [2026-06-24T13:51:06.018+0300] {dag.py:3954} INFO - Setting next_dagrun for example_sensors to None, run_after=None
[2026-06-24T13:51:06.050+0300] {processor.py:183} INFO - Processing /media/data/omar/programming course/DEPI/DEPI project/anomx/venv/lib/python3.12/site-packages/airflow/example_dags/example_sensors.py took 0.093 seconds
[2026-06-24T13:51:57.787+0300] {processor.py:161} INFO - Started process (PID=70176) to work on /media/data/omar/programming course/DEPI/DEPI project/anomx/venv/lib/python3.12/site-packages/airflow/example_dags/example_sensors.py
[2026-06-24T13:51:57.789+0300] {processor.py:830} INFO - Processing file /media/data/omar/programming course/DEPI/DEPI project/anomx/venv/lib/python3.12/site-packages/airflow/example_dags/example_sensors.py for tasks to queue
[2026-06-24T13:51:57.791+0300] {logging_mixin.py:188} INFO - [2026-06-24T13:51:57.790+0300] {dagbag.py:540} INFO - Filling up the DagBag from /media/data/omar/programming course/DEPI/DEPI project/anomx/venv/lib/python3.12/site-packages/airflow/example_dags/example_sensors.py
[2026-06-24T13:51:57.807+0300] {processor.py:840} INFO - DAG(s) 'example_sensors' retrieved from /media/data/omar/programming course/DEPI/DEPI project/anomx/venv/lib/python3.12/site-packages/airflow/example_dags/example_sensors.py
[2026-06-24T13:51:57.830+0300] {logging_mixin.py:188} INFO - [2026-06-24T13:51:57.830+0300] {dag.py:3096} INFO - Sync 1 DAGs
[2026-06-24T13:51:57.840+0300] {logging_mixin.py:188} INFO - [2026-06-24T13:51:57.840+0300] {dag.py:3954} INFO - Setting next_dagrun for example_sensors to None, run_after=None
[2026-06-24T13:51:57.867+0300] {processor.py:183} INFO - Processing /media/data/omar/programming course/DEPI/DEPI project/anomx/venv/lib/python3.12/site-packages/airflow/example_dags/example_sensors.py took 0.093 seconds
[2026-06-24T13:52:50.415+0300] {processor.py:161} INFO - Started process (PID=70762) to work on /media/data/omar/programming course/DEPI/DEPI project/anomx/venv/lib/python3.12/site-packages/airflow/example_dags/example_sensors.py
[2026-06-24T13:52:50.416+0300] {processor.py:830} INFO - Processing file /media/data/omar/programming course/DEPI/DEPI project/anomx/venv/lib/python3.12/site-packages/airflow/example_dags/example_sensors.py for tasks to queue
[2026-06-24T13:52:50.417+0300] {logging_mixin.py:188} INFO - [2026-06-24T13:52:50.416+0300] {dagbag.py:540} INFO - Filling up the DagBag from /media/data/omar/programming course/DEPI/DEPI project/anomx/venv/lib/python3.12/site-packages/airflow/example_dags/example_sensors.py
[2026-06-24T13:52:50.426+0300] {processor.py:840} INFO - DAG(s) 'example_sensors' retrieved from /media/data/omar/programming course/DEPI/DEPI project/anomx/venv/lib/python3.12/site-packages/airflow/example_dags/example_sensors.py
[2026-06-24T13:52:50.446+0300] {logging_mixin.py:188} INFO - [2026-06-24T13:52:50.446+0300] {dag.py:3096} INFO - Sync 1 DAGs
[2026-06-24T13:52:50.455+0300] {logging_mixin.py:188} INFO - [2026-06-24T13:52:50.455+0300] {dag.py:3954} INFO - Setting next_dagrun for example_sensors to None, run_after=None
[2026-06-24T13:52:50.485+0300] {processor.py:183} INFO - Processing /media/data/omar/programming course/DEPI/DEPI project/anomx/venv/lib/python3.12/site-packages/airflow/example_dags/example_sensors.py took 0.076 seconds
[2026-06-24T13:53:44.041+0300] {processor.py:161} INFO - Started process (PID=71132) to work on /media/data/omar/programming course/DEPI/DEPI project/anomx/venv/lib/python3.12/site-packages/airflow/example_dags/example_sensors.py
[2026-06-24T13:53:44.042+0300] {processor.py:830} INFO - Processing file /media/data/omar/programming course/DEPI/DEPI project/anomx/venv/lib/python3.12/site-packages/airflow/example_dags/example_sensors.py for tasks to queue
[2026-06-24T13:53:44.043+0300] {logging_mixin.py:188} INFO - [2026-06-24T13:53:44.042+0300] {dagbag.py:540} INFO - Filling up the DagBag from /media/data/omar/programming course/DEPI/DEPI project/anomx/venv/lib/python3.12/site-packages/airflow/example_dags/example_sensors.py
[2026-06-24T13:53:44.051+0300] {processor.py:840} INFO - DAG(s) 'example_sensors' retrieved from /media/data/omar/programming course/DEPI/DEPI project/anomx/venv/lib/python3.12/site-packages/airflow/example_dags/example_sensors.py
[2026-06-24T13:53:44.069+0300] {logging_mixin.py:188} INFO - [2026-06-24T13:53:44.069+0300] {dag.py:3096} INFO - Sync 1 DAGs
[2026-06-24T13:53:44.078+0300] {logging_mixin.py:188} INFO - [2026-06-24T13:53:44.078+0300] {dag.py:3954} INFO - Setting next_dagrun for example_sensors to None, run_after=None
[2026-06-24T13:53:44.104+0300] {processor.py:183} INFO - Processing /media/data/omar/programming course/DEPI/DEPI project/anomx/venv/lib/python3.12/site-packages/airflow/example_dags/example_sensors.py took 0.071 seconds
[2026-06-24T13:54:34.505+0300] {processor.py:161} INFO - Started process (PID=71729) to work on /media/data/omar/programming course/DEPI/DEPI project/anomx/venv/lib/python3.12/site-packages/airflow/example_dags/example_sensors.py
[2026-06-24T13:54:34.506+0300] {processor.py:830} INFO - Processing file /media/data/omar/programming course/DEPI/DEPI project/anomx/venv/lib/python3.12/site-packages/airflow/example_dags/example_sensors.py for tasks to queue
[2026-06-24T13:54:34.507+0300] {logging_mixin.py:188} INFO - [2026-06-24T13:54:34.506+0300] {dagbag.py:540} INFO - Filling up the DagBag from /media/data/omar/programming course/DEPI/DEPI project/anomx/venv/lib/python3.12/site-packages/airflow/example_dags/example_sensors.py
[2026-06-24T13:54:34.515+0300] {processor.py:840} INFO - DAG(s) 'example_sensors' retrieved from /media/data/omar/programming course/DEPI/DEPI project/anomx/venv/lib/python3.12/site-packages/airflow/example_dags/example_sensors.py
[2026-06-24T13:54:34.536+0300] {logging_mixin.py:188} INFO - [2026-06-24T13:54:34.535+0300] {dag.py:3096} INFO - Sync 1 DAGs
[2026-06-24T13:54:34.545+0300] {logging_mixin.py:188} INFO - [2026-06-24T13:54:34.544+0300] {dag.py:3954} INFO - Setting next_dagrun for example_sensors to None, run_after=None
[2026-06-24T13:54:34.573+0300] {processor.py:183} INFO - Processing /media/data/omar/programming course/DEPI/DEPI project/anomx/venv/lib/python3.12/site-packages/airflow/example_dags/example_sensors.py took 0.074 seconds
[2026-06-24T13:55:25.968+0300] {processor.py:161} INFO - Started process (PID=72079) to work on /media/data/omar/programming course/DEPI/DEPI project/anomx/venv/lib/python3.12/site-packages/airflow/example_dags/example_sensors.py
[2026-06-24T13:55:25.969+0300] {processor.py:830} INFO - Processing file /media/data/omar/programming course/DEPI/DEPI project/anomx/venv/lib/python3.12/site-packages/airflow/example_dags/example_sensors.py for tasks to queue
[2026-06-24T13:55:25.970+0300] {logging_mixin.py:188} INFO - [2026-06-24T13:55:25.970+0300] {dagbag.py:540} INFO - Filling up the DagBag from /media/data/omar/programming course/DEPI/DEPI project/anomx/venv/lib/python3.12/site-packages/airflow/example_dags/example_sensors.py
[2026-06-24T13:55:25.978+0300] {processor.py:840} INFO - DAG(s) 'example_sensors' retrieved from /media/data/omar/programming course/DEPI/DEPI project/anomx/venv/lib/python3.12/site-packages/airflow/example_dags/example_sensors.py
[2026-06-24T13:55:26.002+0300] {logging_mixin.py:188} INFO - [2026-06-24T13:55:26.002+0300] {dag.py:3096} INFO - Sync 1 DAGs
[2026-06-24T13:55:26.011+0300] {logging_mixin.py:188} INFO - [2026-06-24T13:55:26.010+0300] {dag.py:3954} INFO - Setting next_dagrun for example_sensors to None, run_after=None
[2026-06-24T13:55:26.040+0300] {processor.py:183} INFO - Processing /media/data/omar/programming course/DEPI/DEPI project/anomx/venv/lib/python3.12/site-packages/airflow/example_dags/example_sensors.py took 0.077 seconds
[2026-06-24T13:56:19.055+0300] {processor.py:161} INFO - Started process (PID=72710) to work on /media/data/omar/programming course/DEPI/DEPI project/anomx/venv/lib/python3.12/site-packages/airflow/example_dags/example_sensors.py
[2026-06-24T13:56:19.056+0300] {processor.py:830} INFO - Processing file /media/data/omar/programming course/DEPI/DEPI project/anomx/venv/lib/python3.12/site-packages/airflow/example_dags/example_sensors.py for tasks to queue
[2026-06-24T13:56:19.057+0300] {logging_mixin.py:188} INFO - [2026-06-24T13:56:19.056+0300] {dagbag.py:540} INFO - Filling up the DagBag from /media/data/omar/programming course/DEPI/DEPI project/anomx/venv/lib/python3.12/site-packages/airflow/example_dags/example_sensors.py
[2026-06-24T13:56:19.064+0300] {processor.py:840} INFO - DAG(s) 'example_sensors' retrieved from /media/data/omar/programming course/DEPI/DEPI project/anomx/venv/lib/python3.12/site-packages/airflow/example_dags/example_sensors.py
[2026-06-24T13:56:19.083+0300] {logging_mixin.py:188} INFO - [2026-06-24T13:56:19.083+0300] {dag.py:3096} INFO - Sync 1 DAGs
[2026-06-24T13:56:19.093+0300] {logging_mixin.py:188} INFO - [2026-06-24T13:56:19.092+0300] {dag.py:3954} INFO - Setting next_dagrun for example_sensors to None, run_after=None
[2026-06-24T13:56:19.121+0300] {processor.py:183} INFO - Processing /media/data/omar/programming course/DEPI/DEPI project/anomx/venv/lib/python3.12/site-packages/airflow/example_dags/example_sensors.py took 0.071 seconds
[2026-06-24T13:57:08.185+0300] {processor.py:161} INFO - Started process (PID=73044) to work on /media/data/omar/programming course/DEPI/DEPI project/anomx/venv/lib/python3.12/site-packages/airflow/example_dags/example_sensors.py
[2026-06-24T13:57:08.186+0300] {processor.py:830} INFO - Processing file /media/data/omar/programming course/DEPI/DEPI project/anomx/venv/lib/python3.12/site-packages/airflow/example_dags/example_sensors.py for tasks to queue
[2026-06-24T13:57:08.187+0300] {logging_mixin.py:188} INFO - [2026-06-24T13:57:08.187+0300] {dagbag.py:540} INFO - Filling up the DagBag from /media/data/omar/programming course/DEPI/DEPI project/anomx/venv/lib/python3.12/site-packages/airflow/example_dags/example_sensors.py
[2026-06-24T13:57:08.195+0300] {processor.py:840} INFO - DAG(s) 'example_sensors' retrieved from /media/data/omar/programming course/DEPI/DEPI project/anomx/venv/lib/python3.12/site-packages/airflow/example_dags/example_sensors.py
[2026-06-24T13:57:08.215+0300] {logging_mixin.py:188} INFO - [2026-06-24T13:57:08.215+0300] {dag.py:3096} INFO - Sync 1 DAGs
[2026-06-24T13:57:08.225+0300] {logging_mixin.py:188} INFO - [2026-06-24T13:57:08.224+0300] {dag.py:3954} INFO - Setting next_dagrun for example_sensors to None, run_after=None
[2026-06-24T13:57:08.256+0300] {processor.py:183} INFO - Processing /media/data/omar/programming course/DEPI/DEPI project/anomx/venv/lib/python3.12/site-packages/airflow/example_dags/example_sensors.py took 0.076 seconds
[2026-06-24T13:57:59.998+0300] {processor.py:161} INFO - Started process (PID=73646) to work on /media/data/omar/programming course/DEPI/DEPI project/anomx/venv/lib/python3.12/site-packages/airflow/example_dags/example_sensors.py
[2026-06-24T13:58:00.000+0300] {processor.py:830} INFO - Processing file /media/data/omar/programming course/DEPI/DEPI project/anomx/venv/lib/python3.12/site-packages/airflow/example_dags/example_sensors.py for tasks to queue
[2026-06-24T13:58:00.001+0300] {logging_mixin.py:188} INFO - [2026-06-24T13:58:00.000+0300] {dagbag.py:540} INFO - Filling up the DagBag from /media/data/omar/programming course/DEPI/DEPI project/anomx/venv/lib/python3.12/site-packages/airflow/example_dags/example_sensors.py
[2026-06-24T13:58:00.014+0300] {processor.py:840} INFO - DAG(s) 'example_sensors' retrieved from /media/data/omar/programming course/DEPI/DEPI project/anomx/venv/lib/python3.12/site-packages/airflow/example_dags/example_sensors.py
[2026-06-24T13:58:00.036+0300] {logging_mixin.py:188} INFO - [2026-06-24T13:58:00.036+0300] {dag.py:3096} INFO - Sync 1 DAGs
[2026-06-24T13:58:00.045+0300] {logging_mixin.py:188} INFO - [2026-06-24T13:58:00.045+0300] {dag.py:3954} INFO - Setting next_dagrun for example_sensors to None, run_after=None
[2026-06-24T13:58:00.075+0300] {processor.py:183} INFO - Processing /media/data/omar/programming course/DEPI/DEPI project/anomx/venv/lib/python3.12/site-packages/airflow/example_dags/example_sensors.py took 0.084 seconds
[2026-06-24T13:58:52.513+0300] {processor.py:161} INFO - Started process (PID=73980) to work on /media/data/omar/programming course/DEPI/DEPI project/anomx/venv/lib/python3.12/site-packages/airflow/example_dags/example_sensors.py
[2026-06-24T13:58:52.514+0300] {processor.py:830} INFO - Processing file /media/data/omar/programming course/DEPI/DEPI project/anomx/venv/lib/python3.12/site-packages/airflow/example_dags/example_sensors.py for tasks to queue
[2026-06-24T13:58:52.515+0300] {logging_mixin.py:188} INFO - [2026-06-24T13:58:52.514+0300] {dagbag.py:540} INFO - Filling up the DagBag from /media/data/omar/programming course/DEPI/DEPI project/anomx/venv/lib/python3.12/site-packages/airflow/example_dags/example_sensors.py
[2026-06-24T13:58:52.524+0300] {processor.py:840} INFO - DAG(s) 'example_sensors' retrieved from /media/data/omar/programming course/DEPI/DEPI project/anomx/venv/lib/python3.12/site-packages/airflow/example_dags/example_sensors.py
[2026-06-24T13:58:52.544+0300] {logging_mixin.py:188} INFO - [2026-06-24T13:58:52.543+0300] {dag.py:3096} INFO - Sync 1 DAGs
[2026-06-24T13:58:52.552+0300] {logging_mixin.py:188} INFO - [2026-06-24T13:58:52.552+0300] {dag.py:3954} INFO - Setting next_dagrun for example_sensors to None, run_after=None
[2026-06-24T13:58:52.581+0300] {processor.py:183} INFO - Processing /media/data/omar/programming course/DEPI/DEPI project/anomx/venv/lib/python3.12/site-packages/airflow/example_dags/example_sensors.py took 0.075 seconds
[2026-06-24T13:59:44.463+0300] {processor.py:161} INFO - Started process (PID=74598) to work on /media/data/omar/programming course/DEPI/DEPI project/anomx/venv/lib/python3.12/site-packages/airflow/example_dags/example_sensors.py
[2026-06-24T13:59:44.464+0300] {processor.py:830} INFO - Processing file /media/data/omar/programming course/DEPI/DEPI project/anomx/venv/lib/python3.12/site-packages/airflow/example_dags/example_sensors.py for tasks to queue
[2026-06-24T13:59:44.465+0300] {logging_mixin.py:188} INFO - [2026-06-24T13:59:44.465+0300] {dagbag.py:540} INFO - Filling up the DagBag from /media/data/omar/programming course/DEPI/DEPI project/anomx/venv/lib/python3.12/site-packages/airflow/example_dags/example_sensors.py
[2026-06-24T13:59:44.474+0300] {processor.py:840} INFO - DAG(s) 'example_sensors' retrieved from /media/data/omar/programming course/DEPI/DEPI project/anomx/venv/lib/python3.12/site-packages/airflow/example_dags/example_sensors.py
[2026-06-24T13:59:44.492+0300] {logging_mixin.py:188} INFO - [2026-06-24T13:59:44.492+0300] {dag.py:3096} INFO - Sync 1 DAGs
[2026-06-24T13:59:44.501+0300] {logging_mixin.py:188} INFO - [2026-06-24T13:59:44.501+0300] {dag.py:3954} INFO - Setting next_dagrun for example_sensors to None, run_after=None
[2026-06-24T13:59:44.528+0300] {processor.py:183} INFO - Processing /media/data/omar/programming course/DEPI/DEPI project/anomx/venv/lib/python3.12/site-packages/airflow/example_dags/example_sensors.py took 0.071 seconds
[2026-06-24T14:00:34.077+0300] {processor.py:161} INFO - Started process (PID=74918) to work on /media/data/omar/programming course/DEPI/DEPI project/anomx/venv/lib/python3.12/site-packages/airflow/example_dags/example_sensors.py
[2026-06-24T14:00:34.078+0300] {processor.py:830} INFO - Processing file /media/data/omar/programming course/DEPI/DEPI project/anomx/venv/lib/python3.12/site-packages/airflow/example_dags/example_sensors.py for tasks to queue
[2026-06-24T14:00:34.079+0300] {logging_mixin.py:188} INFO - [2026-06-24T14:00:34.078+0300] {dagbag.py:540} INFO - Filling up the DagBag from /media/data/omar/programming course/DEPI/DEPI project/anomx/venv/lib/python3.12/site-packages/airflow/example_dags/example_sensors.py
[2026-06-24T14:00:34.087+0300] {processor.py:840} INFO - DAG(s) 'example_sensors' retrieved from /media/data/omar/programming course/DEPI/DEPI project/anomx/venv/lib/python3.12/site-packages/airflow/example_dags/example_sensors.py
[2026-06-24T14:00:34.110+0300] {logging_mixin.py:188} INFO - [2026-06-24T14:00:34.110+0300] {dag.py:3096} INFO - Sync 1 DAGs
[2026-06-24T14:00:34.119+0300] {logging_mixin.py:188} INFO - [2026-06-24T14:00:34.118+0300] {dag.py:3954} INFO - Setting next_dagrun for example_sensors to None, run_after=None
[2026-06-24T14:00:34.149+0300] {processor.py:183} INFO - Processing /media/data/omar/programming course/DEPI/DEPI project/anomx/venv/lib/python3.12/site-packages/airflow/example_dags/example_sensors.py took 0.078 seconds
[2026-06-24T14:01:23.371+0300] {processor.py:161} INFO - Started process (PID=75522) to work on /media/data/omar/programming course/DEPI/DEPI project/anomx/venv/lib/python3.12/site-packages/airflow/example_dags/example_sensors.py
[2026-06-24T14:01:23.372+0300] {processor.py:830} INFO - Processing file /media/data/omar/programming course/DEPI/DEPI project/anomx/venv/lib/python3.12/site-packages/airflow/example_dags/example_sensors.py for tasks to queue
[2026-06-24T14:01:23.373+0300] {logging_mixin.py:188} INFO - [2026-06-24T14:01:23.373+0300] {dagbag.py:540} INFO - Filling up the DagBag from /media/data/omar/programming course/DEPI/DEPI project/anomx/venv/lib/python3.12/site-packages/airflow/example_dags/example_sensors.py
[2026-06-24T14:01:23.384+0300] {processor.py:840} INFO - DAG(s) 'example_sensors' retrieved from /media/data/omar/programming course/DEPI/DEPI project/anomx/venv/lib/python3.12/site-packages/airflow/example_dags/example_sensors.py
[2026-06-24T14:01:23.406+0300] {logging_mixin.py:188} INFO - [2026-06-24T14:01:23.406+0300] {dag.py:3096} INFO - Sync 1 DAGs
[2026-06-24T14:01:23.417+0300] {logging_mixin.py:188} INFO - [2026-06-24T14:01:23.416+0300] {dag.py:3954} INFO - Setting next_dagrun for example_sensors to None, run_after=None
[2026-06-24T14:01:23.450+0300] {processor.py:183} INFO - Processing /media/data/omar/programming course/DEPI/DEPI project/anomx/venv/lib/python3.12/site-packages/airflow/example_dags/example_sensors.py took 0.085 seconds
[2026-06-24T14:02:16.444+0300] {processor.py:161} INFO - Started process (PID=75874) to work on /media/data/omar/programming course/DEPI/DEPI project/anomx/venv/lib/python3.12/site-packages/airflow/example_dags/example_sensors.py
[2026-06-24T14:02:16.445+0300] {processor.py:830} INFO - Processing file /media/data/omar/programming course/DEPI/DEPI project/anomx/venv/lib/python3.12/site-packages/airflow/example_dags/example_sensors.py for tasks to queue
[2026-06-24T14:02:16.446+0300] {logging_mixin.py:188} INFO - [2026-06-24T14:02:16.446+0300] {dagbag.py:540} INFO - Filling up the DagBag from /media/data/omar/programming course/DEPI/DEPI project/anomx/venv/lib/python3.12/site-packages/airflow/example_dags/example_sensors.py
[2026-06-24T14:02:16.455+0300] {processor.py:840} INFO - DAG(s) 'example_sensors' retrieved from /media/data/omar/programming course/DEPI/DEPI project/anomx/venv/lib/python3.12/site-packages/airflow/example_dags/example_sensors.py
[2026-06-24T14:02:16.475+0300] {logging_mixin.py:188} INFO - [2026-06-24T14:02:16.474+0300] {dag.py:3096} INFO - Sync 1 DAGs
[2026-06-24T14:02:16.483+0300] {logging_mixin.py:188} INFO - [2026-06-24T14:02:16.483+0300] {dag.py:3954} INFO - Setting next_dagrun for example_sensors to None, run_after=None
[2026-06-24T14:02:16.509+0300] {processor.py:183} INFO - Processing /media/data/omar/programming course/DEPI/DEPI project/anomx/venv/lib/python3.12/site-packages/airflow/example_dags/example_sensors.py took 0.071 seconds
[2026-06-24T14:03:08.239+0300] {processor.py:161} INFO - Started process (PID=76497) to work on /media/data/omar/programming course/DEPI/DEPI project/anomx/venv/lib/python3.12/site-packages/airflow/example_dags/example_sensors.py
[2026-06-24T14:03:08.240+0300] {processor.py:830} INFO - Processing file /media/data/omar/programming course/DEPI/DEPI project/anomx/venv/lib/python3.12/site-packages/airflow/example_dags/example_sensors.py for tasks to queue
[2026-06-24T14:03:08.241+0300] {logging_mixin.py:188} INFO - [2026-06-24T14:03:08.241+0300] {dagbag.py:540} INFO - Filling up the DagBag from /media/data/omar/programming course/DEPI/DEPI project/anomx/venv/lib/python3.12/site-packages/airflow/example_dags/example_sensors.py
[2026-06-24T14:03:08.253+0300] {processor.py:840} INFO - DAG(s) 'example_sensors' retrieved from /media/data/omar/programming course/DEPI/DEPI project/anomx/venv/lib/python3.12/site-packages/airflow/example_dags/example_sensors.py
[2026-06-24T14:03:08.278+0300] {logging_mixin.py:188} INFO - [2026-06-24T14:03:08.277+0300] {dag.py:3096} INFO - Sync 1 DAGs
[2026-06-24T14:03:08.289+0300] {logging_mixin.py:188} INFO - [2026-06-24T14:03:08.288+0300] {dag.py:3954} INFO - Setting next_dagrun for example_sensors to None, run_after=None
[2026-06-24T14:03:08.320+0300] {processor.py:183} INFO - Processing /media/data/omar/programming course/DEPI/DEPI project/anomx/venv/lib/python3.12/site-packages/airflow/example_dags/example_sensors.py took 0.088 seconds
[2026-06-24T14:04:02.213+0300] {processor.py:161} INFO - Started process (PID=76817) to work on /media/data/omar/programming course/DEPI/DEPI project/anomx/venv/lib/python3.12/site-packages/airflow/example_dags/example_sensors.py
[2026-06-24T14:04:02.214+0300] {processor.py:830} INFO - Processing file /media/data/omar/programming course/DEPI/DEPI project/anomx/venv/lib/python3.12/site-packages/airflow/example_dags/example_sensors.py for tasks to queue
[2026-06-24T14:04:02.215+0300] {logging_mixin.py:188} INFO - [2026-06-24T14:04:02.215+0300] {dagbag.py:540} INFO - Filling up the DagBag from /media/data/omar/programming course/DEPI/DEPI project/anomx/venv/lib/python3.12/site-packages/airflow/example_dags/example_sensors.py
[2026-06-24T14:04:02.224+0300] {processor.py:840} INFO - DAG(s) 'example_sensors' retrieved from /media/data/omar/programming course/DEPI/DEPI project/anomx/venv/lib/python3.12/site-packages/airflow/example_dags/example_sensors.py
[2026-06-24T14:04:02.244+0300] {logging_mixin.py:188} INFO - [2026-06-24T14:04:02.243+0300] {dag.py:3096} INFO - Sync 1 DAGs
[2026-06-24T14:04:02.253+0300] {logging_mixin.py:188} INFO - [2026-06-24T14:04:02.252+0300] {dag.py:3954} INFO - Setting next_dagrun for example_sensors to None, run_after=None
[2026-06-24T14:04:02.279+0300] {processor.py:183} INFO - Processing /media/data/omar/programming course/DEPI/DEPI project/anomx/venv/lib/python3.12/site-packages/airflow/example_dags/example_sensors.py took 0.072 seconds
[2026-06-24T14:04:55.392+0300] {processor.py:161} INFO - Started process (PID=77467) to work on /media/data/omar/programming course/DEPI/DEPI project/anomx/venv/lib/python3.12/site-packages/airflow/example_dags/example_sensors.py
[2026-06-24T14:04:55.393+0300] {processor.py:830} INFO - Processing file /media/data/omar/programming course/DEPI/DEPI project/anomx/venv/lib/python3.12/site-packages/airflow/example_dags/example_sensors.py for tasks to queue
[2026-06-24T14:04:55.393+0300] {logging_mixin.py:188} INFO - [2026-06-24T14:04:55.393+0300] {dagbag.py:540} INFO - Filling up the DagBag from /media/data/omar/programming course/DEPI/DEPI project/anomx/venv/lib/python3.12/site-packages/airflow/example_dags/example_sensors.py
[2026-06-24T14:04:55.401+0300] {processor.py:840} INFO - DAG(s) 'example_sensors' retrieved from /media/data/omar/programming course/DEPI/DEPI project/anomx/venv/lib/python3.12/site-packages/airflow/example_dags/example_sensors.py
[2026-06-24T14:04:55.419+0300] {logging_mixin.py:188} INFO - [2026-06-24T14:04:55.419+0300] {dag.py:3096} INFO - Sync 1 DAGs
[2026-06-24T14:04:55.430+0300] {logging_mixin.py:188} INFO - [2026-06-24T14:04:55.430+0300] {dag.py:3954} INFO - Setting next_dagrun for example_sensors to None, run_after=None
[2026-06-24T14:04:55.459+0300] {processor.py:183} INFO - Processing /media/data/omar/programming course/DEPI/DEPI project/anomx/venv/lib/python3.12/site-packages/airflow/example_dags/example_sensors.py took 0.072 seconds
[2026-06-24T14:05:43.217+0300] {processor.py:161} INFO - Started process (PID=77767) to work on /media/data/omar/programming course/DEPI/DEPI project/anomx/venv/lib/python3.12/site-packages/airflow/example_dags/example_sensors.py
[2026-06-24T14:05:43.219+0300] {processor.py:830} INFO - Processing file /media/data/omar/programming course/DEPI/DEPI project/anomx/venv/lib/python3.12/site-packages/airflow/example_dags/example_sensors.py for tasks to queue
[2026-06-24T14:05:43.220+0300] {logging_mixin.py:188} INFO - [2026-06-24T14:05:43.219+0300] {dagbag.py:540} INFO - Filling up the DagBag from /media/data/omar/programming course/DEPI/DEPI project/anomx/venv/lib/python3.12/site-packages/airflow/example_dags/example_sensors.py
[2026-06-24T14:05:43.228+0300] {processor.py:840} INFO - DAG(s) 'example_sensors' retrieved from /media/data/omar/programming course/DEPI/DEPI project/anomx/venv/lib/python3.12/site-packages/airflow/example_dags/example_sensors.py
[2026-06-24T14:05:43.249+0300] {logging_mixin.py:188} INFO - [2026-06-24T14:05:43.249+0300] {dag.py:3096} INFO - Sync 1 DAGs
[2026-06-24T14:05:43.258+0300] {logging_mixin.py:188} INFO - [2026-06-24T14:05:43.258+0300] {dag.py:3954} INFO - Setting next_dagrun for example_sensors to None, run_after=None
[2026-06-24T14:05:43.290+0300] {processor.py:183} INFO - Processing /media/data/omar/programming course/DEPI/DEPI project/anomx/venv/lib/python3.12/site-packages/airflow/example_dags/example_sensors.py took 0.079 seconds
[2026-06-24T14:06:29.948+0300] {processor.py:161} INFO - Started process (PID=78370) to work on /media/data/omar/programming course/DEPI/DEPI project/anomx/venv/lib/python3.12/site-packages/airflow/example_dags/example_sensors.py
[2026-06-24T14:06:29.950+0300] {processor.py:830} INFO - Processing file /media/data/omar/programming course/DEPI/DEPI project/anomx/venv/lib/python3.12/site-packages/airflow/example_dags/example_sensors.py for tasks to queue
[2026-06-24T14:06:29.953+0300] {logging_mixin.py:188} INFO - [2026-06-24T14:06:29.952+0300] {dagbag.py:540} INFO - Filling up the DagBag from /media/data/omar/programming course/DEPI/DEPI project/anomx/venv/lib/python3.12/site-packages/airflow/example_dags/example_sensors.py
[2026-06-24T14:06:29.967+0300] {processor.py:840} INFO - DAG(s) 'example_sensors' retrieved from /media/data/omar/programming course/DEPI/DEPI project/anomx/venv/lib/python3.12/site-packages/airflow/example_dags/example_sensors.py
[2026-06-24T14:06:29.993+0300] {logging_mixin.py:188} INFO - [2026-06-24T14:06:29.992+0300] {dag.py:3096} INFO - Sync 1 DAGs
[2026-06-24T14:06:30.001+0300] {logging_mixin.py:188} INFO - [2026-06-24T14:06:30.001+0300] {dag.py:3954} INFO - Setting next_dagrun for example_sensors to None, run_after=None
[2026-06-24T14:06:30.026+0300] {processor.py:183} INFO - Processing /media/data/omar/programming course/DEPI/DEPI project/anomx/venv/lib/python3.12/site-packages/airflow/example_dags/example_sensors.py took 0.091 seconds
[2026-06-24T14:07:18.184+0300] {processor.py:161} INFO - Started process (PID=78667) to work on /media/data/omar/programming course/DEPI/DEPI project/anomx/venv/lib/python3.12/site-packages/airflow/example_dags/example_sensors.py
[2026-06-24T14:07:18.185+0300] {processor.py:830} INFO - Processing file /media/data/omar/programming course/DEPI/DEPI project/anomx/venv/lib/python3.12/site-packages/airflow/example_dags/example_sensors.py for tasks to queue
[2026-06-24T14:07:18.187+0300] {logging_mixin.py:188} INFO - [2026-06-24T14:07:18.186+0300] {dagbag.py:540} INFO - Filling up the DagBag from /media/data/omar/programming course/DEPI/DEPI project/anomx/venv/lib/python3.12/site-packages/airflow/example_dags/example_sensors.py
[2026-06-24T14:07:18.200+0300] {processor.py:840} INFO - DAG(s) 'example_sensors' retrieved from /media/data/omar/programming course/DEPI/DEPI project/anomx/venv/lib/python3.12/site-packages/airflow/example_dags/example_sensors.py
[2026-06-24T14:07:18.226+0300] {logging_mixin.py:188} INFO - [2026-06-24T14:07:18.225+0300] {dag.py:3096} INFO - Sync 1 DAGs
[2026-06-24T14:07:18.235+0300] {logging_mixin.py:188} INFO - [2026-06-24T14:07:18.235+0300] {dag.py:3954} INFO - Setting next_dagrun for example_sensors to None, run_after=None
[2026-06-24T14:07:18.269+0300] {processor.py:183} INFO - Processing /media/data/omar/programming course/DEPI/DEPI project/anomx/venv/lib/python3.12/site-packages/airflow/example_dags/example_sensors.py took 0.090 seconds
[2026-06-24T14:08:08.063+0300] {processor.py:161} INFO - Started process (PID=79296) to work on /media/data/omar/programming course/DEPI/DEPI project/anomx/venv/lib/python3.12/site-packages/airflow/example_dags/example_sensors.py
[2026-06-24T14:08:08.064+0300] {processor.py:830} INFO - Processing file /media/data/omar/programming course/DEPI/DEPI project/anomx/venv/lib/python3.12/site-packages/airflow/example_dags/example_sensors.py for tasks to queue
[2026-06-24T14:08:08.065+0300] {logging_mixin.py:188} INFO - [2026-06-24T14:08:08.064+0300] {dagbag.py:540} INFO - Filling up the DagBag from /media/data/omar/programming course/DEPI/DEPI project/anomx/venv/lib/python3.12/site-packages/airflow/example_dags/example_sensors.py
[2026-06-24T14:08:08.074+0300] {processor.py:840} INFO - DAG(s) 'example_sensors' retrieved from /media/data/omar/programming course/DEPI/DEPI project/anomx/venv/lib/python3.12/site-packages/airflow/example_dags/example_sensors.py
[2026-06-24T14:08:08.095+0300] {logging_mixin.py:188} INFO - [2026-06-24T14:08:08.094+0300] {dag.py:3096} INFO - Sync 1 DAGs
[2026-06-24T14:08:08.105+0300] {logging_mixin.py:188} INFO - [2026-06-24T14:08:08.104+0300] {dag.py:3954} INFO - Setting next_dagrun for example_sensors to None, run_after=None
[2026-06-24T14:08:08.141+0300] {processor.py:183} INFO - Processing /media/data/omar/programming course/DEPI/DEPI project/anomx/venv/lib/python3.12/site-packages/airflow/example_dags/example_sensors.py took 0.083 seconds
[2026-06-24T14:08:57.410+0300] {processor.py:161} INFO - Started process (PID=79606) to work on /media/data/omar/programming course/DEPI/DEPI project/anomx/venv/lib/python3.12/site-packages/airflow/example_dags/example_sensors.py
[2026-06-24T14:08:57.412+0300] {processor.py:830} INFO - Processing file /media/data/omar/programming course/DEPI/DEPI project/anomx/venv/lib/python3.12/site-packages/airflow/example_dags/example_sensors.py for tasks to queue
[2026-06-24T14:08:57.414+0300] {logging_mixin.py:188} INFO - [2026-06-24T14:08:57.413+0300] {dagbag.py:540} INFO - Filling up the DagBag from /media/data/omar/programming course/DEPI/DEPI project/anomx/venv/lib/python3.12/site-packages/airflow/example_dags/example_sensors.py
[2026-06-24T14:08:57.429+0300] {processor.py:840} INFO - DAG(s) 'example_sensors' retrieved from /media/data/omar/programming course/DEPI/DEPI project/anomx/venv/lib/python3.12/site-packages/airflow/example_dags/example_sensors.py
[2026-06-24T14:08:57.450+0300] {logging_mixin.py:188} INFO - [2026-06-24T14:08:57.450+0300] {dag.py:3096} INFO - Sync 1 DAGs
[2026-06-24T14:08:57.458+0300] {logging_mixin.py:188} INFO - [2026-06-24T14:08:57.458+0300] {dag.py:3954} INFO - Setting next_dagrun for example_sensors to None, run_after=None
[2026-06-24T14:08:57.484+0300] {processor.py:183} INFO - Processing /media/data/omar/programming course/DEPI/DEPI project/anomx/venv/lib/python3.12/site-packages/airflow/example_dags/example_sensors.py took 0.084 seconds
[2026-06-24T14:09:49.531+0300] {processor.py:161} INFO - Started process (PID=80226) to work on /media/data/omar/programming course/DEPI/DEPI project/anomx/venv/lib/python3.12/site-packages/airflow/example_dags/example_sensors.py
[2026-06-24T14:09:49.532+0300] {processor.py:830} INFO - Processing file /media/data/omar/programming course/DEPI/DEPI project/anomx/venv/lib/python3.12/site-packages/airflow/example_dags/example_sensors.py for tasks to queue
[2026-06-24T14:09:49.533+0300] {logging_mixin.py:188} INFO - [2026-06-24T14:09:49.533+0300] {dagbag.py:540} INFO - Filling up the DagBag from /media/data/omar/programming course/DEPI/DEPI project/anomx/venv/lib/python3.12/site-packages/airflow/example_dags/example_sensors.py
[2026-06-24T14:09:49.542+0300] {processor.py:840} INFO - DAG(s) 'example_sensors' retrieved from /media/data/omar/programming course/DEPI/DEPI project/anomx/venv/lib/python3.12/site-packages/airflow/example_dags/example_sensors.py
[2026-06-24T14:09:49.561+0300] {logging_mixin.py:188} INFO - [2026-06-24T14:09:49.560+0300] {dag.py:3096} INFO - Sync 1 DAGs
[2026-06-24T14:09:49.570+0300] {logging_mixin.py:188} INFO - [2026-06-24T14:09:49.569+0300] {dag.py:3954} INFO - Setting next_dagrun for example_sensors to None, run_after=None
[2026-06-24T14:09:49.597+0300] {processor.py:183} INFO - Processing /media/data/omar/programming course/DEPI/DEPI project/anomx/venv/lib/python3.12/site-packages/airflow/example_dags/example_sensors.py took 0.070 seconds
[2026-06-24T14:10:41.570+0300] {processor.py:161} INFO - Started process (PID=80540) to work on /media/data/omar/programming course/DEPI/DEPI project/anomx/venv/lib/python3.12/site-packages/airflow/example_dags/example_sensors.py
[2026-06-24T14:10:41.576+0300] {processor.py:830} INFO - Processing file /media/data/omar/programming course/DEPI/DEPI project/anomx/venv/lib/python3.12/site-packages/airflow/example_dags/example_sensors.py for tasks to queue
[2026-06-24T14:10:41.579+0300] {logging_mixin.py:188} INFO - [2026-06-24T14:10:41.578+0300] {dagbag.py:540} INFO - Filling up the DagBag from /media/data/omar/programming course/DEPI/DEPI project/anomx/venv/lib/python3.12/site-packages/airflow/example_dags/example_sensors.py
[2026-06-24T14:10:41.599+0300] {processor.py:840} INFO - DAG(s) 'example_sensors' retrieved from /media/data/omar/programming course/DEPI/DEPI project/anomx/venv/lib/python3.12/site-packages/airflow/example_dags/example_sensors.py
[2026-06-24T14:10:41.620+0300] {logging_mixin.py:188} INFO - [2026-06-24T14:10:41.620+0300] {dag.py:3096} INFO - Sync 1 DAGs
[2026-06-24T14:10:41.631+0300] {logging_mixin.py:188} INFO - [2026-06-24T14:10:41.630+0300] {dag.py:3954} INFO - Setting next_dagrun for example_sensors to None, run_after=None
[2026-06-24T14:10:41.659+0300] {processor.py:183} INFO - Processing /media/data/omar/programming course/DEPI/DEPI project/anomx/venv/lib/python3.12/site-packages/airflow/example_dags/example_sensors.py took 0.104 seconds
[2026-06-24T14:11:32.141+0300] {processor.py:161} INFO - Started process (PID=81172) to work on /media/data/omar/programming course/DEPI/DEPI project/anomx/venv/lib/python3.12/site-packages/airflow/example_dags/example_sensors.py
[2026-06-24T14:11:32.141+0300] {processor.py:830} INFO - Processing file /media/data/omar/programming course/DEPI/DEPI project/anomx/venv/lib/python3.12/site-packages/airflow/example_dags/example_sensors.py for tasks to queue
[2026-06-24T14:11:32.143+0300] {logging_mixin.py:188} INFO - [2026-06-24T14:11:32.142+0300] {dagbag.py:540} INFO - Filling up the DagBag from /media/data/omar/programming course/DEPI/DEPI project/anomx/venv/lib/python3.12/site-packages/airflow/example_dags/example_sensors.py
[2026-06-24T14:11:32.153+0300] {processor.py:840} INFO - DAG(s) 'example_sensors' retrieved from /media/data/omar/programming course/DEPI/DEPI project/anomx/venv/lib/python3.12/site-packages/airflow/example_dags/example_sensors.py
[2026-06-24T14:11:32.179+0300] {logging_mixin.py:188} INFO - [2026-06-24T14:11:32.179+0300] {dag.py:3096} INFO - Sync 1 DAGs
[2026-06-24T14:11:32.191+0300] {logging_mixin.py:188} INFO - [2026-06-24T14:11:32.190+0300] {dag.py:3954} INFO - Setting next_dagrun for example_sensors to None, run_after=None
[2026-06-24T14:11:32.221+0300] {processor.py:183} INFO - Processing /media/data/omar/programming course/DEPI/DEPI project/anomx/venv/lib/python3.12/site-packages/airflow/example_dags/example_sensors.py took 0.085 seconds
[2026-06-24T14:12:21.217+0300] {processor.py:161} INFO - Started process (PID=81466) to work on /media/data/omar/programming course/DEPI/DEPI project/anomx/venv/lib/python3.12/site-packages/airflow/example_dags/example_sensors.py
[2026-06-24T14:12:21.218+0300] {processor.py:830} INFO - Processing file /media/data/omar/programming course/DEPI/DEPI project/anomx/venv/lib/python3.12/site-packages/airflow/example_dags/example_sensors.py for tasks to queue
[2026-06-24T14:12:21.219+0300] {logging_mixin.py:188} INFO - [2026-06-24T14:12:21.218+0300] {dagbag.py:540} INFO - Filling up the DagBag from /media/data/omar/programming course/DEPI/DEPI project/anomx/venv/lib/python3.12/site-packages/airflow/example_dags/example_sensors.py
[2026-06-24T14:12:21.231+0300] {processor.py:840} INFO - DAG(s) 'example_sensors' retrieved from /media/data/omar/programming course/DEPI/DEPI project/anomx/venv/lib/python3.12/site-packages/airflow/example_dags/example_sensors.py
[2026-06-24T14:12:21.272+0300] {logging_mixin.py:188} INFO - [2026-06-24T14:12:21.271+0300] {dag.py:3096} INFO - Sync 1 DAGs
[2026-06-24T14:12:21.299+0300] {logging_mixin.py:188} INFO - [2026-06-24T14:12:21.298+0300] {dag.py:3954} INFO - Setting next_dagrun for example_sensors to None, run_after=None
[2026-06-24T14:12:21.358+0300] {processor.py:183} INFO - Processing /media/data/omar/programming course/DEPI/DEPI project/anomx/venv/lib/python3.12/site-packages/airflow/example_dags/example_sensors.py took 0.148 seconds
[2026-06-24T14:13:13.494+0300] {processor.py:161} INFO - Started process (PID=82101) to work on /media/data/omar/programming course/DEPI/DEPI project/anomx/venv/lib/python3.12/site-packages/airflow/example_dags/example_sensors.py
[2026-06-24T14:13:13.495+0300] {processor.py:830} INFO - Processing file /media/data/omar/programming course/DEPI/DEPI project/anomx/venv/lib/python3.12/site-packages/airflow/example_dags/example_sensors.py for tasks to queue
[2026-06-24T14:13:13.496+0300] {logging_mixin.py:188} INFO - [2026-06-24T14:13:13.495+0300] {dagbag.py:540} INFO - Filling up the DagBag from /media/data/omar/programming course/DEPI/DEPI project/anomx/venv/lib/python3.12/site-packages/airflow/example_dags/example_sensors.py
[2026-06-24T14:13:13.503+0300] {processor.py:840} INFO - DAG(s) 'example_sensors' retrieved from /media/data/omar/programming course/DEPI/DEPI project/anomx/venv/lib/python3.12/site-packages/airflow/example_dags/example_sensors.py
[2026-06-24T14:13:13.522+0300] {logging_mixin.py:188} INFO - [2026-06-24T14:13:13.522+0300] {dag.py:3096} INFO - Sync 1 DAGs
[2026-06-24T14:13:13.531+0300] {logging_mixin.py:188} INFO - [2026-06-24T14:13:13.530+0300] {dag.py:3954} INFO - Setting next_dagrun for example_sensors to None, run_after=None
[2026-06-24T14:13:13.559+0300] {processor.py:183} INFO - Processing /media/data/omar/programming course/DEPI/DEPI project/anomx/venv/lib/python3.12/site-packages/airflow/example_dags/example_sensors.py took 0.070 seconds
[2026-06-24T14:14:01.120+0300] {processor.py:161} INFO - Started process (PID=82399) to work on /media/data/omar/programming course/DEPI/DEPI project/anomx/venv/lib/python3.12/site-packages/airflow/example_dags/example_sensors.py
[2026-06-24T14:14:01.121+0300] {processor.py:830} INFO - Processing file /media/data/omar/programming course/DEPI/DEPI project/anomx/venv/lib/python3.12/site-packages/airflow/example_dags/example_sensors.py for tasks to queue
[2026-06-24T14:14:01.123+0300] {logging_mixin.py:188} INFO - [2026-06-24T14:14:01.122+0300] {dagbag.py:540} INFO - Filling up the DagBag from /media/data/omar/programming course/DEPI/DEPI project/anomx/venv/lib/python3.12/site-packages/airflow/example_dags/example_sensors.py
[2026-06-24T14:14:01.132+0300] {processor.py:840} INFO - DAG(s) 'example_sensors' retrieved from /media/data/omar/programming course/DEPI/DEPI project/anomx/venv/lib/python3.12/site-packages/airflow/example_dags/example_sensors.py
[2026-06-24T14:14:01.152+0300] {logging_mixin.py:188} INFO - [2026-06-24T14:14:01.152+0300] {dag.py:3096} INFO - Sync 1 DAGs
[2026-06-24T14:14:01.161+0300] {logging_mixin.py:188} INFO - [2026-06-24T14:14:01.161+0300] {dag.py:3954} INFO - Setting next_dagrun for example_sensors to None, run_after=None
[2026-06-24T14:14:01.187+0300] {processor.py:183} INFO - Processing /media/data/omar/programming course/DEPI/DEPI project/anomx/venv/lib/python3.12/site-packages/airflow/example_dags/example_sensors.py took 0.078 seconds
[2026-06-24T14:14:49.700+0300] {processor.py:161} INFO - Started process (PID=83027) to work on /media/data/omar/programming course/DEPI/DEPI project/anomx/venv/lib/python3.12/site-packages/airflow/example_dags/example_sensors.py
[2026-06-24T14:14:49.702+0300] {processor.py:830} INFO - Processing file /media/data/omar/programming course/DEPI/DEPI project/anomx/venv/lib/python3.12/site-packages/airflow/example_dags/example_sensors.py for tasks to queue
[2026-06-24T14:14:49.705+0300] {logging_mixin.py:188} INFO - [2026-06-24T14:14:49.704+0300] {dagbag.py:540} INFO - Filling up the DagBag from /media/data/omar/programming course/DEPI/DEPI project/anomx/venv/lib/python3.12/site-packages/airflow/example_dags/example_sensors.py
[2026-06-24T14:14:49.718+0300] {processor.py:840} INFO - DAG(s) 'example_sensors' retrieved from /media/data/omar/programming course/DEPI/DEPI project/anomx/venv/lib/python3.12/site-packages/airflow/example_dags/example_sensors.py
[2026-06-24T14:14:49.739+0300] {logging_mixin.py:188} INFO - [2026-06-24T14:14:49.738+0300] {dag.py:3096} INFO - Sync 1 DAGs
[2026-06-24T14:14:49.748+0300] {logging_mixin.py:188} INFO - [2026-06-24T14:14:49.748+0300] {dag.py:3954} INFO - Setting next_dagrun for example_sensors to None, run_after=None
[2026-06-24T14:14:49.779+0300] {processor.py:183} INFO - Processing /media/data/omar/programming course/DEPI/DEPI project/anomx/venv/lib/python3.12/site-packages/airflow/example_dags/example_sensors.py took 0.095 seconds
[2026-06-24T14:15:40.146+0300] {processor.py:161} INFO - Started process (PID=83337) to work on /media/data/omar/programming course/DEPI/DEPI project/anomx/venv/lib/python3.12/site-packages/airflow/example_dags/example_sensors.py
[2026-06-24T14:15:40.147+0300] {processor.py:830} INFO - Processing file /media/data/omar/programming course/DEPI/DEPI project/anomx/venv/lib/python3.12/site-packages/airflow/example_dags/example_sensors.py for tasks to queue
[2026-06-24T14:15:40.148+0300] {logging_mixin.py:188} INFO - [2026-06-24T14:15:40.147+0300] {dagbag.py:540} INFO - Filling up the DagBag from /media/data/omar/programming course/DEPI/DEPI project/anomx/venv/lib/python3.12/site-packages/airflow/example_dags/example_sensors.py
[2026-06-24T14:15:40.156+0300] {processor.py:840} INFO - DAG(s) 'example_sensors' retrieved from /media/data/omar/programming course/DEPI/DEPI project/anomx/venv/lib/python3.12/site-packages/airflow/example_dags/example_sensors.py
[2026-06-24T14:15:40.176+0300] {logging_mixin.py:188} INFO - [2026-06-24T14:15:40.176+0300] {dag.py:3096} INFO - Sync 1 DAGs
[2026-06-24T14:15:40.185+0300] {logging_mixin.py:188} INFO - [2026-06-24T14:15:40.184+0300] {dag.py:3954} INFO - Setting next_dagrun for example_sensors to None, run_after=None
[2026-06-24T14:15:40.216+0300] {processor.py:183} INFO - Processing /media/data/omar/programming course/DEPI/DEPI project/anomx/venv/lib/python3.12/site-packages/airflow/example_dags/example_sensors.py took 0.076 seconds
[2026-06-24T14:16:33.449+0300] {processor.py:161} INFO - Started process (PID=83963) to work on /media/data/omar/programming course/DEPI/DEPI project/anomx/venv/lib/python3.12/site-packages/airflow/example_dags/example_sensors.py
[2026-06-24T14:16:33.450+0300] {processor.py:830} INFO - Processing file /media/data/omar/programming course/DEPI/DEPI project/anomx/venv/lib/python3.12/site-packages/airflow/example_dags/example_sensors.py for tasks to queue
[2026-06-24T14:16:33.451+0300] {logging_mixin.py:188} INFO - [2026-06-24T14:16:33.451+0300] {dagbag.py:540} INFO - Filling up the DagBag from /media/data/omar/programming course/DEPI/DEPI project/anomx/venv/lib/python3.12/site-packages/airflow/example_dags/example_sensors.py
[2026-06-24T14:16:33.463+0300] {processor.py:840} INFO - DAG(s) 'example_sensors' retrieved from /media/data/omar/programming course/DEPI/DEPI project/anomx/venv/lib/python3.12/site-packages/airflow/example_dags/example_sensors.py
[2026-06-24T14:16:33.488+0300] {logging_mixin.py:188} INFO - [2026-06-24T14:16:33.488+0300] {dag.py:3096} INFO - Sync 1 DAGs
[2026-06-24T14:16:33.497+0300] {logging_mixin.py:188} INFO - [2026-06-24T14:16:33.497+0300] {dag.py:3954} INFO - Setting next_dagrun for example_sensors to None, run_after=None
[2026-06-24T14:16:33.527+0300] {processor.py:183} INFO - Processing /media/data/omar/programming course/DEPI/DEPI project/anomx/venv/lib/python3.12/site-packages/airflow/example_dags/example_sensors.py took 0.083 seconds
[2026-06-24T14:17:23.984+0300] {processor.py:161} INFO - Started process (PID=84294) to work on /media/data/omar/programming course/DEPI/DEPI project/anomx/venv/lib/python3.12/site-packages/airflow/example_dags/example_sensors.py
[2026-06-24T14:17:23.985+0300] {processor.py:830} INFO - Processing file /media/data/omar/programming course/DEPI/DEPI project/anomx/venv/lib/python3.12/site-packages/airflow/example_dags/example_sensors.py for tasks to queue
[2026-06-24T14:17:23.986+0300] {logging_mixin.py:188} INFO - [2026-06-24T14:17:23.985+0300] {dagbag.py:540} INFO - Filling up the DagBag from /media/data/omar/programming course/DEPI/DEPI project/anomx/venv/lib/python3.12/site-packages/airflow/example_dags/example_sensors.py
[2026-06-24T14:17:23.994+0300] {processor.py:840} INFO - DAG(s) 'example_sensors' retrieved from /media/data/omar/programming course/DEPI/DEPI project/anomx/venv/lib/python3.12/site-packages/airflow/example_dags/example_sensors.py
[2026-06-24T14:17:24.019+0300] {logging_mixin.py:188} INFO - [2026-06-24T14:17:24.018+0300] {dag.py:3096} INFO - Sync 1 DAGs
[2026-06-24T14:17:24.027+0300] {logging_mixin.py:188} INFO - [2026-06-24T14:17:24.027+0300] {dag.py:3954} INFO - Setting next_dagrun for example_sensors to None, run_after=None
[2026-06-24T14:17:24.057+0300] {processor.py:183} INFO - Processing /media/data/omar/programming course/DEPI/DEPI project/anomx/venv/lib/python3.12/site-packages/airflow/example_dags/example_sensors.py took 0.078 seconds
[2026-06-24T14:18:13.980+0300] {processor.py:161} INFO - Started process (PID=84901) to work on /media/data/omar/programming course/DEPI/DEPI project/anomx/venv/lib/python3.12/site-packages/airflow/example_dags/example_sensors.py
[2026-06-24T14:18:13.981+0300] {processor.py:830} INFO - Processing file /media/data/omar/programming course/DEPI/DEPI project/anomx/venv/lib/python3.12/site-packages/airflow/example_dags/example_sensors.py for tasks to queue
[2026-06-24T14:18:13.982+0300] {logging_mixin.py:188} INFO - [2026-06-24T14:18:13.981+0300] {dagbag.py:540} INFO - Filling up the DagBag from /media/data/omar/programming course/DEPI/DEPI project/anomx/venv/lib/python3.12/site-packages/airflow/example_dags/example_sensors.py
[2026-06-24T14:18:13.991+0300] {processor.py:840} INFO - DAG(s) 'example_sensors' retrieved from /media/data/omar/programming course/DEPI/DEPI project/anomx/venv/lib/python3.12/site-packages/airflow/example_dags/example_sensors.py
[2026-06-24T14:18:14.011+0300] {logging_mixin.py:188} INFO - [2026-06-24T14:18:14.011+0300] {dag.py:3096} INFO - Sync 1 DAGs
[2026-06-24T14:18:14.021+0300] {logging_mixin.py:188} INFO - [2026-06-24T14:18:14.020+0300] {dag.py:3954} INFO - Setting next_dagrun for example_sensors to None, run_after=None
[2026-06-24T14:18:14.051+0300] {processor.py:183} INFO - Processing /media/data/omar/programming course/DEPI/DEPI project/anomx/venv/lib/python3.12/site-packages/airflow/example_dags/example_sensors.py took 0.077 seconds
[2026-06-24T14:19:03.085+0300] {processor.py:161} INFO - Started process (PID=85208) to work on /media/data/omar/programming course/DEPI/DEPI project/anomx/venv/lib/python3.12/site-packages/airflow/example_dags/example_sensors.py
[2026-06-24T14:19:03.088+0300] {processor.py:830} INFO - Processing file /media/data/omar/programming course/DEPI/DEPI project/anomx/venv/lib/python3.12/site-packages/airflow/example_dags/example_sensors.py for tasks to queue
[2026-06-24T14:19:03.090+0300] {logging_mixin.py:188} INFO - [2026-06-24T14:19:03.089+0300] {dagbag.py:540} INFO - Filling up the DagBag from /media/data/omar/programming course/DEPI/DEPI project/anomx/venv/lib/python3.12/site-packages/airflow/example_dags/example_sensors.py
[2026-06-24T14:19:03.107+0300] {processor.py:840} INFO - DAG(s) 'example_sensors' retrieved from /media/data/omar/programming course/DEPI/DEPI project/anomx/venv/lib/python3.12/site-packages/airflow/example_dags/example_sensors.py
[2026-06-24T14:19:03.127+0300] {logging_mixin.py:188} INFO - [2026-06-24T14:19:03.127+0300] {dag.py:3096} INFO - Sync 1 DAGs
[2026-06-24T14:19:03.136+0300] {logging_mixin.py:188} INFO - [2026-06-24T14:19:03.136+0300] {dag.py:3954} INFO - Setting next_dagrun for example_sensors to None, run_after=None
[2026-06-24T14:19:03.163+0300] {processor.py:183} INFO - Processing /media/data/omar/programming course/DEPI/DEPI project/anomx/venv/lib/python3.12/site-packages/airflow/example_dags/example_sensors.py took 0.090 seconds
[2026-06-24T14:19:54.617+0300] {processor.py:161} INFO - Started process (PID=85841) to work on /media/data/omar/programming course/DEPI/DEPI project/anomx/venv/lib/python3.12/site-packages/airflow/example_dags/example_sensors.py
[2026-06-24T14:19:54.617+0300] {processor.py:830} INFO - Processing file /media/data/omar/programming course/DEPI/DEPI project/anomx/venv/lib/python3.12/site-packages/airflow/example_dags/example_sensors.py for tasks to queue
[2026-06-24T14:19:54.618+0300] {logging_mixin.py:188} INFO - [2026-06-24T14:19:54.618+0300] {dagbag.py:540} INFO - Filling up the DagBag from /media/data/omar/programming course/DEPI/DEPI project/anomx/venv/lib/python3.12/site-packages/airflow/example_dags/example_sensors.py
[2026-06-24T14:19:54.626+0300] {processor.py:840} INFO - DAG(s) 'example_sensors' retrieved from /media/data/omar/programming course/DEPI/DEPI project/anomx/venv/lib/python3.12/site-packages/airflow/example_dags/example_sensors.py
[2026-06-24T14:19:54.654+0300] {logging_mixin.py:188} INFO - [2026-06-24T14:19:54.654+0300] {dag.py:3096} INFO - Sync 1 DAGs
[2026-06-24T14:19:54.665+0300] {logging_mixin.py:188} INFO - [2026-06-24T14:19:54.664+0300] {dag.py:3954} INFO - Setting next_dagrun for example_sensors to None, run_after=None
[2026-06-24T14:19:54.696+0300] {processor.py:183} INFO - Processing /media/data/omar/programming course/DEPI/DEPI project/anomx/venv/lib/python3.12/site-packages/airflow/example_dags/example_sensors.py took 0.084 seconds
[2026-06-24T14:20:45.461+0300] {processor.py:161} INFO - Started process (PID=86170) to work on /media/data/omar/programming course/DEPI/DEPI project/anomx/venv/lib/python3.12/site-packages/airflow/example_dags/example_sensors.py
[2026-06-24T14:20:45.462+0300] {processor.py:830} INFO - Processing file /media/data/omar/programming course/DEPI/DEPI project/anomx/venv/lib/python3.12/site-packages/airflow/example_dags/example_sensors.py for tasks to queue
[2026-06-24T14:20:45.463+0300] {logging_mixin.py:188} INFO - [2026-06-24T14:20:45.462+0300] {dagbag.py:540} INFO - Filling up the DagBag from /media/data/omar/programming course/DEPI/DEPI project/anomx/venv/lib/python3.12/site-packages/airflow/example_dags/example_sensors.py
[2026-06-24T14:20:45.471+0300] {processor.py:840} INFO - DAG(s) 'example_sensors' retrieved from /media/data/omar/programming course/DEPI/DEPI project/anomx/venv/lib/python3.12/site-packages/airflow/example_dags/example_sensors.py
[2026-06-24T14:20:45.490+0300] {logging_mixin.py:188} INFO - [2026-06-24T14:20:45.490+0300] {dag.py:3096} INFO - Sync 1 DAGs
[2026-06-24T14:20:45.499+0300] {logging_mixin.py:188} INFO - [2026-06-24T14:20:45.498+0300] {dag.py:3954} INFO - Setting next_dagrun for example_sensors to None, run_after=None
[2026-06-24T14:20:45.527+0300] {processor.py:183} INFO - Processing /media/data/omar/programming course/DEPI/DEPI project/anomx/venv/lib/python3.12/site-packages/airflow/example_dags/example_sensors.py took 0.071 seconds
[2026-06-24T14:21:43.840+0300] {processor.py:161} INFO - Started process (PID=86809) to work on /media/data/omar/programming course/DEPI/DEPI project/anomx/venv/lib/python3.12/site-packages/airflow/example_dags/example_sensors.py
[2026-06-24T14:21:43.841+0300] {processor.py:830} INFO - Processing file /media/data/omar/programming course/DEPI/DEPI project/anomx/venv/lib/python3.12/site-packages/airflow/example_dags/example_sensors.py for tasks to queue
[2026-06-24T14:21:43.842+0300] {logging_mixin.py:188} INFO - [2026-06-24T14:21:43.841+0300] {dagbag.py:540} INFO - Filling up the DagBag from /media/data/omar/programming course/DEPI/DEPI project/anomx/venv/lib/python3.12/site-packages/airflow/example_dags/example_sensors.py
[2026-06-24T14:21:43.852+0300] {processor.py:840} INFO - DAG(s) 'example_sensors' retrieved from /media/data/omar/programming course/DEPI/DEPI project/anomx/venv/lib/python3.12/site-packages/airflow/example_dags/example_sensors.py
[2026-06-24T14:21:43.874+0300] {logging_mixin.py:188} INFO - [2026-06-24T14:21:43.873+0300] {dag.py:3096} INFO - Sync 1 DAGs
[2026-06-24T14:21:43.883+0300] {logging_mixin.py:188} INFO - [2026-06-24T14:21:43.883+0300] {dag.py:3954} INFO - Setting next_dagrun for example_sensors to None, run_after=None
[2026-06-24T14:21:43.917+0300] {processor.py:183} INFO - Processing /media/data/omar/programming course/DEPI/DEPI project/anomx/venv/lib/python3.12/site-packages/airflow/example_dags/example_sensors.py took 0.083 seconds
[2026-06-24T14:22:33.356+0300] {processor.py:161} INFO - Started process (PID=87120) to work on /media/data/omar/programming course/DEPI/DEPI project/anomx/venv/lib/python3.12/site-packages/airflow/example_dags/example_sensors.py
[2026-06-24T14:22:33.357+0300] {processor.py:830} INFO - Processing file /media/data/omar/programming course/DEPI/DEPI project/anomx/venv/lib/python3.12/site-packages/airflow/example_dags/example_sensors.py for tasks to queue
[2026-06-24T14:22:33.357+0300] {logging_mixin.py:188} INFO - [2026-06-24T14:22:33.357+0300] {dagbag.py:540} INFO - Filling up the DagBag from /media/data/omar/programming course/DEPI/DEPI project/anomx/venv/lib/python3.12/site-packages/airflow/example_dags/example_sensors.py
[2026-06-24T14:22:33.365+0300] {processor.py:840} INFO - DAG(s) 'example_sensors' retrieved from /media/data/omar/programming course/DEPI/DEPI project/anomx/venv/lib/python3.12/site-packages/airflow/example_dags/example_sensors.py
[2026-06-24T14:22:33.385+0300] {logging_mixin.py:188} INFO - [2026-06-24T14:22:33.384+0300] {dag.py:3096} INFO - Sync 1 DAGs
[2026-06-24T14:22:33.393+0300] {logging_mixin.py:188} INFO - [2026-06-24T14:22:33.393+0300] {dag.py:3954} INFO - Setting next_dagrun for example_sensors to None, run_after=None
[2026-06-24T14:22:33.420+0300] {processor.py:183} INFO - Processing /media/data/omar/programming course/DEPI/DEPI project/anomx/venv/lib/python3.12/site-packages/airflow/example_dags/example_sensors.py took 0.070 seconds
[2026-06-24T14:23:23.822+0300] {processor.py:161} INFO - Started process (PID=87726) to work on /media/data/omar/programming course/DEPI/DEPI project/anomx/venv/lib/python3.12/site-packages/airflow/example_dags/example_sensors.py
[2026-06-24T14:23:23.823+0300] {processor.py:830} INFO - Processing file /media/data/omar/programming course/DEPI/DEPI project/anomx/venv/lib/python3.12/site-packages/airflow/example_dags/example_sensors.py for tasks to queue
[2026-06-24T14:23:23.824+0300] {logging_mixin.py:188} INFO - [2026-06-24T14:23:23.824+0300] {dagbag.py:540} INFO - Filling up the DagBag from /media/data/omar/programming course/DEPI/DEPI project/anomx/venv/lib/python3.12/site-packages/airflow/example_dags/example_sensors.py
[2026-06-24T14:23:23.833+0300] {processor.py:840} INFO - DAG(s) 'example_sensors' retrieved from /media/data/omar/programming course/DEPI/DEPI project/anomx/venv/lib/python3.12/site-packages/airflow/example_dags/example_sensors.py
[2026-06-24T14:23:23.853+0300] {logging_mixin.py:188} INFO - [2026-06-24T14:23:23.853+0300] {dag.py:3096} INFO - Sync 1 DAGs
[2026-06-24T14:23:23.862+0300] {logging_mixin.py:188} INFO - [2026-06-24T14:23:23.862+0300] {dag.py:3954} INFO - Setting next_dagrun for example_sensors to None, run_after=None
[2026-06-24T14:23:23.892+0300] {processor.py:183} INFO - Processing /media/data/omar/programming course/DEPI/DEPI project/anomx/venv/lib/python3.12/site-packages/airflow/example_dags/example_sensors.py took 0.075 seconds
[2026-06-24T14:24:13.277+0300] {processor.py:161} INFO - Started process (PID=88035) to work on /media/data/omar/programming course/DEPI/DEPI project/anomx/venv/lib/python3.12/site-packages/airflow/example_dags/example_sensors.py
[2026-06-24T14:24:13.278+0300] {processor.py:830} INFO - Processing file /media/data/omar/programming course/DEPI/DEPI project/anomx/venv/lib/python3.12/site-packages/airflow/example_dags/example_sensors.py for tasks to queue
[2026-06-24T14:24:13.279+0300] {logging_mixin.py:188} INFO - [2026-06-24T14:24:13.278+0300] {dagbag.py:540} INFO - Filling up the DagBag from /media/data/omar/programming course/DEPI/DEPI project/anomx/venv/lib/python3.12/site-packages/airflow/example_dags/example_sensors.py
[2026-06-24T14:24:13.287+0300] {processor.py:840} INFO - DAG(s) 'example_sensors' retrieved from /media/data/omar/programming course/DEPI/DEPI project/anomx/venv/lib/python3.12/site-packages/airflow/example_dags/example_sensors.py
[2026-06-24T14:24:13.307+0300] {logging_mixin.py:188} INFO - [2026-06-24T14:24:13.307+0300] {dag.py:3096} INFO - Sync 1 DAGs
[2026-06-24T14:24:13.399+0300] {logging_mixin.py:188} INFO - [2026-06-24T14:24:13.399+0300] {dag.py:3954} INFO - Setting next_dagrun for example_sensors to None, run_after=None
[2026-06-24T14:24:13.426+0300] {processor.py:183} INFO - Processing /media/data/omar/programming course/DEPI/DEPI project/anomx/venv/lib/python3.12/site-packages/airflow/example_dags/example_sensors.py took 0.155 seconds
[2026-06-24T14:25:03.309+0300] {processor.py:161} INFO - Started process (PID=88659) to work on /media/data/omar/programming course/DEPI/DEPI project/anomx/venv/lib/python3.12/site-packages/airflow/example_dags/example_sensors.py
[2026-06-24T14:25:03.310+0300] {processor.py:830} INFO - Processing file /media/data/omar/programming course/DEPI/DEPI project/anomx/venv/lib/python3.12/site-packages/airflow/example_dags/example_sensors.py for tasks to queue
[2026-06-24T14:25:03.311+0300] {logging_mixin.py:188} INFO - [2026-06-24T14:25:03.310+0300] {dagbag.py:540} INFO - Filling up the DagBag from /media/data/omar/programming course/DEPI/DEPI project/anomx/venv/lib/python3.12/site-packages/airflow/example_dags/example_sensors.py
[2026-06-24T14:25:03.321+0300] {processor.py:840} INFO - DAG(s) 'example_sensors' retrieved from /media/data/omar/programming course/DEPI/DEPI project/anomx/venv/lib/python3.12/site-packages/airflow/example_dags/example_sensors.py
[2026-06-24T14:25:03.342+0300] {logging_mixin.py:188} INFO - [2026-06-24T14:25:03.341+0300] {dag.py:3096} INFO - Sync 1 DAGs
[2026-06-24T14:25:03.350+0300] {logging_mixin.py:188} INFO - [2026-06-24T14:25:03.350+0300] {dag.py:3954} INFO - Setting next_dagrun for example_sensors to None, run_after=None
[2026-06-24T14:25:03.378+0300] {processor.py:183} INFO - Processing /media/data/omar/programming course/DEPI/DEPI project/anomx/venv/lib/python3.12/site-packages/airflow/example_dags/example_sensors.py took 0.078 seconds
[2026-06-24T14:25:49.951+0300] {processor.py:161} INFO - Started process (PID=88932) to work on /media/data/omar/programming course/DEPI/DEPI project/anomx/venv/lib/python3.12/site-packages/airflow/example_dags/example_sensors.py
[2026-06-24T14:25:49.952+0300] {processor.py:830} INFO - Processing file /media/data/omar/programming course/DEPI/DEPI project/anomx/venv/lib/python3.12/site-packages/airflow/example_dags/example_sensors.py for tasks to queue
[2026-06-24T14:25:49.954+0300] {logging_mixin.py:188} INFO - [2026-06-24T14:25:49.953+0300] {dagbag.py:540} INFO - Filling up the DagBag from /media/data/omar/programming course/DEPI/DEPI project/anomx/venv/lib/python3.12/site-packages/airflow/example_dags/example_sensors.py
[2026-06-24T14:25:49.970+0300] {processor.py:840} INFO - DAG(s) 'example_sensors' retrieved from /media/data/omar/programming course/DEPI/DEPI project/anomx/venv/lib/python3.12/site-packages/airflow/example_dags/example_sensors.py
[2026-06-24T14:25:50.077+0300] {logging_mixin.py:188} INFO - [2026-06-24T14:25:50.077+0300] {dag.py:3096} INFO - Sync 1 DAGs
[2026-06-24T14:25:50.084+0300] {logging_mixin.py:188} INFO - [2026-06-24T14:25:50.084+0300] {dag.py:3954} INFO - Setting next_dagrun for example_sensors to None, run_after=None
[2026-06-24T14:25:50.111+0300] {processor.py:183} INFO - Processing /media/data/omar/programming course/DEPI/DEPI project/anomx/venv/lib/python3.12/site-packages/airflow/example_dags/example_sensors.py took 0.168 seconds
[2026-06-24T14:26:41.605+0300] {processor.py:161} INFO - Started process (PID=89565) to work on /media/data/omar/programming course/DEPI/DEPI project/anomx/venv/lib/python3.12/site-packages/airflow/example_dags/example_sensors.py
[2026-06-24T14:26:41.606+0300] {processor.py:830} INFO - Processing file /media/data/omar/programming course/DEPI/DEPI project/anomx/venv/lib/python3.12/site-packages/airflow/example_dags/example_sensors.py for tasks to queue
[2026-06-24T14:26:41.606+0300] {logging_mixin.py:188} INFO - [2026-06-24T14:26:41.606+0300] {dagbag.py:540} INFO - Filling up the DagBag from /media/data/omar/programming course/DEPI/DEPI project/anomx/venv/lib/python3.12/site-packages/airflow/example_dags/example_sensors.py
[2026-06-24T14:26:41.614+0300] {processor.py:840} INFO - DAG(s) 'example_sensors' retrieved from /media/data/omar/programming course/DEPI/DEPI project/anomx/venv/lib/python3.12/site-packages/airflow/example_dags/example_sensors.py
[2026-06-24T14:26:41.633+0300] {logging_mixin.py:188} INFO - [2026-06-24T14:26:41.632+0300] {dag.py:3096} INFO - Sync 1 DAGs
[2026-06-24T14:26:41.640+0300] {logging_mixin.py:188} INFO - [2026-06-24T14:26:41.640+0300] {dag.py:3954} INFO - Setting next_dagrun for example_sensors to None, run_after=None
[2026-06-24T14:26:41.669+0300] {processor.py:183} INFO - Processing /media/data/omar/programming course/DEPI/DEPI project/anomx/venv/lib/python3.12/site-packages/airflow/example_dags/example_sensors.py took 0.069 seconds
[2026-06-24T14:27:28.838+0300] {processor.py:161} INFO - Started process (PID=89842) to work on /media/data/omar/programming course/DEPI/DEPI project/anomx/venv/lib/python3.12/site-packages/airflow/example_dags/example_sensors.py
[2026-06-24T14:27:28.839+0300] {processor.py:830} INFO - Processing file /media/data/omar/programming course/DEPI/DEPI project/anomx/venv/lib/python3.12/site-packages/airflow/example_dags/example_sensors.py for tasks to queue
[2026-06-24T14:27:28.840+0300] {logging_mixin.py:188} INFO - [2026-06-24T14:27:28.839+0300] {dagbag.py:540} INFO - Filling up the DagBag from /media/data/omar/programming course/DEPI/DEPI project/anomx/venv/lib/python3.12/site-packages/airflow/example_dags/example_sensors.py
[2026-06-24T14:27:28.849+0300] {processor.py:840} INFO - DAG(s) 'example_sensors' retrieved from /media/data/omar/programming course/DEPI/DEPI project/anomx/venv/lib/python3.12/site-packages/airflow/example_dags/example_sensors.py
[2026-06-24T14:27:28.871+0300] {logging_mixin.py:188} INFO - [2026-06-24T14:27:28.871+0300] {dag.py:3096} INFO - Sync 1 DAGs
[2026-06-24T14:27:28.880+0300] {logging_mixin.py:188} INFO - [2026-06-24T14:27:28.880+0300] {dag.py:3954} INFO - Setting next_dagrun for example_sensors to None, run_after=None
[2026-06-24T14:27:28.910+0300] {processor.py:183} INFO - Processing /media/data/omar/programming course/DEPI/DEPI project/anomx/venv/lib/python3.12/site-packages/airflow/example_dags/example_sensors.py took 0.077 seconds
[2026-06-24T14:28:17.521+0300] {processor.py:161} INFO - Started process (PID=90465) to work on /media/data/omar/programming course/DEPI/DEPI project/anomx/venv/lib/python3.12/site-packages/airflow/example_dags/example_sensors.py
[2026-06-24T14:28:17.522+0300] {processor.py:830} INFO - Processing file /media/data/omar/programming course/DEPI/DEPI project/anomx/venv/lib/python3.12/site-packages/airflow/example_dags/example_sensors.py for tasks to queue
[2026-06-24T14:28:17.523+0300] {logging_mixin.py:188} INFO - [2026-06-24T14:28:17.522+0300] {dagbag.py:540} INFO - Filling up the DagBag from /media/data/omar/programming course/DEPI/DEPI project/anomx/venv/lib/python3.12/site-packages/airflow/example_dags/example_sensors.py
[2026-06-24T14:28:17.531+0300] {processor.py:840} INFO - DAG(s) 'example_sensors' retrieved from /media/data/omar/programming course/DEPI/DEPI project/anomx/venv/lib/python3.12/site-packages/airflow/example_dags/example_sensors.py
[2026-06-24T14:28:17.553+0300] {logging_mixin.py:188} INFO - [2026-06-24T14:28:17.552+0300] {dag.py:3096} INFO - Sync 1 DAGs
[2026-06-24T14:28:17.561+0300] {logging_mixin.py:188} INFO - [2026-06-24T14:28:17.561+0300] {dag.py:3954} INFO - Setting next_dagrun for example_sensors to None, run_after=None
[2026-06-24T14:28:17.590+0300] {processor.py:183} INFO - Processing /media/data/omar/programming course/DEPI/DEPI project/anomx/venv/lib/python3.12/site-packages/airflow/example_dags/example_sensors.py took 0.074 seconds
[2026-06-24T14:29:07.117+0300] {processor.py:161} INFO - Started process (PID=90778) to work on /media/data/omar/programming course/DEPI/DEPI project/anomx/venv/lib/python3.12/site-packages/airflow/example_dags/example_sensors.py
[2026-06-24T14:29:07.118+0300] {processor.py:830} INFO - Processing file /media/data/omar/programming course/DEPI/DEPI project/anomx/venv/lib/python3.12/site-packages/airflow/example_dags/example_sensors.py for tasks to queue
[2026-06-24T14:29:07.119+0300] {logging_mixin.py:188} INFO - [2026-06-24T14:29:07.118+0300] {dagbag.py:540} INFO - Filling up the DagBag from /media/data/omar/programming course/DEPI/DEPI project/anomx/venv/lib/python3.12/site-packages/airflow/example_dags/example_sensors.py
[2026-06-24T14:29:07.127+0300] {processor.py:840} INFO - DAG(s) 'example_sensors' retrieved from /media/data/omar/programming course/DEPI/DEPI project/anomx/venv/lib/python3.12/site-packages/airflow/example_dags/example_sensors.py
[2026-06-24T14:29:07.147+0300] {logging_mixin.py:188} INFO - [2026-06-24T14:29:07.147+0300] {dag.py:3096} INFO - Sync 1 DAGs
[2026-06-24T14:29:07.167+0300] {logging_mixin.py:188} INFO - [2026-06-24T14:29:07.167+0300] {dag.py:3954} INFO - Setting next_dagrun for example_sensors to None, run_after=None
[2026-06-24T14:29:07.197+0300] {processor.py:183} INFO - Processing /media/data/omar/programming course/DEPI/DEPI project/anomx/venv/lib/python3.12/site-packages/airflow/example_dags/example_sensors.py took 0.086 seconds
[2026-06-24T14:29:55.066+0300] {processor.py:161} INFO - Started process (PID=91400) to work on /media/data/omar/programming course/DEPI/DEPI project/anomx/venv/lib/python3.12/site-packages/airflow/example_dags/example_sensors.py
[2026-06-24T14:29:55.067+0300] {processor.py:830} INFO - Processing file /media/data/omar/programming course/DEPI/DEPI project/anomx/venv/lib/python3.12/site-packages/airflow/example_dags/example_sensors.py for tasks to queue
[2026-06-24T14:29:55.068+0300] {logging_mixin.py:188} INFO - [2026-06-24T14:29:55.068+0300] {dagbag.py:540} INFO - Filling up the DagBag from /media/data/omar/programming course/DEPI/DEPI project/anomx/venv/lib/python3.12/site-packages/airflow/example_dags/example_sensors.py
[2026-06-24T14:29:55.080+0300] {processor.py:840} INFO - DAG(s) 'example_sensors' retrieved from /media/data/omar/programming course/DEPI/DEPI project/anomx/venv/lib/python3.12/site-packages/airflow/example_dags/example_sensors.py
[2026-06-24T14:29:55.106+0300] {logging_mixin.py:188} INFO - [2026-06-24T14:29:55.105+0300] {dag.py:3096} INFO - Sync 1 DAGs
[2026-06-24T14:29:55.119+0300] {logging_mixin.py:188} INFO - [2026-06-24T14:29:55.119+0300] {dag.py:3954} INFO - Setting next_dagrun for example_sensors to None, run_after=None
[2026-06-24T14:29:55.153+0300] {processor.py:183} INFO - Processing /media/data/omar/programming course/DEPI/DEPI project/anomx/venv/lib/python3.12/site-packages/airflow/example_dags/example_sensors.py took 0.092 seconds
[2026-06-24T14:30:43.365+0300] {processor.py:161} INFO - Started process (PID=91711) to work on /media/data/omar/programming course/DEPI/DEPI project/anomx/venv/lib/python3.12/site-packages/airflow/example_dags/example_sensors.py
[2026-06-24T14:30:43.366+0300] {processor.py:830} INFO - Processing file /media/data/omar/programming course/DEPI/DEPI project/anomx/venv/lib/python3.12/site-packages/airflow/example_dags/example_sensors.py for tasks to queue
[2026-06-24T14:30:43.368+0300] {logging_mixin.py:188} INFO - [2026-06-24T14:30:43.367+0300] {dagbag.py:540} INFO - Filling up the DagBag from /media/data/omar/programming course/DEPI/DEPI project/anomx/venv/lib/python3.12/site-packages/airflow/example_dags/example_sensors.py
[2026-06-24T14:30:43.376+0300] {processor.py:840} INFO - DAG(s) 'example_sensors' retrieved from /media/data/omar/programming course/DEPI/DEPI project/anomx/venv/lib/python3.12/site-packages/airflow/example_dags/example_sensors.py
[2026-06-24T14:30:43.394+0300] {logging_mixin.py:188} INFO - [2026-06-24T14:30:43.394+0300] {dag.py:3096} INFO - Sync 1 DAGs
[2026-06-24T14:30:43.403+0300] {logging_mixin.py:188} INFO - [2026-06-24T14:30:43.403+0300] {dag.py:3954} INFO - Setting next_dagrun for example_sensors to None, run_after=None
[2026-06-24T14:30:43.432+0300] {processor.py:183} INFO - Processing /media/data/omar/programming course/DEPI/DEPI project/anomx/venv/lib/python3.12/site-packages/airflow/example_dags/example_sensors.py took 0.071 seconds
[2026-06-24T14:31:33.911+0300] {processor.py:161} INFO - Started process (PID=92331) to work on /media/data/omar/programming course/DEPI/DEPI project/anomx/venv/lib/python3.12/site-packages/airflow/example_dags/example_sensors.py
[2026-06-24T14:31:33.912+0300] {processor.py:830} INFO - Processing file /media/data/omar/programming course/DEPI/DEPI project/anomx/venv/lib/python3.12/site-packages/airflow/example_dags/example_sensors.py for tasks to queue
[2026-06-24T14:31:33.913+0300] {logging_mixin.py:188} INFO - [2026-06-24T14:31:33.912+0300] {dagbag.py:540} INFO - Filling up the DagBag from /media/data/omar/programming course/DEPI/DEPI project/anomx/venv/lib/python3.12/site-packages/airflow/example_dags/example_sensors.py
[2026-06-24T14:31:33.922+0300] {processor.py:840} INFO - DAG(s) 'example_sensors' retrieved from /media/data/omar/programming course/DEPI/DEPI project/anomx/venv/lib/python3.12/site-packages/airflow/example_dags/example_sensors.py
[2026-06-24T14:31:33.942+0300] {logging_mixin.py:188} INFO - [2026-06-24T14:31:33.942+0300] {dag.py:3096} INFO - Sync 1 DAGs
[2026-06-24T14:31:33.951+0300] {logging_mixin.py:188} INFO - [2026-06-24T14:31:33.951+0300] {dag.py:3954} INFO - Setting next_dagrun for example_sensors to None, run_after=None
[2026-06-24T14:31:33.978+0300] {processor.py:183} INFO - Processing /media/data/omar/programming course/DEPI/DEPI project/anomx/venv/lib/python3.12/site-packages/airflow/example_dags/example_sensors.py took 0.072 seconds
[2026-06-24T14:32:22.333+0300] {processor.py:161} INFO - Started process (PID=92644) to work on /media/data/omar/programming course/DEPI/DEPI project/anomx/venv/lib/python3.12/site-packages/airflow/example_dags/example_sensors.py
[2026-06-24T14:32:22.334+0300] {processor.py:830} INFO - Processing file /media/data/omar/programming course/DEPI/DEPI project/anomx/venv/lib/python3.12/site-packages/airflow/example_dags/example_sensors.py for tasks to queue
[2026-06-24T14:32:22.335+0300] {logging_mixin.py:188} INFO - [2026-06-24T14:32:22.335+0300] {dagbag.py:540} INFO - Filling up the DagBag from /media/data/omar/programming course/DEPI/DEPI project/anomx/venv/lib/python3.12/site-packages/airflow/example_dags/example_sensors.py
[2026-06-24T14:32:22.343+0300] {processor.py:840} INFO - DAG(s) 'example_sensors' retrieved from /media/data/omar/programming course/DEPI/DEPI project/anomx/venv/lib/python3.12/site-packages/airflow/example_dags/example_sensors.py
[2026-06-24T14:32:22.363+0300] {logging_mixin.py:188} INFO - [2026-06-24T14:32:22.363+0300] {dag.py:3096} INFO - Sync 1 DAGs
[2026-06-24T14:32:22.372+0300] {logging_mixin.py:188} INFO - [2026-06-24T14:32:22.371+0300] {dag.py:3954} INFO - Setting next_dagrun for example_sensors to None, run_after=None
[2026-06-24T14:32:22.399+0300] {processor.py:183} INFO - Processing /media/data/omar/programming course/DEPI/DEPI project/anomx/venv/lib/python3.12/site-packages/airflow/example_dags/example_sensors.py took 0.071 seconds
[2026-06-24T14:33:11.081+0300] {processor.py:161} INFO - Started process (PID=93241) to work on /media/data/omar/programming course/DEPI/DEPI project/anomx/venv/lib/python3.12/site-packages/airflow/example_dags/example_sensors.py
[2026-06-24T14:33:11.082+0300] {processor.py:830} INFO - Processing file /media/data/omar/programming course/DEPI/DEPI project/anomx/venv/lib/python3.12/site-packages/airflow/example_dags/example_sensors.py for tasks to queue
[2026-06-24T14:33:11.083+0300] {logging_mixin.py:188} INFO - [2026-06-24T14:33:11.082+0300] {dagbag.py:540} INFO - Filling up the DagBag from /media/data/omar/programming course/DEPI/DEPI project/anomx/venv/lib/python3.12/site-packages/airflow/example_dags/example_sensors.py
[2026-06-24T14:33:11.092+0300] {processor.py:840} INFO - DAG(s) 'example_sensors' retrieved from /media/data/omar/programming course/DEPI/DEPI project/anomx/venv/lib/python3.12/site-packages/airflow/example_dags/example_sensors.py
[2026-06-24T14:33:11.113+0300] {logging_mixin.py:188} INFO - [2026-06-24T14:33:11.112+0300] {dag.py:3096} INFO - Sync 1 DAGs
[2026-06-24T14:33:11.122+0300] {logging_mixin.py:188} INFO - [2026-06-24T14:33:11.122+0300] {dag.py:3954} INFO - Setting next_dagrun for example_sensors to None, run_after=None
[2026-06-24T14:33:11.152+0300] {processor.py:183} INFO - Processing /media/data/omar/programming course/DEPI/DEPI project/anomx/venv/lib/python3.12/site-packages/airflow/example_dags/example_sensors.py took 0.077 seconds
[2026-06-24T14:33:58.321+0300] {processor.py:161} INFO - Started process (PID=93551) to work on /media/data/omar/programming course/DEPI/DEPI project/anomx/venv/lib/python3.12/site-packages/airflow/example_dags/example_sensors.py
[2026-06-24T14:33:58.322+0300] {processor.py:830} INFO - Processing file /media/data/omar/programming course/DEPI/DEPI project/anomx/venv/lib/python3.12/site-packages/airflow/example_dags/example_sensors.py for tasks to queue
[2026-06-24T14:33:58.323+0300] {logging_mixin.py:188} INFO - [2026-06-24T14:33:58.322+0300] {dagbag.py:540} INFO - Filling up the DagBag from /media/data/omar/programming course/DEPI/DEPI project/anomx/venv/lib/python3.12/site-packages/airflow/example_dags/example_sensors.py
[2026-06-24T14:33:58.331+0300] {processor.py:840} INFO - DAG(s) 'example_sensors' retrieved from /media/data/omar/programming course/DEPI/DEPI project/anomx/venv/lib/python3.12/site-packages/airflow/example_dags/example_sensors.py
[2026-06-24T14:33:58.351+0300] {logging_mixin.py:188} INFO - [2026-06-24T14:33:58.350+0300] {dag.py:3096} INFO - Sync 1 DAGs
[2026-06-24T14:33:58.360+0300] {logging_mixin.py:188} INFO - [2026-06-24T14:33:58.359+0300] {dag.py:3954} INFO - Setting next_dagrun for example_sensors to None, run_after=None
[2026-06-24T14:33:58.387+0300] {processor.py:183} INFO - Processing /media/data/omar/programming course/DEPI/DEPI project/anomx/venv/lib/python3.12/site-packages/airflow/example_dags/example_sensors.py took 0.071 seconds
[2026-06-24T14:34:44.226+0300] {processor.py:161} INFO - Started process (PID=94088) to work on /media/data/omar/programming course/DEPI/DEPI project/anomx/venv/lib/python3.12/site-packages/airflow/example_dags/example_sensors.py
[2026-06-24T14:34:44.227+0300] {processor.py:830} INFO - Processing file /media/data/omar/programming course/DEPI/DEPI project/anomx/venv/lib/python3.12/site-packages/airflow/example_dags/example_sensors.py for tasks to queue
[2026-06-24T14:34:44.228+0300] {logging_mixin.py:188} INFO - [2026-06-24T14:34:44.228+0300] {dagbag.py:540} INFO - Filling up the DagBag from /media/data/omar/programming course/DEPI/DEPI project/anomx/venv/lib/python3.12/site-packages/airflow/example_dags/example_sensors.py
[2026-06-24T14:34:44.236+0300] {processor.py:840} INFO - DAG(s) 'example_sensors' retrieved from /media/data/omar/programming course/DEPI/DEPI project/anomx/venv/lib/python3.12/site-packages/airflow/example_dags/example_sensors.py
[2026-06-24T14:34:44.254+0300] {logging_mixin.py:188} INFO - [2026-06-24T14:34:44.254+0300] {dag.py:3096} INFO - Sync 1 DAGs
[2026-06-24T14:34:44.263+0300] {logging_mixin.py:188} INFO - [2026-06-24T14:34:44.262+0300] {dag.py:3954} INFO - Setting next_dagrun for example_sensors to None, run_after=None
[2026-06-24T14:34:44.319+0300] {processor.py:183} INFO - Processing /media/data/omar/programming course/DEPI/DEPI project/anomx/venv/lib/python3.12/site-packages/airflow/example_dags/example_sensors.py took 0.099 seconds
[2026-06-24T14:35:31.935+0300] {processor.py:161} INFO - Started process (PID=94456) to work on /media/data/omar/programming course/DEPI/DEPI project/anomx/venv/lib/python3.12/site-packages/airflow/example_dags/example_sensors.py
[2026-06-24T14:35:31.936+0300] {processor.py:830} INFO - Processing file /media/data/omar/programming course/DEPI/DEPI project/anomx/venv/lib/python3.12/site-packages/airflow/example_dags/example_sensors.py for tasks to queue
[2026-06-24T14:35:31.937+0300] {logging_mixin.py:188} INFO - [2026-06-24T14:35:31.936+0300] {dagbag.py:540} INFO - Filling up the DagBag from /media/data/omar/programming course/DEPI/DEPI project/anomx/venv/lib/python3.12/site-packages/airflow/example_dags/example_sensors.py
[2026-06-24T14:35:31.950+0300] {processor.py:840} INFO - DAG(s) 'example_sensors' retrieved from /media/data/omar/programming course/DEPI/DEPI project/anomx/venv/lib/python3.12/site-packages/airflow/example_dags/example_sensors.py
[2026-06-24T14:35:31.979+0300] {logging_mixin.py:188} INFO - [2026-06-24T14:35:31.978+0300] {dag.py:3096} INFO - Sync 1 DAGs
[2026-06-24T14:35:31.992+0300] {logging_mixin.py:188} INFO - [2026-06-24T14:35:31.991+0300] {dag.py:3954} INFO - Setting next_dagrun for example_sensors to None, run_after=None
[2026-06-24T14:35:32.028+0300] {processor.py:183} INFO - Processing /media/data/omar/programming course/DEPI/DEPI project/anomx/venv/lib/python3.12/site-packages/airflow/example_dags/example_sensors.py took 0.101 seconds
[2026-06-24T14:36:24.497+0300] {processor.py:161} INFO - Started process (PID=95010) to work on /media/data/omar/programming course/DEPI/DEPI project/anomx/venv/lib/python3.12/site-packages/airflow/example_dags/example_sensors.py
[2026-06-24T14:36:24.497+0300] {processor.py:830} INFO - Processing file /media/data/omar/programming course/DEPI/DEPI project/anomx/venv/lib/python3.12/site-packages/airflow/example_dags/example_sensors.py for tasks to queue
[2026-06-24T14:36:24.498+0300] {logging_mixin.py:188} INFO - [2026-06-24T14:36:24.498+0300] {dagbag.py:540} INFO - Filling up the DagBag from /media/data/omar/programming course/DEPI/DEPI project/anomx/venv/lib/python3.12/site-packages/airflow/example_dags/example_sensors.py
[2026-06-24T14:36:24.506+0300] {processor.py:840} INFO - DAG(s) 'example_sensors' retrieved from /media/data/omar/programming course/DEPI/DEPI project/anomx/venv/lib/python3.12/site-packages/airflow/example_dags/example_sensors.py
[2026-06-24T14:36:24.524+0300] {logging_mixin.py:188} INFO - [2026-06-24T14:36:24.524+0300] {dag.py:3096} INFO - Sync 1 DAGs
[2026-06-24T14:36:24.532+0300] {logging_mixin.py:188} INFO - [2026-06-24T14:36:24.532+0300] {dag.py:3954} INFO - Setting next_dagrun for example_sensors to None, run_after=None
[2026-06-24T14:36:24.559+0300] {processor.py:183} INFO - Processing /media/data/omar/programming course/DEPI/DEPI project/anomx/venv/lib/python3.12/site-packages/airflow/example_dags/example_sensors.py took 0.067 seconds
[2026-06-24T14:37:12.304+0300] {processor.py:161} INFO - Started process (PID=95381) to work on /media/data/omar/programming course/DEPI/DEPI project/anomx/venv/lib/python3.12/site-packages/airflow/example_dags/example_sensors.py
[2026-06-24T14:37:12.305+0300] {processor.py:830} INFO - Processing file /media/data/omar/programming course/DEPI/DEPI project/anomx/venv/lib/python3.12/site-packages/airflow/example_dags/example_sensors.py for tasks to queue
[2026-06-24T14:37:12.306+0300] {logging_mixin.py:188} INFO - [2026-06-24T14:37:12.306+0300] {dagbag.py:540} INFO - Filling up the DagBag from /media/data/omar/programming course/DEPI/DEPI project/anomx/venv/lib/python3.12/site-packages/airflow/example_dags/example_sensors.py
[2026-06-24T14:37:12.316+0300] {processor.py:840} INFO - DAG(s) 'example_sensors' retrieved from /media/data/omar/programming course/DEPI/DEPI project/anomx/venv/lib/python3.12/site-packages/airflow/example_dags/example_sensors.py
[2026-06-24T14:37:12.338+0300] {logging_mixin.py:188} INFO - [2026-06-24T14:37:12.337+0300] {dag.py:3096} INFO - Sync 1 DAGs
[2026-06-24T14:37:12.347+0300] {logging_mixin.py:188} INFO - [2026-06-24T14:37:12.346+0300] {dag.py:3954} INFO - Setting next_dagrun for example_sensors to None, run_after=None
[2026-06-24T14:37:12.381+0300] {processor.py:183} INFO - Processing /media/data/omar/programming course/DEPI/DEPI project/anomx/venv/lib/python3.12/site-packages/airflow/example_dags/example_sensors.py took 0.083 seconds
[2026-06-24T14:38:05.388+0300] {processor.py:161} INFO - Started process (PID=95942) to work on /media/data/omar/programming course/DEPI/DEPI project/anomx/venv/lib/python3.12/site-packages/airflow/example_dags/example_sensors.py
[2026-06-24T14:38:05.390+0300] {processor.py:830} INFO - Processing file /media/data/omar/programming course/DEPI/DEPI project/anomx/venv/lib/python3.12/site-packages/airflow/example_dags/example_sensors.py for tasks to queue
[2026-06-24T14:38:05.391+0300] {logging_mixin.py:188} INFO - [2026-06-24T14:38:05.390+0300] {dagbag.py:540} INFO - Filling up the DagBag from /media/data/omar/programming course/DEPI/DEPI project/anomx/venv/lib/python3.12/site-packages/airflow/example_dags/example_sensors.py
[2026-06-24T14:38:05.400+0300] {processor.py:840} INFO - DAG(s) 'example_sensors' retrieved from /media/data/omar/programming course/DEPI/DEPI project/anomx/venv/lib/python3.12/site-packages/airflow/example_dags/example_sensors.py
[2026-06-24T14:38:05.422+0300] {logging_mixin.py:188} INFO - [2026-06-24T14:38:05.422+0300] {dag.py:3096} INFO - Sync 1 DAGs
[2026-06-24T14:38:05.431+0300] {logging_mixin.py:188} INFO - [2026-06-24T14:38:05.430+0300] {dag.py:3954} INFO - Setting next_dagrun for example_sensors to None, run_after=None
[2026-06-24T14:38:05.456+0300] {processor.py:183} INFO - Processing /media/data/omar/programming course/DEPI/DEPI project/anomx/venv/lib/python3.12/site-packages/airflow/example_dags/example_sensors.py took 0.074 seconds
[2026-06-24T14:38:59.144+0300] {processor.py:161} INFO - Started process (PID=96329) to work on /media/data/omar/programming course/DEPI/DEPI project/anomx/venv/lib/python3.12/site-packages/airflow/example_dags/example_sensors.py
[2026-06-24T14:38:59.145+0300] {processor.py:830} INFO - Processing file /media/data/omar/programming course/DEPI/DEPI project/anomx/venv/lib/python3.12/site-packages/airflow/example_dags/example_sensors.py for tasks to queue
[2026-06-24T14:38:59.146+0300] {logging_mixin.py:188} INFO - [2026-06-24T14:38:59.145+0300] {dagbag.py:540} INFO - Filling up the DagBag from /media/data/omar/programming course/DEPI/DEPI project/anomx/venv/lib/python3.12/site-packages/airflow/example_dags/example_sensors.py
[2026-06-24T14:38:59.158+0300] {processor.py:840} INFO - DAG(s) 'example_sensors' retrieved from /media/data/omar/programming course/DEPI/DEPI project/anomx/venv/lib/python3.12/site-packages/airflow/example_dags/example_sensors.py
[2026-06-24T14:38:59.182+0300] {logging_mixin.py:188} INFO - [2026-06-24T14:38:59.181+0300] {dag.py:3096} INFO - Sync 1 DAGs
[2026-06-24T14:38:59.192+0300] {logging_mixin.py:188} INFO - [2026-06-24T14:38:59.192+0300] {dag.py:3954} INFO - Setting next_dagrun for example_sensors to None, run_after=None
[2026-06-24T14:38:59.225+0300] {processor.py:183} INFO - Processing /media/data/omar/programming course/DEPI/DEPI project/anomx/venv/lib/python3.12/site-packages/airflow/example_dags/example_sensors.py took 0.087 seconds
[2026-06-24T14:39:50.958+0300] {processor.py:161} INFO - Started process (PID=96930) to work on /media/data/omar/programming course/DEPI/DEPI project/anomx/venv/lib/python3.12/site-packages/airflow/example_dags/example_sensors.py
[2026-06-24T14:39:50.959+0300] {processor.py:830} INFO - Processing file /media/data/omar/programming course/DEPI/DEPI project/anomx/venv/lib/python3.12/site-packages/airflow/example_dags/example_sensors.py for tasks to queue
[2026-06-24T14:39:50.960+0300] {logging_mixin.py:188} INFO - [2026-06-24T14:39:50.959+0300] {dagbag.py:540} INFO - Filling up the DagBag from /media/data/omar/programming course/DEPI/DEPI project/anomx/venv/lib/python3.12/site-packages/airflow/example_dags/example_sensors.py
[2026-06-24T14:39:50.968+0300] {processor.py:840} INFO - DAG(s) 'example_sensors' retrieved from /media/data/omar/programming course/DEPI/DEPI project/anomx/venv/lib/python3.12/site-packages/airflow/example_dags/example_sensors.py
[2026-06-24T14:39:50.987+0300] {logging_mixin.py:188} INFO - [2026-06-24T14:39:50.987+0300] {dag.py:3096} INFO - Sync 1 DAGs
[2026-06-24T14:39:50.996+0300] {logging_mixin.py:188} INFO - [2026-06-24T14:39:50.996+0300] {dag.py:3954} INFO - Setting next_dagrun for example_sensors to None, run_after=None
[2026-06-24T14:39:51.026+0300] {processor.py:183} INFO - Processing /media/data/omar/programming course/DEPI/DEPI project/anomx/venv/lib/python3.12/site-packages/airflow/example_dags/example_sensors.py took 0.074 seconds
[2026-06-24T14:40:38.336+0300] {processor.py:161} INFO - Started process (PID=97272) to work on /media/data/omar/programming course/DEPI/DEPI project/anomx/venv/lib/python3.12/site-packages/airflow/example_dags/example_sensors.py
[2026-06-24T14:40:38.338+0300] {processor.py:830} INFO - Processing file /media/data/omar/programming course/DEPI/DEPI project/anomx/venv/lib/python3.12/site-packages/airflow/example_dags/example_sensors.py for tasks to queue
[2026-06-24T14:40:38.340+0300] {logging_mixin.py:188} INFO - [2026-06-24T14:40:38.339+0300] {dagbag.py:540} INFO - Filling up the DagBag from /media/data/omar/programming course/DEPI/DEPI project/anomx/venv/lib/python3.12/site-packages/airflow/example_dags/example_sensors.py
[2026-06-24T14:40:38.357+0300] {processor.py:840} INFO - DAG(s) 'example_sensors' retrieved from /media/data/omar/programming course/DEPI/DEPI project/anomx/venv/lib/python3.12/site-packages/airflow/example_dags/example_sensors.py
[2026-06-24T14:40:38.378+0300] {logging_mixin.py:188} INFO - [2026-06-24T14:40:38.378+0300] {dag.py:3096} INFO - Sync 1 DAGs
[2026-06-24T14:40:38.386+0300] {logging_mixin.py:188} INFO - [2026-06-24T14:40:38.386+0300] {dag.py:3954} INFO - Setting next_dagrun for example_sensors to None, run_after=None
[2026-06-24T14:40:38.412+0300] {processor.py:183} INFO - Processing /media/data/omar/programming course/DEPI/DEPI project/anomx/venv/lib/python3.12/site-packages/airflow/example_dags/example_sensors.py took 0.089 seconds
[2026-06-24T14:41:26.676+0300] {processor.py:161} INFO - Started process (PID=97813) to work on /media/data/omar/programming course/DEPI/DEPI project/anomx/venv/lib/python3.12/site-packages/airflow/example_dags/example_sensors.py
[2026-06-24T14:41:26.677+0300] {processor.py:830} INFO - Processing file /media/data/omar/programming course/DEPI/DEPI project/anomx/venv/lib/python3.12/site-packages/airflow/example_dags/example_sensors.py for tasks to queue
[2026-06-24T14:41:26.678+0300] {logging_mixin.py:188} INFO - [2026-06-24T14:41:26.678+0300] {dagbag.py:540} INFO - Filling up the DagBag from /media/data/omar/programming course/DEPI/DEPI project/anomx/venv/lib/python3.12/site-packages/airflow/example_dags/example_sensors.py
[2026-06-24T14:41:26.686+0300] {processor.py:840} INFO - DAG(s) 'example_sensors' retrieved from /media/data/omar/programming course/DEPI/DEPI project/anomx/venv/lib/python3.12/site-packages/airflow/example_dags/example_sensors.py
[2026-06-24T14:41:26.705+0300] {logging_mixin.py:188} INFO - [2026-06-24T14:41:26.705+0300] {dag.py:3096} INFO - Sync 1 DAGs
[2026-06-24T14:41:26.714+0300] {logging_mixin.py:188} INFO - [2026-06-24T14:41:26.714+0300] {dag.py:3954} INFO - Setting next_dagrun for example_sensors to None, run_after=None
[2026-06-24T14:41:26.740+0300] {processor.py:183} INFO - Processing /media/data/omar/programming course/DEPI/DEPI project/anomx/venv/lib/python3.12/site-packages/airflow/example_dags/example_sensors.py took 0.069 seconds
[2026-06-24T14:42:14.485+0300] {processor.py:161} INFO - Started process (PID=98177) to work on /media/data/omar/programming course/DEPI/DEPI project/anomx/venv/lib/python3.12/site-packages/airflow/example_dags/example_sensors.py
[2026-06-24T14:42:14.486+0300] {processor.py:830} INFO - Processing file /media/data/omar/programming course/DEPI/DEPI project/anomx/venv/lib/python3.12/site-packages/airflow/example_dags/example_sensors.py for tasks to queue
[2026-06-24T14:42:14.487+0300] {logging_mixin.py:188} INFO - [2026-06-24T14:42:14.487+0300] {dagbag.py:540} INFO - Filling up the DagBag from /media/data/omar/programming course/DEPI/DEPI project/anomx/venv/lib/python3.12/site-packages/airflow/example_dags/example_sensors.py
[2026-06-24T14:42:14.497+0300] {processor.py:840} INFO - DAG(s) 'example_sensors' retrieved from /media/data/omar/programming course/DEPI/DEPI project/anomx/venv/lib/python3.12/site-packages/airflow/example_dags/example_sensors.py
[2026-06-24T14:42:14.519+0300] {logging_mixin.py:188} INFO - [2026-06-24T14:42:14.518+0300] {dag.py:3096} INFO - Sync 1 DAGs
[2026-06-24T14:42:14.528+0300] {logging_mixin.py:188} INFO - [2026-06-24T14:42:14.527+0300] {dag.py:3954} INFO - Setting next_dagrun for example_sensors to None, run_after=None
[2026-06-24T14:42:14.559+0300] {processor.py:183} INFO - Processing /media/data/omar/programming course/DEPI/DEPI project/anomx/venv/lib/python3.12/site-packages/airflow/example_dags/example_sensors.py took 0.078 seconds
[2026-06-24T14:43:02.904+0300] {processor.py:161} INFO - Started process (PID=98441) to work on /media/data/omar/programming course/DEPI/DEPI project/anomx/venv/lib/python3.12/site-packages/airflow/example_dags/example_sensors.py
[2026-06-24T14:43:02.906+0300] {processor.py:830} INFO - Processing file /media/data/omar/programming course/DEPI/DEPI project/anomx/venv/lib/python3.12/site-packages/airflow/example_dags/example_sensors.py for tasks to queue
[2026-06-24T14:43:02.907+0300] {logging_mixin.py:188} INFO - [2026-06-24T14:43:02.907+0300] {dagbag.py:540} INFO - Filling up the DagBag from /media/data/omar/programming course/DEPI/DEPI project/anomx/venv/lib/python3.12/site-packages/airflow/example_dags/example_sensors.py
[2026-06-24T14:43:02.918+0300] {processor.py:840} INFO - DAG(s) 'example_sensors' retrieved from /media/data/omar/programming course/DEPI/DEPI project/anomx/venv/lib/python3.12/site-packages/airflow/example_dags/example_sensors.py
[2026-06-24T14:43:02.939+0300] {logging_mixin.py:188} INFO - [2026-06-24T14:43:02.939+0300] {dag.py:3096} INFO - Sync 1 DAGs
[2026-06-24T14:43:02.948+0300] {logging_mixin.py:188} INFO - [2026-06-24T14:43:02.947+0300] {dag.py:3954} INFO - Setting next_dagrun for example_sensors to None, run_after=None
[2026-06-24T14:43:02.976+0300] {processor.py:183} INFO - Processing /media/data/omar/programming course/DEPI/DEPI project/anomx/venv/lib/python3.12/site-packages/airflow/example_dags/example_sensors.py took 0.084 seconds
[2026-06-24T14:43:51.605+0300] {processor.py:161} INFO - Started process (PID=99045) to work on /media/data/omar/programming course/DEPI/DEPI project/anomx/venv/lib/python3.12/site-packages/airflow/example_dags/example_sensors.py
[2026-06-24T14:43:51.608+0300] {processor.py:830} INFO - Processing file /media/data/omar/programming course/DEPI/DEPI project/anomx/venv/lib/python3.12/site-packages/airflow/example_dags/example_sensors.py for tasks to queue
[2026-06-24T14:43:51.611+0300] {logging_mixin.py:188} INFO - [2026-06-24T14:43:51.610+0300] {dagbag.py:540} INFO - Filling up the DagBag from /media/data/omar/programming course/DEPI/DEPI project/anomx/venv/lib/python3.12/site-packages/airflow/example_dags/example_sensors.py
[2026-06-24T14:43:51.628+0300] {processor.py:840} INFO - DAG(s) 'example_sensors' retrieved from /media/data/omar/programming course/DEPI/DEPI project/anomx/venv/lib/python3.12/site-packages/airflow/example_dags/example_sensors.py
[2026-06-24T14:43:51.649+0300] {logging_mixin.py:188} INFO - [2026-06-24T14:43:51.649+0300] {dag.py:3096} INFO - Sync 1 DAGs
[2026-06-24T14:43:51.658+0300] {logging_mixin.py:188} INFO - [2026-06-24T14:43:51.657+0300] {dag.py:3954} INFO - Setting next_dagrun for example_sensors to None, run_after=None
[2026-06-24T14:43:51.685+0300] {processor.py:183} INFO - Processing /media/data/omar/programming course/DEPI/DEPI project/anomx/venv/lib/python3.12/site-packages/airflow/example_dags/example_sensors.py took 0.097 seconds
[2026-06-24T14:44:40.790+0300] {processor.py:161} INFO - Started process (PID=99374) to work on /media/data/omar/programming course/DEPI/DEPI project/anomx/venv/lib/python3.12/site-packages/airflow/example_dags/example_sensors.py
[2026-06-24T14:44:40.791+0300] {processor.py:830} INFO - Processing file /media/data/omar/programming course/DEPI/DEPI project/anomx/venv/lib/python3.12/site-packages/airflow/example_dags/example_sensors.py for tasks to queue
[2026-06-24T14:44:40.792+0300] {logging_mixin.py:188} INFO - [2026-06-24T14:44:40.791+0300] {dagbag.py:540} INFO - Filling up the DagBag from /media/data/omar/programming course/DEPI/DEPI project/anomx/venv/lib/python3.12/site-packages/airflow/example_dags/example_sensors.py
[2026-06-24T14:44:40.802+0300] {processor.py:840} INFO - DAG(s) 'example_sensors' retrieved from /media/data/omar/programming course/DEPI/DEPI project/anomx/venv/lib/python3.12/site-packages/airflow/example_dags/example_sensors.py
[2026-06-24T14:44:40.821+0300] {logging_mixin.py:188} INFO - [2026-06-24T14:44:40.821+0300] {dag.py:3096} INFO - Sync 1 DAGs
[2026-06-24T14:44:40.830+0300] {logging_mixin.py:188} INFO - [2026-06-24T14:44:40.829+0300] {dag.py:3954} INFO - Setting next_dagrun for example_sensors to None, run_after=None
[2026-06-24T14:44:40.859+0300] {processor.py:183} INFO - Processing /media/data/omar/programming course/DEPI/DEPI project/anomx/venv/lib/python3.12/site-packages/airflow/example_dags/example_sensors.py took 0.075 seconds
[2026-06-24T14:45:29.701+0300] {processor.py:161} INFO - Started process (PID=99964) to work on /media/data/omar/programming course/DEPI/DEPI project/anomx/venv/lib/python3.12/site-packages/airflow/example_dags/example_sensors.py
[2026-06-24T14:45:29.701+0300] {processor.py:830} INFO - Processing file /media/data/omar/programming course/DEPI/DEPI project/anomx/venv/lib/python3.12/site-packages/airflow/example_dags/example_sensors.py for tasks to queue
[2026-06-24T14:45:29.702+0300] {logging_mixin.py:188} INFO - [2026-06-24T14:45:29.702+0300] {dagbag.py:540} INFO - Filling up the DagBag from /media/data/omar/programming course/DEPI/DEPI project/anomx/venv/lib/python3.12/site-packages/airflow/example_dags/example_sensors.py
[2026-06-24T14:45:29.710+0300] {processor.py:840} INFO - DAG(s) 'example_sensors' retrieved from /media/data/omar/programming course/DEPI/DEPI project/anomx/venv/lib/python3.12/site-packages/airflow/example_dags/example_sensors.py
[2026-06-24T14:45:29.729+0300] {logging_mixin.py:188} INFO - [2026-06-24T14:45:29.728+0300] {dag.py:3096} INFO - Sync 1 DAGs
[2026-06-24T14:45:29.738+0300] {logging_mixin.py:188} INFO - [2026-06-24T14:45:29.737+0300] {dag.py:3954} INFO - Setting next_dagrun for example_sensors to None, run_after=None
[2026-06-24T14:45:29.764+0300] {processor.py:183} INFO - Processing /media/data/omar/programming course/DEPI/DEPI project/anomx/venv/lib/python3.12/site-packages/airflow/example_dags/example_sensors.py took 0.069 seconds
[2026-06-24T14:46:20.034+0300] {processor.py:161} INFO - Started process (PID=100273) to work on /media/data/omar/programming course/DEPI/DEPI project/anomx/venv/lib/python3.12/site-packages/airflow/example_dags/example_sensors.py
[2026-06-24T14:46:20.035+0300] {processor.py:830} INFO - Processing file /media/data/omar/programming course/DEPI/DEPI project/anomx/venv/lib/python3.12/site-packages/airflow/example_dags/example_sensors.py for tasks to queue
[2026-06-24T14:46:20.036+0300] {logging_mixin.py:188} INFO - [2026-06-24T14:46:20.036+0300] {dagbag.py:540} INFO - Filling up the DagBag from /media/data/omar/programming course/DEPI/DEPI project/anomx/venv/lib/python3.12/site-packages/airflow/example_dags/example_sensors.py
[2026-06-24T14:46:20.046+0300] {processor.py:840} INFO - DAG(s) 'example_sensors' retrieved from /media/data/omar/programming course/DEPI/DEPI project/anomx/venv/lib/python3.12/site-packages/airflow/example_dags/example_sensors.py
[2026-06-24T14:46:20.067+0300] {logging_mixin.py:188} INFO - [2026-06-24T14:46:20.066+0300] {dag.py:3096} INFO - Sync 1 DAGs
[2026-06-24T14:46:20.076+0300] {logging_mixin.py:188} INFO - [2026-06-24T14:46:20.076+0300] {dag.py:3954} INFO - Setting next_dagrun for example_sensors to None, run_after=None
[2026-06-24T14:46:20.107+0300] {processor.py:183} INFO - Processing /media/data/omar/programming course/DEPI/DEPI project/anomx/venv/lib/python3.12/site-packages/airflow/example_dags/example_sensors.py took 0.079 seconds
[2026-06-24T14:47:06.519+0300] {processor.py:161} INFO - Started process (PID=100868) to work on /media/data/omar/programming course/DEPI/DEPI project/anomx/venv/lib/python3.12/site-packages/airflow/example_dags/example_sensors.py
[2026-06-24T14:47:06.520+0300] {processor.py:830} INFO - Processing file /media/data/omar/programming course/DEPI/DEPI project/anomx/venv/lib/python3.12/site-packages/airflow/example_dags/example_sensors.py for tasks to queue
[2026-06-24T14:47:06.521+0300] {logging_mixin.py:188} INFO - [2026-06-24T14:47:06.521+0300] {dagbag.py:540} INFO - Filling up the DagBag from /media/data/omar/programming course/DEPI/DEPI project/anomx/venv/lib/python3.12/site-packages/airflow/example_dags/example_sensors.py
[2026-06-24T14:47:06.529+0300] {processor.py:840} INFO - DAG(s) 'example_sensors' retrieved from /media/data/omar/programming course/DEPI/DEPI project/anomx/venv/lib/python3.12/site-packages/airflow/example_dags/example_sensors.py
[2026-06-24T14:47:06.548+0300] {logging_mixin.py:188} INFO - [2026-06-24T14:47:06.547+0300] {dag.py:3096} INFO - Sync 1 DAGs
[2026-06-24T14:47:06.556+0300] {logging_mixin.py:188} INFO - [2026-06-24T14:47:06.556+0300] {dag.py:3954} INFO - Setting next_dagrun for example_sensors to None, run_after=None
[2026-06-24T14:47:06.584+0300] {processor.py:183} INFO - Processing /media/data/omar/programming course/DEPI/DEPI project/anomx/venv/lib/python3.12/site-packages/airflow/example_dags/example_sensors.py took 0.070 seconds
[2026-06-24T14:47:57.316+0300] {processor.py:161} INFO - Started process (PID=101235) to work on /media/data/omar/programming course/DEPI/DEPI project/anomx/venv/lib/python3.12/site-packages/airflow/example_dags/example_sensors.py
[2026-06-24T14:47:57.317+0300] {processor.py:830} INFO - Processing file /media/data/omar/programming course/DEPI/DEPI project/anomx/venv/lib/python3.12/site-packages/airflow/example_dags/example_sensors.py for tasks to queue
[2026-06-24T14:47:57.318+0300] {logging_mixin.py:188} INFO - [2026-06-24T14:47:57.318+0300] {dagbag.py:540} INFO - Filling up the DagBag from /media/data/omar/programming course/DEPI/DEPI project/anomx/venv/lib/python3.12/site-packages/airflow/example_dags/example_sensors.py
[2026-06-24T14:47:57.328+0300] {processor.py:840} INFO - DAG(s) 'example_sensors' retrieved from /media/data/omar/programming course/DEPI/DEPI project/anomx/venv/lib/python3.12/site-packages/airflow/example_dags/example_sensors.py
[2026-06-24T14:47:57.348+0300] {logging_mixin.py:188} INFO - [2026-06-24T14:47:57.348+0300] {dag.py:3096} INFO - Sync 1 DAGs
[2026-06-24T14:47:57.357+0300] {logging_mixin.py:188} INFO - [2026-06-24T14:47:57.356+0300] {dag.py:3954} INFO - Setting next_dagrun for example_sensors to None, run_after=None
[2026-06-24T14:47:57.386+0300] {processor.py:183} INFO - Processing /media/data/omar/programming course/DEPI/DEPI project/anomx/venv/lib/python3.12/site-packages/airflow/example_dags/example_sensors.py took 0.075 seconds
[2026-06-24T14:48:53.100+0300] {processor.py:161} INFO - Started process (PID=101876) to work on /media/data/omar/programming course/DEPI/DEPI project/anomx/venv/lib/python3.12/site-packages/airflow/example_dags/example_sensors.py
[2026-06-24T14:48:53.101+0300] {processor.py:830} INFO - Processing file /media/data/omar/programming course/DEPI/DEPI project/anomx/venv/lib/python3.12/site-packages/airflow/example_dags/example_sensors.py for tasks to queue
[2026-06-24T14:48:53.102+0300] {logging_mixin.py:188} INFO - [2026-06-24T14:48:53.102+0300] {dagbag.py:540} INFO - Filling up the DagBag from /media/data/omar/programming course/DEPI/DEPI project/anomx/venv/lib/python3.12/site-packages/airflow/example_dags/example_sensors.py
[2026-06-24T14:48:53.112+0300] {processor.py:840} INFO - DAG(s) 'example_sensors' retrieved from /media/data/omar/programming course/DEPI/DEPI project/anomx/venv/lib/python3.12/site-packages/airflow/example_dags/example_sensors.py
[2026-06-24T14:48:53.133+0300] {logging_mixin.py:188} INFO - [2026-06-24T14:48:53.133+0300] {dag.py:3096} INFO - Sync 1 DAGs
[2026-06-24T14:48:53.144+0300] {logging_mixin.py:188} INFO - [2026-06-24T14:48:53.143+0300] {dag.py:3954} INFO - Setting next_dagrun for example_sensors to None, run_after=None
[2026-06-24T14:48:53.176+0300] {processor.py:183} INFO - Processing /media/data/omar/programming course/DEPI/DEPI project/anomx/venv/lib/python3.12/site-packages/airflow/example_dags/example_sensors.py took 0.083 seconds
[2026-06-24T14:49:45.933+0300] {processor.py:161} INFO - Started process (PID=102193) to work on /media/data/omar/programming course/DEPI/DEPI project/anomx/venv/lib/python3.12/site-packages/airflow/example_dags/example_sensors.py
[2026-06-24T14:49:45.933+0300] {processor.py:830} INFO - Processing file /media/data/omar/programming course/DEPI/DEPI project/anomx/venv/lib/python3.12/site-packages/airflow/example_dags/example_sensors.py for tasks to queue
[2026-06-24T14:49:45.935+0300] {logging_mixin.py:188} INFO - [2026-06-24T14:49:45.934+0300] {dagbag.py:540} INFO - Filling up the DagBag from /media/data/omar/programming course/DEPI/DEPI project/anomx/venv/lib/python3.12/site-packages/airflow/example_dags/example_sensors.py
[2026-06-24T14:49:45.944+0300] {processor.py:840} INFO - DAG(s) 'example_sensors' retrieved from /media/data/omar/programming course/DEPI/DEPI project/anomx/venv/lib/python3.12/site-packages/airflow/example_dags/example_sensors.py
[2026-06-24T14:49:45.964+0300] {logging_mixin.py:188} INFO - [2026-06-24T14:49:45.964+0300] {dag.py:3096} INFO - Sync 1 DAGs
[2026-06-24T14:49:45.973+0300] {logging_mixin.py:188} INFO - [2026-06-24T14:49:45.973+0300] {dag.py:3954} INFO - Setting next_dagrun for example_sensors to None, run_after=None
[2026-06-24T14:49:46.000+0300] {processor.py:183} INFO - Processing /media/data/omar/programming course/DEPI/DEPI project/anomx/venv/lib/python3.12/site-packages/airflow/example_dags/example_sensors.py took 0.074 seconds
[2026-06-24T14:50:33.231+0300] {processor.py:161} INFO - Started process (PID=102795) to work on /media/data/omar/programming course/DEPI/DEPI project/anomx/venv/lib/python3.12/site-packages/airflow/example_dags/example_sensors.py
[2026-06-24T14:50:33.232+0300] {processor.py:830} INFO - Processing file /media/data/omar/programming course/DEPI/DEPI project/anomx/venv/lib/python3.12/site-packages/airflow/example_dags/example_sensors.py for tasks to queue
[2026-06-24T14:50:33.233+0300] {logging_mixin.py:188} INFO - [2026-06-24T14:50:33.233+0300] {dagbag.py:540} INFO - Filling up the DagBag from /media/data/omar/programming course/DEPI/DEPI project/anomx/venv/lib/python3.12/site-packages/airflow/example_dags/example_sensors.py
[2026-06-24T14:50:33.243+0300] {processor.py:840} INFO - DAG(s) 'example_sensors' retrieved from /media/data/omar/programming course/DEPI/DEPI project/anomx/venv/lib/python3.12/site-packages/airflow/example_dags/example_sensors.py
[2026-06-24T14:50:33.270+0300] {logging_mixin.py:188} INFO - [2026-06-24T14:50:33.270+0300] {dag.py:3096} INFO - Sync 1 DAGs
[2026-06-24T14:50:33.284+0300] {logging_mixin.py:188} INFO - [2026-06-24T14:50:33.283+0300] {dag.py:3954} INFO - Setting next_dagrun for example_sensors to None, run_after=None
[2026-06-24T14:50:33.317+0300] {processor.py:183} INFO - Processing /media/data/omar/programming course/DEPI/DEPI project/anomx/venv/lib/python3.12/site-packages/airflow/example_dags/example_sensors.py took 0.093 seconds
[2026-06-24T14:51:24.187+0300] {processor.py:161} INFO - Started process (PID=103104) to work on /media/data/omar/programming course/DEPI/DEPI project/anomx/venv/lib/python3.12/site-packages/airflow/example_dags/example_sensors.py
[2026-06-24T14:51:24.188+0300] {processor.py:830} INFO - Processing file /media/data/omar/programming course/DEPI/DEPI project/anomx/venv/lib/python3.12/site-packages/airflow/example_dags/example_sensors.py for tasks to queue
[2026-06-24T14:51:24.188+0300] {logging_mixin.py:188} INFO - [2026-06-24T14:51:24.188+0300] {dagbag.py:540} INFO - Filling up the DagBag from /media/data/omar/programming course/DEPI/DEPI project/anomx/venv/lib/python3.12/site-packages/airflow/example_dags/example_sensors.py
[2026-06-24T14:51:24.196+0300] {processor.py:840} INFO - DAG(s) 'example_sensors' retrieved from /media/data/omar/programming course/DEPI/DEPI project/anomx/venv/lib/python3.12/site-packages/airflow/example_dags/example_sensors.py
[2026-06-24T14:51:24.223+0300] {logging_mixin.py:188} INFO - [2026-06-24T14:51:24.222+0300] {dag.py:3096} INFO - Sync 1 DAGs
[2026-06-24T14:51:24.235+0300] {logging_mixin.py:188} INFO - [2026-06-24T14:51:24.234+0300] {dag.py:3954} INFO - Setting next_dagrun for example_sensors to None, run_after=None
[2026-06-24T14:51:24.262+0300] {processor.py:183} INFO - Processing /media/data/omar/programming course/DEPI/DEPI project/anomx/venv/lib/python3.12/site-packages/airflow/example_dags/example_sensors.py took 0.081 seconds
[2026-06-24T14:52:15.687+0300] {processor.py:161} INFO - Started process (PID=103709) to work on /media/data/omar/programming course/DEPI/DEPI project/anomx/venv/lib/python3.12/site-packages/airflow/example_dags/example_sensors.py
[2026-06-24T14:52:15.688+0300] {processor.py:830} INFO - Processing file /media/data/omar/programming course/DEPI/DEPI project/anomx/venv/lib/python3.12/site-packages/airflow/example_dags/example_sensors.py for tasks to queue
[2026-06-24T14:52:15.689+0300] {logging_mixin.py:188} INFO - [2026-06-24T14:52:15.689+0300] {dagbag.py:540} INFO - Filling up the DagBag from /media/data/omar/programming course/DEPI/DEPI project/anomx/venv/lib/python3.12/site-packages/airflow/example_dags/example_sensors.py
[2026-06-24T14:52:15.697+0300] {processor.py:840} INFO - DAG(s) 'example_sensors' retrieved from /media/data/omar/programming course/DEPI/DEPI project/anomx/venv/lib/python3.12/site-packages/airflow/example_dags/example_sensors.py
[2026-06-24T14:52:15.715+0300] {logging_mixin.py:188} INFO - [2026-06-24T14:52:15.715+0300] {dag.py:3096} INFO - Sync 1 DAGs
[2026-06-24T14:52:15.724+0300] {logging_mixin.py:188} INFO - [2026-06-24T14:52:15.724+0300] {dag.py:3954} INFO - Setting next_dagrun for example_sensors to None, run_after=None
[2026-06-24T14:52:15.751+0300] {processor.py:183} INFO - Processing /media/data/omar/programming course/DEPI/DEPI project/anomx/venv/lib/python3.12/site-packages/airflow/example_dags/example_sensors.py took 0.069 seconds
[2026-06-24T14:53:03.955+0300] {processor.py:161} INFO - Started process (PID=104014) to work on /media/data/omar/programming course/DEPI/DEPI project/anomx/venv/lib/python3.12/site-packages/airflow/example_dags/example_sensors.py
[2026-06-24T14:53:03.956+0300] {processor.py:830} INFO - Processing file /media/data/omar/programming course/DEPI/DEPI project/anomx/venv/lib/python3.12/site-packages/airflow/example_dags/example_sensors.py for tasks to queue
[2026-06-24T14:53:03.957+0300] {logging_mixin.py:188} INFO - [2026-06-24T14:53:03.957+0300] {dagbag.py:540} INFO - Filling up the DagBag from /media/data/omar/programming course/DEPI/DEPI project/anomx/venv/lib/python3.12/site-packages/airflow/example_dags/example_sensors.py
[2026-06-24T14:53:03.968+0300] {processor.py:840} INFO - DAG(s) 'example_sensors' retrieved from /media/data/omar/programming course/DEPI/DEPI project/anomx/venv/lib/python3.12/site-packages/airflow/example_dags/example_sensors.py
[2026-06-24T14:53:03.988+0300] {logging_mixin.py:188} INFO - [2026-06-24T14:53:03.988+0300] {dag.py:3096} INFO - Sync 1 DAGs
[2026-06-24T14:53:03.997+0300] {logging_mixin.py:188} INFO - [2026-06-24T14:53:03.997+0300] {dag.py:3954} INFO - Setting next_dagrun for example_sensors to None, run_after=None
[2026-06-24T14:53:04.026+0300] {processor.py:183} INFO - Processing /media/data/omar/programming course/DEPI/DEPI project/anomx/venv/lib/python3.12/site-packages/airflow/example_dags/example_sensors.py took 0.081 seconds
[2026-06-24T14:53:53.048+0300] {processor.py:161} INFO - Started process (PID=104590) to work on /media/data/omar/programming course/DEPI/DEPI project/anomx/venv/lib/python3.12/site-packages/airflow/example_dags/example_sensors.py
[2026-06-24T14:53:53.049+0300] {processor.py:830} INFO - Processing file /media/data/omar/programming course/DEPI/DEPI project/anomx/venv/lib/python3.12/site-packages/airflow/example_dags/example_sensors.py for tasks to queue
[2026-06-24T14:53:53.050+0300] {logging_mixin.py:188} INFO - [2026-06-24T14:53:53.049+0300] {dagbag.py:540} INFO - Filling up the DagBag from /media/data/omar/programming course/DEPI/DEPI project/anomx/venv/lib/python3.12/site-packages/airflow/example_dags/example_sensors.py
[2026-06-24T14:53:53.058+0300] {processor.py:840} INFO - DAG(s) 'example_sensors' retrieved from /media/data/omar/programming course/DEPI/DEPI project/anomx/venv/lib/python3.12/site-packages/airflow/example_dags/example_sensors.py
[2026-06-24T14:53:53.080+0300] {logging_mixin.py:188} INFO - [2026-06-24T14:53:53.080+0300] {dag.py:3096} INFO - Sync 1 DAGs
[2026-06-24T14:53:53.091+0300] {logging_mixin.py:188} INFO - [2026-06-24T14:53:53.090+0300] {dag.py:3954} INFO - Setting next_dagrun for example_sensors to None, run_after=None
[2026-06-24T14:53:53.119+0300] {processor.py:183} INFO - Processing /media/data/omar/programming course/DEPI/DEPI project/anomx/venv/lib/python3.12/site-packages/airflow/example_dags/example_sensors.py took 0.078 seconds
[2026-06-24T14:54:43.020+0300] {processor.py:161} INFO - Started process (PID=104939) to work on /media/data/omar/programming course/DEPI/DEPI project/anomx/venv/lib/python3.12/site-packages/airflow/example_dags/example_sensors.py
[2026-06-24T14:54:43.021+0300] {processor.py:830} INFO - Processing file /media/data/omar/programming course/DEPI/DEPI project/anomx/venv/lib/python3.12/site-packages/airflow/example_dags/example_sensors.py for tasks to queue
[2026-06-24T14:54:43.022+0300] {logging_mixin.py:188} INFO - [2026-06-24T14:54:43.021+0300] {dagbag.py:540} INFO - Filling up the DagBag from /media/data/omar/programming course/DEPI/DEPI project/anomx/venv/lib/python3.12/site-packages/airflow/example_dags/example_sensors.py
[2026-06-24T14:54:43.031+0300] {processor.py:840} INFO - DAG(s) 'example_sensors' retrieved from /media/data/omar/programming course/DEPI/DEPI project/anomx/venv/lib/python3.12/site-packages/airflow/example_dags/example_sensors.py
[2026-06-24T14:54:43.050+0300] {logging_mixin.py:188} INFO - [2026-06-24T14:54:43.050+0300] {dag.py:3096} INFO - Sync 1 DAGs
[2026-06-24T14:54:43.059+0300] {logging_mixin.py:188} INFO - [2026-06-24T14:54:43.058+0300] {dag.py:3954} INFO - Setting next_dagrun for example_sensors to None, run_after=None
[2026-06-24T14:54:43.088+0300] {processor.py:183} INFO - Processing /media/data/omar/programming course/DEPI/DEPI project/anomx/venv/lib/python3.12/site-packages/airflow/example_dags/example_sensors.py took 0.076 seconds
[2026-06-24T14:55:31.922+0300] {processor.py:161} INFO - Started process (PID=105514) to work on /media/data/omar/programming course/DEPI/DEPI project/anomx/venv/lib/python3.12/site-packages/airflow/example_dags/example_sensors.py
[2026-06-24T14:55:31.924+0300] {processor.py:830} INFO - Processing file /media/data/omar/programming course/DEPI/DEPI project/anomx/venv/lib/python3.12/site-packages/airflow/example_dags/example_sensors.py for tasks to queue
[2026-06-24T14:55:31.925+0300] {logging_mixin.py:188} INFO - [2026-06-24T14:55:31.924+0300] {dagbag.py:540} INFO - Filling up the DagBag from /media/data/omar/programming course/DEPI/DEPI project/anomx/venv/lib/python3.12/site-packages/airflow/example_dags/example_sensors.py
[2026-06-24T14:55:31.934+0300] {processor.py:840} INFO - DAG(s) 'example_sensors' retrieved from /media/data/omar/programming course/DEPI/DEPI project/anomx/venv/lib/python3.12/site-packages/airflow/example_dags/example_sensors.py
[2026-06-24T14:55:31.955+0300] {logging_mixin.py:188} INFO - [2026-06-24T14:55:31.955+0300] {dag.py:3096} INFO - Sync 1 DAGs
[2026-06-24T14:55:31.965+0300] {logging_mixin.py:188} INFO - [2026-06-24T14:55:31.965+0300] {dag.py:3954} INFO - Setting next_dagrun for example_sensors to None, run_after=None
[2026-06-24T14:55:31.997+0300] {processor.py:183} INFO - Processing /media/data/omar/programming course/DEPI/DEPI project/anomx/venv/lib/python3.12/site-packages/airflow/example_dags/example_sensors.py took 0.081 seconds
[2026-06-24T14:56:24.104+0300] {processor.py:161} INFO - Started process (PID=105850) to work on /media/data/omar/programming course/DEPI/DEPI project/anomx/venv/lib/python3.12/site-packages/airflow/example_dags/example_sensors.py
[2026-06-24T14:56:24.105+0300] {processor.py:830} INFO - Processing file /media/data/omar/programming course/DEPI/DEPI project/anomx/venv/lib/python3.12/site-packages/airflow/example_dags/example_sensors.py for tasks to queue
[2026-06-24T14:56:24.106+0300] {logging_mixin.py:188} INFO - [2026-06-24T14:56:24.106+0300] {dagbag.py:540} INFO - Filling up the DagBag from /media/data/omar/programming course/DEPI/DEPI project/anomx/venv/lib/python3.12/site-packages/airflow/example_dags/example_sensors.py
[2026-06-24T14:56:24.114+0300] {processor.py:840} INFO - DAG(s) 'example_sensors' retrieved from /media/data/omar/programming course/DEPI/DEPI project/anomx/venv/lib/python3.12/site-packages/airflow/example_dags/example_sensors.py
[2026-06-24T14:56:24.134+0300] {logging_mixin.py:188} INFO - [2026-06-24T14:56:24.133+0300] {dag.py:3096} INFO - Sync 1 DAGs
[2026-06-24T14:56:24.143+0300] {logging_mixin.py:188} INFO - [2026-06-24T14:56:24.143+0300] {dag.py:3954} INFO - Setting next_dagrun for example_sensors to None, run_after=None
[2026-06-24T14:56:24.175+0300] {processor.py:183} INFO - Processing /media/data/omar/programming course/DEPI/DEPI project/anomx/venv/lib/python3.12/site-packages/airflow/example_dags/example_sensors.py took 0.076 seconds
[2026-06-24T14:57:15.122+0300] {processor.py:161} INFO - Started process (PID=106443) to work on /media/data/omar/programming course/DEPI/DEPI project/anomx/venv/lib/python3.12/site-packages/airflow/example_dags/example_sensors.py
[2026-06-24T14:57:15.123+0300] {processor.py:830} INFO - Processing file /media/data/omar/programming course/DEPI/DEPI project/anomx/venv/lib/python3.12/site-packages/airflow/example_dags/example_sensors.py for tasks to queue
[2026-06-24T14:57:15.124+0300] {logging_mixin.py:188} INFO - [2026-06-24T14:57:15.124+0300] {dagbag.py:540} INFO - Filling up the DagBag from /media/data/omar/programming course/DEPI/DEPI project/anomx/venv/lib/python3.12/site-packages/airflow/example_dags/example_sensors.py
[2026-06-24T14:57:15.132+0300] {processor.py:840} INFO - DAG(s) 'example_sensors' retrieved from /media/data/omar/programming course/DEPI/DEPI project/anomx/venv/lib/python3.12/site-packages/airflow/example_dags/example_sensors.py
[2026-06-24T14:57:15.154+0300] {logging_mixin.py:188} INFO - [2026-06-24T14:57:15.154+0300] {dag.py:3096} INFO - Sync 1 DAGs
[2026-06-24T14:57:15.163+0300] {logging_mixin.py:188} INFO - [2026-06-24T14:57:15.163+0300] {dag.py:3954} INFO - Setting next_dagrun for example_sensors to None, run_after=None
[2026-06-24T14:57:15.194+0300] {processor.py:183} INFO - Processing /media/data/omar/programming course/DEPI/DEPI project/anomx/venv/lib/python3.12/site-packages/airflow/example_dags/example_sensors.py took 0.077 seconds
[2026-06-24T14:58:04.747+0300] {processor.py:161} INFO - Started process (PID=106777) to work on /media/data/omar/programming course/DEPI/DEPI project/anomx/venv/lib/python3.12/site-packages/airflow/example_dags/example_sensors.py
[2026-06-24T14:58:04.748+0300] {processor.py:830} INFO - Processing file /media/data/omar/programming course/DEPI/DEPI project/anomx/venv/lib/python3.12/site-packages/airflow/example_dags/example_sensors.py for tasks to queue
[2026-06-24T14:58:04.749+0300] {logging_mixin.py:188} INFO - [2026-06-24T14:58:04.748+0300] {dagbag.py:540} INFO - Filling up the DagBag from /media/data/omar/programming course/DEPI/DEPI project/anomx/venv/lib/python3.12/site-packages/airflow/example_dags/example_sensors.py
[2026-06-24T14:58:04.756+0300] {processor.py:840} INFO - DAG(s) 'example_sensors' retrieved from /media/data/omar/programming course/DEPI/DEPI project/anomx/venv/lib/python3.12/site-packages/airflow/example_dags/example_sensors.py
[2026-06-24T14:58:04.776+0300] {logging_mixin.py:188} INFO - [2026-06-24T14:58:04.775+0300] {dag.py:3096} INFO - Sync 1 DAGs
[2026-06-24T14:58:04.784+0300] {logging_mixin.py:188} INFO - [2026-06-24T14:58:04.784+0300] {dag.py:3954} INFO - Setting next_dagrun for example_sensors to None, run_after=None
[2026-06-24T14:58:04.816+0300] {processor.py:183} INFO - Processing /media/data/omar/programming course/DEPI/DEPI project/anomx/venv/lib/python3.12/site-packages/airflow/example_dags/example_sensors.py took 0.074 seconds
[2026-06-24T14:58:55.434+0300] {processor.py:161} INFO - Started process (PID=107352) to work on /media/data/omar/programming course/DEPI/DEPI project/anomx/venv/lib/python3.12/site-packages/airflow/example_dags/example_sensors.py
[2026-06-24T14:58:55.435+0300] {processor.py:830} INFO - Processing file /media/data/omar/programming course/DEPI/DEPI project/anomx/venv/lib/python3.12/site-packages/airflow/example_dags/example_sensors.py for tasks to queue
[2026-06-24T14:58:55.436+0300] {logging_mixin.py:188} INFO - [2026-06-24T14:58:55.436+0300] {dagbag.py:540} INFO - Filling up the DagBag from /media/data/omar/programming course/DEPI/DEPI project/anomx/venv/lib/python3.12/site-packages/airflow/example_dags/example_sensors.py
[2026-06-24T14:58:55.446+0300] {processor.py:840} INFO - DAG(s) 'example_sensors' retrieved from /media/data/omar/programming course/DEPI/DEPI project/anomx/venv/lib/python3.12/site-packages/airflow/example_dags/example_sensors.py
[2026-06-24T14:58:55.472+0300] {logging_mixin.py:188} INFO - [2026-06-24T14:58:55.471+0300] {dag.py:3096} INFO - Sync 1 DAGs
[2026-06-24T14:58:55.481+0300] {logging_mixin.py:188} INFO - [2026-06-24T14:58:55.480+0300] {dag.py:3954} INFO - Setting next_dagrun for example_sensors to None, run_after=None
[2026-06-24T14:58:55.524+0300] {processor.py:183} INFO - Processing /media/data/omar/programming course/DEPI/DEPI project/anomx/venv/lib/python3.12/site-packages/airflow/example_dags/example_sensors.py took 0.095 seconds
[2026-06-24T14:59:45.873+0300] {processor.py:161} INFO - Started process (PID=107698) to work on /media/data/omar/programming course/DEPI/DEPI project/anomx/venv/lib/python3.12/site-packages/airflow/example_dags/example_sensors.py
[2026-06-24T14:59:45.874+0300] {processor.py:830} INFO - Processing file /media/data/omar/programming course/DEPI/DEPI project/anomx/venv/lib/python3.12/site-packages/airflow/example_dags/example_sensors.py for tasks to queue
[2026-06-24T14:59:45.875+0300] {logging_mixin.py:188} INFO - [2026-06-24T14:59:45.875+0300] {dagbag.py:540} INFO - Filling up the DagBag from /media/data/omar/programming course/DEPI/DEPI project/anomx/venv/lib/python3.12/site-packages/airflow/example_dags/example_sensors.py
[2026-06-24T14:59:45.885+0300] {processor.py:840} INFO - DAG(s) 'example_sensors' retrieved from /media/data/omar/programming course/DEPI/DEPI project/anomx/venv/lib/python3.12/site-packages/airflow/example_dags/example_sensors.py
[2026-06-24T14:59:45.906+0300] {logging_mixin.py:188} INFO - [2026-06-24T14:59:45.905+0300] {dag.py:3096} INFO - Sync 1 DAGs
[2026-06-24T14:59:45.915+0300] {logging_mixin.py:188} INFO - [2026-06-24T14:59:45.915+0300] {dag.py:3954} INFO - Setting next_dagrun for example_sensors to None, run_after=None
[2026-06-24T14:59:45.946+0300] {processor.py:183} INFO - Processing /media/data/omar/programming course/DEPI/DEPI project/anomx/venv/lib/python3.12/site-packages/airflow/example_dags/example_sensors.py took 0.079 seconds
[2026-06-24T15:00:33.607+0300] {processor.py:161} INFO - Started process (PID=108242) to work on /media/data/omar/programming course/DEPI/DEPI project/anomx/venv/lib/python3.12/site-packages/airflow/example_dags/example_sensors.py
[2026-06-24T15:00:33.608+0300] {processor.py:830} INFO - Processing file /media/data/omar/programming course/DEPI/DEPI project/anomx/venv/lib/python3.12/site-packages/airflow/example_dags/example_sensors.py for tasks to queue
[2026-06-24T15:00:33.610+0300] {logging_mixin.py:188} INFO - [2026-06-24T15:00:33.609+0300] {dagbag.py:540} INFO - Filling up the DagBag from /media/data/omar/programming course/DEPI/DEPI project/anomx/venv/lib/python3.12/site-packages/airflow/example_dags/example_sensors.py
[2026-06-24T15:00:33.618+0300] {processor.py:840} INFO - DAG(s) 'example_sensors' retrieved from /media/data/omar/programming course/DEPI/DEPI project/anomx/venv/lib/python3.12/site-packages/airflow/example_dags/example_sensors.py
[2026-06-24T15:00:33.638+0300] {logging_mixin.py:188} INFO - [2026-06-24T15:00:33.638+0300] {dag.py:3096} INFO - Sync 1 DAGs
[2026-06-24T15:00:33.647+0300] {logging_mixin.py:188} INFO - [2026-06-24T15:00:33.646+0300] {dag.py:3954} INFO - Setting next_dagrun for example_sensors to None, run_after=None
[2026-06-24T15:00:33.674+0300] {processor.py:183} INFO - Processing /media/data/omar/programming course/DEPI/DEPI project/anomx/venv/lib/python3.12/site-packages/airflow/example_dags/example_sensors.py took 0.074 seconds
[2026-06-24T15:01:23.511+0300] {processor.py:161} INFO - Started process (PID=108590) to work on /media/data/omar/programming course/DEPI/DEPI project/anomx/venv/lib/python3.12/site-packages/airflow/example_dags/example_sensors.py
[2026-06-24T15:01:23.511+0300] {processor.py:830} INFO - Processing file /media/data/omar/programming course/DEPI/DEPI project/anomx/venv/lib/python3.12/site-packages/airflow/example_dags/example_sensors.py for tasks to queue
[2026-06-24T15:01:23.512+0300] {logging_mixin.py:188} INFO - [2026-06-24T15:01:23.512+0300] {dagbag.py:540} INFO - Filling up the DagBag from /media/data/omar/programming course/DEPI/DEPI project/anomx/venv/lib/python3.12/site-packages/airflow/example_dags/example_sensors.py
[2026-06-24T15:01:23.520+0300] {processor.py:840} INFO - DAG(s) 'example_sensors' retrieved from /media/data/omar/programming course/DEPI/DEPI project/anomx/venv/lib/python3.12/site-packages/airflow/example_dags/example_sensors.py
[2026-06-24T15:01:23.541+0300] {logging_mixin.py:188} INFO - [2026-06-24T15:01:23.541+0300] {dag.py:3096} INFO - Sync 1 DAGs
[2026-06-24T15:01:23.553+0300] {logging_mixin.py:188} INFO - [2026-06-24T15:01:23.552+0300] {dag.py:3954} INFO - Setting next_dagrun for example_sensors to None, run_after=None
[2026-06-24T15:01:23.585+0300] {processor.py:183} INFO - Processing /media/data/omar/programming course/DEPI/DEPI project/anomx/venv/lib/python3.12/site-packages/airflow/example_dags/example_sensors.py took 0.080 seconds
[2026-06-24T15:02:16.451+0300] {processor.py:161} INFO - Started process (PID=109203) to work on /media/data/omar/programming course/DEPI/DEPI project/anomx/venv/lib/python3.12/site-packages/airflow/example_dags/example_sensors.py
[2026-06-24T15:02:16.452+0300] {processor.py:830} INFO - Processing file /media/data/omar/programming course/DEPI/DEPI project/anomx/venv/lib/python3.12/site-packages/airflow/example_dags/example_sensors.py for tasks to queue
[2026-06-24T15:02:16.453+0300] {logging_mixin.py:188} INFO - [2026-06-24T15:02:16.453+0300] {dagbag.py:540} INFO - Filling up the DagBag from /media/data/omar/programming course/DEPI/DEPI project/anomx/venv/lib/python3.12/site-packages/airflow/example_dags/example_sensors.py
[2026-06-24T15:02:16.462+0300] {processor.py:840} INFO - DAG(s) 'example_sensors' retrieved from /media/data/omar/programming course/DEPI/DEPI project/anomx/venv/lib/python3.12/site-packages/airflow/example_dags/example_sensors.py
[2026-06-24T15:02:16.480+0300] {logging_mixin.py:188} INFO - [2026-06-24T15:02:16.479+0300] {dag.py:3096} INFO - Sync 1 DAGs
[2026-06-24T15:02:16.490+0300] {logging_mixin.py:188} INFO - [2026-06-24T15:02:16.489+0300] {dag.py:3954} INFO - Setting next_dagrun for example_sensors to None, run_after=None
[2026-06-24T15:02:16.520+0300] {processor.py:183} INFO - Processing /media/data/omar/programming course/DEPI/DEPI project/anomx/venv/lib/python3.12/site-packages/airflow/example_dags/example_sensors.py took 0.075 seconds
[2026-06-24T15:03:08.236+0300] {processor.py:161} INFO - Started process (PID=109522) to work on /media/data/omar/programming course/DEPI/DEPI project/anomx/venv/lib/python3.12/site-packages/airflow/example_dags/example_sensors.py
[2026-06-24T15:03:08.237+0300] {processor.py:830} INFO - Processing file /media/data/omar/programming course/DEPI/DEPI project/anomx/venv/lib/python3.12/site-packages/airflow/example_dags/example_sensors.py for tasks to queue
[2026-06-24T15:03:08.239+0300] {logging_mixin.py:188} INFO - [2026-06-24T15:03:08.238+0300] {dagbag.py:540} INFO - Filling up the DagBag from /media/data/omar/programming course/DEPI/DEPI project/anomx/venv/lib/python3.12/site-packages/airflow/example_dags/example_sensors.py
[2026-06-24T15:03:08.250+0300] {processor.py:840} INFO - DAG(s) 'example_sensors' retrieved from /media/data/omar/programming course/DEPI/DEPI project/anomx/venv/lib/python3.12/site-packages/airflow/example_dags/example_sensors.py
[2026-06-24T15:03:08.268+0300] {logging_mixin.py:188} INFO - [2026-06-24T15:03:08.268+0300] {dag.py:3096} INFO - Sync 1 DAGs
[2026-06-24T15:03:08.277+0300] {logging_mixin.py:188} INFO - [2026-06-24T15:03:08.276+0300] {dag.py:3954} INFO - Setting next_dagrun for example_sensors to None, run_after=None
[2026-06-24T15:03:08.303+0300] {processor.py:183} INFO - Processing /media/data/omar/programming course/DEPI/DEPI project/anomx/venv/lib/python3.12/site-packages/airflow/example_dags/example_sensors.py took 0.081 seconds
[2026-06-24T15:03:57.280+0300] {processor.py:161} INFO - Started process (PID=110079) to work on /media/data/omar/programming course/DEPI/DEPI project/anomx/venv/lib/python3.12/site-packages/airflow/example_dags/example_sensors.py
[2026-06-24T15:03:57.281+0300] {processor.py:830} INFO - Processing file /media/data/omar/programming course/DEPI/DEPI project/anomx/venv/lib/python3.12/site-packages/airflow/example_dags/example_sensors.py for tasks to queue
[2026-06-24T15:03:57.283+0300] {logging_mixin.py:188} INFO - [2026-06-24T15:03:57.282+0300] {dagbag.py:540} INFO - Filling up the DagBag from /media/data/omar/programming course/DEPI/DEPI project/anomx/venv/lib/python3.12/site-packages/airflow/example_dags/example_sensors.py
[2026-06-24T15:03:57.296+0300] {processor.py:840} INFO - DAG(s) 'example_sensors' retrieved from /media/data/omar/programming course/DEPI/DEPI project/anomx/venv/lib/python3.12/site-packages/airflow/example_dags/example_sensors.py
[2026-06-24T15:03:57.317+0300] {logging_mixin.py:188} INFO - [2026-06-24T15:03:57.317+0300] {dag.py:3096} INFO - Sync 1 DAGs
[2026-06-24T15:03:57.328+0300] {logging_mixin.py:188} INFO - [2026-06-24T15:03:57.327+0300] {dag.py:3954} INFO - Setting next_dagrun for example_sensors to None, run_after=None
[2026-06-24T15:03:57.357+0300] {processor.py:183} INFO - Processing /media/data/omar/programming course/DEPI/DEPI project/anomx/venv/lib/python3.12/site-packages/airflow/example_dags/example_sensors.py took 0.084 seconds
[2026-06-24T15:04:47.542+0300] {processor.py:161} INFO - Started process (PID=110520) to work on /media/data/omar/programming course/DEPI/DEPI project/anomx/venv/lib/python3.12/site-packages/airflow/example_dags/example_sensors.py
[2026-06-24T15:04:47.544+0300] {processor.py:830} INFO - Processing file /media/data/omar/programming course/DEPI/DEPI project/anomx/venv/lib/python3.12/site-packages/airflow/example_dags/example_sensors.py for tasks to queue
[2026-06-24T15:04:47.547+0300] {logging_mixin.py:188} INFO - [2026-06-24T15:04:47.546+0300] {dagbag.py:540} INFO - Filling up the DagBag from /media/data/omar/programming course/DEPI/DEPI project/anomx/venv/lib/python3.12/site-packages/airflow/example_dags/example_sensors.py
[2026-06-24T15:04:47.564+0300] {processor.py:840} INFO - DAG(s) 'example_sensors' retrieved from /media/data/omar/programming course/DEPI/DEPI project/anomx/venv/lib/python3.12/site-packages/airflow/example_dags/example_sensors.py
[2026-06-24T15:04:47.586+0300] {logging_mixin.py:188} INFO - [2026-06-24T15:04:47.585+0300] {dag.py:3096} INFO - Sync 1 DAGs
[2026-06-24T15:04:47.594+0300] {logging_mixin.py:188} INFO - [2026-06-24T15:04:47.594+0300] {dag.py:3954} INFO - Setting next_dagrun for example_sensors to None, run_after=None
[2026-06-24T15:04:47.623+0300] {processor.py:183} INFO - Processing /media/data/omar/programming course/DEPI/DEPI project/anomx/venv/lib/python3.12/site-packages/airflow/example_dags/example_sensors.py took 0.094 seconds
[2026-06-24T15:05:40.735+0300] {processor.py:161} INFO - Started process (PID=111100) to work on /media/data/omar/programming course/DEPI/DEPI project/anomx/venv/lib/python3.12/site-packages/airflow/example_dags/example_sensors.py
[2026-06-24T15:05:40.736+0300] {processor.py:830} INFO - Processing file /media/data/omar/programming course/DEPI/DEPI project/anomx/venv/lib/python3.12/site-packages/airflow/example_dags/example_sensors.py for tasks to queue
[2026-06-24T15:05:40.738+0300] {logging_mixin.py:188} INFO - [2026-06-24T15:05:40.737+0300] {dagbag.py:540} INFO - Filling up the DagBag from /media/data/omar/programming course/DEPI/DEPI project/anomx/venv/lib/python3.12/site-packages/airflow/example_dags/example_sensors.py
[2026-06-24T15:05:40.747+0300] {processor.py:840} INFO - DAG(s) 'example_sensors' retrieved from /media/data/omar/programming course/DEPI/DEPI project/anomx/venv/lib/python3.12/site-packages/airflow/example_dags/example_sensors.py
[2026-06-24T15:05:40.770+0300] {logging_mixin.py:188} INFO - [2026-06-24T15:05:40.770+0300] {dag.py:3096} INFO - Sync 1 DAGs
[2026-06-24T15:05:40.780+0300] {logging_mixin.py:188} INFO - [2026-06-24T15:05:40.780+0300] {dag.py:3954} INFO - Setting next_dagrun for example_sensors to None, run_after=None
[2026-06-24T15:05:40.811+0300] {processor.py:183} INFO - Processing /media/data/omar/programming course/DEPI/DEPI project/anomx/venv/lib/python3.12/site-packages/airflow/example_dags/example_sensors.py took 0.083 seconds
